gene	cell_state	score	margin
ADAM28	B cell	11.2454	7.2169
ADAM7-AS1	B cell	7.8871	5.7329
ADAMTS6	B cell	1.0744	0.6931
AIM2	B cell	0.7851	0.5737
ANKRD13A	B cell	2.5144	1.3095
ANKRD44	B cell	15.0530	3.4330
ARHGAP24	B cell	13.1543	9.2773
ARHGAP25	B cell	3.8190	2.1464
ARHGAP30	B cell	1.1282	0.2777
ARID5B	B cell	17.7916	8.0512
BANK1	B cell	16.8906	16.4105
BCL11A	B cell	4.1499	3.2411
BLK	B cell	3.5045	2.9434
C12orf42	B cell	2.4390	2.0013
CAMKK1	B cell	0.6350	0.3080
CCDC50	B cell	1.8847	0.6205
CD22	B cell	1.3740	0.8241
CD37	B cell	4.9565	2.8546
CD47	B cell	1.5647	0.2693
CD52	B cell	5.2475	1.9305
CD70	B cell	1.4493	1.1928
CD79A	B cell	4.9484	2.1190
CHPT1	B cell	5.1410	1.6654
CLECL1P	B cell	1.2390	0.2907
CMTM7	B cell	2.6988	0.8352
CNTRL	B cell	2.5059	0.8035
COL19A1	B cell	0.8270	0.7126
COL4A3	B cell	1.0841	0.5069
CXCR5	B cell	0.6789	0.4320
CYFIP2	B cell	1.9297	0.4051
DTNBP1	B cell	1.3731	0.4856
EBF1	B cell	10.0924	5.4729
ENSG00000226571	B cell	2.2851	1.7953
ENSG00000227486	B cell	2.1545	0.8801
ENSG00000251309	B cell	2.0290	1.7685
ENSG00000285639	B cell	1.0982	0.9227
ENSG00000289963	B cell	0.5282	0.3461
FBXW11	B cell	2.8734	0.6688
FCHSD2	B cell	5.0841	1.1745
FCRL1	B cell	2.7590	2.6323
GGA2	B cell	1.5714	0.4200
GIT2	B cell	1.5303	0.6197
GNB5	B cell	2.4572	0.7466
GNG7	B cell	17.1381	8.2294
GRAMD1C	B cell	1.2595	0.9332
HHAT	B cell	0.5818	0.3298
HIPK2	B cell	11.7339	2.2898
HVCN1	B cell	1.5254	1.0687
IGHD	B cell	1.7230	1.5578
INPP5A	B cell	3.6061	1.1289
INPP5D	B cell	6.8999	0.3393
ITSN2	B cell	5.1754	0.3594
JADE3	B cell	1.4051	0.9887
KHDRBS2	B cell	1.6394	1.0734
LARGE1	B cell	4.2943	0.8701
LIMD2	B cell	1.3589	0.3411
LINC00426	B cell	0.9743	0.5909
LINC00926	B cell	1.6208	1.3942
LINC01320	B cell	0.9700	0.4714
LINC01781	B cell	0.7917	0.6986
LINC02161	B cell	0.5833	0.5191
LINC02397	B cell	0.8703	0.8298
LIX1-AS1	B cell	0.8926	0.5922
LY86-AS1	B cell	0.5832	0.5365
LY9	B cell	11.6974	10.4422
LYN	B cell	12.4907	3.6648
LYPLAL1	B cell	0.7093	0.3187
MAP3K1	B cell	3.1890	1.7544
MARCHF1	B cell	5.6368	3.5475
MARCHF8	B cell	1.6216	0.4949
MEF2C	B cell	12.6359	8.6024
MEF2C-AS2	B cell	0.6139	0.4353
MGMT	B cell	1.8666	1.0038
MICU2	B cell	2.3537	0.3846
MIOS	B cell	1.0280	0.2876
MS4A1	B cell	5.7615	5.7209
MYCBP2	B cell	4.9317	0.3323
NCOA3	B cell	9.1981	1.0116
NFX1	B cell	2.0823	0.5403
NIBAN3	B cell	1.1962	1.1470
NIN	B cell	4.4538	1.7483
NRF1	B cell	2.6847	0.4178
ORAI2	B cell	1.4508	0.6090
OSBPL10	B cell	5.5021	3.4324
P2RX5	B cell	1.1410	1.0131
PARP1	B cell	0.8681	0.3317
PARP14	B cell	2.7306	0.9266
PARP15	B cell	2.9094	1.9511
PAX5	B cell	1.8512	1.7427
PCGF5	B cell	3.6518	0.3801
PIGB	B cell	1.0192	0.3814
PIKFYVE	B cell	2.5196	0.7866
PLEKHG1	B cell	12.1374	4.9977
POU2F2	B cell	2.5171	1.7894
PPFIBP2	B cell	1.4564	0.4227
PRDM2	B cell	8.5558	4.3156
PRDM4	B cell	2.3871	1.9474
PRKCB	B cell	6.9563	2.0129
PWP1	B cell	1.5811	0.8374
RABEP1	B cell	3.0767	0.3456
RALGPS2	B cell	12.4518	7.5607
RB1	B cell	3.3770	0.4160
RCSD1	B cell	2.1789	1.2215
RPL21	B cell	29.9628	6.5559
RPS10	B cell	8.1675	2.0970
RPS11	B cell	23.7301	1.3816
RPS20	B cell	17.4396	2.1398
RPS28	B cell	28.7649	0.8314
RPS29	B cell	42.1282	1.1284
RPS8	B cell	43.3706	4.9511
RUBCN	B cell	3.0408	1.2937
RUBCNL	B cell	4.2663	2.5976
SBNO1	B cell	1.5685	0.3002
SCMH1	B cell	1.7886	0.2854
SEL1L3	B cell	4.8091	0.6108
SEPTIN7	B cell	5.6611	0.6233
SESN3	B cell	9.8585	0.8749
SGPP1	B cell	1.8074	0.7331
SHISA8	B cell	0.5339	0.4803
SIPA1L3	B cell	3.7653	0.8791
SLC49A4	B cell	3.0292	1.0464
SMAP2	B cell	15.1727	3.2861
SMC6	B cell	1.3003	0.5437
SNED1	B cell	6.1761	3.5141
SNX2	B cell	3.2419	1.4768
SNX25	B cell	2.4570	0.4027
SP100	B cell	6.3778	3.0468
SP110	B cell	1.9784	0.3400
SP140	B cell	4.5699	2.4261
SRPK2	B cell	7.6347	2.6589
ST6GAL1	B cell	5.6213	1.9693
STAG3	B cell	0.5703	0.4542
SWAP70	B cell	4.9771	1.1055
TCEA1	B cell	2.1325	1.0389
TCTN1	B cell	0.6301	0.4530
TEX9	B cell	1.4793	0.5862
TMEM131	B cell	4.4102	1.6679
TNFRSF13B	B cell	2.0112	1.2179
TNFRSF13C	B cell	3.5791	3.3972
TRAF3	B cell	6.1992	0.5055
TRAK1	B cell	3.8185	0.3231
TSBP1-AS1	B cell	0.5333	0.2543
UIMC1	B cell	1.5913	0.4711
USP24	B cell	3.3288	0.3834
USP8	B cell	2.6977	0.8586
UVRAG	B cell	4.8330	1.6016
VPREB3	B cell	1.2549	1.2252
WASHC4	B cell	2.0162	0.3645
WDFY4	B cell	1.8524	0.9119
ZNF594-DT	B cell	0.5354	0.2967
ABCC5	BEST4+ enterocyte	4.2070	0.6683
ACHE	BEST4+ enterocyte	1.1762	0.8472
ACOX1	BEST4+ enterocyte	1.9890	0.4854
ACTN4	BEST4+ enterocyte	8.5019	1.5735
ADCY5	BEST4+ enterocyte	2.8687	2.0914
ADRA2A	BEST4+ enterocyte	1.0171	0.8658
ANXA11	BEST4+ enterocyte	9.3861	5.0978
AOC1	BEST4+ enterocyte	1.9535	0.5807
APOBR	BEST4+ enterocyte	1.0859	0.4299
ARHGAP27	BEST4+ enterocyte	2.1606	0.9990
ARHGAP42	BEST4+ enterocyte	2.6205	1.1327
ATP1B1	BEST4+ enterocyte	4.9259	1.2062
B4GALNT3	BEST4+ enterocyte	4.1515	1.7222
BARX2	BEST4+ enterocyte	1.1761	0.4054
BBC3	BEST4+ enterocyte	0.8460	0.3804
BCL10-AS1	BEST4+ enterocyte	0.9082	0.3422
BEST4	BEST4+ enterocyte	36.0495	33.3739
BNIP5	BEST4+ enterocyte	6.3702	2.7134
C19orf33	BEST4+ enterocyte	6.3856	3.4768
C1orf21	BEST4+ enterocyte	4.5681	1.2477
CA4	BEST4+ enterocyte	14.7535	12.4515
CA7	BEST4+ enterocyte	11.8649	4.4524
CAB39	BEST4+ enterocyte	3.0584	0.6787
CARD16	BEST4+ enterocyte	1.0464	0.4572
CCNYL1	BEST4+ enterocyte	9.5089	8.2033
CDA	BEST4+ enterocyte	1.2023	0.5554
CDC42BPA	BEST4+ enterocyte	4.3452	1.2895
CDH1	BEST4+ enterocyte	6.7864	0.3750
CDHR5	BEST4+ enterocyte	3.8586	0.5590
CDK18	BEST4+ enterocyte	1.4006	1.0602
CEACAM1	BEST4+ enterocyte	4.9872	1.3562
CFDP1	BEST4+ enterocyte	2.8020	0.9917
CHMP4B	BEST4+ enterocyte	2.8680	0.8875
CHRM3	BEST4+ enterocyte	3.8354	2.7517
CLTB	BEST4+ enterocyte	2.0786	0.3141
COMTD1	BEST4+ enterocyte	0.9513	0.2554
CRYBG2	BEST4+ enterocyte	0.7205	0.5389
CYP3A5	BEST4+ enterocyte	9.2053	2.7960
CYSTM1	BEST4+ enterocyte	5.2441	0.4450
DALRD3	BEST4+ enterocyte	1.5376	0.3361
DESI2	BEST4+ enterocyte	1.0743	0.3884
DMBT1	BEST4+ enterocyte	0.9379	0.2607
DNM2	BEST4+ enterocyte	3.7609	0.4804
ELF3	BEST4+ enterocyte	12.2621	1.2250
ENSG00000228714	BEST4+ enterocyte	1.0999	0.8615
ENSG00000233420	BEST4+ enterocyte	0.9383	0.5474
ENSG00000274213	BEST4+ enterocyte	1.7088	0.9831
ENSG00000274993	BEST4+ enterocyte	0.7980	0.2543
ENSG00000286739	BEST4+ enterocyte	0.9240	0.3779
ENSG00000288755	BEST4+ enterocyte	2.3163	0.4130
ENSG00000289418	BEST4+ enterocyte	1.5707	1.2058
EPB41L5	BEST4+ enterocyte	3.0362	0.7156
EPS8	BEST4+ enterocyte	9.2097	1.9045
EPS8L1	BEST4+ enterocyte	0.7353	0.2776
EXD3	BEST4+ enterocyte	1.4656	0.8350
EXOC6B	BEST4+ enterocyte	3.5011	0.6899
FA2H	BEST4+ enterocyte	5.9958	3.6012
FAM53C	BEST4+ enterocyte	1.6953	0.5102
FLNB	BEST4+ enterocyte	3.2638	0.3514
FRMD1	BEST4+ enterocyte	3.4488	2.4082
GDA	BEST4+ enterocyte	4.1154	2.2795
GTF2B	BEST4+ enterocyte	3.1079	1.0757
GUCA2A	BEST4+ enterocyte	38.9905	33.2263
GUCA2B	BEST4+ enterocyte	76.6075	74.7493
H3C12	BEST4+ enterocyte	1.5183	0.5339
HEPH	BEST4+ enterocyte	2.6944	0.2982
HES4	BEST4+ enterocyte	7.2747	5.6866
HK2	BEST4+ enterocyte	1.5798	0.4258
HNF4G	BEST4+ enterocyte	3.4748	1.3079
HRCT1	BEST4+ enterocyte	1.3042	0.8124
HRH1	BEST4+ enterocyte	1.5686	0.2976
HSD17B2	BEST4+ enterocyte	1.4700	0.3292
IMPA1	BEST4+ enterocyte	0.9067	0.3229
ISG15	BEST4+ enterocyte	2.4782	0.7660
IST1	BEST4+ enterocyte	2.1461	0.3240
ITPKC	BEST4+ enterocyte	2.9591	1.3921
JUP	BEST4+ enterocyte	3.0750	0.7737
KIAA1671	BEST4+ enterocyte	3.6649	1.0331
KRT20	BEST4+ enterocyte	22.4813	14.6826
LAMA3	BEST4+ enterocyte	12.7241	4.6241
LAMB3	BEST4+ enterocyte	3.6758	1.0226
LAMC2	BEST4+ enterocyte	7.7594	2.0265
LINC01278	BEST4+ enterocyte	1.6282	0.3572
LINC01559	BEST4+ enterocyte	2.4396	1.9596
LMO7	BEST4+ enterocyte	5.2296	1.0756
LSR	BEST4+ enterocyte	2.6044	1.0743
LURAP1L	BEST4+ enterocyte	2.7103	1.2961
LURAP1L-AS1	BEST4+ enterocyte	0.7652	0.3876
LUZP2	BEST4+ enterocyte	0.8296	0.5023
LYPD8	BEST4+ enterocyte	3.0571	1.0208
MAB21L4	BEST4+ enterocyte	0.5885	0.4634
MACC1	BEST4+ enterocyte	3.3974	0.6387
MAL2	BEST4+ enterocyte	3.8692	2.4267
MAP3K13	BEST4+ enterocyte	2.4546	0.9922
MED15	BEST4+ enterocyte	1.5044	0.4253
MEIS1	BEST4+ enterocyte	5.6672	3.9490
MIER3	BEST4+ enterocyte	1.2354	0.3438
MIR222HG	BEST4+ enterocyte	2.5863	0.9201
MIR4458HG	BEST4+ enterocyte	0.8050	0.5521
MISP	BEST4+ enterocyte	3.9926	1.5345
MITA1	BEST4+ enterocyte	7.7069	6.2942
MMADHC-DT	BEST4+ enterocyte	1.5111	0.3773
MRFAP1L2	BEST4+ enterocyte	0.6423	0.3284
MSLN	BEST4+ enterocyte	2.1626	1.5539
MT1E	BEST4+ enterocyte	9.0939	1.4574
MT1F	BEST4+ enterocyte	1.2046	0.2567
MT1G	BEST4+ enterocyte	19.7106	10.0810
MT1H	BEST4+ enterocyte	4.3872	1.8086
MUC3A	BEST4+ enterocyte	1.2534	0.3240
MYH14	BEST4+ enterocyte	13.6965	7.4623
MYO1E	BEST4+ enterocyte	14.2383	1.8914
MYO6	BEST4+ enterocyte	2.3697	0.3618
MYOM1	BEST4+ enterocyte	1.4102	0.7326
NAPG	BEST4+ enterocyte	1.1371	0.2634
NBPF10	BEST4+ enterocyte	0.5623	0.2943
NBPF26	BEST4+ enterocyte	0.5352	0.3050
NCEH1	BEST4+ enterocyte	2.6599	1.4171
NEBL	BEST4+ enterocyte	7.1810	1.8821
NEURL1	BEST4+ enterocyte	3.2139	2.0811
NEURL1B	BEST4+ enterocyte	1.0843	0.4251
NICOL1	BEST4+ enterocyte	2.4109	0.2784
NOTCH2	BEST4+ enterocyte	2.5908	0.8866
NOTCH2NLA	BEST4+ enterocyte	0.6263	0.2782
NSD2	BEST4+ enterocyte	2.5467	0.6870
NSMF	BEST4+ enterocyte	0.6835	0.3594
OASL	BEST4+ enterocyte	1.4544	0.5531
OCLN	BEST4+ enterocyte	3.3831	1.0443
OSGIN1	BEST4+ enterocyte	0.5785	0.2683
OTOP2	BEST4+ enterocyte	11.6495	10.6008
OTOP3	BEST4+ enterocyte	0.5033	0.4948
PALS1	BEST4+ enterocyte	1.3162	0.3963
PALS2	BEST4+ enterocyte	1.2344	0.3120
PARD3B	BEST4+ enterocyte	5.7079	1.5285
PDE3A	BEST4+ enterocyte	11.3413	0.2865
PDE9A	BEST4+ enterocyte	7.8627	1.0507
PDGFA	BEST4+ enterocyte	2.7054	0.5411
PDLIM5	BEST4+ enterocyte	8.9346	1.4647
PHGR1	BEST4+ enterocyte	107.9621	43.9918
PHLPP2	BEST4+ enterocyte	1.4164	0.4576
PIEZO1	BEST4+ enterocyte	2.2185	0.4555
PLEC	BEST4+ enterocyte	3.8109	2.1634
PLEKHA7	BEST4+ enterocyte	3.0967	0.9265
PLEKHA8	BEST4+ enterocyte	0.9501	0.6622
PLEKHG6	BEST4+ enterocyte	1.2785	0.4986
PLIN3	BEST4+ enterocyte	1.2308	0.4948
PLK3	BEST4+ enterocyte	1.7201	0.5557
PLXNA2	BEST4+ enterocyte	2.8806	0.9217
PLXNB2	BEST4+ enterocyte	1.1509	0.5352
PMAIP1	BEST4+ enterocyte	1.6128	0.2516
PNPLA2	BEST4+ enterocyte	1.9243	0.6352
PPDPF	BEST4+ enterocyte	8.5669	0.6153
PPP1R14C	BEST4+ enterocyte	3.2954	1.1207
PRKG1	BEST4+ enterocyte	35.0750	20.1389
PRKG2	BEST4+ enterocyte	3.6169	3.2717
PRSS12	BEST4+ enterocyte	1.2342	0.2841
PRSS3	BEST4+ enterocyte	5.1021	0.8586
PTER	BEST4+ enterocyte	1.1349	0.6690
PTPRR	BEST4+ enterocyte	3.8353	2.7047
RARB	BEST4+ enterocyte	1.1558	0.6699
RDH13	BEST4+ enterocyte	1.2712	0.3822
RHCG	BEST4+ enterocyte	1.0708	0.9786
RHOF	BEST4+ enterocyte	1.5394	0.7527
RHPN2	BEST4+ enterocyte	4.1618	0.6382
RIOK3	BEST4+ enterocyte	4.5425	1.0866
RIPK1	BEST4+ enterocyte	3.0306	0.5644
RNF152	BEST4+ enterocyte	2.7532	1.3666
RSAD2	BEST4+ enterocyte	2.3036	1.6002
S100A6	BEST4+ enterocyte	44.1686	18.2460
SAMD9	BEST4+ enterocyte	2.2894	1.2143
SCIN	BEST4+ enterocyte	4.6624	3.2683
SDC4	BEST4+ enterocyte	2.3972	0.9495
SDCBP2	BEST4+ enterocyte	5.6087	0.6314
SERINC2	BEST4+ enterocyte	1.7567	0.4705
SGMS2	BEST4+ enterocyte	5.9418	3.7356
SGPP2	BEST4+ enterocyte	1.4675	0.4343
SLC17A4	BEST4+ enterocyte	1.2582	0.2630
SLC20A1	BEST4+ enterocyte	7.1561	2.4672
SLC20A2	BEST4+ enterocyte	3.2202	0.8404
SLC2A5	BEST4+ enterocyte	1.6982	1.5559
SLC9A1	BEST4+ enterocyte	2.5467	0.8593
SPIB	BEST4+ enterocyte	4.5735	2.8433
SPTAN1	BEST4+ enterocyte	3.7703	1.1599
ST14	BEST4+ enterocyte	7.3414	3.0169
STS	BEST4+ enterocyte	0.7204	0.4128
TCF7L2	BEST4+ enterocyte	8.9284	0.4714
THRB	BEST4+ enterocyte	3.2367	1.2019
TICAM1	BEST4+ enterocyte	2.9473	1.9896
TJP1	BEST4+ enterocyte	9.8342	4.7093
TMEM117	BEST4+ enterocyte	8.1783	6.1202
TMSB10	BEST4+ enterocyte	49.0670	8.8327
TNFRSF10B	BEST4+ enterocyte	2.8620	1.2603
TNFRSF21	BEST4+ enterocyte	2.4593	0.5585
TOM1L2	BEST4+ enterocyte	2.1933	0.6905
TP53INP2	BEST4+ enterocyte	1.4544	0.8379
TRANK1	BEST4+ enterocyte	1.5198	0.2545
TRIM15	BEST4+ enterocyte	0.7215	0.3946
TRIM25	BEST4+ enterocyte	1.3896	0.4864
TRIM31	BEST4+ enterocyte	2.3390	0.7313
TSPAN15	BEST4+ enterocyte	1.2961	0.4267
TTC39B	BEST4+ enterocyte	2.1064	1.1519
USP53	BEST4+ enterocyte	4.4068	0.3314
VIPR1	BEST4+ enterocyte	1.6869	0.4338
VLDLR-AS1	BEST4+ enterocyte	1.0433	0.2714
WFDC21P	BEST4+ enterocyte	0.7105	0.5116
ZDHHC14	BEST4+ enterocyte	2.0641	0.5008
ADAM19	CD4-positive, alpha-beta T cell	2.8139	0.3998
ADAM23	CD4-positive, alpha-beta T cell	2.1742	0.3527
ATP2B4	CD4-positive, alpha-beta T cell	3.6323	0.8903
CAMK1D	CD4-positive, alpha-beta T cell	9.0106	0.4298
MAP3K4	CD4-positive, alpha-beta T cell	2.7100	0.6038
MYBL1	CD4-positive, alpha-beta T cell	2.1397	0.8431
NAP1L1	CD4-positive, alpha-beta T cell	6.8970	0.3327
ODF2L	CD4-positive, alpha-beta T cell	3.8294	0.6883
PBX4	CD4-positive, alpha-beta T cell	6.8443	0.7987
RBMS1	CD4-positive, alpha-beta T cell	7.7946	2.2154
RORA	CD4-positive, alpha-beta T cell	13.9417	0.6089
RPL10	CD4-positive, alpha-beta T cell	54.3238	4.4241
RPL30	CD4-positive, alpha-beta T cell	40.6206	1.1436
RPL38	CD4-positive, alpha-beta T cell	16.9572	0.3535
RPL9	CD4-positive, alpha-beta T cell	20.2947	1.4633
RPS13	CD4-positive, alpha-beta T cell	20.4029	1.1073
RPS14	CD4-positive, alpha-beta T cell	37.4257	0.4424
RPS3A	CD4-positive, alpha-beta T cell	24.1277	0.3998
STAT4	CD4-positive, alpha-beta T cell	20.0616	1.6762
SYNE2	CD4-positive, alpha-beta T cell	8.4776	0.6599
TPT1	CD4-positive, alpha-beta T cell	63.5711	4.1737
TTC39C	CD4-positive, alpha-beta T cell	5.6418	2.8666
ARHGDIB	CD8-positive, alpha-beta T cell	11.3127	3.5411
B2M	CD8-positive, alpha-beta T cell	64.3987	5.1267
BTG1	CD8-positive, alpha-beta T cell	32.2544	5.6122
C19orf53	CD8-positive, alpha-beta T cell	1.6127	0.3393
C9orf78	CD8-positive, alpha-beta T cell	2.1466	0.7085
CALM1	CD8-positive, alpha-beta T cell	14.3501	1.8241
CCL4	CD8-positive, alpha-beta T cell	21.7512	6.5566
CD3D	CD8-positive, alpha-beta T cell	4.5824	1.0694
CD3E	CD8-positive, alpha-beta T cell	4.1854	0.3194
CD8A	CD8-positive, alpha-beta T cell	4.9560	2.2239
CD8B	CD8-positive, alpha-beta T cell	1.7949	0.8146
CDV3	CD8-positive, alpha-beta T cell	3.9577	0.9530
CNOT10	CD8-positive, alpha-beta T cell	1.8327	0.2844
CRIP1	CD8-positive, alpha-beta T cell	4.5492	0.5110
CRTAM	CD8-positive, alpha-beta T cell	1.8731	0.8889
DDX24	CD8-positive, alpha-beta T cell	7.4873	1.0704
ENSG00000272256	CD8-positive, alpha-beta T cell	1.7067	0.3657
GABARAPL1	CD8-positive, alpha-beta T cell	4.1433	0.8556
GFPT2	CD8-positive, alpha-beta T cell	5.5697	1.8118
HERPUD2	CD8-positive, alpha-beta T cell	2.5536	0.3834
HLA-A	CD8-positive, alpha-beta T cell	19.0267	4.6662
HLA-C	CD8-positive, alpha-beta T cell	10.2977	1.1995
HLA-F	CD8-positive, alpha-beta T cell	1.4334	0.2647
HNRNPDL	CD8-positive, alpha-beta T cell	4.6248	0.5401
ISG20	CD8-positive, alpha-beta T cell	3.9767	0.2668
ITM2A	CD8-positive, alpha-beta T cell	3.0654	0.5251
LINC01871	CD8-positive, alpha-beta T cell	6.4521	1.6966
LINC02446	CD8-positive, alpha-beta T cell	1.3362	0.5760
LYAR	CD8-positive, alpha-beta T cell	1.3318	0.4049
MYADM	CD8-positive, alpha-beta T cell	5.5911	0.5506
NCL	CD8-positive, alpha-beta T cell	7.9831	0.6435
NPM1	CD8-positive, alpha-beta T cell	7.4949	0.2705
OST4	CD8-positive, alpha-beta T cell	2.7376	0.3606
PAF1	CD8-positive, alpha-beta T cell	1.0070	0.3146
PAIP2	CD8-positive, alpha-beta T cell	2.7608	0.5445
PGK1	CD8-positive, alpha-beta T cell	6.2695	0.4788
PRPF38B	CD8-positive, alpha-beta T cell	2.3622	0.3219
PRXL2C	CD8-positive, alpha-beta T cell	1.1843	0.2557
PTGER4	CD8-positive, alpha-beta T cell	3.6150	0.4417
RGCC	CD8-positive, alpha-beta T cell	9.3017	0.6998
RPL13	CD8-positive, alpha-beta T cell	54.9285	2.2837
RPL19	CD8-positive, alpha-beta T cell	28.3104	1.3157
RPL23A	CD8-positive, alpha-beta T cell	18.4097	1.1108
RPL27	CD8-positive, alpha-beta T cell	11.4319	0.5313
RPL28	CD8-positive, alpha-beta T cell	44.5083	6.4927
RPL3	CD8-positive, alpha-beta T cell	28.0901	0.2752
RPL35A	CD8-positive, alpha-beta T cell	24.1511	0.3511
RPL36AL	CD8-positive, alpha-beta T cell	8.8584	0.5594
RPL41	CD8-positive, alpha-beta T cell	57.4661	2.2105
RPLP2	CD8-positive, alpha-beta T cell	31.9087	0.9015
RPS12	CD8-positive, alpha-beta T cell	52.1309	3.4944
RPS15	CD8-positive, alpha-beta T cell	23.9075	2.3982
RPS15A	CD8-positive, alpha-beta T cell	33.0094	1.3299
RPS19	CD8-positive, alpha-beta T cell	44.4272	3.5939
RPS21	CD8-positive, alpha-beta T cell	24.9913	0.4547
RPS25	CD8-positive, alpha-beta T cell	14.3430	0.4278
RPS27	CD8-positive, alpha-beta T cell	64.2184	0.8429
RPS27A	CD8-positive, alpha-beta T cell	42.1319	0.4771
RPS3	CD8-positive, alpha-beta T cell	37.2118	1.7706
SARAF	CD8-positive, alpha-beta T cell	13.8802	1.1269
SERBP1	CD8-positive, alpha-beta T cell	3.4457	0.2556
SF3B2	CD8-positive, alpha-beta T cell	1.4949	0.2555
SNRPG	CD8-positive, alpha-beta T cell	1.6640	0.2519
SRRT	CD8-positive, alpha-beta T cell	1.7370	0.7236
SRSF5	CD8-positive, alpha-beta T cell	5.2154	0.5702
SRSF7	CD8-positive, alpha-beta T cell	8.2284	1.7943
TAGLN2	CD8-positive, alpha-beta T cell	5.8238	0.8096
TRBC1	CD8-positive, alpha-beta T cell	2.9688	0.5925
TRBC2	CD8-positive, alpha-beta T cell	3.8598	1.2842
TSC22D3	CD8-positive, alpha-beta T cell	18.0852	0.2908
TSPYL2	CD8-positive, alpha-beta T cell	8.4496	0.7130
TUBA4A	CD8-positive, alpha-beta T cell	2.8284	0.4542
UBE2A	CD8-positive, alpha-beta T cell	1.5815	0.3387
VIM	CD8-positive, alpha-beta T cell	37.8689	3.2217
WBP11	CD8-positive, alpha-beta T cell	1.6169	0.3214
YPEL5	CD8-positive, alpha-beta T cell	6.7285	0.9079
ZC3H15	CD8-positive, alpha-beta T cell	1.7154	0.3204
A2M	colon endothelial cell	9.3977	1.1169
ABLIM3	colon endothelial cell	0.6901	0.4642
ACKR1	colon endothelial cell	4.2784	4.1905
ACVRL1	colon endothelial cell	1.0075	0.4247
ADA	colon endothelial cell	0.9856	0.2916
ADAMTS9	colon endothelial cell	12.5427	8.7577
ADAMTS9-AS1	colon endothelial cell	0.5680	0.4363
ADCY4	colon endothelial cell	0.9096	0.8196
ADGRF5	colon endothelial cell	3.3651	3.1722
ADGRG1	colon endothelial cell	0.8092	0.4752
ADGRL4	colon endothelial cell	5.0593	4.9735
ADM	colon endothelial cell	4.7737	1.1517
AIF1L	colon endothelial cell	0.6972	0.6248
ANGPT2	colon endothelial cell	2.9427	1.7782
ANO2	colon endothelial cell	3.9562	3.9307
AOPEP	colon endothelial cell	2.8685	0.3348
APBB2	colon endothelial cell	2.4238	0.5352
APOL3	colon endothelial cell	0.5172	0.3072
APP	colon endothelial cell	6.2538	1.5613
AQP1	colon endothelial cell	1.5302	1.3298
ARAP3	colon endothelial cell	0.5474	0.3088
ARHGAP29	colon endothelial cell	3.4596	2.8684
ARHGEF12	colon endothelial cell	3.1747	0.4675
ARHGEF15	colon endothelial cell	0.5574	0.5296
ARPC5L	colon endothelial cell	1.4304	0.6257
ASRGL1	colon endothelial cell	0.8683	0.2670
ATP11A	colon endothelial cell	2.8085	1.3299
BCL3	colon endothelial cell	1.7308	0.4643
BHLHE40	colon endothelial cell	3.0973	0.8727
BMPR2	colon endothelial cell	10.3535	8.2791
BRIX1	colon endothelial cell	0.8181	0.3919
BTNL9	colon endothelial cell	1.0832	0.9804
CALCRL	colon endothelial cell	6.0462	5.6991
CAMSAP2	colon endothelial cell	2.1734	0.3388
CAV1	colon endothelial cell	8.6757	1.9786
CAVIN2	colon endothelial cell	6.0773	5.3091
CCDC85B	colon endothelial cell	2.1916	0.8602
CCL14	colon endothelial cell	0.5923	0.5627
CCL21	colon endothelial cell	4.6488	4.4696
CCL23	colon endothelial cell	1.0558	1.0211
CCN2	colon endothelial cell	5.1055	1.4871
CD320	colon endothelial cell	4.6538	4.0224
CD34	colon endothelial cell	2.3371	1.6833
CD36	colon endothelial cell	9.7972	6.7792
CD59	colon endothelial cell	7.5934	2.6570
CDC37	colon endothelial cell	2.3602	0.6773
CDH5	colon endothelial cell	1.6536	1.6264
CEP112	colon endothelial cell	1.3891	0.7194
CFI	colon endothelial cell	0.5531	0.4685
CLDN5	colon endothelial cell	11.2335	11.2144
CLEC14A	colon endothelial cell	3.1099	2.9353
CLEC1A	colon endothelial cell	1.2398	0.7368
CLIC2	colon endothelial cell	1.7044	0.5851
COL15A1	colon endothelial cell	1.2688	0.8067
COL4A1	colon endothelial cell	4.7567	0.6313
CPNE8	colon endothelial cell	5.1558	2.0445
CSF3	colon endothelial cell	2.0297	1.8093
CX3CL1	colon endothelial cell	0.6763	0.3695
CYP1B1	colon endothelial cell	1.4673	0.3688
CYP1B1-AS1	colon endothelial cell	0.7679	0.4837
CYYR1	colon endothelial cell	2.5729	2.4966
DAB2IP	colon endothelial cell	0.9544	0.2735
DDX3X	colon endothelial cell	6.7869	0.4549
DEPP1	colon endothelial cell	4.1730	2.0571
DIPK2B	colon endothelial cell	1.0486	1.0313
DOC2B	colon endothelial cell	0.7252	0.7185
DUSP1	colon endothelial cell	24.8407	7.0193
DUSP23	colon endothelial cell	0.8982	0.2701
ECSCR	colon endothelial cell	1.2627	1.2184
EGFL7	colon endothelial cell	2.0551	1.9610
EHD4	colon endothelial cell	1.7488	0.5108
ELK3	colon endothelial cell	3.7650	2.2404
EMCN	colon endothelial cell	3.5733	1.8263
EMP2	colon endothelial cell	2.6538	0.7261
ENG	colon endothelial cell	3.9626	2.6903
ENPP2	colon endothelial cell	4.5986	2.7122
ENSG00000272092	colon endothelial cell	0.9232	0.6943
ENSG00000285646	colon endothelial cell	1.7362	0.7607
ENSG00000287470	colon endothelial cell	0.7186	0.5167
ENSG00000289298	colon endothelial cell	0.6726	0.2500
ENSG00000289404	colon endothelial cell	0.8343	0.7333
ENSG00000289873	colon endothelial cell	0.8986	0.8791
ENSG00000290039	colon endothelial cell	0.7996	0.4600
ENY2	colon endothelial cell	2.0256	0.6064
EPAS1	colon endothelial cell	9.3269	4.8834
EPB41L4A	colon endothelial cell	1.6246	0.5395
EPHB4	colon endothelial cell	0.5190	0.3919
ERG	colon endothelial cell	5.3226	4.4592
ESAM	colon endothelial cell	2.5006	0.9151
ETS2	colon endothelial cell	7.0515	0.3399
EVA1C	colon endothelial cell	3.0873	0.3643
F2RL3	colon endothelial cell	0.7510	0.6763
F8	colon endothelial cell	0.8166	0.6556
FABP5	colon endothelial cell	18.0190	13.9157
FAM107A	colon endothelial cell	3.3650	2.5300
FAM110D	colon endothelial cell	1.6032	1.5966
FAM167B	colon endothelial cell	0.5540	0.5247
FAM241A	colon endothelial cell	3.4938	1.4295
FAM43A	colon endothelial cell	0.9397	0.2914
FAP	colon endothelial cell	0.5525	0.3923
FCN3	colon endothelial cell	2.1998	2.1728
FGD5	colon endothelial cell	0.9118	0.5635
FILIP1	colon endothelial cell	0.9094	0.2584
FLI1	colon endothelial cell	2.0417	0.2521
FLT1	colon endothelial cell	12.3355	10.8992
FXYD6	colon endothelial cell	0.5824	0.3184
FZD6	colon endothelial cell	0.7216	0.2772
GABARAPL2	colon endothelial cell	1.8184	0.6113
GALNT18	colon endothelial cell	4.4549	3.2640
GAS6	colon endothelial cell	1.6497	0.7350
GBP4	colon endothelial cell	0.8696	0.5397
GIMAP1	colon endothelial cell	0.9788	0.5218
GIMAP4	colon endothelial cell	1.9298	1.1858
GIMAP6	colon endothelial cell	1.1467	0.9897
GIMAP7	colon endothelial cell	2.5361	1.3072
GIMAP8	colon endothelial cell	0.7789	0.4251
GJA1	colon endothelial cell	3.1877	2.6922
GNG11	colon endothelial cell	6.3975	5.5509
GPM6A	colon endothelial cell	1.6121	1.2919
GPRC5B	colon endothelial cell	0.7016	0.4480
GRB10	colon endothelial cell	2.8205	1.4066
HDAC7	colon endothelial cell	1.0438	0.5990
HDGFL3	colon endothelial cell	1.4478	0.7785
HEG1	colon endothelial cell	2.1572	0.5935
HES1	colon endothelial cell	9.0049	2.6006
HHEX	colon endothelial cell	0.7054	0.2923
HIPK3	colon endothelial cell	4.6889	1.3515
HLA-E	colon endothelial cell	17.3755	4.0933
HSPG2	colon endothelial cell	2.6758	0.5947
HYAL2	colon endothelial cell	1.7634	1.6246
ICAM1	colon endothelial cell	7.0513	0.2883
ICAM2	colon endothelial cell	1.7741	0.9614
IFI27	colon endothelial cell	8.6918	3.8638
IFI44L	colon endothelial cell	0.5169	0.3034
IFIT3	colon endothelial cell	0.9360	0.3916
IFITM1	colon endothelial cell	3.6800	2.7826
IFITM3	colon endothelial cell	10.8949	2.8498
IGFBP4	colon endothelial cell	4.5224	2.0336
INHBB	colon endothelial cell	1.0872	1.0564
IQCK	colon endothelial cell	0.6686	0.4999
ITM2B	colon endothelial cell	14.3779	2.7409
JAM2	colon endothelial cell	2.1662	2.0294
JAM3	colon endothelial cell	1.5763	0.6737
KALRN	colon endothelial cell	4.0450	1.0106
KANK3	colon endothelial cell	1.2403	1.1415
KBTBD2	colon endothelial cell	1.9081	0.8835
KCNN3	colon endothelial cell	0.6882	0.2864
KDM5D	colon endothelial cell	1.1975	0.8363
KDR	colon endothelial cell	3.2027	3.1237
KLF10	colon endothelial cell	3.0969	0.9171
KLHL4	colon endothelial cell	0.9818	0.7992
LAP3	colon endothelial cell	1.3102	0.6186
LDB2	colon endothelial cell	6.9094	5.6406
LEPROT	colon endothelial cell	2.0576	0.7722
LIFR	colon endothelial cell	4.8158	3.6666
LIMCH1	colon endothelial cell	3.9212	2.5768
LIMS2	colon endothelial cell	1.2200	0.4648
LINC02185	colon endothelial cell	0.5620	0.4609
LMO2	colon endothelial cell	1.2978	0.9677
LRRC32	colon endothelial cell	2.8034	1.7793
LRRC8A	colon endothelial cell	1.4260	0.5221
LUZP1	colon endothelial cell	2.9048	1.3098
LY6E	colon endothelial cell	1.6722	0.5216
MEOX2	colon endothelial cell	0.6886	0.5150
MMRN1	colon endothelial cell	4.0918	3.6759
MMRN2	colon endothelial cell	1.0959	0.9499
MPZL2	colon endothelial cell	1.0049	0.3394
MRTFB	colon endothelial cell	3.3016	2.0227
MSN	colon endothelial cell	4.2894	0.4908
MTRF1L	colon endothelial cell	0.9181	0.3988
MTUS1	colon endothelial cell	3.3257	1.5628
MX1	colon endothelial cell	1.0279	0.5415
MYCT1	colon endothelial cell	1.3960	1.3824
MYL12A	colon endothelial cell	5.5260	0.7714
NALF1	colon endothelial cell	2.3508	2.2432
NCOA7	colon endothelial cell	6.7374	2.4391
NEDD4	colon endothelial cell	1.3455	0.9758
NFIB	colon endothelial cell	5.9331	3.2240
NFKBIA	colon endothelial cell	21.5507	0.8717
NHERF2	colon endothelial cell	3.2747	2.9037
NOS3	colon endothelial cell	0.5218	0.5045
NOSTRIN	colon endothelial cell	2.0693	0.6328
NOTCH4	colon endothelial cell	0.9509	0.8666
NQO1	colon endothelial cell	1.0392	0.4574
NUAK1	colon endothelial cell	1.3664	1.1729
NXN	colon endothelial cell	3.7009	2.2411
OLFM1	colon endothelial cell	0.5101	0.2728
OSMR	colon endothelial cell	2.2304	0.5659
PALM2AKAP2	colon endothelial cell	8.8880	2.6308
PALMD	colon endothelial cell	1.3571	1.0829
PCAT19	colon endothelial cell	3.9597	3.8050
PDE10A	colon endothelial cell	1.5382	1.0061
PDE1A	colon endothelial cell	1.5304	0.3798
PDE2A	colon endothelial cell	0.7443	0.2534
PDLIM1	colon endothelial cell	4.6493	0.3968
PECAM1	colon endothelial cell	7.5598	6.2937
PELO	colon endothelial cell	1.2595	0.6645
PGM5	colon endothelial cell	1.3797	0.8929
PIK3C2A	colon endothelial cell	2.3851	0.2845
PIK3R3	colon endothelial cell	1.5264	0.6720
PITPNB	colon endothelial cell	2.4800	0.6857
PKHD1L1	colon endothelial cell	2.3284	2.0597
PKIG	colon endothelial cell	2.9909	1.1130
PKP4	colon endothelial cell	3.7861	1.3525
PLEKHO2	colon endothelial cell	0.9002	0.3966
PLPP1	colon endothelial cell	9.6093	3.9152
PLVAP	colon endothelial cell	10.1821	10.0983
PML	colon endothelial cell	0.8222	0.5183
PNP	colon endothelial cell	3.9881	0.3072
PODXL	colon endothelial cell	2.3048	2.0369
POMP	colon endothelial cell	2.7516	0.2553
PPFIBP1	colon endothelial cell	7.3850	5.8509
PPM1D	colon endothelial cell	2.3633	0.9464
PREX2	colon endothelial cell	2.3939	1.4794
PRSS23	colon endothelial cell	3.6610	2.1887
PRXL2A	colon endothelial cell	2.0867	0.7566
PSMB9	colon endothelial cell	0.8643	0.2808
PTPN14	colon endothelial cell	1.2881	0.8079
PTPRB	colon endothelial cell	5.6533	4.5595
PTPRM	colon endothelial cell	6.1389	1.3014
RAC1	colon endothelial cell	5.6049	0.4860
RAI14	colon endothelial cell	2.5087	2.1358
RAMP2	colon endothelial cell	2.2953	1.7902
RAMP3	colon endothelial cell	2.8715	2.8165
RAPGEF3	colon endothelial cell	0.6001	0.5123
RAPGEF4	colon endothelial cell	4.9003	3.9820
RASIP1	colon endothelial cell	0.9347	0.9178
RBMS2	colon endothelial cell	1.6812	1.0219
RBP5	colon endothelial cell	0.6044	0.5049
RBP7	colon endothelial cell	0.8347	0.3227
RELL1	colon endothelial cell	2.0694	0.4859
RELN	colon endothelial cell	1.2102	0.3850
RHOJ	colon endothelial cell	5.0380	4.7665
RND1	colon endothelial cell	2.2887	0.9908
ROBO4	colon endothelial cell	0.8793	0.7592
S1PR1	colon endothelial cell	3.3022	2.9723
SELENOW	colon endothelial cell	4.9464	1.4919
SEMA3A	colon endothelial cell	1.2913	0.5928
SERPINE1	colon endothelial cell	3.5341	1.3890
SGIP1	colon endothelial cell	2.1555	0.9046
SH2D3C	colon endothelial cell	0.7334	0.3401
SHANK3	colon endothelial cell	1.1893	1.0967
SHC1	colon endothelial cell	0.9142	0.4616
SHE	colon endothelial cell	0.7683	0.3583
SHISA5	colon endothelial cell	1.0556	0.4702
SHROOM4	colon endothelial cell	0.8669	0.4938
SLC14A1	colon endothelial cell	1.0036	0.6111
SLC2A3	colon endothelial cell	18.0406	7.2864
SLCO2A1	colon endothelial cell	4.6465	3.6409
SMAD1	colon endothelial cell	1.5065	0.8239
SNTB2	colon endothelial cell	2.1016	1.2244
SNTG2	colon endothelial cell	3.4344	3.1797
SOCS2	colon endothelial cell	1.8937	1.6252
SOCS3	colon endothelial cell	10.9995	1.6358
SOCS5	colon endothelial cell	1.1734	0.8786
SOX17	colon endothelial cell	0.9927	0.8931
SOX18	colon endothelial cell	1.3246	1.2780
SOX7	colon endothelial cell	2.1097	1.9156
SPARCL1	colon endothelial cell	40.9710	9.7336
SPNS2	colon endothelial cell	0.7900	0.3807
SPRY1	colon endothelial cell	4.4404	1.5914
SPRY4	colon endothelial cell	0.6568	0.3354
SPTBN1	colon endothelial cell	6.7244	2.6890
SRFBP1	colon endothelial cell	0.7638	0.2562
SRP14	colon endothelial cell	9.0657	3.6957
SRSF4	colon endothelial cell	3.4330	0.6025
SSH1	colon endothelial cell	3.5218	0.8426
STC1	colon endothelial cell	3.6779	3.6578
STK32B	colon endothelial cell	0.7485	0.4963
STOM	colon endothelial cell	6.7947	1.4130
STOX2	colon endothelial cell	1.8833	0.4773
SUN1	colon endothelial cell	1.1361	0.2854
SYNE1	colon endothelial cell	3.2917	1.2968
TACC1	colon endothelial cell	8.1224	0.4861
TANC1	colon endothelial cell	3.0711	1.2272
TAP1	colon endothelial cell	0.7898	0.2895
TCF4	colon endothelial cell	11.4311	0.8192
TEAD4	colon endothelial cell	0.8813	0.4739
TEK	colon endothelial cell	1.3171	1.2607
THBD	colon endothelial cell	6.9387	4.6188
TIE1	colon endothelial cell	1.1060	0.9271
TIFA	colon endothelial cell	1.0561	0.6086
TIMP3	colon endothelial cell	19.0563	6.1470
TLL1	colon endothelial cell	2.1456	2.1286
TM4SF1	colon endothelial cell	30.7238	15.4840
TM4SF18	colon endothelial cell	1.4694	1.4144
TMEM204	colon endothelial cell	0.7830	0.4558
TMEM255B	colon endothelial cell	1.0794	0.7414
TMEM70	colon endothelial cell	1.3512	0.3573
TMEM88	colon endothelial cell	1.3248	1.1355
TMTC1	colon endothelial cell	3.8099	1.1259
TNFAIP1	colon endothelial cell	0.6516	0.3230
TNFRSF10D	colon endothelial cell	4.7847	3.1067
TNFRSF1A	colon endothelial cell	1.4237	0.4131
TNFSF10	colon endothelial cell	2.3434	0.6437
TPO	colon endothelial cell	1.1704	1.1617
TRIB1	colon endothelial cell	3.5362	0.3288
TSC22D1	colon endothelial cell	12.4368	0.5375
TSPAN12	colon endothelial cell	0.7922	0.4045
TSPAN14	colon endothelial cell	1.8889	0.6206
TSPAN7	colon endothelial cell	2.0541	1.2159
TSPAN9	colon endothelial cell	0.9625	0.5326
TUSC3	colon endothelial cell	0.8079	0.4346
UACA	colon endothelial cell	1.7594	0.3267
VAMP5	colon endothelial cell	1.8832	1.2475
VWF	colon endothelial cell	8.7829	8.4797
WARS1	colon endothelial cell	3.4082	0.6394
WWTR1	colon endothelial cell	5.0561	2.9843
XAF1	colon endothelial cell	0.9677	0.6778
ZNF521	colon endothelial cell	1.8633	0.9088
ADAP2	colon macrophage	2.0613	0.6752
AIF1	colon macrophage	6.0237	0.6474
AKR1B1	colon macrophage	3.3189	0.7747
APOC1	colon macrophage	6.6842	0.6713
ARRDC3	colon macrophage	2.2032	0.4000
ATP6V1F	colon macrophage	2.0897	0.2679
BRI3	colon macrophage	3.6156	0.3257
C1QA	colon macrophage	24.0153	5.6203
C1QB	colon macrophage	21.8402	3.1924
C1QC	colon macrophage	12.0778	2.3720
C2	colon macrophage	0.7339	0.3130
CANX	colon macrophage	3.4301	0.8235
CCL24	colon macrophage	2.6071	0.7393
CCL3	colon macrophage	8.4782	1.1798
CCL3L3	colon macrophage	2.6657	1.4798
CCL4L2	colon macrophage	4.8532	0.3715
CD14	colon macrophage	5.0987	1.4357
CD163	colon macrophage	10.0871	3.3801
CD209	colon macrophage	0.9822	0.2993
CD4	colon macrophage	2.1136	0.6515
CD84	colon macrophage	1.7310	0.2625
CMKLR1	colon macrophage	1.0603	0.3439
COLGALT1	colon macrophage	0.8929	0.3013
CREBL2	colon macrophage	0.9947	0.3033
CREG1	colon macrophage	3.2558	0.5880
CSF1R	colon macrophage	2.4184	0.5307
CTSB	colon macrophage	16.2193	2.7629
CTSC	colon macrophage	4.4953	0.5220
CTSS	colon macrophage	13.5539	0.8334
CXCL3	colon macrophage	7.0995	1.5967
CYBB	colon macrophage	4.0068	1.3476
CYFIP1	colon macrophage	2.2921	0.2863
DAB2	colon macrophage	3.5544	0.9722
DUSP6	colon macrophage	2.6481	0.2860
F13A1	colon macrophage	3.3110	2.2614
FCGR2A	colon macrophage	1.8171	0.3653
FCGRT	colon macrophage	7.5934	1.3326
FGL2	colon macrophage	8.0426	2.3419
FOLR2	colon macrophage	1.1973	0.8079
FTL	colon macrophage	139.2198	21.9485
FUCA1	colon macrophage	4.1047	0.6343
GAA	colon macrophage	1.1462	0.5285
GGTA1	colon macrophage	1.7778	0.5486
GNB4	colon macrophage	1.4752	0.3798
GPR34	colon macrophage	1.9045	0.6575
HLA-DMA	colon macrophage	3.8091	0.3818
HMOX1	colon macrophage	1.8855	0.5182
IGF1	colon macrophage	1.9225	0.5837
IL10	colon macrophage	1.7718	0.4442
IL18	colon macrophage	1.9033	0.2868
ITGB2	colon macrophage	3.4558	0.3142
KCTD12	colon macrophage	2.8840	0.4272
LACC1	colon macrophage	1.4859	0.3040
LAMP1	colon macrophage	2.5644	0.2912
LILRB5	colon macrophage	1.3039	0.3859
LYVE1	colon macrophage	2.1549	0.5200
MFSD1	colon macrophage	3.9865	1.1143
MRC1	colon macrophage	12.9900	6.3045
MS4A4A	colon macrophage	3.5453	0.9822
MS4A6A	colon macrophage	8.4706	2.9997
MS4A7	colon macrophage	7.4936	3.4248
NAIP	colon macrophage	1.0187	0.2837
NCF4	colon macrophage	0.9667	0.2938
NCOA4	colon macrophage	2.0188	0.3122
NPC2	colon macrophage	7.7832	1.7898
NR4A2	colon macrophage	8.1890	0.9028
P2RY13	colon macrophage	0.7601	0.4469
PABPC4	colon macrophage	3.3466	0.2705
PLD3	colon macrophage	4.2805	0.6478
PLTP	colon macrophage	2.9901	1.5987
PSAP	colon macrophage	20.4568	3.5699
RGS1	colon macrophage	9.2692	1.5947
RNASE1	colon macrophage	15.4221	5.6756
RNF141	colon macrophage	0.7302	0.2574
SDC3	colon macrophage	0.7503	0.2848
SELENOP	colon macrophage	27.0864	7.8744
SIGLEC10	colon macrophage	0.7972	0.3369
SLC31A1	colon macrophage	1.0200	0.4613
SLC40A1	colon macrophage	6.9203	1.0576
SLC7A7	colon macrophage	0.9989	0.3506
SLCO2B1	colon macrophage	3.6390	0.9694
STAB1	colon macrophage	5.0816	1.8875
TGFBI	colon macrophage	4.0312	1.1276
TPP1	colon macrophage	2.3436	0.3099
VSIG4	colon macrophage	3.7618	0.5172
WWP1	colon macrophage	2.5139	0.5335
A1CF	enterochromaffin-like cell	4.2826	1.9119
AARS1	enterochromaffin-like cell	1.3562	0.9089
ACP3	enterochromaffin-like cell	2.1123	1.4679
ADAMTSL1	enterochromaffin-like cell	4.9939	0.4946
ADCY1	enterochromaffin-like cell	0.7719	0.5684
ADCY2	enterochromaffin-like cell	1.9749	0.4485
ADGRV1	enterochromaffin-like cell	1.7592	0.8186
AGBL4	enterochromaffin-like cell	5.6752	0.6915
AHI1-DT	enterochromaffin-like cell	0.5963	0.3029
AKAP11	enterochromaffin-like cell	1.1577	0.3151
ALDH18A1	enterochromaffin-like cell	0.7931	0.2552
AP5Z1	enterochromaffin-like cell	1.0789	0.3715
ASIC2	enterochromaffin-like cell	1.3419	0.8051
ASTN2	enterochromaffin-like cell	6.9201	5.4636
ATXN10	enterochromaffin-like cell	1.2273	0.3754
BEX2	enterochromaffin-like cell	0.8119	0.3112
BMPR1B	enterochromaffin-like cell	2.0158	1.6803
C18orf15	enterochromaffin-like cell	0.6584	0.6280
C1orf122	enterochromaffin-like cell	0.8654	0.4033
C2CD3	enterochromaffin-like cell	0.9164	0.3748
C2CD4B	enterochromaffin-like cell	3.4371	1.8959
C6orf141	enterochromaffin-like cell	1.8335	1.3853
CA3	enterochromaffin-like cell	0.5258	0.2567
CACNA1D	enterochromaffin-like cell	9.5416	8.1031
CACNA2D1	enterochromaffin-like cell	6.1271	3.2890
CACNB2	enterochromaffin-like cell	17.9625	4.2033
CAPRIN2	enterochromaffin-like cell	1.1761	0.5814
CASR	enterochromaffin-like cell	2.1222	1.9671
CBLN2	enterochromaffin-like cell	0.7046	0.6868
CCDC186	enterochromaffin-like cell	1.5693	0.3249
CDHR3	enterochromaffin-like cell	18.9377	14.5588
CDKN2A	enterochromaffin-like cell	0.5495	0.4209
CERKL	enterochromaffin-like cell	0.7210	0.4501
CFAP65	enterochromaffin-like cell	0.5447	0.3563
CHGA	enterochromaffin-like cell	239.8513	235.6590
CHGB	enterochromaffin-like cell	8.7374	6.9284
CHMP1A	enterochromaffin-like cell	0.7184	0.2743
CISD1	enterochromaffin-like cell	1.2372	0.4228
CLASP1-AS1	enterochromaffin-like cell	1.4967	0.3901
CMTM4	enterochromaffin-like cell	1.1641	0.4865
CNTN4	enterochromaffin-like cell	8.0961	5.0604
COX10-DT	enterochromaffin-like cell	0.9368	0.3835
COX17	enterochromaffin-like cell	2.7135	0.7945
CPNE4	enterochromaffin-like cell	8.3231	4.7920
CRACD	enterochromaffin-like cell	3.1182	0.5066
CROCC	enterochromaffin-like cell	2.5286	0.7554
CRYBA2	enterochromaffin-like cell	13.4816	9.0312
DDC	enterochromaffin-like cell	4.6710	3.8978
DDIT3	enterochromaffin-like cell	4.6728	1.8354
DDX39B	enterochromaffin-like cell	1.3517	0.6308
DGUOK	enterochromaffin-like cell	1.1161	0.2942
DHX8	enterochromaffin-like cell	0.9682	0.3174
DIP2C-AS1	enterochromaffin-like cell	0.9977	0.4915
DIPK2A	enterochromaffin-like cell	3.5903	2.5864
DNAJA4	enterochromaffin-like cell	1.8096	0.7589
DNAJC12	enterochromaffin-like cell	4.8501	4.1217
DNAJC3-DT	enterochromaffin-like cell	0.5799	0.3217
DPH6	enterochromaffin-like cell	2.0766	0.7319
EGR3	enterochromaffin-like cell	2.2630	0.2643
EIF2B5	enterochromaffin-like cell	0.7148	0.3902
EIF4G3	enterochromaffin-like cell	5.4894	1.3690
EML5	enterochromaffin-like cell	1.7158	0.9671
ENSG00000227681	enterochromaffin-like cell	1.3174	1.0249
ENSG00000229192	enterochromaffin-like cell	0.5131	0.5076
ENSG00000232072	enterochromaffin-like cell	0.7860	0.4348
ENSG00000233516	enterochromaffin-like cell	0.8080	0.7595
ENSG00000236206	enterochromaffin-like cell	0.5849	0.2919
ENSG00000236283	enterochromaffin-like cell	1.4615	0.9931
ENSG00000258526	enterochromaffin-like cell	2.1095	1.5381
ENSG00000273702	enterochromaffin-like cell	0.6734	0.3203
ENSG00000274421	enterochromaffin-like cell	0.7366	0.6374
ENSG00000286836	enterochromaffin-like cell	0.5110	0.4928
ENSG00000287020	enterochromaffin-like cell	1.1666	1.1637
ENSG00000287292	enterochromaffin-like cell	2.0615	0.7493
ENSG00000287697	enterochromaffin-like cell	0.7703	0.3059
ENSG00000289872	enterochromaffin-like cell	1.0209	0.3913
ERRFI1-DT	enterochromaffin-like cell	0.6332	0.3723
ESRRG	enterochromaffin-like cell	1.1767	0.6645
EXT1	enterochromaffin-like cell	13.9291	5.4396
F5	enterochromaffin-like cell	2.8561	2.1820
FAM135B	enterochromaffin-like cell	0.9070	0.4511
FAM219A	enterochromaffin-like cell	0.8091	0.4669
FAR2P2	enterochromaffin-like cell	0.7875	0.4233
FAR2P3	enterochromaffin-like cell	0.6725	0.6618
FEV	enterochromaffin-like cell	3.8760	2.7383
FGF13	enterochromaffin-like cell	2.6102	0.5734
FOCAD	enterochromaffin-like cell	2.9802	0.7467
FOXA1	enterochromaffin-like cell	0.9264	0.2818
FREM1	enterochromaffin-like cell	0.7276	0.5522
FSTL4	enterochromaffin-like cell	2.1446	2.0287
FTX	enterochromaffin-like cell	12.2425	4.5561
GADD45GIP1	enterochromaffin-like cell	1.6783	0.5995
GALNT13	enterochromaffin-like cell	1.8716	1.7703
GCLC	enterochromaffin-like cell	7.7960	3.0714
GCNT1	enterochromaffin-like cell	1.6766	1.0081
GLIS3	enterochromaffin-like cell	26.3399	19.0972
GOLGA4	enterochromaffin-like cell	6.6268	1.3352
GPATCH2	enterochromaffin-like cell	1.9624	0.5096
GPR39	enterochromaffin-like cell	4.0569	2.2604
GRIK2	enterochromaffin-like cell	10.8596	3.5497
GRM7	enterochromaffin-like cell	0.8005	0.3434
HDAC9	enterochromaffin-like cell	7.0616	0.9863
HDX	enterochromaffin-like cell	1.0078	0.2709
HEY1	enterochromaffin-like cell	0.8608	0.3540
HGD	enterochromaffin-like cell	3.5916	0.5459
HSD17B12	enterochromaffin-like cell	1.3126	0.4956
HYI	enterochromaffin-like cell	0.9641	0.4657
ICA1	enterochromaffin-like cell	3.0196	0.6448
ID1	enterochromaffin-like cell	7.3623	1.2110
IGF1R	enterochromaffin-like cell	7.3069	1.7982
IGFBP3	enterochromaffin-like cell	4.9061	2.1182
IL1RAPL2	enterochromaffin-like cell	4.6832	4.0659
IRS2	enterochromaffin-like cell	4.8031	1.4390
ITPR3	enterochromaffin-like cell	1.3403	0.4747
ITPRID2	enterochromaffin-like cell	3.1279	0.5068
KATNIP	enterochromaffin-like cell	2.2913	1.5862
KCNJ3	enterochromaffin-like cell	1.1133	1.0128
KCNJ6	enterochromaffin-like cell	0.9451	0.7523
KLHL29	enterochromaffin-like cell	2.9436	0.7198
LCMT1-AS2	enterochromaffin-like cell	0.7713	0.7653
LCN15	enterochromaffin-like cell	100.2507	93.3402
LINC00571	enterochromaffin-like cell	1.2816	0.5775
LINC00910	enterochromaffin-like cell	2.4784	0.5974
LINC01285	enterochromaffin-like cell	1.4927	0.6710
LINC01376	enterochromaffin-like cell	0.7537	0.3959
LINC01725	enterochromaffin-like cell	1.8556	0.3023
LINC01765	enterochromaffin-like cell	0.5304	0.2699
LINC02607	enterochromaffin-like cell	0.5672	0.5386
LINC02936	enterochromaffin-like cell	1.0665	0.3028
LINC03057	enterochromaffin-like cell	3.5270	1.7594
LINGO2	enterochromaffin-like cell	1.7352	1.4451
LMX1A	enterochromaffin-like cell	8.0825	8.0616
LNC-LBCS	enterochromaffin-like cell	2.5485	1.8432
LRIG3	enterochromaffin-like cell	1.1339	0.5554
MAFA	enterochromaffin-like cell	1.3004	0.4420
MALAT1	enterochromaffin-like cell	668.9747	20.2861
MAN1A2	enterochromaffin-like cell	2.5961	0.9056
MAP4K3	enterochromaffin-like cell	3.9610	0.4356
MAP4K3-DT	enterochromaffin-like cell	1.8638	0.6723
MATCAP2	enterochromaffin-like cell	0.5765	0.2639
MBNL2	enterochromaffin-like cell	3.7220	0.4256
MCOLN3	enterochromaffin-like cell	1.2109	0.7370
MID1	enterochromaffin-like cell	4.7992	2.6033
MIF	enterochromaffin-like cell	3.2241	1.4448
MIPOL1	enterochromaffin-like cell	1.1010	0.3775
MMP16	enterochromaffin-like cell	0.5995	0.3211
MOSPD2	enterochromaffin-like cell	0.6781	0.3129
MRPL57	enterochromaffin-like cell	1.4304	0.3272
NBEA	enterochromaffin-like cell	3.3268	1.8754
NEUROD1	enterochromaffin-like cell	2.9314	1.6817
NFASC	enterochromaffin-like cell	1.6446	0.3245
NFYA	enterochromaffin-like cell	0.8595	0.3029
NOL4	enterochromaffin-like cell	2.8792	1.7851
NPNT	enterochromaffin-like cell	1.5263	0.8686
NPW	enterochromaffin-like cell	2.1486	1.6344
NSUN7	enterochromaffin-like cell	1.3466	0.8684
OCIAD2	enterochromaffin-like cell	2.0791	1.2143
PACRG	enterochromaffin-like cell	1.9640	1.2709
PARD6A	enterochromaffin-like cell	0.9263	0.3707
PARD6G-AS1	enterochromaffin-like cell	1.5644	0.7252
PARP6	enterochromaffin-like cell	0.7675	0.3509
PCGF3-AS1	enterochromaffin-like cell	0.8211	0.2500
PCLO	enterochromaffin-like cell	7.5247	1.6185
PCSK1	enterochromaffin-like cell	3.3069	2.4382
PCSK1N	enterochromaffin-like cell	36.3419	9.2893
PCSK2	enterochromaffin-like cell	0.8440	0.3592
PDE11A	enterochromaffin-like cell	1.3817	1.2676
PET100	enterochromaffin-like cell	1.1238	0.3457
PHF14	enterochromaffin-like cell	2.2487	0.7435
PHPT1	enterochromaffin-like cell	1.9527	0.2530
PIP5K1B	enterochromaffin-like cell	7.9694	4.3777
PKD1	enterochromaffin-like cell	0.6678	0.2798
PKIB	enterochromaffin-like cell	3.9960	0.4074
PLCB4	enterochromaffin-like cell	18.3164	13.8354
PLCH1	enterochromaffin-like cell	1.8139	0.7151
PLEKHA5	enterochromaffin-like cell	4.9603	1.3637
POLR2L	enterochromaffin-like cell	2.6304	0.4335
POTEI	enterochromaffin-like cell	0.5144	0.4965
PPARGC1A	enterochromaffin-like cell	4.8665	2.9478
PPP1R1C	enterochromaffin-like cell	0.8561	0.5378
PRAC1	enterochromaffin-like cell	4.9031	2.6445
PRKD1	enterochromaffin-like cell	5.8248	3.7253
PSME3IP1	enterochromaffin-like cell	1.0512	0.4281
PTPN2P1	enterochromaffin-like cell	0.5849	0.5777
PTPRN2	enterochromaffin-like cell	20.4577	8.5419
QDPR	enterochromaffin-like cell	1.0295	0.5538
RAB3B	enterochromaffin-like cell	2.9331	1.1665
RAB3C	enterochromaffin-like cell	0.9938	0.4162
RAB3GAP2	enterochromaffin-like cell	2.7740	0.7612
RALYL	enterochromaffin-like cell	3.5078	3.4827
RAMP1	enterochromaffin-like cell	1.4180	0.4390
RAP1GAP2	enterochromaffin-like cell	4.5527	0.3669
RASAL2	enterochromaffin-like cell	5.4903	1.6252
RBM27	enterochromaffin-like cell	0.6385	0.4351
REG4	enterochromaffin-like cell	7.4416	7.0297
RFX6	enterochromaffin-like cell	2.2820	0.7609
RIMBP2	enterochromaffin-like cell	6.5323	2.2890
RIMS2	enterochromaffin-like cell	8.7026	0.9068
RMST	enterochromaffin-like cell	0.6407	0.6119
ROMO1	enterochromaffin-like cell	2.6691	0.2592
ROR1	enterochromaffin-like cell	5.8449	4.6294
RPH3AL	enterochromaffin-like cell	1.2822	0.3211
RXFP4	enterochromaffin-like cell	0.8920	0.6993
SAAL1	enterochromaffin-like cell	1.2065	0.9348
SAMD11	enterochromaffin-like cell	1.7840	1.2064
SAMD3	enterochromaffin-like cell	7.4409	3.4196
SAMD5	enterochromaffin-like cell	0.9766	0.4120
SAXO2	enterochromaffin-like cell	0.8967	0.7613
SCAMP5	enterochromaffin-like cell	0.7934	0.2762
SCN3A	enterochromaffin-like cell	2.9607	2.0811
SCN8A	enterochromaffin-like cell	2.4375	2.0308
SCT	enterochromaffin-like cell	5.6304	2.5248
SEMA6D	enterochromaffin-like cell	13.6585	12.8800
SERGEF	enterochromaffin-like cell	1.9555	1.4110
SH3GL2	enterochromaffin-like cell	1.2043	0.3922
SIRT1	enterochromaffin-like cell	2.2715	0.5126
SLC16A12	enterochromaffin-like cell	0.5633	0.4526
SLC18A1	enterochromaffin-like cell	2.5003	2.2342
SLC38A11	enterochromaffin-like cell	6.0844	5.1270
SMAD9	enterochromaffin-like cell	2.1551	0.6076
SMIM6	enterochromaffin-like cell	1.0770	0.6985
SMOC1	enterochromaffin-like cell	3.9084	3.3173
SNAP25	enterochromaffin-like cell	4.2363	3.2587
SORCS2	enterochromaffin-like cell	1.1613	0.6771
SPAG16	enterochromaffin-like cell	4.6347	3.5082
SPTBN4	enterochromaffin-like cell	0.8490	0.4085
STIM2	enterochromaffin-like cell	3.3895	0.3000
STRADB	enterochromaffin-like cell	0.6874	0.3129
STX1A	enterochromaffin-like cell	1.8690	1.5401
STXBP5L	enterochromaffin-like cell	7.8269	4.0991
STXBP6	enterochromaffin-like cell	6.6314	3.4249
SUCLG2-DT	enterochromaffin-like cell	0.8904	0.6186
SV2C	enterochromaffin-like cell	5.1743	4.7003
SYNGR4	enterochromaffin-like cell	0.7832	0.7684
SYT1	enterochromaffin-like cell	1.5657	0.4410
SYT13	enterochromaffin-like cell	2.5436	2.1635
TENT5B	enterochromaffin-like cell	1.0323	0.5633
THUMPD2	enterochromaffin-like cell	0.7943	0.2988
TMEM200A	enterochromaffin-like cell	2.0068	1.0603
TOLLIP	enterochromaffin-like cell	0.7042	0.3673
TPH1	enterochromaffin-like cell	56.9088	56.6088
TRAF3IP1	enterochromaffin-like cell	0.7403	0.3611
TRMT11	enterochromaffin-like cell	1.3926	0.5602
TRPM3	enterochromaffin-like cell	23.1014	16.8996
TTC6	enterochromaffin-like cell	3.1702	1.6617
TTR	enterochromaffin-like cell	4.2305	3.3600
UBTF	enterochromaffin-like cell	1.1635	0.3533
UNC13B	enterochromaffin-like cell	8.0822	2.7406
VEGFA	enterochromaffin-like cell	3.7267	1.0541
WASF3	enterochromaffin-like cell	1.5770	1.2096
WDR74	enterochromaffin-like cell	1.3478	0.5555
WFS1	enterochromaffin-like cell	0.6100	0.3283
ZBBX	enterochromaffin-like cell	1.2890	1.2856
ZNF140	enterochromaffin-like cell	0.6350	0.2875
ZNF260	enterochromaffin-like cell	0.8022	0.5681
ZNF407	enterochromaffin-like cell	3.1275	0.5419
ZNF711	enterochromaffin-like cell	0.5971	0.3497
ZSCAN31	enterochromaffin-like cell	0.7294	0.2789
ZSWIM5	enterochromaffin-like cell	1.0884	0.4424
ABCB11	enterocyte of epithelium of large intestine	0.7466	0.6043
AHCYL2	enterocyte of epithelium of large intestine	2.2400	0.4065
AMN	enterocyte of epithelium of large intestine	2.4542	0.5708
AQP8	enterocyte of epithelium of large intestine	2.0438	1.7189
ATP10B	enterocyte of epithelium of large intestine	2.3825	0.3073
ATP1A1	enterocyte of epithelium of large intestine	7.1488	1.8767
B3GALT1	enterocyte of epithelium of large intestine	1.5165	0.4392
BSG	enterocyte of epithelium of large intestine	3.7672	0.3155
BTNL3	enterocyte of epithelium of large intestine	0.9787	0.6271
BTNL8	enterocyte of epithelium of large intestine	1.1245	0.2747
CA1	enterocyte of epithelium of large intestine	7.6998	1.8138
CDKN2B-AS1	enterocyte of epithelium of large intestine	1.3144	0.4525
CEACAM7	enterocyte of epithelium of large intestine	4.9536	1.8560
CLCA4	enterocyte of epithelium of large intestine	5.3804	1.5127
COL17A1	enterocyte of epithelium of large intestine	0.8105	0.5867
ENSG00000235288	enterocyte of epithelium of large intestine	0.8616	0.4322
ENSG00000254645	enterocyte of epithelium of large intestine	0.5286	0.3499
FAR1	enterocyte of epithelium of large intestine	2.3595	0.2804
GCNT3	enterocyte of epithelium of large intestine	1.6586	0.4648
GNA11	enterocyte of epithelium of large intestine	1.0137	0.3443
HHLA2	enterocyte of epithelium of large intestine	3.9198	3.0772
HSD11B2	enterocyte of epithelium of large intestine	3.2765	0.3364
LINC02023	enterocyte of epithelium of large intestine	0.7299	0.3448
MALL	enterocyte of epithelium of large intestine	1.3987	0.7131
MAST2	enterocyte of epithelium of large intestine	2.8959	0.3740
MOGAT3	enterocyte of epithelium of large intestine	0.6705	0.4022
MS4A12	enterocyte of epithelium of large intestine	2.9963	2.1617
MT-ATP6	enterocyte of epithelium of large intestine	172.9344	41.7848
MT-CO2	enterocyte of epithelium of large intestine	324.5777	87.9807
MT-CO3	enterocyte of epithelium of large intestine	409.8058	44.4794
MT-ND1	enterocyte of epithelium of large intestine	76.7308	20.6362
MT-ND2	enterocyte of epithelium of large intestine	74.7905	0.5265
MT-ND3	enterocyte of epithelium of large intestine	134.9064	18.2293
MT-ND4	enterocyte of epithelium of large intestine	185.7097	46.3078
MT-ND4L	enterocyte of epithelium of large intestine	19.9770	0.6027
MT-ND5	enterocyte of epithelium of large intestine	64.5178	15.6948
MT-RNR1	enterocyte of epithelium of large intestine	383.0234	36.6721
MT-RNR2	enterocyte of epithelium of large intestine	1103.7437	89.7098
MT-TN	enterocyte of epithelium of large intestine	1.1728	0.6352
MTATP6P1	enterocyte of epithelium of large intestine	12.3184	2.7255
MTND1P23	enterocyte of epithelium of large intestine	5.8337	0.2866
MUC12	enterocyte of epithelium of large intestine	13.2555	2.6030
MUC20-OT1	enterocyte of epithelium of large intestine	1.7837	0.2849
NR5A2	enterocyte of epithelium of large intestine	1.6607	0.5070
PCK1	enterocyte of epithelium of large intestine	6.0701	0.8107
PCSK5	enterocyte of epithelium of large intestine	5.0820	1.6109
PCSK6	enterocyte of epithelium of large intestine	0.7429	0.2591
PIGZ	enterocyte of epithelium of large intestine	1.5931	0.4403
PLAC8	enterocyte of epithelium of large intestine	3.1821	0.6393
PLCE1	enterocyte of epithelium of large intestine	3.7745	0.4641
PRAG1	enterocyte of epithelium of large intestine	1.2215	0.4031
PRAP1	enterocyte of epithelium of large intestine	0.6065	0.3803
PRDX6-AS1	enterocyte of epithelium of large intestine	0.7314	0.3104
PROM1	enterocyte of epithelium of large intestine	0.9160	0.4233
SCNN1B	enterocyte of epithelium of large intestine	3.6395	1.9404
SGK2	enterocyte of epithelium of large intestine	0.9085	0.4458
SLC1A1	enterocyte of epithelium of large intestine	0.5227	0.2944
SLC26A2	enterocyte of epithelium of large intestine	12.8257	7.1365
SLC26A3	enterocyte of epithelium of large intestine	18.1618	13.1950
SLC51B	enterocyte of epithelium of large intestine	0.7603	0.4751
SMIM2-AS1	enterocyte of epithelium of large intestine	0.6346	0.3703
TFCP2L1	enterocyte of epithelium of large intestine	3.4177	1.1393
THSD4	enterocyte of epithelium of large intestine	2.9991	0.7349
TINAG	enterocyte of epithelium of large intestine	1.1061	0.6550
TMIGD1	enterocyte of epithelium of large intestine	1.8508	1.6408
TPRN	enterocyte of epithelium of large intestine	0.8949	0.3910
TRPM6	enterocyte of epithelium of large intestine	1.4979	0.8998
UGP2	enterocyte of epithelium of large intestine	3.0016	0.6402
VDR	enterocyte of epithelium of large intestine	1.4184	0.5162
XDH	enterocyte of epithelium of large intestine	1.4503	0.8021
AASS	enteroglial cell	5.7362	3.5164
ABCA8	enteroglial cell	3.5107	1.2727
ABL2	enteroglial cell	12.8810	3.3205
ADARB2	enteroglial cell	1.1022	0.8406
ADGRB3	enteroglial cell	11.3131	8.9087
AHR	enteroglial cell	2.4189	0.4892
AKAP6	enteroglial cell	4.5394	3.8439
AKAP7	enteroglial cell	1.1263	0.3925
ALDH1A1	enteroglial cell	8.8884	7.3873
ALDH6A1	enteroglial cell	0.8568	0.4237
ALG14	enteroglial cell	0.6394	0.2813
ALK	enteroglial cell	0.9982	0.7550
AMD1	enteroglial cell	4.5163	1.3265
ANK3	enteroglial cell	19.7988	10.4910
ANKDD1A	enteroglial cell	1.1569	0.6422
ANKRD42	enteroglial cell	0.9850	0.6398
ANKS1B	enteroglial cell	1.1465	0.6709
AP1S2	enteroglial cell	2.8766	0.7756
AQP7B	enteroglial cell	0.7181	0.6855
ARHGAP31-AS1	enteroglial cell	0.9882	0.8496
ARHGAP39	enteroglial cell	0.9550	0.5403
ARHGEF26	enteroglial cell	1.8253	1.5602
ARID5A	enteroglial cell	2.2275	0.3859
ARL13B	enteroglial cell	4.3746	2.8967
ARL2	enteroglial cell	1.2505	0.2849
ASAP2	enteroglial cell	2.6217	0.5523
ASPA	enteroglial cell	0.6475	0.4451
ATF3	enteroglial cell	18.8087	0.7728
ATP1A2	enteroglial cell	1.4978	1.0146
BCL2	enteroglial cell	8.5118	0.9840
BCYRN1	enteroglial cell	4.1839	1.9273
BIN3	enteroglial cell	1.6653	0.8239
BIRC2	enteroglial cell	1.9487	0.6627
BNIP3	enteroglial cell	1.3021	0.4965
BPGM	enteroglial cell	1.9527	1.5814
BRD2	enteroglial cell	4.8588	0.6095
C1orf198	enteroglial cell	1.3678	0.9916
C2orf88	enteroglial cell	1.1702	0.3179
CA13	enteroglial cell	1.5111	1.1192
CAB39L	enteroglial cell	3.0591	2.2964
CADM1	enteroglial cell	7.0342	5.8723
CADM2	enteroglial cell	32.2954	31.5095
CADM3	enteroglial cell	1.8190	1.5490
CADM4	enteroglial cell	0.5196	0.4677
CAMTA1	enteroglial cell	2.9582	0.3011
CAPS	enteroglial cell	1.3374	0.8785
CASC15	enteroglial cell	2.5188	1.9653
CBX7	enteroglial cell	0.5913	0.3093
CCN1	enteroglial cell	15.1727	8.8699
CCN5	enteroglial cell	7.3345	5.4662
CCNL1	enteroglial cell	10.4438	3.3800
CD9	enteroglial cell	17.4749	2.2459
CDC14B	enteroglial cell	0.9745	0.3293
CDH19	enteroglial cell	66.5022	66.3221
CDH2	enteroglial cell	1.1295	1.0994
CDKN2AIP	enteroglial cell	2.7056	1.9531
CECR2	enteroglial cell	0.9501	0.7865
CHADL	enteroglial cell	0.9126	0.8977
CHIC2	enteroglial cell	3.9869	1.4535
CHL1	enteroglial cell	5.5833	4.6208
CLCF1	enteroglial cell	0.9127	0.6201
CLIC4	enteroglial cell	12.8576	7.3840
CLU	enteroglial cell	23.6615	17.2886
CNN3	enteroglial cell	3.8913	1.2274
CNP	enteroglial cell	2.1836	1.5299
COL21A1	enteroglial cell	1.4267	1.2563
COL28A1	enteroglial cell	3.2896	2.2245
COL8A1	enteroglial cell	1.7484	1.4396
COL9A3	enteroglial cell	0.8467	0.5335
COMT	enteroglial cell	2.1409	0.4133
CREB5	enteroglial cell	5.8835	3.1195
CRTAC1	enteroglial cell	1.6811	1.5741
CRYAB	enteroglial cell	101.4243	92.7179
CSRNP1	enteroglial cell	3.3712	0.7877
CTNNA1	enteroglial cell	8.7894	1.6405
CTNNA3	enteroglial cell	2.9149	2.6307
CTNNAL1	enteroglial cell	8.3739	6.2537
CXXC5	enteroglial cell	0.9640	0.3220
CYP27A1	enteroglial cell	0.8343	0.2608
DAG1	enteroglial cell	1.9534	1.1496
DCBLD2	enteroglial cell	0.9157	0.4048
DCUN1D3	enteroglial cell	1.0656	0.5986
DDX5	enteroglial cell	23.3742	6.7666
DIS3	enteroglial cell	1.8176	0.7339
DKK3	enteroglial cell	1.9219	0.5924
DLC1	enteroglial cell	11.1022	4.7307
DLG2	enteroglial cell	5.8231	2.8960
DMD	enteroglial cell	5.5278	0.9206
DNAJA1	enteroglial cell	29.1764	17.1853
DNAJB1	enteroglial cell	59.6258	49.2420
DNAJB4	enteroglial cell	3.8176	2.0395
DNAJC6	enteroglial cell	0.6753	0.4622
DPYSL2	enteroglial cell	3.6163	0.3470
DST	enteroglial cell	13.5182	5.9242
DYNLL1	enteroglial cell	5.4529	1.8558
EGR1	enteroglial cell	44.6600	19.6743
EHBP1	enteroglial cell	7.4998	5.5287
EHBP1-AS1	enteroglial cell	0.5238	0.3953
EID1	enteroglial cell	4.4793	1.3369
EIF1	enteroglial cell	35.2427	3.6583
EIF1AX	enteroglial cell	3.0099	0.4978
EIF1B	enteroglial cell	3.6778	0.7808
EMP1	enteroglial cell	39.5353	19.5897
ENDOD1	enteroglial cell	1.7341	1.1940
ENSG00000225140	enteroglial cell	0.6321	0.6140
ENSG00000230490	enteroglial cell	3.0640	1.1241
ENSG00000236892	enteroglial cell	0.5859	0.5815
ENSG00000237844	enteroglial cell	3.2262	3.1937
ENSG00000249240	enteroglial cell	1.8645	0.5453
ENSG00000249526	enteroglial cell	4.3580	4.2257
ENSG00000250461	enteroglial cell	0.9134	0.4729
ENSG00000255202	enteroglial cell	0.7347	0.3043
ENSG00000255580	enteroglial cell	0.6863	0.5791
ENSG00000258580	enteroglial cell	2.2844	2.2296
ENSG00000258637	enteroglial cell	1.9331	1.8346
ENSG00000262801	enteroglial cell	2.3423	2.1351
ENSG00000279217	enteroglial cell	0.6248	0.5759
ENSG00000284727	enteroglial cell	0.5630	0.2793
ENSG00000285971	enteroglial cell	0.5865	0.5417
ENSG00000286581	enteroglial cell	0.5207	0.3695
ENSG00000287042	enteroglial cell	0.8684	0.4664
ENSG00000289159	enteroglial cell	0.6364	0.2569
ENSG00000289341	enteroglial cell	3.2311	0.9401
ENSG00000289368	enteroglial cell	1.0384	1.0154
ENSG00000290122	enteroglial cell	2.6155	1.3079
EPB41L2	enteroglial cell	8.8767	3.4310
EPHA7	enteroglial cell	1.7494	0.8772
ERBB3	enteroglial cell	2.4103	1.1157
ERF	enteroglial cell	1.2214	0.5164
FADS3	enteroglial cell	1.6975	0.6961
FEZ1	enteroglial cell	0.6850	0.3865
FGF2	enteroglial cell	2.3439	1.6478
FHOD3	enteroglial cell	0.7077	0.2969
FIBIN	enteroglial cell	0.6018	0.3633
FIGN	enteroglial cell	2.1721	0.7470
FOS	enteroglial cell	115.5017	24.0316
FOSB	enteroglial cell	66.5547	41.6573
FOXD3	enteroglial cell	0.5170	0.4958
FOXD3-AS1	enteroglial cell	0.7725	0.7669
FRMD5	enteroglial cell	6.0516	5.7523
FSTL3	enteroglial cell	1.3367	0.6333
FXYD1	enteroglial cell	2.2052	1.8762
GALNT17	enteroglial cell	0.6859	0.2637
GBP1	enteroglial cell	0.9716	0.3821
GFRA1	enteroglial cell	1.1685	0.6770
GINS3	enteroglial cell	1.8537	1.7734
GPC1	enteroglial cell	0.8246	0.5121
GPM6B	enteroglial cell	7.2703	7.0234
GPR155	enteroglial cell	6.2140	5.2301
GRIK3	enteroglial cell	0.7741	0.7337
GTF2H5	enteroglial cell	0.9657	0.4033
H2AX	enteroglial cell	1.8213	0.7659
H2AZ1	enteroglial cell	7.7962	0.8280
HAND2	enteroglial cell	3.6357	3.4705
HAND2-AS1	enteroglial cell	3.5601	3.4320
HBEGF	enteroglial cell	3.6739	0.2640
HELB	enteroglial cell	2.9012	1.7943
HEXIM1	enteroglial cell	3.3725	0.3351
HMCN1	enteroglial cell	1.7836	0.9753
HNRNPA2B1	enteroglial cell	10.5237	2.8454
HNRNPM	enteroglial cell	3.6729	0.7670
HS1BP3	enteroglial cell	0.8616	0.5103
HSP90AA1	enteroglial cell	69.5584	36.8082
HSP90AB1	enteroglial cell	38.1009	20.3622
HSPA12A	enteroglial cell	1.7403	1.3133
HSPA1A	enteroglial cell	76.6449	65.8622
HSPA1B	enteroglial cell	37.4441	31.4374
HSPA2	enteroglial cell	3.2101	1.3321
HSPA4L	enteroglial cell	0.7279	0.3758
HSPA8	enteroglial cell	19.2944	10.3740
HSPA9	enteroglial cell	3.3624	0.6585
HSPH1	enteroglial cell	21.0537	14.5539
HTATIP2	enteroglial cell	1.4757	0.5095
HTRA1	enteroglial cell	2.3873	0.4240
HYCC1	enteroglial cell	4.3948	2.3756
IER3	enteroglial cell	15.9912	6.4908
IER5	enteroglial cell	2.5602	0.3047
IFI16	enteroglial cell	8.0956	2.2343
IFI35	enteroglial cell	0.9715	0.6305
IFT81	enteroglial cell	0.5910	0.2753
IGSF11	enteroglial cell	1.2580	0.9022
IL1RAP	enteroglial cell	4.1176	0.6197
IL1RAPL1	enteroglial cell	4.2531	2.5073
IL6ST	enteroglial cell	7.9249	1.2593
ING1	enteroglial cell	1.8910	0.8083
INSC	enteroglial cell	1.1583	1.0336
INTS6	enteroglial cell	9.9737	1.9419
IQCJ-SCHIP1	enteroglial cell	1.6613	0.3341
IRF1	enteroglial cell	14.5251	5.5821
IRF9	enteroglial cell	1.5268	0.9997
ITGB1BP1	enteroglial cell	1.3423	0.6109
ITGB4	enteroglial cell	2.0560	0.8391
ITGB8	enteroglial cell	2.8199	1.2801
ITPK1	enteroglial cell	1.0907	0.4111
JAKMIP2	enteroglial cell	0.9643	0.5024
JHY	enteroglial cell	0.7361	0.4974
JUN	enteroglial cell	89.9672	51.1049
JUNB	enteroglial cell	57.6774	10.5715
JUND	enteroglial cell	63.5047	27.1164
KANSL1L	enteroglial cell	2.7269	0.8050
KATNA1	enteroglial cell	1.1792	0.3990
KCNMB4	enteroglial cell	5.4939	4.2563
KCNQ1OT1	enteroglial cell	4.9297	1.5933
KCTD1	enteroglial cell	1.0608	0.6060
KCTD11	enteroglial cell	0.5732	0.3346
KDSR	enteroglial cell	1.6642	0.6313
KHDRBS3	enteroglial cell	8.0346	6.7236
KIAA1217	enteroglial cell	6.5910	1.7566
KIRREL3	enteroglial cell	3.2511	3.1808
KLF4	enteroglial cell	16.1745	5.3917
L1CAM	enteroglial cell	1.5768	1.5493
LAMP2	enteroglial cell	2.9606	1.1286
LATS2	enteroglial cell	2.4076	0.5403
LGI4	enteroglial cell	8.8478	8.1472
LINC00472	enteroglial cell	0.9199	0.3928
LINC00632	enteroglial cell	1.1597	0.8564
LINC00844	enteroglial cell	0.6304	0.6065
LINC01088	enteroglial cell	3.2060	2.2883
LINC01117	enteroglial cell	0.8419	0.3577
LINC01436	enteroglial cell	2.3662	2.1119
LINC01505	enteroglial cell	2.9866	2.7349
LINC02268	enteroglial cell	0.6181	0.5908
LINC02669	enteroglial cell	2.2318	2.0529
LMO4	enteroglial cell	2.2943	0.6396
LPAR1	enteroglial cell	2.8319	0.3268
LPL	enteroglial cell	1.5939	1.4600
LRAT	enteroglial cell	1.8793	1.7726
LRP1B	enteroglial cell	1.4348	0.8292
LRP6	enteroglial cell	1.8829	0.5732
LRRC23	enteroglial cell	1.3643	0.3920
LRRC4C	enteroglial cell	1.2197	0.4675
LRRC7	enteroglial cell	0.9303	0.4388
LRRTM4	enteroglial cell	1.2471	1.0532
MAFF	enteroglial cell	14.7028	11.0834
MAL	enteroglial cell	5.1203	4.3917
MALSU1	enteroglial cell	2.1489	1.4261
MAP4	enteroglial cell	4.0893	0.9286
MAP4K5	enteroglial cell	3.3861	1.0814
MARCHF2	enteroglial cell	0.9191	0.4604
MARCKS	enteroglial cell	7.0709	1.4199
METRN	enteroglial cell	1.2878	0.7592
MGAT4C	enteroglial cell	0.6433	0.3785
MIR100HG	enteroglial cell	1.5941	1.1335
MIR99AHG	enteroglial cell	2.6385	1.1535
MLF1	enteroglial cell	6.4256	2.9968
MMP19	enteroglial cell	4.3235	0.7719
MORF4L2	enteroglial cell	7.8364	2.9881
MOXD1	enteroglial cell	0.6496	0.3027
MPZ	enteroglial cell	1.4503	1.3860
MRPL18	enteroglial cell	1.3047	0.2596
MRPS6	enteroglial cell	1.5553	0.4586
MT3	enteroglial cell	0.8473	0.6648
MTHFD1L	enteroglial cell	2.4498	1.0775
MTRFR	enteroglial cell	1.7404	0.9421
MYOT	enteroglial cell	6.2510	6.2270
NASP	enteroglial cell	4.3323	1.0242
NCAM1	enteroglial cell	8.5277	4.1733
NCAM2	enteroglial cell	10.1416	9.7538
NDRG2	enteroglial cell	4.6943	2.8821
NEGR1	enteroglial cell	17.5751	5.0924
NFATC1	enteroglial cell	2.2052	0.7481
NFATC2	enteroglial cell	11.0011	7.8543
NGFR	enteroglial cell	1.1556	1.0556
NKAIN3	enteroglial cell	4.0842	2.8658
NLGN4X	enteroglial cell	3.2693	2.8774
NNMT	enteroglial cell	10.8307	0.6292
NOD1	enteroglial cell	0.8319	0.2932
NPTX2	enteroglial cell	5.1391	4.1392
NR2F1	enteroglial cell	1.2340	0.4149
NR4A1	enteroglial cell	16.0380	4.3505
NRXN1	enteroglial cell	40.4058	35.4157
NRXN3	enteroglial cell	24.1412	18.3913
OGFRL1	enteroglial cell	5.1072	3.0673
OLFML2A	enteroglial cell	0.6688	0.3969
OSMR-DT	enteroglial cell	0.9536	0.4925
OTOGL	enteroglial cell	0.8011	0.7893
OTUD7B	enteroglial cell	2.2113	1.2541
P3H2	enteroglial cell	3.1690	2.2957
PAPPA	enteroglial cell	4.3751	2.6289
PCDH10	enteroglial cell	2.3608	1.9622
PCDH17	enteroglial cell	3.9544	1.8882
PCF11	enteroglial cell	3.5086	1.7956
PCID2	enteroglial cell	1.3129	0.8540
PDGFB	enteroglial cell	1.8425	0.9732
PDK4-AS1	enteroglial cell	0.5371	0.2571
PDLIM4	enteroglial cell	1.4361	0.9033
PEBP1	enteroglial cell	6.5798	2.1130
PEG10	enteroglial cell	2.0362	1.1549
PER3	enteroglial cell	3.4184	2.3492
PFKFB3	enteroglial cell	7.8270	0.9925
PGM2L1	enteroglial cell	2.6001	1.7239
PGM5P2	enteroglial cell	0.5462	0.4623
PGRMC1	enteroglial cell	2.1050	0.4245
PHACTR4	enteroglial cell	5.1844	1.4940
PHLDA1	enteroglial cell	4.6440	1.4583
PHLDA3	enteroglial cell	2.0883	1.6736
PHLDB1	enteroglial cell	1.3548	0.3244
PKD2L2-DT	enteroglial cell	1.4995	0.8235
PLAAT3	enteroglial cell	1.5563	0.3506
PLAT	enteroglial cell	4.0930	0.2602
PLEKHB1	enteroglial cell	1.9487	1.1911
PLK2	enteroglial cell	3.6380	0.9391
PLP1	enteroglial cell	8.2763	8.2365
PMEPA1	enteroglial cell	6.3617	4.9387
PMP22	enteroglial cell	10.4748	7.1581
PPM1K	enteroglial cell	2.4086	1.3547
PPP1R10	enteroglial cell	5.0013	1.1898
PPP1R15B	enteroglial cell	4.3385	1.4412
PPP2CB	enteroglial cell	2.7939	0.3626
PPP2R2B	enteroglial cell	5.8714	3.9182
PPP2R3A	enteroglial cell	1.4919	0.3321
PRDX1	enteroglial cell	4.0657	0.6569
PRIMA1	enteroglial cell	1.7209	1.6030
PRNP	enteroglial cell	5.3559	3.1129
PROS1	enteroglial cell	1.1831	0.3674
PTK2	enteroglial cell	8.7817	5.4711
PTPDC1	enteroglial cell	0.8483	0.5264
PTPN13	enteroglial cell	2.4689	0.5521
PTPRZ1	enteroglial cell	1.2288	1.2026
PTX3	enteroglial cell	3.2588	1.9945
RASGEF1C	enteroglial cell	0.8719	0.8466
RASSF4	enteroglial cell	4.8373	3.9548
RBBP6	enteroglial cell	5.9390	2.6913
RBM8A	enteroglial cell	2.5846	0.2825
RBMXL1	enteroglial cell	0.9498	0.6931
RC3H1	enteroglial cell	8.0386	3.5890
RCAN1	enteroglial cell	8.0684	6.8780
RETREG1	enteroglial cell	2.9581	0.6142
RFTN2	enteroglial cell	0.5917	0.3802
RHOC	enteroglial cell	2.3107	0.4389
RIC8B	enteroglial cell	1.2151	0.7161
RNF180	enteroglial cell	0.6639	0.2983
ROCK2	enteroglial cell	5.0289	1.8410
RORB	enteroglial cell	2.2292	0.3715
RPGR	enteroglial cell	2.4358	0.7594
RRAS2	enteroglial cell	2.3218	0.8178
RSRC2	enteroglial cell	4.6716	0.9145
S100A1	enteroglial cell	0.9107	0.8821
S100B	enteroglial cell	4.7667	4.0001
SAMD4A-AS1	enteroglial cell	1.7172	1.0672
SAMD4B	enteroglial cell	1.4564	0.2781
SAMHD1	enteroglial cell	8.9946	0.5713
SAP18	enteroglial cell	7.2163	3.6241
SAP30BP	enteroglial cell	1.7576	0.3047
SCCPDH	enteroglial cell	1.2143	0.6300
SCD	enteroglial cell	0.9080	0.3324
SCN7A	enteroglial cell	9.6853	9.1704
SCN9A	enteroglial cell	1.5576	0.7881
SEMA3B	enteroglial cell	2.1265	1.6120
SEMA3C	enteroglial cell	9.0024	7.7924
SERPINA5	enteroglial cell	0.7379	0.7121
SERTAD1	enteroglial cell	8.7726	1.2611
SFPQ	enteroglial cell	5.1737	0.6739
SFR1	enteroglial cell	0.6282	0.4365
SFRP5	enteroglial cell	3.2158	3.2045
SGMS1-AS1	enteroglial cell	0.5080	0.3892
SHC4	enteroglial cell	2.0298	1.8938
SHISA9	enteroglial cell	4.4347	4.0056
SIPA1L2	enteroglial cell	4.8313	0.5574
SKP1	enteroglial cell	1.6698	0.4177
SLC22A17	enteroglial cell	0.7834	0.5917
SLC35F1	enteroglial cell	5.6535	5.4015
SLC44A3	enteroglial cell	4.3342	2.2990
SLC5A7	enteroglial cell	0.6325	0.6246
SLIT2	enteroglial cell	9.3167	4.0400
SNCA	enteroglial cell	1.7437	0.6972
SNHG26	enteroglial cell	1.5289	1.2688
SNHG5	enteroglial cell	3.4783	0.6194
SNHG9	enteroglial cell	2.4418	1.2700
SOD1	enteroglial cell	4.8050	1.3650
SON	enteroglial cell	6.3146	1.8988
SOX10	enteroglial cell	1.8242	1.7339
SOX2	enteroglial cell	2.4692	2.4626
SOX4	enteroglial cell	14.7683	10.0469
SPACDR	enteroglial cell	0.5397	0.3489
SPARC	enteroglial cell	5.3990	0.6891
SPP1	enteroglial cell	14.7332	9.8528
SPRY2	enteroglial cell	2.2045	0.7488
SPTSSA	enteroglial cell	1.2078	0.4018
SREBF1	enteroglial cell	1.4359	0.3858
ST6GALNAC2	enteroglial cell	0.5329	0.2517
ST6GALNAC5	enteroglial cell	1.7864	1.6399
STARD13	enteroglial cell	21.1673	15.0785
STARD13-AS	enteroglial cell	2.6936	2.3268
STARD3	enteroglial cell	0.9690	0.3312
STIP1	enteroglial cell	1.7656	0.6855
STK3	enteroglial cell	4.7248	1.1500
STK32A	enteroglial cell	0.5152	0.4171
STMN1	enteroglial cell	3.4643	0.4948
STON1	enteroglial cell	0.6088	0.3078
SUGT1	enteroglial cell	1.9612	0.5020
SYN2	enteroglial cell	0.6048	0.4646
SYT10	enteroglial cell	0.5069	0.4630
SYT11	enteroglial cell	0.5595	0.3350
TAF1D	enteroglial cell	2.9529	0.4844
TAFA5	enteroglial cell	1.3748	1.2972
TBX3	enteroglial cell	1.3586	0.3319
TCEAL4	enteroglial cell	2.7275	1.1796
TCIM	enteroglial cell	12.9388	10.0568
TCP1	enteroglial cell	2.2443	0.3167
TENM3	enteroglial cell	3.4621	2.5336
TFAP2A	enteroglial cell	0.5049	0.4454
THUMPD3-AS1	enteroglial cell	2.0073	0.4397
TIMP4	enteroglial cell	0.8844	0.4403
TMEM132B	enteroglial cell	1.0574	0.7686
TMEM176A	enteroglial cell	2.4180	0.7931
TMEM176B	enteroglial cell	5.2470	2.3951
TMEM72-AS1	enteroglial cell	1.8555	1.1096
TMOD2	enteroglial cell	1.7966	1.3046
TRABD2B	enteroglial cell	1.1526	0.5992
TSC22D2	enteroglial cell	11.6579	6.3874
TSPAN11	enteroglial cell	1.3849	1.3282
TTYH1	enteroglial cell	0.6670	0.6287
TUBA1A	enteroglial cell	11.9452	5.0164
TUBB2B	enteroglial cell	1.6039	1.4294
TULP3	enteroglial cell	0.8205	0.3198
TVP23C-CDRT4	enteroglial cell	0.6633	0.3393
UBB	enteroglial cell	11.6259	1.3584
UBC	enteroglial cell	23.3944	2.0648
UBE2S	enteroglial cell	2.9912	0.5345
USP32	enteroglial cell	4.9715	1.6734
USP45	enteroglial cell	0.7495	0.3043
VEZF1	enteroglial cell	1.1611	0.3432
VGLL3	enteroglial cell	2.3122	1.7591
VMP1	enteroglial cell	10.9390	1.2745
VWA1	enteroglial cell	1.8231	0.5624
WLS	enteroglial cell	1.3442	0.4089
WNT6	enteroglial cell	1.4304	1.2845
WSB1	enteroglial cell	12.5250	6.9566
XKR4	enteroglial cell	4.7967	4.6699
YME1L1	enteroglial cell	4.4806	0.8553
YWHAE	enteroglial cell	3.9558	0.3217
ZBTB38	enteroglial cell	3.9702	1.6096
ZFAND5	enteroglial cell	6.3231	0.3286
ZFAS1	enteroglial cell	5.4939	0.9187
ZFHX4	enteroglial cell	0.5772	0.4527
ZNF22	enteroglial cell	0.7432	0.3454
ZNF24	enteroglial cell	1.1013	0.4569
ZNF503	enteroglial cell	1.5552	0.5449
ZNF536	enteroglial cell	3.0417	2.5653
ZNF652	enteroglial cell	1.9452	1.0545
ZRANB2-DT	enteroglial cell	0.5892	0.2837
ABI3BP	fibroblast	2.2644	1.3643
ABL1	fibroblast	2.6096	0.7156
ADAMDEC1	fibroblast	8.8616	5.5130
ADAMTS5	fibroblast	1.8675	1.6087
ADAMTS9-AS2	fibroblast	4.2298	0.7480
ADAMTSL3	fibroblast	0.6597	0.4127
ADAMTSL4	fibroblast	0.5733	0.3379
ADGRD1	fibroblast	0.8911	0.3545
ADGRL2	fibroblast	2.8673	1.0736
ADGRL3	fibroblast	6.8530	1.7027
ADH1B	fibroblast	13.5325	12.3807
AEBP1	fibroblast	3.2492	2.5889
AKR1C1	fibroblast	1.1956	0.7680
ALDH1A3	fibroblast	0.6422	0.5705
ANGPTL2	fibroblast	0.7477	0.6302
ANTXR1	fibroblast	1.8112	0.7395
AOX1	fibroblast	0.6574	0.5788
APOD	fibroblast	8.4481	5.7705
APOE	fibroblast	16.2853	0.2658
ARHGAP6	fibroblast	2.9028	0.6953
ASXL1	fibroblast	5.4219	0.6306
AZI2	fibroblast	0.8316	0.3500
BICC1	fibroblast	2.8787	0.3608
BMP4	fibroblast	0.6163	0.2535
BMP5	fibroblast	2.0328	1.7812
BOC	fibroblast	0.7525	0.5365
C1R	fibroblast	7.0166	5.7047
C1S	fibroblast	7.0032	5.4399
C3	fibroblast	3.8451	3.6841
C7	fibroblast	2.7495	1.6569
CACHD1	fibroblast	1.2069	0.2751
CCDC102B	fibroblast	2.1648	1.5003
CCDC71L	fibroblast	1.5995	0.3275
CCDC80	fibroblast	1.8549	0.8654
CCL11	fibroblast	5.5309	5.2299
CCL13	fibroblast	1.5846	1.3155
CCL8	fibroblast	1.1754	0.7115
CD248	fibroblast	0.9533	0.8196
CD63	fibroblast	9.3923	0.9614
CDH11	fibroblast	1.0343	0.9116
CEBPB	fibroblast	11.1982	3.6104
CFD	fibroblast	43.2128	40.6322
CFH	fibroblast	1.1801	0.8739
CHSY3	fibroblast	0.6919	0.2756
CILP	fibroblast	2.1602	2.1268
CIRBP	fibroblast	3.5913	0.3904
CLMP	fibroblast	3.6764	3.5622
CLSTN2	fibroblast	0.6339	0.4293
COL12A1	fibroblast	3.3782	2.6275
COL14A1	fibroblast	2.2693	1.4957
COL1A1	fibroblast	2.2636	1.5275
COL1A2	fibroblast	3.3010	1.9710
COL3A1	fibroblast	3.6122	2.1578
COL5A1	fibroblast	1.0472	0.3239
COL5A2	fibroblast	2.8260	0.5639
COL6A1	fibroblast	3.7360	1.6789
COL6A2	fibroblast	6.5246	2.4681
COL6A3	fibroblast	4.1419	3.6294
CP	fibroblast	1.4420	1.2930
CTSK	fibroblast	4.8803	4.4093
CTSL	fibroblast	3.1692	0.6511
CXCL14	fibroblast	7.3250	4.5256
CYBRD1	fibroblast	2.0374	1.4506
CYGB	fibroblast	1.4139	1.0416
CYP4B1	fibroblast	1.3214	1.1579
DCLK1	fibroblast	3.7010	3.5651
DCN	fibroblast	38.7414	37.7496
DDR2	fibroblast	4.1451	3.0655
DENND2B	fibroblast	1.8845	1.0262
DPT	fibroblast	1.3676	1.1620
DTWD1	fibroblast	0.6411	0.2688
DYNC2H1	fibroblast	1.2875	0.5580
ECM1	fibroblast	0.7590	0.4600
EDIL3	fibroblast	3.1121	0.8420
EDNRB	fibroblast	1.1326	0.3106
EFEMP1	fibroblast	1.6037	0.7843
EGFR	fibroblast	3.4245	2.1851
ELL	fibroblast	2.0009	0.6023
ELN	fibroblast	1.1924	0.5793
EMILIN1	fibroblast	0.8151	0.5959
ENSG00000230333	fibroblast	2.6171	2.4797
ENSG00000232855	fibroblast	3.1043	2.8067
ENSG00000233928	fibroblast	0.5075	0.3388
ENSG00000253496	fibroblast	0.6371	0.6074
ENSG00000258663	fibroblast	0.5472	0.4716
ENSG00000271933	fibroblast	0.5668	0.4897
ENSG00000280241	fibroblast	0.7813	0.7549
ENSG00000284686	fibroblast	0.8430	0.2642
ENSG00000286458	fibroblast	0.7395	0.4949
ENSG00000286533	fibroblast	12.0890	4.5443
ENSG00000289445	fibroblast	0.6532	0.5263
FAM110B	fibroblast	0.5407	0.3118
FAM180A	fibroblast	0.9626	0.9142
FAT4	fibroblast	1.3501	0.7754
FBLN1	fibroblast	8.1113	7.9566
FBLN2	fibroblast	1.7228	1.3102
FBLN5	fibroblast	1.8474	1.2759
FBN1	fibroblast	3.4770	2.8592
FBXL7	fibroblast	7.0445	3.6901
FENDRR	fibroblast	1.0137	0.8338
FGF10	fibroblast	0.8796	0.8394
FGF14	fibroblast	1.9614	1.2048
FGF7	fibroblast	2.4184	2.2343
FGFR1	fibroblast	3.5064	2.0839
FRMD6	fibroblast	1.0611	0.4136
FST	fibroblast	0.7014	0.4602
FSTL1	fibroblast	3.8396	1.9441
GALNT15	fibroblast	2.5357	0.3967
GAS1	fibroblast	0.5254	0.4918
GBE1	fibroblast	4.3803	1.3846
GGT5	fibroblast	0.9347	0.3081
GHR	fibroblast	1.9978	0.6772
GLI3	fibroblast	1.5695	0.4797
GPC6	fibroblast	9.5677	7.7690
GPRC5D-AS1	fibroblast	0.9547	0.2665
GREM1	fibroblast	0.8153	0.6843
GRIA4	fibroblast	0.6628	0.2744
GSN	fibroblast	16.3258	3.6210
HAS2	fibroblast	1.6534	0.9720
HBP1	fibroblast	2.9145	0.5697
HPSE2	fibroblast	1.8258	1.3635
HTRA3	fibroblast	0.6543	0.3601
IGFBP5	fibroblast	11.2258	4.2824
ISLR	fibroblast	0.7164	0.5489
ITGA5	fibroblast	2.5502	0.4669
KCNT2	fibroblast	0.6313	0.4649
KIRREL1	fibroblast	1.0556	0.4374
LAMA2	fibroblast	10.9984	7.4400
LAMA4	fibroblast	2.8124	1.0033
LAMB1	fibroblast	2.7150	1.3282
LAMC1	fibroblast	5.8185	2.6505
LINC01239	fibroblast	0.6876	0.6442
LINC02884	fibroblast	0.5387	0.4283
LINC03051	fibroblast	1.0177	0.8932
LONRF3	fibroblast	1.9254	0.6892
LPCAT3	fibroblast	1.6040	0.2823
LRP1	fibroblast	3.0928	2.1911
LRRN4CL	fibroblast	0.5953	0.5626
LSAMP	fibroblast	3.6535	2.9135
LTBP2	fibroblast	0.8017	0.7667
LTBP4	fibroblast	3.1683	1.7543
LUM	fibroblast	3.7127	3.4444
MAGI2	fibroblast	4.2138	1.8138
MAMDC2	fibroblast	3.5620	2.7835
MAP1LC3B	fibroblast	3.7637	0.4224
MAPK10	fibroblast	3.0734	2.5193
MEG3	fibroblast	11.2424	9.0899
MEG8	fibroblast	3.5648	2.6344
MEIS2	fibroblast	2.5159	0.4973
MFAP4	fibroblast	2.4344	1.8439
MFAP5	fibroblast	3.5371	3.4896
MGP	fibroblast	48.9761	33.6088
MIR493HG	fibroblast	1.1061	0.8887
MMP14	fibroblast	1.4658	0.7671
MMP2	fibroblast	9.5325	9.0525
MSC-AS1	fibroblast	1.2937	1.0212
MUSK	fibroblast	2.3591	1.9321
MXRA7	fibroblast	1.2311	0.3404
MXRA8	fibroblast	1.4359	0.5666
NAALADL2	fibroblast	3.7436	0.2880
NAV1	fibroblast	1.5561	0.3217
NAV3	fibroblast	1.3750	0.9377
NBL1	fibroblast	2.5789	1.1971
NFIA	fibroblast	6.2049	3.0897
NFIC	fibroblast	3.0407	0.3572
NID1	fibroblast	4.5788	3.4034
NLGN1	fibroblast	2.0401	1.3577
NOVA1	fibroblast	2.1256	1.2520
NPAS3	fibroblast	2.3968	1.2399
NPEPPS	fibroblast	1.8761	0.2872
NRG1	fibroblast	3.2864	3.1809
NTN1	fibroblast	1.0457	0.5504
OGN	fibroblast	1.6374	1.3745
OLFML3	fibroblast	1.1110	0.7129
OMD	fibroblast	0.9315	0.7797
OSBPL9	fibroblast	3.3597	1.1951
OSR2	fibroblast	0.9711	0.6651
PAMR1	fibroblast	1.3348	1.2881
PARVA	fibroblast	1.6685	0.7491
PBX1	fibroblast	4.3669	0.2955
PCDH18	fibroblast	0.5135	0.3389
PCDH7	fibroblast	3.7819	3.4497
PCOLCE2	fibroblast	0.6496	0.5381
PCYOX1	fibroblast	0.7999	0.2805
PDGFRA	fibroblast	3.2267	2.5965
PDPN	fibroblast	1.5122	0.4934
PDZRN4	fibroblast	2.6745	1.0375
PITX1	fibroblast	0.7837	0.7064
PKD1L2	fibroblast	0.5966	0.5618
PLA2G2A	fibroblast	4.7827	3.5840
PLAC9	fibroblast	2.3535	0.6829
PLEKHH2	fibroblast	1.5956	0.8041
PLIN2	fibroblast	7.3629	1.3628
PLPP3	fibroblast	8.6395	3.9918
PODN	fibroblast	1.0326	0.8229
POLG2	fibroblast	2.2916	1.2306
POSTN	fibroblast	1.3644	0.4988
PRELP	fibroblast	3.2408	2.1963
PRICKLE2	fibroblast	1.6602	1.1489
PROCR	fibroblast	0.8014	0.3227
PRR16	fibroblast	3.7934	3.3327
PSD3	fibroblast	4.8329	2.3289
PTCH1	fibroblast	1.4758	1.0287
PTGDS	fibroblast	1.8942	1.5017
PTGES	fibroblast	0.6524	0.5338
PTGIS	fibroblast	0.7736	0.5852
PTN	fibroblast	1.2006	1.0011
PTPRG	fibroblast	7.5157	0.5481
PXDN	fibroblast	1.1356	0.4223
RARRES2	fibroblast	3.6970	1.3254
RBFOX2	fibroblast	2.6231	0.5081
RBMS3	fibroblast	3.6950	1.8071
RBPMS	fibroblast	8.5749	4.4953
REV3L	fibroblast	7.0440	0.6454
REXO2	fibroblast	1.1005	0.3654
RHOBTB3	fibroblast	2.6106	0.3581
RHOQ	fibroblast	3.3234	0.9891
ROBO1	fibroblast	3.8087	2.9017
ROR2	fibroblast	0.9674	0.2896
RSPO3	fibroblast	1.2291	1.0589
RTN4	fibroblast	11.1102	3.9223
RUFY3	fibroblast	3.1870	0.7354
S100A13	fibroblast	3.6088	1.7048
SAMD4A	fibroblast	6.9837	0.6058
SCARA5	fibroblast	3.4145	3.1845
SCPEP1	fibroblast	0.9166	0.2874
SDC2	fibroblast	3.6369	2.1096
SEMA3E	fibroblast	0.5952	0.3874
SEMA4A	fibroblast	5.0159	0.9366
SERPINE2	fibroblast	1.1335	0.9173
SERPINF1	fibroblast	3.6050	2.0553
SERPING1	fibroblast	7.6016	2.7059
SFRP1	fibroblast	3.2424	2.9479
SFRP2	fibroblast	2.1366	2.1181
SGCD	fibroblast	1.1607	0.6796
SLC19A2	fibroblast	2.3590	0.4187
SLIT3	fibroblast	1.5142	0.4342
SLPI	fibroblast	1.6808	0.2674
SMARCA1	fibroblast	1.0063	0.4519
SOBP	fibroblast	0.9938	0.4537
SOX5	fibroblast	10.2053	4.2933
SOX6	fibroblast	5.3403	2.3107
SPACA6	fibroblast	0.6939	0.3436
SPOCK1	fibroblast	1.3796	0.4460
SPON2	fibroblast	3.2021	1.2014
SPSB1	fibroblast	2.8917	1.8464
SQSTM1	fibroblast	17.1241	1.8151
SRPX	fibroblast	1.3832	0.8806
SRPX2	fibroblast	1.0871	0.6266
STMN2	fibroblast	0.9136	0.7534
SVEP1	fibroblast	2.5517	2.4329
TARID	fibroblast	0.6378	0.5207
TCF21	fibroblast	1.6169	0.5229
TFPI	fibroblast	7.8456	1.5874
TGFBR3	fibroblast	4.8164	2.5946
THBS2	fibroblast	1.3801	1.2984
TIMP2	fibroblast	5.4203	2.5778
TMEM132C	fibroblast	0.8219	0.7456
TNXB	fibroblast	1.8637	1.5323
TOP1	fibroblast	6.4343	0.8228
TRA2B	fibroblast	4.2884	0.4083
TRPA1	fibroblast	1.1301	0.6613
TRPC4	fibroblast	1.1518	1.0215
TSHZ3	fibroblast	1.2154	0.5716
TTC28	fibroblast	4.2337	1.6251
TWIST2	fibroblast	2.0019	1.9327
UAP1	fibroblast	5.7101	1.8666
ULK4	fibroblast	2.7480	1.5806
UNC5C	fibroblast	2.9203	2.2186
WNT5B	fibroblast	1.4144	0.3387
YAP1	fibroblast	1.6181	0.8320
ZFPM2	fibroblast	2.7492	0.7350
ZNF106	fibroblast	2.6239	1.4032
ZNF385A	fibroblast	0.8250	0.3545
ZNF385B	fibroblast	1.1861	1.0957
ABTB2	gamma-delta T cell	8.5489	6.6256
ADSS2	gamma-delta T cell	1.5669	0.3141
AKAP13	gamma-delta T cell	20.4300	3.0709
AOAH	gamma-delta T cell	18.5981	0.5695
ASB2	gamma-delta T cell	0.7500	0.4358
ASXL2	gamma-delta T cell	2.3502	1.2018
ATF7IP	gamma-delta T cell	6.3892	0.9149
ATP8B4	gamma-delta T cell	13.2376	2.4820
AVEN	gamma-delta T cell	1.8166	0.8142
CA10	gamma-delta T cell	2.2069	1.0301
CAST	gamma-delta T cell	7.8445	2.1169
CBLB	gamma-delta T cell	27.9958	5.3285
CD96	gamma-delta T cell	21.5700	10.6328
CEBPZ	gamma-delta T cell	2.5549	0.2828
CEP152	gamma-delta T cell	0.8448	0.3465
CREM	gamma-delta T cell	15.2286	1.5246
DUSP4	gamma-delta T cell	3.1594	1.1420
EEIG2	gamma-delta T cell	4.9469	0.6787
EMB	gamma-delta T cell	3.1228	0.7192
ENSG00000270099	gamma-delta T cell	1.0114	0.4410
ENSG00000271204	gamma-delta T cell	1.9546	0.5810
ENSG00000285635	gamma-delta T cell	0.8772	0.5033
ENTPD1	gamma-delta T cell	6.1903	1.5074
ENTPD1-AS1	gamma-delta T cell	4.0209	1.5978
EVL	gamma-delta T cell	4.2124	0.6808
FAM118A	gamma-delta T cell	1.4486	0.3006
FAM3C	gamma-delta T cell	2.3811	1.2456
FBXO34	gamma-delta T cell	6.4834	1.8760
FYN	gamma-delta T cell	38.3860	2.1392
G3BP2	gamma-delta T cell	3.5470	0.3562
GNPTAB	gamma-delta T cell	3.6446	1.6414
GPR15	gamma-delta T cell	0.9264	0.3008
GSPT1	gamma-delta T cell	5.6942	0.5914
GTDC1	gamma-delta T cell	3.8886	1.5033
IKZF2	gamma-delta T cell	8.7087	6.2463
ITGA1	gamma-delta T cell	4.0602	0.8390
ITGAE	gamma-delta T cell	2.3675	0.4056
KAT6B	gamma-delta T cell	5.2974	0.5996
KLRC2	gamma-delta T cell	1.9041	1.0417
KLRC4-KLRK1	gamma-delta T cell	1.0353	0.2504
LAYN	gamma-delta T cell	1.1476	0.6330
LINC-PINT	gamma-delta T cell	71.2204	15.7983
LINC00513	gamma-delta T cell	11.1710	3.7740
LRRN3	gamma-delta T cell	0.7609	0.2696
MAN1C1	gamma-delta T cell	4.5535	1.0969
MBNL1	gamma-delta T cell	44.1809	6.1117
MNAT1	gamma-delta T cell	2.2104	0.3639
MSH3	gamma-delta T cell	2.2155	1.0939
NAP1L4	gamma-delta T cell	4.5941	0.4682
NECTIN3	gamma-delta T cell	1.5716	0.2713
NIBAN1	gamma-delta T cell	14.0549	1.9660
NR3C1	gamma-delta T cell	14.0000	3.7989
PACSIN2	gamma-delta T cell	4.7587	1.0343
PARP8	gamma-delta T cell	21.7349	5.0869
PDE3B	gamma-delta T cell	50.0229	6.4495
PELO-AS1	gamma-delta T cell	1.1551	0.9062
PITPNC1	gamma-delta T cell	31.6569	4.2838
PLCXD2	gamma-delta T cell	1.2879	0.7711
PPP1R16B	gamma-delta T cell	10.0686	0.2603
PRP4K	gamma-delta T cell	2.7543	0.4624
PSMD13	gamma-delta T cell	1.2162	0.3171
PTPN22	gamma-delta T cell	13.5461	3.8586
PTPRC	gamma-delta T cell	32.7463	2.5987
PWWP2A	gamma-delta T cell	0.8519	0.3023
RAB6A	gamma-delta T cell	1.9023	0.3756
RFTN1	gamma-delta T cell	5.3862	1.2178
SLA2	gamma-delta T cell	6.9176	2.8779
SLC1A4	gamma-delta T cell	1.4579	0.4955
SLC25A15	gamma-delta T cell	0.6983	0.5053
SLFN12L	gamma-delta T cell	1.9790	0.5010
SMURF2	gamma-delta T cell	3.7311	0.2592
SOS1	gamma-delta T cell	4.6167	1.2625
STAT5A	gamma-delta T cell	1.1378	0.3459
SYTL3	gamma-delta T cell	38.6377	7.1354
TAX1BP1	gamma-delta T cell	3.4047	0.2671
TIGIT	gamma-delta T cell	2.5030	1.0664
TNFRSF9	gamma-delta T cell	2.0229	0.9921
TNIP3	gamma-delta T cell	2.4562	1.3713
TRGC2	gamma-delta T cell	2.2330	1.0381
WHRN	gamma-delta T cell	2.5772	1.1267
ZNF767P	gamma-delta T cell	1.8008	0.7790
AAGAB	innate lymphoid cell	1.0427	0.2507
ABCB1	innate lymphoid cell	7.0805	3.5655
ABCB10	innate lymphoid cell	0.5566	0.3106
ABCB5	innate lymphoid cell	1.4906	0.5144
ABHD17B	innate lymphoid cell	4.2975	1.7759
ACAD9	innate lymphoid cell	0.7460	0.3951
ACBD6	innate lymphoid cell	1.7122	0.2716
ACVR2A	innate lymphoid cell	1.6457	0.9136
ACYP2	innate lymphoid cell	2.1770	0.6598
ADAM10	innate lymphoid cell	6.6240	3.1656
ADGRE5	innate lymphoid cell	12.5732	4.1399
ADK	innate lymphoid cell	9.1409	0.2787
ADNP	innate lymphoid cell	3.6221	1.7967
AEBP2	innate lymphoid cell	2.4813	1.1504
AFF3	innate lymphoid cell	23.2817	5.5499
AGO3	innate lymphoid cell	4.7662	1.2236
AGPAT5	innate lymphoid cell	4.6625	1.7521
AHCTF1	innate lymphoid cell	2.4363	0.6177
AHI1	innate lymphoid cell	14.3855	8.9715
AKAP8L	innate lymphoid cell	1.8998	0.9770
AKT3	innate lymphoid cell	11.9489	3.8496
ALG2	innate lymphoid cell	0.6443	0.3778
ALPK1	innate lymphoid cell	1.1823	0.2918
AMMECR1	innate lymphoid cell	0.8116	0.2875
ANKRD11	innate lymphoid cell	6.1632	0.7516
ANKRD17	innate lymphoid cell	5.0400	0.5985
ANKRD27	innate lymphoid cell	2.5173	1.6489
ANKRD44-IT1	innate lymphoid cell	0.5359	0.3257
ANP32E	innate lymphoid cell	1.8521	0.4769
ANXA2R-AS1	innate lymphoid cell	1.0059	0.6261
ARB2A	innate lymphoid cell	6.5631	1.9854
ARHGAP10	innate lymphoid cell	16.1721	10.5668
ARHGAP35	innate lymphoid cell	1.4958	0.2868
ARHGEF7	innate lymphoid cell	5.9956	0.8346
ARID1A	innate lymphoid cell	2.5216	0.9184
ARID1B	innate lymphoid cell	12.7410	3.8056
ARID4B	innate lymphoid cell	14.3635	5.0477
ARIH1	innate lymphoid cell	12.1723	1.6765
ARL5B	innate lymphoid cell	3.0350	1.2574
ARL6IP6	innate lymphoid cell	0.9648	0.3570
ARPP19	innate lymphoid cell	2.5499	0.9971
ATAD2B	innate lymphoid cell	3.6499	1.0905
ATF6B	innate lymphoid cell	0.8432	0.4926
ATF7IP2	innate lymphoid cell	2.7025	1.2971
ATG10	innate lymphoid cell	2.2204	1.4890
ATP10A	innate lymphoid cell	3.4179	1.0608
ATP10D	innate lymphoid cell	1.9018	1.1081
ATP11B	innate lymphoid cell	6.8517	3.0930
ATP11C	innate lymphoid cell	2.4653	0.7918
ATP6V0D1-DT	innate lymphoid cell	0.6030	0.3269
B3GLCT	innate lymphoid cell	1.7501	0.8983
B9D2	innate lymphoid cell	0.6472	0.4361
BABAM2	innate lymphoid cell	3.6811	0.6562
BAIAP3	innate lymphoid cell	0.7714	0.4593
BBOX1-AS1	innate lymphoid cell	0.8044	0.6612
BBX	innate lymphoid cell	5.0012	1.6051
BCAS3	innate lymphoid cell	8.3513	3.9090
BCL2L13	innate lymphoid cell	1.2649	0.3223
BCLAF1	innate lymphoid cell	2.9600	0.4136
BCO2	innate lymphoid cell	1.2852	0.6379
BLOC1S5-TXNDC5	innate lymphoid cell	0.7876	0.6459
BLTP1	innate lymphoid cell	4.2046	0.9224
BMS1P1	innate lymphoid cell	0.6463	0.3798
BORCS5	innate lymphoid cell	8.0003	1.5288
BRAF	innate lymphoid cell	21.3114	10.1840
BRD1	innate lymphoid cell	3.9711	1.1363
BRD10	innate lymphoid cell	2.1627	0.7577
BRD4	innate lymphoid cell	4.2728	1.9220
BRPF3-AS1	innate lymphoid cell	0.6955	0.5591
BRWD3	innate lymphoid cell	1.8986	0.6490
BTBD1	innate lymphoid cell	1.6200	0.4813
BTBD9	innate lymphoid cell	9.5893	1.2958
C2CD2	innate lymphoid cell	1.5235	0.5961
C4orf33	innate lymphoid cell	0.9304	0.3716
CARNMT1	innate lymphoid cell	1.2500	0.8075
CASK	innate lymphoid cell	8.3171	2.5473
CASP3	innate lymphoid cell	3.7258	2.3444
CBL	innate lymphoid cell	2.3731	0.9437
CCDC138	innate lymphoid cell	7.2772	4.7048
CCDC69	innate lymphoid cell	1.9042	0.8285
CCDC77	innate lymphoid cell	0.6930	0.3719
CCDC91	innate lymphoid cell	7.4827	0.9504
CCNC	innate lymphoid cell	1.5234	0.4674
CCND3	innate lymphoid cell	13.9362	0.3123
CCNG2	innate lymphoid cell	1.9102	1.3063
CCNH	innate lymphoid cell	17.7981	6.7858
CD200R1	innate lymphoid cell	1.1616	0.8831
CD2AP	innate lymphoid cell	5.3118	1.9699
CDC14A	innate lymphoid cell	32.6507	23.3868
CDC16	innate lymphoid cell	1.2879	0.6213
CDC73	innate lymphoid cell	2.4945	0.4334
CDK12	innate lymphoid cell	1.5306	0.4498
CDK13	innate lymphoid cell	4.2730	1.7214
CDK5RAP2	innate lymphoid cell	1.4102	0.4838
CDKAL1	innate lymphoid cell	5.6804	1.0128
CDKL5	innate lymphoid cell	2.4085	1.9276
CDKN1B	innate lymphoid cell	2.9216	0.8529
CEP350	innate lymphoid cell	4.4050	1.9266
CEP83	innate lymphoid cell	4.3939	2.3449
CEP85L	innate lymphoid cell	6.0075	1.9722
CERK	innate lymphoid cell	1.8799	0.6328
CFAP418-AS1	innate lymphoid cell	1.2060	0.8613
CHCHD3	innate lymphoid cell	2.1768	0.4873
CHD1	innate lymphoid cell	11.4509	4.0749
CHKA	innate lymphoid cell	4.4182	1.3656
CHM	innate lymphoid cell	1.7616	0.8768
CHODL	innate lymphoid cell	2.5015	2.2059
CHST11	innate lymphoid cell	14.0721	3.2358
CHTF18	innate lymphoid cell	0.5018	0.3007
CLASP1	innate lymphoid cell	3.6120	0.3876
CLASRP	innate lymphoid cell	1.0666	0.3263
CLK4	innate lymphoid cell	1.3466	0.5942
CNNM2	innate lymphoid cell	2.0269	0.3325
CNNM3	innate lymphoid cell	0.5769	0.3487
CNOT2	innate lymphoid cell	8.6322	0.9729
COG5	innate lymphoid cell	3.7105	0.6897
COMMD1	innate lymphoid cell	2.5985	0.6987
COPA	innate lymphoid cell	4.2870	1.7483
CPLANE1	innate lymphoid cell	1.8939	0.9835
CPSF6	innate lymphoid cell	2.2422	0.5815
CRACDL	innate lymphoid cell	1.2542	0.6835
CRADD	innate lymphoid cell	6.1832	3.0558
CREBRF	innate lymphoid cell	2.6810	0.6186
CRY1	innate lymphoid cell	9.8571	2.6423
CTNNB1	innate lymphoid cell	10.5878	3.6434
CUL1	innate lymphoid cell	2.2878	0.7777
CUL2	innate lymphoid cell	2.5071	1.3232
CUL3	innate lymphoid cell	10.1079	3.0226
CYP51A1	innate lymphoid cell	0.5301	0.3625
CYSLTR1	innate lymphoid cell	2.5490	0.8797
DACH1	innate lymphoid cell	6.3677	3.2089
DARS1-AS1	innate lymphoid cell	1.3296	1.2205
DARS2	innate lymphoid cell	1.2520	0.9616
DCAF6	innate lymphoid cell	1.8027	0.5642
DDX10	innate lymphoid cell	2.3703	1.1685
DDX27	innate lymphoid cell	2.7469	0.7339
DENND4A	innate lymphoid cell	18.5867	2.5221
DEPTOR	innate lymphoid cell	1.2064	0.7070
DGKE	innate lymphoid cell	0.7506	0.2829
DHX15	innate lymphoid cell	2.2623	0.8146
DIAPH1	innate lymphoid cell	3.6126	0.4429
DIAPH2-AS1	innate lymphoid cell	1.4945	0.9774
DNAJC1	innate lymphoid cell	11.0851	4.7277
DNM1L	innate lymphoid cell	2.2778	0.6355
DOCK5	innate lymphoid cell	6.7516	1.0165
DOP1A	innate lymphoid cell	1.6835	0.5639
DPF2	innate lymphoid cell	0.8690	0.3316
DTWD2	innate lymphoid cell	0.7505	0.3092
DUSP16	innate lymphoid cell	6.9239	0.4543
DYRK1A	innate lymphoid cell	8.4111	2.5595
DYRK1B	innate lymphoid cell	0.6463	0.4220
ECPAS	innate lymphoid cell	2.2118	0.4086
EFCAB5	innate lymphoid cell	0.9975	0.3689
EFR3A	innate lymphoid cell	2.1307	0.7139
EIF2B3	innate lymphoid cell	1.0050	0.5128
EIF3C	innate lymphoid cell	0.7861	0.6236
ELAPOR2	innate lymphoid cell	2.6541	1.3893
ELOVL5	innate lymphoid cell	14.2232	9.7239
ELP3	innate lymphoid cell	0.8624	0.3726
EML4	innate lymphoid cell	34.3912	17.0879
ENPP1	innate lymphoid cell	1.0228	0.4941
ENSG00000223522	innate lymphoid cell	0.5210	0.4242
ENSG00000225885	innate lymphoid cell	0.7586	0.2904
ENSG00000226647	innate lymphoid cell	0.9355	0.6648
ENSG00000227240	innate lymphoid cell	98.4122	63.2640
ENSG00000228010	innate lymphoid cell	0.7618	0.4578
ENSG00000228086	innate lymphoid cell	2.4638	1.8064
ENSG00000228430	innate lymphoid cell	11.9150	10.7060
ENSG00000228830	innate lymphoid cell	0.5301	0.4931
ENSG00000231201	innate lymphoid cell	0.8749	0.6055
ENSG00000231329	innate lymphoid cell	0.9519	0.6783
ENSG00000233230	innate lymphoid cell	0.7106	0.4999
ENSG00000233635	innate lymphoid cell	1.1167	0.9059
ENSG00000235635	innate lymphoid cell	0.7431	0.6291
ENSG00000236449	innate lymphoid cell	1.2626	0.3663
ENSG00000237851	innate lymphoid cell	0.6405	0.4389
ENSG00000248863	innate lymphoid cell	0.6921	0.5921
ENSG00000249207	innate lymphoid cell	1.3156	0.4095
ENSG00000253607	innate lymphoid cell	0.9262	0.4334
ENSG00000253736	innate lymphoid cell	3.4846	1.1589
ENSG00000254531	innate lymphoid cell	0.6739	0.3318
ENSG00000255026	innate lymphoid cell	0.7084	0.4982
ENSG00000256591	innate lymphoid cell	0.5485	0.3218
ENSG00000257239	innate lymphoid cell	0.6316	0.5467
ENSG00000259865	innate lymphoid cell	0.7112	0.4480
ENSG00000259924	innate lymphoid cell	0.5675	0.3303
ENSG00000260563	innate lymphoid cell	0.5120	0.3165
ENSG00000260733	innate lymphoid cell	0.5120	0.4341
ENSG00000261669	innate lymphoid cell	0.5156	0.3229
ENSG00000267523	innate lymphoid cell	1.2909	1.0079
ENSG00000269749	innate lymphoid cell	0.7597	0.6505
ENSG00000272211	innate lymphoid cell	1.9476	0.6595
ENSG00000272368	innate lymphoid cell	2.2506	1.5330
ENSG00000273118	innate lymphoid cell	1.6812	0.5439
ENSG00000279555	innate lymphoid cell	0.5018	0.3621
ENSG00000283782	innate lymphoid cell	1.2347	1.0078
ENSG00000284825	innate lymphoid cell	2.1992	1.6559
ENSG00000285756	innate lymphoid cell	0.9228	0.3294
ENSG00000286242	innate lymphoid cell	1.3713	0.8897
ENSG00000286302	innate lymphoid cell	0.5971	0.2543
ENSG00000286656	innate lymphoid cell	0.6828	0.3770
ENSG00000286797	innate lymphoid cell	1.0975	0.8231
ENSG00000287069	innate lymphoid cell	1.3144	1.0551
ENSG00000287100	innate lymphoid cell	1.4290	0.7664
ENSG00000288016	innate lymphoid cell	0.6066	0.2868
ENSG00000288061	innate lymphoid cell	0.6955	0.5785
ENSG00000289015	innate lymphoid cell	0.6141	0.4113
ENSG00000289698	innate lymphoid cell	0.7582	0.4956
ENSG00000290146	innate lymphoid cell	0.5826	0.3560
EP300	innate lymphoid cell	2.1179	0.2991
EPG5	innate lymphoid cell	3.0999	1.3849
EPHA4	innate lymphoid cell	2.4285	0.2948
EPM2A-DT	innate lymphoid cell	0.7295	0.5499
EPS15	innate lymphoid cell	4.8537	1.9084
ERVK13-1	innate lymphoid cell	0.7467	0.2594
ERVK3-1	innate lymphoid cell	0.7935	0.5378
ESCO1	innate lymphoid cell	1.3479	0.3043
ESYT2	innate lymphoid cell	13.4169	2.8467
EXOSC2	innate lymphoid cell	0.9195	0.6689
EZH2	innate lymphoid cell	2.2334	0.5318
FAM117B	innate lymphoid cell	2.5306	0.4262
FAM120B	innate lymphoid cell	1.9452	0.6277
FAM151B-DT	innate lymphoid cell	1.7969	0.6626
FAM168A	innate lymphoid cell	2.0522	1.0819
FAM168B	innate lymphoid cell	2.1801	1.0176
FAM169A	innate lymphoid cell	4.5406	3.4928
FARS2	innate lymphoid cell	2.0884	0.2537
FBH1	innate lymphoid cell	0.8897	0.3596
FBXL17	innate lymphoid cell	5.8811	1.9590
FBXO11	innate lymphoid cell	17.3205	9.4311
FBXO31	innate lymphoid cell	1.1052	0.5326
FGF20	innate lymphoid cell	0.5120	0.3365
FLT3	innate lymphoid cell	1.4313	1.0001
FMNL1	innate lymphoid cell	2.5440	0.5675
FMR1	innate lymphoid cell	1.0978	0.4655
FOXN3	innate lymphoid cell	11.6568	3.0231
FSD1	innate lymphoid cell	1.1228	0.6933
FUBP1	innate lymphoid cell	2.6611	0.3150
FUT8	innate lymphoid cell	3.2537	0.4955
GALNT11	innate lymphoid cell	4.7457	1.4169
GATAD2B	innate lymphoid cell	3.7548	0.7757
GFOD1	innate lymphoid cell	2.4244	0.4399
GFPT1	innate lymphoid cell	3.4961	0.5343
GLG1	innate lymphoid cell	4.7514	1.1114
GLYR1	innate lymphoid cell	1.6657	0.6204
GNB1	innate lymphoid cell	5.7577	0.2686
GNPAT	innate lymphoid cell	1.2965	0.7684
GOLGA8A	innate lymphoid cell	1.8221	0.6423
GPAT4	innate lymphoid cell	1.6421	0.5284
GPBP1	innate lymphoid cell	11.5589	4.5137
GPBP1L1	innate lymphoid cell	2.4473	0.7245
GPR82	innate lymphoid cell	0.7274	0.4190
GRAMD1B	innate lymphoid cell	4.6671	2.0254
GTF2I-AS1	innate lymphoid cell	0.6219	0.3666
GYPE	innate lymphoid cell	0.5382	0.3820
HACE1	innate lymphoid cell	1.4745	1.0146
HAUS2	innate lymphoid cell	1.2331	0.5986
HECTD1	innate lymphoid cell	3.5854	0.2751
HERC6	innate lymphoid cell	0.7521	0.5040
HIBCH	innate lymphoid cell	1.7093	0.3461
HIF1A-AS3	innate lymphoid cell	2.1960	0.4742
HIPK1	innate lymphoid cell	4.3161	0.7876
HIVEP2	innate lymphoid cell	12.5563	4.2537
HLA-V	innate lymphoid cell	1.0579	0.8403
HMBOX1	innate lymphoid cell	2.5472	1.1541
HNRNPD	innate lymphoid cell	4.0189	1.0651
HNRNPH3	innate lymphoid cell	3.1984	0.8110
HSF1	innate lymphoid cell	1.5158	0.7570
HSPA2-AS1	innate lymphoid cell	0.9251	0.4422
HSPA4	innate lymphoid cell	1.7693	0.4427
HTR1F	innate lymphoid cell	3.3895	1.6076
IFT88	innate lymphoid cell	1.0425	0.4313
IKBKB	innate lymphoid cell	1.6315	0.7934
IL23R	innate lymphoid cell	3.1912	1.8776
IMMP2L	innate lymphoid cell	11.0836	2.8333
INO80D	innate lymphoid cell	2.0746	0.4895
INTS9	innate lymphoid cell	0.7408	0.3007
IPO11	innate lymphoid cell	1.2509	0.3420
IPO9	innate lymphoid cell	1.1846	0.3390
ITGA4	innate lymphoid cell	7.6024	0.5776
JMJD1C	innate lymphoid cell	18.5066	8.6973
JMY	innate lymphoid cell	16.3194	9.6642
JRKL	innate lymphoid cell	0.8183	0.5439
KANSL2	innate lymphoid cell	1.5646	0.7246
KCNS3	innate lymphoid cell	1.1352	0.5089
KCTD9	innate lymphoid cell	3.0933	1.8287
KDM4C	innate lymphoid cell	3.9797	0.7980
KDM5C	innate lymphoid cell	1.1388	0.4352
KDM6A	innate lymphoid cell	9.6334	4.3359
KIFAP3	innate lymphoid cell	1.6243	0.9750
KIT	innate lymphoid cell	10.8860	2.1418
KLHL12	innate lymphoid cell	0.6746	0.4711
KLHL13	innate lymphoid cell	1.7873	1.3190
KLHL18	innate lymphoid cell	1.5550	0.6289
KLHL5	innate lymphoid cell	5.4587	2.0030
KMT2B	innate lymphoid cell	0.7753	0.2847
KMT2C	innate lymphoid cell	11.1619	3.5510
KMT2E	innate lymphoid cell	21.9180	4.9150
KMT5B	innate lymphoid cell	1.9915	0.3555
KRIT1	innate lymphoid cell	0.6168	0.2610
LAPTM4B	innate lymphoid cell	0.7467	0.2568
LATS1	innate lymphoid cell	1.3805	0.4600
LCOR	innate lymphoid cell	4.7013	2.1392
LDLRAD3	innate lymphoid cell	9.1159	6.8741
LEKR1	innate lymphoid cell	0.6683	0.3464
LIF-AS2	innate lymphoid cell	0.5301	0.4731
LINC00174	innate lymphoid cell	0.9576	0.5772
LINC00299	innate lymphoid cell	3.3400	1.0841
LINC00486	innate lymphoid cell	19.8473	3.1232
LINC01128	innate lymphoid cell	0.7174	0.3081
LINC01473	innate lymphoid cell	3.4902	1.2430
LINC01811	innate lymphoid cell	2.5554	1.6665
LINC01970	innate lymphoid cell	0.7436	0.4918
LINC02357	innate lymphoid cell	0.5210	0.4585
LINC02649	innate lymphoid cell	2.1737	1.3894
LMF1	innate lymphoid cell	1.4092	0.3809
LPIN2	innate lymphoid cell	3.6829	1.2791
LRCH1	innate lymphoid cell	2.8706	0.7779
LRIF1	innate lymphoid cell	0.9878	0.2800
LRP12	innate lymphoid cell	0.8889	0.4537
LRRC40	innate lymphoid cell	0.8319	0.3300
LUC7L	innate lymphoid cell	2.3749	0.6117
MACF1	innate lymphoid cell	6.1109	0.6157
MAIP1	innate lymphoid cell	0.6137	0.3164
MALT1	innate lymphoid cell	8.9808	2.2564
MAP3K7	innate lymphoid cell	1.8976	1.1815
MAPK8	innate lymphoid cell	6.8953	2.2386
MAPKAPK5	innate lymphoid cell	0.8885	0.3418
MAPRE2	innate lymphoid cell	5.8455	2.0781
MARCHF7	innate lymphoid cell	4.9193	2.9409
MBD5	innate lymphoid cell	7.0437	3.7555
MCPH1-AS1	innate lymphoid cell	0.5451	0.3302
MED13	innate lymphoid cell	3.5512	0.4829
MED13L	innate lymphoid cell	11.3529	3.7019
MED25	innate lymphoid cell	0.9453	0.3358
MED4	innate lymphoid cell	2.0038	0.5437
METTL25	innate lymphoid cell	1.3784	0.8567
MFSD4B	innate lymphoid cell	2.1689	0.3157
MGAT5	innate lymphoid cell	13.6714	2.9872
MIB1	innate lymphoid cell	1.7030	0.5133
MIDEAS	innate lymphoid cell	1.5616	0.3552
MIER1	innate lymphoid cell	2.5694	0.3469
MINDY2	innate lymphoid cell	1.8840	0.5476
MIR23AHG	innate lymphoid cell	7.4645	1.6132
MKLN1	innate lymphoid cell	4.6557	0.6043
MMP24OS	innate lymphoid cell	1.3067	0.3633
MORC1	innate lymphoid cell	1.0087	0.5183
MPPED2	innate lymphoid cell	0.8967	0.6609
MROH1	innate lymphoid cell	2.3318	0.3639
MRRF	innate lymphoid cell	1.2503	0.5694
MTERF1	innate lymphoid cell	1.3141	0.9006
MTOR	innate lymphoid cell	1.0329	0.3611
MYLIP	innate lymphoid cell	2.9560	0.6940
N4BP2	innate lymphoid cell	1.6817	0.4378
N4BP2L1	innate lymphoid cell	1.8927	0.9823
N4BP2L2	innate lymphoid cell	6.5271	1.5541
NAF1	innate lymphoid cell	2.8425	1.4886
NARF	innate lymphoid cell	1.3433	0.3068
NCALD	innate lymphoid cell	11.3897	6.0925
NCOA2	innate lymphoid cell	4.4658	0.6291
NCOA5	innate lymphoid cell	0.8391	0.2842
NCOA6	innate lymphoid cell	2.0240	1.0358
NCOA7-AS1	innate lymphoid cell	0.6405	0.4252
NDUFAF1	innate lymphoid cell	0.6419	0.3496
NDUFAF5	innate lymphoid cell	0.9273	0.5453
NDUFAF6	innate lymphoid cell	2.1420	0.5238
NDUFAF7	innate lymphoid cell	1.0608	0.4565
NEK10	innate lymphoid cell	2.2968	2.0628
NEK7	innate lymphoid cell	4.6193	1.1919
NFXL1	innate lymphoid cell	0.9268	0.6338
NIPBL	innate lymphoid cell	7.2572	0.6889
NKTR	innate lymphoid cell	4.4756	1.0150
NLRP6	innate lymphoid cell	0.5330	0.2613
NMD3	innate lymphoid cell	1.5040	0.6013
NMRAL1	innate lymphoid cell	0.5826	0.2745
NOL4L	innate lymphoid cell	2.1556	1.3801
NPIPB4	innate lymphoid cell	0.6984	0.2752
NR1D2	innate lymphoid cell	3.0886	1.7605
NR2C2	innate lymphoid cell	1.4588	0.3869
NRIP1	innate lymphoid cell	4.6500	1.6445
NUP153	innate lymphoid cell	2.9299	0.2866
NUP214	innate lymphoid cell	2.0359	0.7278
NUP35	innate lymphoid cell	0.9519	0.5542
NUS1	innate lymphoid cell	1.3724	0.6846
NUTF2	innate lymphoid cell	1.3550	0.3459
ODR4	innate lymphoid cell	1.3763	0.4601
OGA	innate lymphoid cell	3.4813	1.0226
OXR1	innate lymphoid cell	2.6990	0.8909
PABIR3	innate lymphoid cell	1.1777	0.2817
PACS2	innate lymphoid cell	0.8761	0.2835
PAFAH1B1	innate lymphoid cell	4.6394	0.7262
PAN3	innate lymphoid cell	6.0662	0.7678
PAPOLA	innate lymphoid cell	3.2210	1.1010
PARAIL	innate lymphoid cell	3.2307	2.4043
PAXBP1	innate lymphoid cell	1.7902	0.6718
PCDH9	innate lymphoid cell	16.9042	10.8690
PCDH9-AS2	innate lymphoid cell	1.5938	1.4745
PCMTD1	innate lymphoid cell	2.0322	0.3175
PCNX4	innate lymphoid cell	2.8967	1.1205
PDC-AS1	innate lymphoid cell	0.7952	0.5510
PDS5B	innate lymphoid cell	2.7606	0.4370
PDSS2	innate lymphoid cell	2.8639	1.3642
PER1	innate lymphoid cell	4.4800	2.9483
PEX3	innate lymphoid cell	1.0217	0.4262
PGBD1	innate lymphoid cell	0.5703	0.4445
PHIP	innate lymphoid cell	3.2341	0.5704
PHKA2	innate lymphoid cell	0.8003	0.3377
PHTF1	innate lymphoid cell	5.8280	4.3267
PI4KA	innate lymphoid cell	2.3291	0.4075
PIGK	innate lymphoid cell	0.7714	0.3595
PIK3IP1-DT	innate lymphoid cell	1.2820	0.6681
PLCB1	innate lymphoid cell	17.8462	11.1976
PLEKHA2	innate lymphoid cell	9.3091	5.2487
PLK4	innate lymphoid cell	0.6137	0.3259
POLR3B	innate lymphoid cell	0.6697	0.4417
POT1	innate lymphoid cell	0.6786	0.2676
POU2F1	innate lymphoid cell	4.0061	1.9231
PPIG	innate lymphoid cell	4.1359	0.7901
PPIL4	innate lymphoid cell	2.7052	0.6338
PPP1R9A	innate lymphoid cell	4.4439	1.0638
PPP2R3C	innate lymphoid cell	1.7224	0.3408
PPP2R5A	innate lymphoid cell	1.7431	0.3744
PPP3CA	innate lymphoid cell	14.2010	6.7063
PPP4R3B	innate lymphoid cell	2.2868	0.8011
PRDM10	innate lymphoid cell	0.5953	0.3029
PRDM11	innate lymphoid cell	0.5489	0.3180
PRICKLE1	innate lymphoid cell	0.8879	0.4406
PRKACB	innate lymphoid cell	2.4447	0.5427
PRKAR2B-AS1	innate lymphoid cell	0.7815	0.6239
PRKCE	innate lymphoid cell	20.0771	12.7560
PRMT9	innate lymphoid cell	8.8220	2.5046
PRPF39	innate lymphoid cell	1.0586	0.4848
PRRC2B	innate lymphoid cell	2.0896	0.5194
PRRC2C	innate lymphoid cell	6.6920	0.3398
PSMA3	innate lymphoid cell	1.7091	0.3450
PTBP2	innate lymphoid cell	3.0588	0.8401
PTPN23	innate lymphoid cell	0.7017	0.3230
PTPN4	innate lymphoid cell	3.6614	0.9555
PUM2	innate lymphoid cell	5.1349	0.5972
R3HDM2	innate lymphoid cell	2.3941	0.2945
RAB11A	innate lymphoid cell	14.7014	4.1516
RAB2A	innate lymphoid cell	7.5752	2.8139
RAB8B	innate lymphoid cell	10.1760	1.2852
RABGAP1L	innate lymphoid cell	11.6507	2.3851
RALGPS1	innate lymphoid cell	1.2753	0.3558
RANBP2	innate lymphoid cell	9.1515	1.9766
RANBP9	innate lymphoid cell	5.5686	2.6399
RAP1B	innate lymphoid cell	16.3289	8.2602
RAP1GDS1	innate lymphoid cell	3.7930	1.3608
RAPGEF2	innate lymphoid cell	9.4741	0.4220
RARS2	innate lymphoid cell	3.0440	1.8156
RASA1	innate lymphoid cell	5.7757	2.0141
RASSF8-AS1	innate lymphoid cell	0.8818	0.5622
RB1CC1	innate lymphoid cell	3.5789	0.4552
RBM5	innate lymphoid cell	2.0138	0.4197
RCBTB1	innate lymphoid cell	0.8038	0.4754
RCL1	innate lymphoid cell	0.8208	0.2957
REEP3	innate lymphoid cell	3.3346	2.1050
REPS1	innate lymphoid cell	4.6264	2.7596
RERE	innate lymphoid cell	13.5904	6.8527
RHBDF2	innate lymphoid cell	1.8696	0.5086
RIF1	innate lymphoid cell	2.6881	0.9667
RIN3	innate lymphoid cell	4.4275	0.6736
RLF	innate lymphoid cell	3.9700	0.4237
RNF115	innate lymphoid cell	2.5827	0.2613
RNF168	innate lymphoid cell	2.3484	0.3938
RNF19A	innate lymphoid cell	15.1038	0.8249
RNF220	innate lymphoid cell	1.2627	0.7273
RNPC3	innate lymphoid cell	2.0341	0.8179
RPRD1B	innate lymphoid cell	1.0145	0.3771
RPRD2	innate lymphoid cell	4.0863	1.9516
RPS6KA3	innate lymphoid cell	9.5112	5.2909
RPTOR	innate lymphoid cell	3.0888	1.8771
RUNX2	innate lymphoid cell	8.7386	4.1446
RYBP	innate lymphoid cell	4.5326	0.9308
SACM1L	innate lymphoid cell	3.1154	0.9946
SAFB	innate lymphoid cell	2.3602	0.8709
SAMD12	innate lymphoid cell	8.5772	5.3954
SBF1	innate lymphoid cell	0.7668	0.5137
SCAF8	innate lymphoid cell	3.1331	0.7528
SCAPER	innate lymphoid cell	4.1419	0.6728
SCLT1	innate lymphoid cell	6.5196	3.4546
SCRN1	innate lymphoid cell	0.9363	0.5113
SEC14L1	innate lymphoid cell	2.7937	0.4806
SEC22A	innate lymphoid cell	1.9606	1.1118
SEC24B	innate lymphoid cell	2.8912	0.6138
SECISBP2L	innate lymphoid cell	2.2289	0.8806
SENP2	innate lymphoid cell	1.2831	0.3806
SENP6	innate lymphoid cell	3.9032	0.9530
SEPTIN11	innate lymphoid cell	3.8006	1.4442
SERTAD2	innate lymphoid cell	2.0950	0.4698
SESN1	innate lymphoid cell	3.1308	0.9370
SETD3	innate lymphoid cell	1.5920	0.5635
SH2B1	innate lymphoid cell	0.6085	0.3230
SHCBP1	innate lymphoid cell	0.6405	0.4694
SHOC2	innate lymphoid cell	2.7258	0.4736
SIAH1	innate lymphoid cell	1.2757	0.3038
SIK2	innate lymphoid cell	4.2254	0.4481
SIK3	innate lymphoid cell	84.5895	54.2647
SKIL	innate lymphoid cell	5.9495	1.0750
SLAIN2	innate lymphoid cell	3.3994	1.9319
SLC25A40	innate lymphoid cell	0.9680	0.5574
SLC30A5	innate lymphoid cell	1.4643	0.6548
SLC35E1	innate lymphoid cell	0.7234	0.2518
SLC35F5	innate lymphoid cell	2.6722	1.8067
SLC4A1AP	innate lymphoid cell	1.0895	0.5881
SLMAP	innate lymphoid cell	3.1451	0.9541
SMAP1	innate lymphoid cell	5.4249	3.2081
SMARCA2	innate lymphoid cell	15.6306	10.0824
SMARCC1	innate lymphoid cell	2.6757	0.2606
SMARCC2	innate lymphoid cell	0.7965	0.3402
SMC1B	innate lymphoid cell	0.7408	0.4798
SMC3	innate lymphoid cell	1.7057	0.4475
SMCR5	innate lymphoid cell	0.5018	0.2645
SMG1	innate lymphoid cell	3.7952	1.3847
SMURF1	innate lymphoid cell	3.6096	1.0105
SMYD2	innate lymphoid cell	0.7697	0.3535
SNHG31	innate lymphoid cell	0.6405	0.4046
SNRK	innate lymphoid cell	9.0474	6.1627
SNTB1	innate lymphoid cell	3.5056	2.2474
SORCS1	innate lymphoid cell	13.9537	6.8918
SPAG1	innate lymphoid cell	2.7427	1.0928
SPART	innate lymphoid cell	2.0543	0.8848
SPEF2	innate lymphoid cell	0.9795	0.5238
SPIDR	innate lymphoid cell	8.6214	1.9611
SPIN1	innate lymphoid cell	1.4750	0.2685
SPRY4-AS1	innate lymphoid cell	0.8540	0.6350
SRGAP3	innate lymphoid cell	1.6748	0.6385
SRSF11	innate lymphoid cell	4.3891	0.5652
SSBP2	innate lymphoid cell	16.9906	7.2138
SSBP3	innate lymphoid cell	4.3844	2.1018
ST3GAL1	innate lymphoid cell	3.3480	0.4029
ST7L	innate lymphoid cell	0.9421	0.3763
STAG1	innate lymphoid cell	7.4542	0.9894
STAG2	innate lymphoid cell	4.4301	0.9446
STAM	innate lymphoid cell	5.7353	2.3819
STARD9	innate lymphoid cell	3.1579	2.1437
STK26	innate lymphoid cell	2.4919	1.6324
STX6	innate lymphoid cell	1.0713	0.5201
SUCLG2	innate lymphoid cell	3.6066	0.9024
SUGP1	innate lymphoid cell	0.6683	0.3236
SUPT5H	innate lymphoid cell	2.0984	0.6432
SUZ12P1	innate lymphoid cell	1.4876	0.2851
SVIL	innate lymphoid cell	23.9350	18.1538
SVIL-AS1	innate lymphoid cell	1.1894	0.5694
SYAP1	innate lymphoid cell	8.5611	0.3585
SYNGAP1	innate lymphoid cell	0.8193	0.5126
SYNJ2	innate lymphoid cell	5.6152	4.3817
SYTL1	innate lymphoid cell	0.9941	0.4763
TAF15	innate lymphoid cell	3.8602	0.7738
TAF1B	innate lymphoid cell	1.2019	0.6784
TALAM1	innate lymphoid cell	13.0406	3.2313
TANC2	innate lymphoid cell	6.5073	0.9445
TANGO2	innate lymphoid cell	0.9321	0.4937
TAOK1	innate lymphoid cell	2.8082	0.3294
TARP	innate lymphoid cell	0.9786	0.3719
TARS3	innate lymphoid cell	2.7171	0.9544
TBC1D10C	innate lymphoid cell	0.7549	0.2690
TBC1D5	innate lymphoid cell	6.0371	1.0919
TBCK	innate lymphoid cell	1.3910	0.4160
TBL1XR1	innate lymphoid cell	3.7022	0.8343
TCTN3	innate lymphoid cell	1.4838	0.2910
TEC	innate lymphoid cell	2.5211	1.0409
TENT4A	innate lymphoid cell	1.5385	0.4474
THOC2	innate lymphoid cell	2.1335	0.5009
TIMM23	innate lymphoid cell	0.7543	0.2885
TIPARP	innate lymphoid cell	8.2763	2.6277
TLE1	innate lymphoid cell	4.6679	0.5836
TM9SF4	innate lymphoid cell	1.1167	0.5499
TMEM156	innate lymphoid cell	11.4239	6.3657
TMEM164	innate lymphoid cell	5.3344	3.9482
TMEM181	innate lymphoid cell	3.0747	1.2826
TMEM184B	innate lymphoid cell	1.4076	0.6945
TMEM184C	innate lymphoid cell	6.4442	4.4873
TMEM248	innate lymphoid cell	1.8479	0.9132
TMEM67	innate lymphoid cell	0.7144	0.3210
TMEM94	innate lymphoid cell	0.6711	0.2814
TNKS	innate lymphoid cell	2.9373	0.5143
TNPO1	innate lymphoid cell	1.9843	0.4032
TNRC6C	innate lymphoid cell	5.2107	1.5786
TOP2B	innate lymphoid cell	3.3321	1.3160
TOP3A	innate lymphoid cell	0.8163	0.3969
TOX2	innate lymphoid cell	1.9182	0.9117
TP53INP1	innate lymphoid cell	2.6334	0.7031
TPP2	innate lymphoid cell	3.7411	0.5381
TPR	innate lymphoid cell	3.0893	0.6433
TPT1-AS1	innate lymphoid cell	1.5938	0.5962
TPTE2P6	innate lymphoid cell	0.9010	0.3702
TRA2A	innate lymphoid cell	7.0415	2.9022
TRAF5	innate lymphoid cell	2.5383	1.4154
TRAFD1	innate lymphoid cell	1.5245	0.5912
TRAPPC9	innate lymphoid cell	3.6715	1.0245
TRD-AS1	innate lymphoid cell	1.0832	0.7879
TRIM33	innate lymphoid cell	2.9601	0.9549
TRPC4AP	innate lymphoid cell	4.7209	2.2352
TRPM7	innate lymphoid cell	2.4128	0.5093
TRPS1	innate lymphoid cell	10.4151	1.5114
TSHZ1	innate lymphoid cell	1.8585	0.7172
TSPOAP1-AS1	innate lymphoid cell	1.0136	0.2996
TTC19	innate lymphoid cell	2.9398	0.8254
TTC7A	innate lymphoid cell	2.4878	1.0196
TTN	innate lymphoid cell	2.7683	0.8998
TTPAL	innate lymphoid cell	0.7852	0.3474
TUBE1	innate lymphoid cell	0.9418	0.7080
TVP23B	innate lymphoid cell	0.7106	0.4062
U2AF2	innate lymphoid cell	0.7450	0.3325
UBA6	innate lymphoid cell	2.6979	0.7673
UBAP2	innate lymphoid cell	2.4136	0.4756
UBE2E1	innate lymphoid cell	3.6162	0.7533
UBE2G1	innate lymphoid cell	4.0521	1.9123
UBE2K	innate lymphoid cell	4.1261	0.6496
UBE3A	innate lymphoid cell	2.3333	0.3457
UBN2	innate lymphoid cell	1.2573	0.4960
UBP1	innate lymphoid cell	1.1436	0.4155
UBR5	innate lymphoid cell	5.9715	2.1212
UBR5-DT	innate lymphoid cell	0.7126	0.2975
UBXN2A	innate lymphoid cell	2.0991	1.1457
UBXN4	innate lymphoid cell	2.6612	0.4824
USP10	innate lymphoid cell	3.1543	1.4846
USP34	innate lymphoid cell	7.9017	2.2630
USP39	innate lymphoid cell	0.8309	0.5014
USP4	innate lymphoid cell	2.0902	0.5286
UTP6	innate lymphoid cell	1.0442	0.4140
UVSSA	innate lymphoid cell	1.0544	0.4459
VCPIP1	innate lymphoid cell	1.5093	0.9867
VIM-AS1	innate lymphoid cell	0.8776	0.2698
VPS13C	innate lymphoid cell	3.6842	0.8296
VPS13D	innate lymphoid cell	2.3841	0.3492
VPS41	innate lymphoid cell	2.5044	0.7410
VPS54	innate lymphoid cell	2.1041	0.2641
VWA8	innate lymphoid cell	2.6352	0.7098
WAC	innate lymphoid cell	6.7043	2.3771
WAKMAR2	innate lymphoid cell	2.6846	0.6220
WAPL	innate lymphoid cell	2.3802	0.6804
WDFY2	innate lymphoid cell	3.8905	1.1502
WDR33	innate lymphoid cell	3.2537	0.9470
WDR48	innate lymphoid cell	1.7076	0.5673
WDR59	innate lymphoid cell	3.2997	2.2499
WDR72	innate lymphoid cell	0.6405	0.5369
WDTC1	innate lymphoid cell	1.0593	0.3379
WIPF2	innate lymphoid cell	2.5256	0.2727
WNK1	innate lymphoid cell	6.3267	1.9081
WWOX	innate lymphoid cell	8.2356	3.0696
XKR6	innate lymphoid cell	2.4874	1.3556
XPO1	innate lymphoid cell	1.5923	0.4993
XYLT1	innate lymphoid cell	22.6993	13.1785
XYLT2	innate lymphoid cell	0.7301	0.6281
YTHDC1	innate lymphoid cell	4.7145	1.4960
YWHAQ	innate lymphoid cell	4.4898	0.7805
ZBED4	innate lymphoid cell	3.4392	1.6900
ZBTB1	innate lymphoid cell	4.0771	0.9808
ZBTB11	innate lymphoid cell	1.2753	0.2907
ZBTB20	innate lymphoid cell	22.7394	7.9782
ZBTB37	innate lymphoid cell	0.8272	0.4094
ZBTB4	innate lymphoid cell	1.2643	0.5068
ZBTB47-AS1	innate lymphoid cell	1.3046	0.6213
ZC2HC1A	innate lymphoid cell	1.1065	0.4545
ZC2HC1C	innate lymphoid cell	0.5074	0.2722
ZC3H12B	innate lymphoid cell	8.1635	4.0421
ZC3H7A	innate lymphoid cell	1.8993	0.6133
ZCCHC7	innate lymphoid cell	6.8527	1.9683
ZDHHC2	innate lymphoid cell	0.8383	0.2820
ZDHHC5	innate lymphoid cell	1.2406	0.7416
ZFAND6	innate lymphoid cell	4.1833	0.9854
ZFAT	innate lymphoid cell	1.0138	0.5769
ZKSCAN7-AS1	innate lymphoid cell	0.6739	0.5434
ZKSCAN8	innate lymphoid cell	0.6955	0.4490
ZMAT1	innate lymphoid cell	0.8552	0.3897
ZMYM5	innate lymphoid cell	1.4882	0.2682
ZNF14	innate lymphoid cell	1.4409	0.5890
ZNF146	innate lymphoid cell	1.0596	0.4160
ZNF217	innate lymphoid cell	1.9833	0.6336
ZNF280C	innate lymphoid cell	1.0329	0.5981
ZNF322	innate lymphoid cell	0.9109	0.6137
ZNF346	innate lymphoid cell	0.7201	0.3420
ZNF347	innate lymphoid cell	0.5092	0.3260
ZNF385D	innate lymphoid cell	4.9649	1.4079
ZNF420	innate lymphoid cell	1.1225	0.4775
ZNF426	innate lymphoid cell	0.8038	0.4171
ZNF431	innate lymphoid cell	1.1979	0.4681
ZNF451	innate lymphoid cell	2.8040	1.0329
ZNF451-AS1	innate lymphoid cell	0.7296	0.3570
ZNF487	innate lymphoid cell	1.3210	0.7581
ZNF529	innate lymphoid cell	0.9894	0.3323
ZNF565	innate lymphoid cell	1.4535	0.6271
ZNF592	innate lymphoid cell	1.0494	0.3846
ZNF600	innate lymphoid cell	0.8456	0.4774
ZNF609	innate lymphoid cell	4.4251	0.2505
ZNF611	innate lymphoid cell	1.4647	0.3439
ZNF644	innate lymphoid cell	5.1405	0.7652
ZNF667	innate lymphoid cell	0.7334	0.5513
ZNF699	innate lymphoid cell	0.7311	0.3310
ZNF731P	innate lymphoid cell	0.9212	0.2611
ZNF75D	innate lymphoid cell	0.9946	0.3993
ZNF780B	innate lymphoid cell	0.7458	0.3698
ZNF875	innate lymphoid cell	0.7386	0.2947
ZNRF1	innate lymphoid cell	3.3279	2.2426
ZNRF2	innate lymphoid cell	2.9634	0.7196
ZRANB1	innate lymphoid cell	1.4625	0.4552
ZSWIM4	innate lymphoid cell	0.9461	0.2996
ZW10	innate lymphoid cell	1.0207	0.6243
ZZZ3	innate lymphoid cell	1.8449	0.3147
ACADS	intestinal crypt stem cell of colon	1.5061	0.5712
AKR1C3	intestinal crypt stem cell of colon	3.9605	0.3520
ALDH2	intestinal crypt stem cell of colon	2.2560	0.5037
ALKBH7	intestinal crypt stem cell of colon	2.4724	0.8625
AP1S1	intestinal crypt stem cell of colon	0.7935	0.4125
APRT	intestinal crypt stem cell of colon	3.7815	1.3101
ATP5F1D	intestinal crypt stem cell of colon	6.5363	2.1189
ATP5F1E	intestinal crypt stem cell of colon	9.9171	0.2807
ATP5IF1	intestinal crypt stem cell of colon	5.6949	0.8410
ATP5MC1	intestinal crypt stem cell of colon	5.6630	2.0937
ATP5MC2	intestinal crypt stem cell of colon	5.6611	1.9481
ATP5MC3	intestinal crypt stem cell of colon	11.4604	5.5774
ATP5ME	intestinal crypt stem cell of colon	5.8796	0.2688
ATP5MF	intestinal crypt stem cell of colon	2.8987	0.8566
ATP5MG	intestinal crypt stem cell of colon	5.2552	1.6044
ATP5MJ	intestinal crypt stem cell of colon	4.5940	1.1988
ATP5MK	intestinal crypt stem cell of colon	6.2893	2.3933
ATP5PD	intestinal crypt stem cell of colon	3.4779	1.2964
ATP5PF	intestinal crypt stem cell of colon	5.5239	2.2775
ATP5PO	intestinal crypt stem cell of colon	3.9739	1.7025
AURKAIP1	intestinal crypt stem cell of colon	2.3743	0.5134
BCL2L15	intestinal crypt stem cell of colon	1.0756	0.3772
BOLA3	intestinal crypt stem cell of colon	1.2886	0.3529
BTF3	intestinal crypt stem cell of colon	6.8184	1.4227
C15orf48	intestinal crypt stem cell of colon	17.2165	8.7212
C6orf132	intestinal crypt stem cell of colon	0.8387	0.2710
CAMK2N1	intestinal crypt stem cell of colon	3.9309	0.4509
CD24	intestinal crypt stem cell of colon	13.9633	1.6966
CDX1	intestinal crypt stem cell of colon	2.1156	0.5442
CDX2	intestinal crypt stem cell of colon	1.3667	0.4241
CES2	intestinal crypt stem cell of colon	4.3929	0.6595
CHCHD10	intestinal crypt stem cell of colon	8.3951	2.9882
CHCHD2	intestinal crypt stem cell of colon	5.7469	1.6638
CIB1	intestinal crypt stem cell of colon	2.4406	0.5022
CISD3	intestinal crypt stem cell of colon	1.7471	0.4983
COX14	intestinal crypt stem cell of colon	1.2315	0.4971
COX4I1	intestinal crypt stem cell of colon	16.4052	4.9393
COX5A	intestinal crypt stem cell of colon	8.7254	3.2343
COX5B	intestinal crypt stem cell of colon	11.0695	4.3909
COX6A1	intestinal crypt stem cell of colon	6.2491	1.1344
COX6B1	intestinal crypt stem cell of colon	6.9011	2.1826
COX6C	intestinal crypt stem cell of colon	11.0251	3.8145
COX7A2	intestinal crypt stem cell of colon	6.8617	2.4528
COX7B	intestinal crypt stem cell of colon	6.9615	2.7196
COX7C	intestinal crypt stem cell of colon	10.6251	3.0373
COX8A	intestinal crypt stem cell of colon	5.8728	2.0133
CUTA	intestinal crypt stem cell of colon	1.5766	0.2730
CYB5A	intestinal crypt stem cell of colon	1.8163	0.6373
DCTPP1	intestinal crypt stem cell of colon	1.1728	0.3161
DCXR	intestinal crypt stem cell of colon	1.3357	0.2533
DHRS11	intestinal crypt stem cell of colon	1.1579	0.4501
DHRS4L2	intestinal crypt stem cell of colon	0.7277	0.2655
EDF1	intestinal crypt stem cell of colon	4.2099	1.3096
EEF1A1	intestinal crypt stem cell of colon	53.3873	4.6586
EEF1B2	intestinal crypt stem cell of colon	10.7457	0.4406
EEF2	intestinal crypt stem cell of colon	6.0853	0.6177
EIF3K	intestinal crypt stem cell of colon	5.1890	1.5921
EIF5A	intestinal crypt stem cell of colon	2.9557	0.3140
ELOB	intestinal crypt stem cell of colon	5.2628	1.1913
ENSG00000196656	intestinal crypt stem cell of colon	1.1578	0.5320
ETHE1	intestinal crypt stem cell of colon	2.8208	0.9189
FABP1	intestinal crypt stem cell of colon	48.4595	16.7421
FABP2	intestinal crypt stem cell of colon	1.5283	0.8514
FAM162A	intestinal crypt stem cell of colon	4.1306	1.6347
FXYD3	intestinal crypt stem cell of colon	7.2039	3.5889
GAPDH	intestinal crypt stem cell of colon	16.8327	3.1451
GAS5	intestinal crypt stem cell of colon	4.7595	0.5394
GPR15LG	intestinal crypt stem cell of colon	3.6154	1.2963
HIGD2A	intestinal crypt stem cell of colon	2.0533	0.4386
HINT1	intestinal crypt stem cell of colon	8.5922	2.3416
ITM2C	intestinal crypt stem cell of colon	7.6601	2.2969
KGD4	intestinal crypt stem cell of colon	1.3850	0.3006
KLF5	intestinal crypt stem cell of colon	5.9461	0.7222
LAMTOR4	intestinal crypt stem cell of colon	3.3134	0.7473
LCN2	intestinal crypt stem cell of colon	1.0380	0.6496
LEFTY1	intestinal crypt stem cell of colon	3.8077	2.0064
LGALS2	intestinal crypt stem cell of colon	0.8319	0.3662
LGALS3	intestinal crypt stem cell of colon	27.8908	10.6526
LGALS4	intestinal crypt stem cell of colon	50.3869	27.1729
MCRIP2	intestinal crypt stem cell of colon	1.2849	0.5141
MGAT4B	intestinal crypt stem cell of colon	1.7523	0.5310
MGST3	intestinal crypt stem cell of colon	4.4772	0.8140
MICOS10	intestinal crypt stem cell of colon	2.3727	0.4467
MPC1	intestinal crypt stem cell of colon	1.9676	0.8085
MPST	intestinal crypt stem cell of colon	2.2533	0.4879
MRPL34	intestinal crypt stem cell of colon	1.1173	0.3524
MRPS33	intestinal crypt stem cell of colon	1.3816	0.6002
MSRB2	intestinal crypt stem cell of colon	0.7270	0.2915
NCBP2AS2	intestinal crypt stem cell of colon	0.8153	0.2931
NDUFA1	intestinal crypt stem cell of colon	4.7339	1.0669
NDUFA12	intestinal crypt stem cell of colon	2.1833	0.3467
NDUFA2	intestinal crypt stem cell of colon	1.8651	0.2669
NDUFA3	intestinal crypt stem cell of colon	1.7624	0.3938
NDUFA6	intestinal crypt stem cell of colon	2.2311	0.3942
NDUFAB1	intestinal crypt stem cell of colon	2.8824	1.1006
NDUFB1	intestinal crypt stem cell of colon	2.7546	0.6849
NDUFB10	intestinal crypt stem cell of colon	3.5372	1.3025
NDUFB2	intestinal crypt stem cell of colon	4.2344	1.2612
NDUFB3	intestinal crypt stem cell of colon	2.1595	0.8442
NDUFB4	intestinal crypt stem cell of colon	2.4129	0.8372
NDUFB5	intestinal crypt stem cell of colon	1.4582	0.2722
NDUFB7	intestinal crypt stem cell of colon	3.7447	1.1210
NDUFB8	intestinal crypt stem cell of colon	2.1644	0.7445
NDUFB9	intestinal crypt stem cell of colon	2.9353	0.4934
NDUFC1	intestinal crypt stem cell of colon	2.1577	0.7556
NDUFC2	intestinal crypt stem cell of colon	1.7070	0.6638
NDUFS3	intestinal crypt stem cell of colon	1.6747	0.2947
NDUFS4	intestinal crypt stem cell of colon	1.5393	0.4206
NDUFS5	intestinal crypt stem cell of colon	4.1854	0.6828
NDUFS6	intestinal crypt stem cell of colon	3.0021	0.4709
NDUFS7	intestinal crypt stem cell of colon	2.1246	0.4397
NR2F6	intestinal crypt stem cell of colon	0.9403	0.3134
PHB1	intestinal crypt stem cell of colon	2.2297	0.5173
PHB2	intestinal crypt stem cell of colon	2.1862	0.6375
PIGR	intestinal crypt stem cell of colon	45.4932	3.1237
PLEKHJ1	intestinal crypt stem cell of colon	1.4138	0.4462
PNKD	intestinal crypt stem cell of colon	1.8063	0.3689
PPIA	intestinal crypt stem cell of colon	8.6876	0.8633
PPP1R14D	intestinal crypt stem cell of colon	1.1158	0.4689
PPP1R1B	intestinal crypt stem cell of colon	2.7680	0.6328
PRDX2	intestinal crypt stem cell of colon	3.5638	0.5500
PRDX5	intestinal crypt stem cell of colon	8.4825	2.7815
PRDX6	intestinal crypt stem cell of colon	4.4964	2.3577
PRELID1	intestinal crypt stem cell of colon	2.7075	0.3263
PRR15L	intestinal crypt stem cell of colon	0.9742	0.3037
PXMP2	intestinal crypt stem cell of colon	1.0065	0.3302
RACK1	intestinal crypt stem cell of colon	15.5361	2.4580
RBM3	intestinal crypt stem cell of colon	3.8724	0.8451
RNF186	intestinal crypt stem cell of colon	1.0168	0.3687
RNF7	intestinal crypt stem cell of colon	1.3748	0.4381
RPL10A	intestinal crypt stem cell of colon	19.0546	3.2181
RPL10P9	intestinal crypt stem cell of colon	3.0580	1.7282
RPL13A	intestinal crypt stem cell of colon	31.1192	0.4065
RPL15	intestinal crypt stem cell of colon	14.7714	2.0134
RPL18	intestinal crypt stem cell of colon	23.1686	2.1477
RPL18A	intestinal crypt stem cell of colon	26.0867	1.1138
RPL27A	intestinal crypt stem cell of colon	17.7633	0.4087
RPL29	intestinal crypt stem cell of colon	22.0923	2.5026
RPL29P4	intestinal crypt stem cell of colon	2.1617	0.9490
RPL6	intestinal crypt stem cell of colon	14.4656	2.0224
RPL7A	intestinal crypt stem cell of colon	22.2427	3.3160
RPL8	intestinal crypt stem cell of colon	27.8376	4.0088
RPLP0	intestinal crypt stem cell of colon	16.0042	2.2866
RPS16	intestinal crypt stem cell of colon	22.7283	1.0002
RPS18	intestinal crypt stem cell of colon	65.8402	5.8028
RPS24	intestinal crypt stem cell of colon	27.5244	1.1612
RPS26	intestinal crypt stem cell of colon	13.2961	4.5464
RPS27L	intestinal crypt stem cell of colon	3.2966	0.4636
RPS4X	intestinal crypt stem cell of colon	32.4783	1.8733
RPS5	intestinal crypt stem cell of colon	16.7372	1.1823
RPS6	intestinal crypt stem cell of colon	37.2624	4.1835
RPS7	intestinal crypt stem cell of colon	17.7159	2.0865
RPS9	intestinal crypt stem cell of colon	25.2845	2.6040
RPSA	intestinal crypt stem cell of colon	14.4654	2.0186
S100A10	intestinal crypt stem cell of colon	16.7908	2.6268
S100A14	intestinal crypt stem cell of colon	5.1658	0.9258
SCP2	intestinal crypt stem cell of colon	2.7834	0.3285
SDHC	intestinal crypt stem cell of colon	1.0076	0.3879
SEC61G	intestinal crypt stem cell of colon	1.8114	0.6911
SERF2	intestinal crypt stem cell of colon	10.9607	2.9595
SFN	intestinal crypt stem cell of colon	5.8571	0.7682
SNHG18	intestinal crypt stem cell of colon	0.7626	0.2615
SNHG29	intestinal crypt stem cell of colon	10.9282	2.2328
SRSF9	intestinal crypt stem cell of colon	1.5040	0.2864
SUCLG1	intestinal crypt stem cell of colon	3.1043	0.2999
TIMM13	intestinal crypt stem cell of colon	2.0884	0.4031
TMA7	intestinal crypt stem cell of colon	3.6596	0.2664
TMEM141	intestinal crypt stem cell of colon	3.3986	0.3736
TMEM54	intestinal crypt stem cell of colon	2.7426	0.2584
TSPAN8	intestinal crypt stem cell of colon	12.9415	0.7452
TSPO	intestinal crypt stem cell of colon	4.5425	0.9072
TST	intestinal crypt stem cell of colon	2.9538	1.3697
TSTD1	intestinal crypt stem cell of colon	1.2907	0.4029
TXN	intestinal crypt stem cell of colon	14.6518	5.9851
TXNDC17	intestinal crypt stem cell of colon	2.4518	0.9819
UGT2B17	intestinal crypt stem cell of colon	7.3905	1.2933
UQCR10	intestinal crypt stem cell of colon	5.8467	2.2208
UQCR11	intestinal crypt stem cell of colon	3.4202	0.9259
UQCRB	intestinal crypt stem cell of colon	6.5845	1.3451
UQCRFS1	intestinal crypt stem cell of colon	3.0706	0.4049
UQCRH	intestinal crypt stem cell of colon	8.2888	2.7581
UQCRQ	intestinal crypt stem cell of colon	5.8182	1.7083
VDAC1	intestinal crypt stem cell of colon	2.3432	0.2905
YBX1	intestinal crypt stem cell of colon	7.4002	1.6371
ZNHIT1	intestinal crypt stem cell of colon	1.5446	0.4332
ABHD3	large intestine goblet cell	3.8432	0.5122
ABHD8	large intestine goblet cell	0.7670	0.3619
ACER2	large intestine goblet cell	1.6513	0.7737
ACSS2	large intestine goblet cell	2.8738	1.0472
AFMID	large intestine goblet cell	1.5486	0.2628
AGR2	large intestine goblet cell	9.6627	0.3119
ANKRD36C	large intestine goblet cell	3.0527	1.4641
ANKRD37	large intestine goblet cell	2.3567	0.6748
ANO1	large intestine goblet cell	0.7009	0.5820
ARHGEF28	large intestine goblet cell	1.0925	0.5803
ATOH1	large intestine goblet cell	0.5975	0.4800
ATP2C2	large intestine goblet cell	3.0406	1.3895
B3GNT3	large intestine goblet cell	1.1375	0.2908
B3GNT6	large intestine goblet cell	0.8580	0.7701
B4GALNT2	large intestine goblet cell	0.7180	0.4190
B4GALT4	large intestine goblet cell	1.0095	0.4272
BCAS1	large intestine goblet cell	8.4019	6.1586
BCKDHB	large intestine goblet cell	2.4043	0.5795
BCL2L14	large intestine goblet cell	1.0510	0.3516
BEST2	large intestine goblet cell	2.1524	1.9529
C3orf52	large intestine goblet cell	3.5925	1.0086
CA8	large intestine goblet cell	1.6304	0.6412
CALN1	large intestine goblet cell	1.3843	1.2959
CAPN8	large intestine goblet cell	3.2481	2.3867
CAPN9	large intestine goblet cell	1.5334	1.4603
CATSPERB	large intestine goblet cell	1.3362	0.5005
CATSPERG	large intestine goblet cell	1.0838	0.4752
CBFA2T2	large intestine goblet cell	3.7807	0.5446
CCDC162P	large intestine goblet cell	1.1130	0.7183
CD177	large intestine goblet cell	1.1471	0.7698
CEACAM16-AS1	large intestine goblet cell	1.4105	0.8771
CHRNA7	large intestine goblet cell	1.0435	0.4995
CLCA1	large intestine goblet cell	11.1929	8.7532
CLSTN1	large intestine goblet cell	1.4667	0.4803
COBL	large intestine goblet cell	2.7914	0.3013
COG2	large intestine goblet cell	0.6134	0.2838
CRACR2A	large intestine goblet cell	2.5166	0.9025
CRACR2B	large intestine goblet cell	0.8347	0.4821
CREB3L1	large intestine goblet cell	1.4861	1.2068
CTBP2	large intestine goblet cell	4.9084	0.9306
DANT2	large intestine goblet cell	2.3094	0.9100
DDX60	large intestine goblet cell	1.5656	0.6631
DGLUCY	large intestine goblet cell	1.3798	0.4874
DHDDS	large intestine goblet cell	1.9115	0.7328
DHRS9	large intestine goblet cell	3.1343	1.6170
DHX32	large intestine goblet cell	1.7887	1.2263
DLGAP1	large intestine goblet cell	1.5972	1.0586
DLL1	large intestine goblet cell	1.0713	0.4452
DYNC2I1	large intestine goblet cell	1.8197	0.4266
ECHDC2	large intestine goblet cell	1.0051	0.3111
ENSG00000238246	large intestine goblet cell	1.0724	0.9810
ENSG00000249631	large intestine goblet cell	0.5624	0.3663
ENSG00000260658	large intestine goblet cell	0.5322	0.2948
ENSG00000269179	large intestine goblet cell	1.1327	0.2750
ENTPD8	large intestine goblet cell	1.1480	0.2786
ERN2	large intestine goblet cell	2.3719	1.5592
ESRP1	large intestine goblet cell	1.9544	0.6350
EXPH5	large intestine goblet cell	2.2762	1.2459
FAM114A1	large intestine goblet cell	1.2791	0.5033
FAM13A	large intestine goblet cell	4.6166	1.3862
FAM3D	large intestine goblet cell	4.0620	0.3969
FAM83E	large intestine goblet cell	1.9973	1.2655
FANK1	large intestine goblet cell	0.5763	0.4273
FCGBP	large intestine goblet cell	33.0778	29.5365
FER1L6	large intestine goblet cell	12.7467	9.9842
FER1L6-AS1	large intestine goblet cell	0.5384	0.4657
FFAR4	large intestine goblet cell	0.8396	0.5676
FGFR2	large intestine goblet cell	1.6298	1.3554
FHIP1A	large intestine goblet cell	3.3828	0.7661
FOXA3	large intestine goblet cell	2.1554	0.7889
FRMD3	large intestine goblet cell	2.7260	1.5671
FRYL	large intestine goblet cell	12.4628	5.9264
FSIP2	large intestine goblet cell	1.8437	0.8770
GALE	large intestine goblet cell	1.2431	0.5393
GALNT12	large intestine goblet cell	1.5186	0.8710
GALNT5	large intestine goblet cell	1.9704	1.2675
GALNT7	large intestine goblet cell	3.0515	0.6929
GALNT8	large intestine goblet cell	1.0697	0.9354
GAU1	large intestine goblet cell	0.6657	0.5123
GMDS	large intestine goblet cell	18.9881	11.6267
GNA14	large intestine goblet cell	4.5844	1.9030
GNE	large intestine goblet cell	1.3728	0.5609
GOLPH3L	large intestine goblet cell	1.4844	0.6357
GOPC	large intestine goblet cell	1.1323	0.3607
GPR153	large intestine goblet cell	0.8539	0.5822
GRHL2	large intestine goblet cell	1.5432	0.2583
HID1	large intestine goblet cell	0.7700	0.2796
HYMAI	large intestine goblet cell	0.7994	0.4133
IQCM	large intestine goblet cell	4.5143	3.5908
IRF3	large intestine goblet cell	0.7215	0.2628
ITGA6	large intestine goblet cell	5.2376	1.3891
ITLN1	large intestine goblet cell	1.9733	1.2815
KAZN	large intestine goblet cell	5.2164	0.2671
KCNK5	large intestine goblet cell	1.0889	0.2828
KCNMA1	large intestine goblet cell	10.3564	6.0114
KDM4B	large intestine goblet cell	1.8384	0.2806
KLF2-DT	large intestine goblet cell	0.7031	0.2760
KLF3	large intestine goblet cell	3.0189	0.3710
KLK1	large intestine goblet cell	3.3931	2.5602
KSR2	large intestine goblet cell	1.5272	0.7223
LHFPL3	large intestine goblet cell	1.0838	0.8797
LINC00261	large intestine goblet cell	0.5943	0.5235
LINC00278	large intestine goblet cell	1.5159	0.9635
LINC00342	large intestine goblet cell	1.9521	0.6828
LINC00923	large intestine goblet cell	0.8960	0.4363
LINC02343	large intestine goblet cell	0.6073	0.4758
LINC02994	large intestine goblet cell	0.6886	0.2754
LIPH	large intestine goblet cell	3.4347	0.5855
LLGL2	large intestine goblet cell	4.9339	0.3486
MAGI1	large intestine goblet cell	8.5010	0.4921
MCF2L	large intestine goblet cell	1.8904	0.7714
MCU	large intestine goblet cell	3.0814	0.8358
MGLL	large intestine goblet cell	3.6497	1.3950
MLPH	large intestine goblet cell	2.7103	1.7502
MT-TP	large intestine goblet cell	3.3448	1.2194
MUC1	large intestine goblet cell	2.1623	0.3748
MUC2	large intestine goblet cell	25.2321	20.7034
MUC4	large intestine goblet cell	8.0313	5.1961
MYO1D	large intestine goblet cell	13.0591	5.1249
MYO5C	large intestine goblet cell	1.9532	0.4021
MYRIP	large intestine goblet cell	4.7336	1.8627
NDRG1	large intestine goblet cell	2.6288	0.8678
NEDD4L	large intestine goblet cell	24.2935	1.8825
NLRC5	large intestine goblet cell	1.4927	0.4043
NOS1AP	large intestine goblet cell	1.3854	0.6077
NPDC1	large intestine goblet cell	2.3343	0.4557
NTN4	large intestine goblet cell	2.2207	1.1153
NUAK2	large intestine goblet cell	1.0510	0.5274
NXPE1	large intestine goblet cell	2.8390	0.6245
OSBPL1A	large intestine goblet cell	2.1979	0.4270
PARM1	large intestine goblet cell	2.3964	1.1429
PLA2G10	large intestine goblet cell	0.8854	0.5648
PNPLA7	large intestine goblet cell	0.8962	0.2989
PPP1R13B	large intestine goblet cell	2.9319	0.6617
PRIMPOL	large intestine goblet cell	0.5605	0.2776
PRKAG2	large intestine goblet cell	3.4427	0.3140
PRR3	large intestine goblet cell	0.6723	0.3024
PTPN21	large intestine goblet cell	0.8465	0.4949
PWRN1	large intestine goblet cell	0.9031	0.6758
QSOX1	large intestine goblet cell	1.6033	0.3625
RAP1GAP	large intestine goblet cell	1.2612	0.8653
RASEF	large intestine goblet cell	5.7227	3.5506
RBFOX1	large intestine goblet cell	3.2426	0.4125
REP15	large intestine goblet cell	4.2228	4.0269
RETNLB	large intestine goblet cell	1.3684	1.0414
RNF32-DT	large intestine goblet cell	1.6023	1.0157
RRBP1	large intestine goblet cell	5.8985	1.3249
SAE1	large intestine goblet cell	2.7773	0.5527
SBF2-AS1	large intestine goblet cell	0.6345	0.4177
SCNN1A	large intestine goblet cell	4.9017	2.4235
SH3PXD2A	large intestine goblet cell	4.0081	1.9310
SHANK2	large intestine goblet cell	1.6406	0.9168
SI	large intestine goblet cell	0.6318	0.2802
SIDT1	large intestine goblet cell	1.9243	0.5383
SLC12A2	large intestine goblet cell	5.9962	2.7271
SLC12A8	large intestine goblet cell	1.0494	0.7533
SLC22A23	large intestine goblet cell	4.0494	2.4811
SLC2A13	large intestine goblet cell	5.6066	1.9828
SLC30A4-AS1	large intestine goblet cell	1.2392	0.3055
SLC5A3	large intestine goblet cell	1.2417	0.2577
SMIM14	large intestine goblet cell	2.5845	0.9600
SMIM31	large intestine goblet cell	1.3565	0.7581
SPATS2L	large intestine goblet cell	7.3819	0.5081
SPDEF	large intestine goblet cell	1.2363	1.0965
SPECC1	large intestine goblet cell	2.0710	0.6834
SPINK1	large intestine goblet cell	3.1764	0.7889
SPINK4	large intestine goblet cell	0.5901	0.4197
SPINK5	large intestine goblet cell	0.5729	0.3153
SPIRE2	large intestine goblet cell	2.0973	0.9413
ST3GAL4	large intestine goblet cell	1.0099	0.4056
ST6GALNAC1	large intestine goblet cell	4.2389	3.4549
STXBP5-AS1	large intestine goblet cell	2.8546	2.2006
SYTL2	large intestine goblet cell	10.7164	4.4657
TBX10	large intestine goblet cell	0.5720	0.3899
TCEA3	large intestine goblet cell	1.8934	0.3039
TFF1	large intestine goblet cell	2.4112	1.7700
TFF3	large intestine goblet cell	102.6733	78.5344
TMEM87B	large intestine goblet cell	1.0108	0.2556
TPCN1	large intestine goblet cell	1.4286	0.2635
TPSG1	large intestine goblet cell	0.7074	0.5503
USP54	large intestine goblet cell	2.1256	0.9708
VGLL4	large intestine goblet cell	2.2072	0.6473
WFDC2	large intestine goblet cell	3.9818	2.2858
WFDC3	large intestine goblet cell	0.8554	0.7114
WNK4	large intestine goblet cell	1.2749	0.6109
WNT9A	large intestine goblet cell	1.1291	0.8354
XACT	large intestine goblet cell	4.6764	2.3463
ZBTB7C	large intestine goblet cell	1.4689	0.5157
ZDHHC13	large intestine goblet cell	1.0938	0.6334
ZG16	large intestine goblet cell	168.7038	161.2102
ZNF552	large intestine goblet cell	0.7214	0.3312
ZNF846	large intestine goblet cell	0.9669	0.3038
ABCC4	mast cell	5.7817	2.9965
ABCF1	mast cell	1.9497	0.3338
ACSL4	mast cell	20.3189	17.3834
ADAM12	mast cell	5.9456	5.2296
ADCYAP1	mast cell	1.2697	1.2487
AFF2	mast cell	0.5432	0.4202
ALOX5AP	mast cell	5.6843	2.2298
ALS2	mast cell	0.5810	0.2589
AP1S3	mast cell	0.6574	0.2622
AP3S1	mast cell	1.5706	0.3655
AREG	mast cell	39.9547	5.6672
ARHGAP18	mast cell	5.5387	2.6496
ARHGEF6	mast cell	0.9196	0.3002
ATG12	mast cell	1.4002	0.3477
B4GALT5	mast cell	14.8670	8.6095
BACE2	mast cell	2.6126	0.8430
BATF	mast cell	3.3647	1.0313
BET1L	mast cell	0.5861	0.2787
BIRC3	mast cell	8.5354	3.5368
BZW1	mast cell	3.6149	0.8378
C5orf22	mast cell	0.7114	0.4504
CAPG	mast cell	1.8755	0.2571
CCDC141	mast cell	1.3594	0.9470
CCDC92	mast cell	1.2745	0.4454
CD44-AS1	mast cell	0.6213	0.4078
CD69	mast cell	13.5940	4.4461
CDC42EP3	mast cell	2.7745	0.3829
CDK15	mast cell	0.7945	0.4825
CDK8	mast cell	2.1356	0.6247
CHMP3-AS1	mast cell	0.6646	0.3590
CNRIP1	mast cell	0.9980	0.2595
CPA3	mast cell	20.1145	19.5423
CPEB4	mast cell	5.6136	0.7468
CPM	mast cell	9.4889	4.0087
CSF1	mast cell	1.5610	0.5837
CTNNBL1	mast cell	4.9660	2.3021
CTSG	mast cell	0.9426	0.9399
CTTNBP2	mast cell	3.9915	2.0854
CYTH3	mast cell	4.0890	0.6802
DAD1	mast cell	2.7351	1.0059
DUSP10	mast cell	2.3190	1.4077
EDARADD	mast cell	1.0776	0.8073
ELL2	mast cell	17.7076	4.7720
ELOVL7	mast cell	1.7205	0.2786
ENPP3	mast cell	1.8479	1.3446
ENSG00000227227	mast cell	0.9407	0.6880
ENSG00000234156	mast cell	1.8182	1.5169
ENSG00000234915	mast cell	0.6068	0.2501
ENSG00000236817	mast cell	0.5530	0.5082
ENSG00000237550	mast cell	1.5120	0.3390
ENSG00000243797	mast cell	3.5422	3.1630
ENSG00000250383	mast cell	0.7665	0.7148
ENSG00000259201	mast cell	1.0319	0.8309
ENSG00000271945	mast cell	0.6111	0.4688
ENSG00000283674	mast cell	2.6273	0.4375
ENSG00000285280	mast cell	2.8999	2.1262
ENSG00000285664	mast cell	1.6562	0.8136
ENSG00000286887	mast cell	0.7022	0.4416
ENSG00000289526	mast cell	0.8739	0.5191
ENSG00000289564	mast cell	3.5565	2.5626
ENSG00000289788	mast cell	1.2650	0.3043
ERMP1	mast cell	0.9933	0.4702
FAU	mast cell	22.5653	3.1725
FDX1	mast cell	5.3796	4.5065
FER	mast cell	21.0496	18.5885
FTH1	mast cell	124.9395	2.1814
GABPB1	mast cell	4.2353	1.4658
GALC	mast cell	4.5585	3.4236
GALNT6	mast cell	3.9765	3.5268
GATA2	mast cell	6.2389	5.7403
GCSAML	mast cell	1.4759	1.4653
GLUL	mast cell	7.5429	2.2498
GNA15	mast cell	1.3845	0.4060
GNS	mast cell	3.3074	1.2750
GPR65	mast cell	6.7423	4.7768
GSTM3	mast cell	2.9325	0.7926
HAX1	mast cell	1.1101	0.3534
HDC	mast cell	2.5990	2.5535
HECW2-AS1	mast cell	0.6926	0.2542
HISLA	mast cell	0.7310	0.3731
HOOK3	mast cell	3.0433	0.7092
HPGD	mast cell	3.4099	1.5670
HS6ST1	mast cell	0.7624	0.3169
IL13	mast cell	1.9817	1.9442
IL18R1	mast cell	14.1512	10.4126
IL1RL1	mast cell	8.7611	7.4467
IL4R	mast cell	4.4097	1.7720
IL5RA	mast cell	0.5108	0.3549
KIAA1549	mast cell	2.0332	1.2613
KIDINS220	mast cell	1.6630	0.3265
KIF13B	mast cell	5.4897	0.3902
LAPTM4A	mast cell	3.8566	0.7640
LAT2	mast cell	1.0435	0.3301
LAX1	mast cell	2.1349	1.5996
LEO1	mast cell	3.3699	2.9875
LINC01340	mast cell	0.5865	0.4620
LINC02147	mast cell	7.1290	4.1680
LINC02208	mast cell	1.5118	1.2310
LINC02539	mast cell	0.5198	0.4244
LINC02752	mast cell	0.6569	0.6486
LINC02829	mast cell	0.5072	0.5028
LMNA	mast cell	28.1276	10.0192
LPCAT2	mast cell	1.8175	0.5046
LTC4S	mast cell	1.6750	1.4142
MAOB	mast cell	1.1462	0.9659
MAPK1	mast cell	9.5958	6.4264
MAPK6	mast cell	5.8487	2.0917
MAPRE1	mast cell	1.8771	0.3633
MARCHF3	mast cell	8.1504	1.2391
MAST4	mast cell	4.7750	1.4176
METTL21A	mast cell	1.6423	0.3609
MIR3681HG	mast cell	0.6820	0.4774
MS4A2	mast cell	1.7049	1.5489
MSI2	mast cell	5.1075	0.8241
MTCL1	mast cell	1.1478	0.4162
NACA	mast cell	14.0320	1.1779
NDEL1	mast cell	4.1569	0.7243
NFAT5	mast cell	12.7460	4.3538
NFE2L2	mast cell	8.4067	0.2970
NFE2L3	mast cell	1.2695	0.3620
NFKB2	mast cell	1.6354	0.3586
NFKBIZ	mast cell	6.8799	1.8498
NMT2	mast cell	2.2657	1.5525
NSMCE1	mast cell	2.5586	1.7629
NSMCE1-DT	mast cell	2.2271	1.9805
NSUN6	mast cell	2.0311	0.4876
NUTM2A-AS1	mast cell	2.7622	1.5644
P2RX1	mast cell	1.8091	0.6034
P2RY14	mast cell	1.3457	0.7125
PAG1	mast cell	4.5341	1.0102
PAK1	mast cell	8.2125	3.2436
PAQR3	mast cell	0.8455	0.4340
PBX3	mast cell	2.3868	0.4106
PDE7B	mast cell	3.4823	1.2478
PDE7B-AS1	mast cell	1.3055	0.7592
PHF20	mast cell	15.0322	4.8727
PIGX	mast cell	0.8269	0.4652
PNMT	mast cell	2.4795	1.7649
PRKCA-AS1	mast cell	0.8477	0.2547
PRKD3	mast cell	2.6921	0.7672
PRKX	mast cell	8.5492	2.3310
PRKX-AS1	mast cell	1.5291	1.0077
PSMD1	mast cell	1.7946	0.2920
PZP	mast cell	0.6536	0.4357
RAB27B	mast cell	4.1481	3.5510
RAC2	mast cell	1.5335	0.2992
RBBP8	mast cell	4.3669	1.0981
RELB	mast cell	4.1115	1.7018
RFX2	mast cell	4.4117	0.4975
RHEX	mast cell	2.3214	2.1582
RIC1	mast cell	2.4809	0.7339
RNF130	mast cell	10.8560	5.0857
RNF145	mast cell	4.4789	1.8413
RPL11	mast cell	36.2988	3.3236
RPL14	mast cell	21.1078	3.4874
RPL22	mast cell	8.2861	1.5216
RPL24	mast cell	17.7048	1.8777
RPL26	mast cell	17.5605	1.4131
RPL32	mast cell	36.4804	0.7723
RPL34	mast cell	49.5054	9.5561
RPL37	mast cell	33.4119	0.8836
RPL5	mast cell	17.9309	0.4285
RPP38	mast cell	0.8833	0.3341
RPS6KA5	mast cell	3.5911	0.5068
RYR1	mast cell	0.6707	0.3638
SELENOK	mast cell	8.2346	3.9380
SIGLEC6	mast cell	0.6694	0.5997
SLC10A7	mast cell	1.3934	0.3143
SLC18A2	mast cell	2.4957	2.4087
SLC24A1	mast cell	1.1301	0.5793
SLC24A3	mast cell	22.5399	20.0954
SLC24A3-AS1	mast cell	0.7457	0.7208
SLC27A2	mast cell	1.1118	0.6537
SLC44A1	mast cell	3.1740	0.3127
SLC8A3	mast cell	0.7485	0.5439
SMAD3	mast cell	6.6170	1.9069
SMIM1	mast cell	0.6158	0.5303
SOCS1	mast cell	2.1386	1.0813
ST8SIA6	mast cell	1.4020	0.5473
SUSD1	mast cell	1.6930	0.9458
TBC1D14	mast cell	1.2015	0.3828
TIAM2	mast cell	1.9282	0.9398
TMEM233	mast cell	0.9556	0.8326
TMOD3	mast cell	8.6641	5.6545
TP53BP2	mast cell	1.9231	0.4165
TPSAB1	mast cell	58.5469	57.5678
TPSB2	mast cell	94.4941	93.4824
TRIM24	mast cell	1.8197	0.4156
TRIO	mast cell	7.7470	1.5170
TSEN54	mast cell	1.3310	0.3305
TUBGCP2	mast cell	1.2072	0.4833
VWA5A	mast cell	1.1242	0.5708
WNK3	mast cell	1.0734	0.9174
ZNF511	mast cell	0.7159	0.3993
ZNF704	mast cell	6.2403	4.5052
ASTE1	mature NK T cell	0.5925	0.2558
ATAD2	mature NK T cell	1.3156	0.2548
ATAD5	mature NK T cell	0.8014	0.2518
BCAS2	mature NK T cell	2.8929	0.7828
CDC42SE1	mature NK T cell	1.8025	0.4528
CHASERR	mature NK T cell	2.5692	0.3419
CITED2	mature NK T cell	2.8369	1.2578
CLSPN	mature NK T cell	0.6542	0.2645
COPB2	mature NK T cell	1.2690	0.2505
COX8BP	mature NK T cell	0.5326	0.4114
CUBN	mature NK T cell	1.1060	0.4714
CWC27	mature NK T cell	1.2644	0.4214
CXCR4	mature NK T cell	14.8611	0.4614
DNAJC21	mature NK T cell	1.4745	0.4188
DTL	mature NK T cell	0.5657	0.3340
ENSA	mature NK T cell	5.6366	2.4597
ENSG00000227598	mature NK T cell	0.7834	0.2753
ENSG00000229618	mature NK T cell	0.7760	0.4710
ENSG00000248969	mature NK T cell	1.4017	0.8609
ENSG00000250602	mature NK T cell	1.7662	0.9148
ENSG00000279602	mature NK T cell	1.2792	0.3456
ENSG00000287070	mature NK T cell	0.8432	0.2662
FCF1	mature NK T cell	0.6341	0.2569
FOSL2-AS1	mature NK T cell	0.6401	0.2813
FXYD5	mature NK T cell	4.6658	2.1253
H1-10	mature NK T cell	4.0498	0.6357
ID2	mature NK T cell	8.7374	0.9043
IL4I1	mature NK T cell	3.1723	1.4694
IL7R	mature NK T cell	35.6155	4.0852
KHDRBS1	mature NK T cell	2.2123	0.2797
LINC03004	mature NK T cell	0.5141	0.2823
MFF	mature NK T cell	0.9373	0.3307
MPV17L	mature NK T cell	0.7215	0.4492
MPZL3	mature NK T cell	4.2399	0.5052
POLR2K	mature NK T cell	1.3507	0.3745
PTPN11P3	mature NK T cell	0.6744	0.4426
RPL22L1	mature NK T cell	2.1118	0.4640
SCN1B	mature NK T cell	0.7416	0.5069
SEC11A	mature NK T cell	2.6385	0.4142
SNHG6	mature NK T cell	4.3559	0.4799
SUZ12	mature NK T cell	1.2621	0.3224
TMX4	mature NK T cell	2.9280	1.3108
TNFAIP3	mature NK T cell	31.2788	8.7636
TNFRSF25	mature NK T cell	1.4599	0.9040
TPGS2	mature NK T cell	0.6729	0.2853
TXNIP	mature NK T cell	12.6400	3.4818
XCL1	mature NK T cell	2.8089	0.6673
ZFP36L2	mature NK T cell	20.3329	2.2722
AATK	monocyte	1.5788	0.8916
ACAP2	monocyte	3.1450	0.2699
ACOD1	monocyte	0.5100	0.4304
ACOT9	monocyte	2.5364	0.7352
ACSL1	monocyte	15.8668	10.5334
ACSL3	monocyte	4.6468	1.3795
ACSL5	monocyte	3.5369	1.1683
ACTR2	monocyte	5.9274	1.6736
ACTR3	monocyte	6.5927	3.6164
ADAMTS2	monocyte	2.1168	0.5056
ADGRE2	monocyte	4.7109	0.5334
ADGRE3	monocyte	0.6887	0.6596
AGFG1	monocyte	4.1673	2.3786
AGTPBP1	monocyte	3.8667	1.5921
ALDH1A2	monocyte	1.4941	1.1366
ANKLE2	monocyte	1.9445	1.0734
ANP32A	monocyte	1.8555	0.9147
ANPEP	monocyte	7.2423	5.6029
ANTXR2	monocyte	9.3427	5.7733
AP1G1	monocyte	2.6298	1.1257
APLP2	monocyte	8.1015	4.5876
AQP9	monocyte	18.3349	17.9443
ARAP1	monocyte	1.2947	0.5512
ARFGAP3	monocyte	3.3466	0.7121
ARHGAP26	monocyte	19.3118	3.7990
ARHGEF2	monocyte	2.1504	0.9092
ARHGEF40	monocyte	0.9068	0.3299
ARL8A	monocyte	0.8131	0.3067
ARPC5	monocyte	4.0994	0.2807
ASPH	monocyte	8.4556	5.3397
ATP13A3	monocyte	15.1594	0.5123
ATP2B1	monocyte	21.9490	11.7882
ATP2B1-AS1	monocyte	1.5345	0.7294
ATP6V0D1	monocyte	2.2053	0.4120
ATP6V0E1	monocyte	4.2825	1.3371
B3GNT2	monocyte	0.8285	0.2767
B3GNTL1	monocyte	0.8566	0.5652
BACH1	monocyte	4.8909	0.7314
BASP1	monocyte	18.6561	10.9710
BCL2A1	monocyte	14.0107	11.9316
BID	monocyte	3.8841	0.5145
BNIP3L	monocyte	2.5375	0.3932
C3AR1	monocyte	2.4580	0.7397
C5AR1	monocyte	15.3829	10.2142
C9orf72	monocyte	2.8270	1.0778
CAMKK2	monocyte	1.5007	0.7874
CAP1	monocyte	3.0888	0.6318
CAPZA2	monocyte	2.3242	0.4514
CARD8	monocyte	2.1704	1.3897
CASP1	monocyte	0.6925	0.2788
CCL20	monocyte	11.6546	8.2555
CCRL2	monocyte	0.9954	0.4985
CD300E	monocyte	1.5830	1.3914
CD44	monocyte	23.9291	4.6389
CD82	monocyte	1.8243	0.6280
CEMIP	monocyte	1.2471	0.5225
CFLAR	monocyte	7.6608	1.5442
CHST15	monocyte	2.9960	0.9089
CHSY1	monocyte	3.5162	1.7222
CKAP4	monocyte	1.8142	1.2605
CLEC12A	monocyte	1.2819	0.8003
CLEC4E	monocyte	2.0984	1.5280
CLTC	monocyte	2.5596	0.2685
CMTM2	monocyte	0.6370	0.6024
COTL1	monocyte	6.3498	2.1214
CPD	monocyte	4.5655	1.6775
CPQ	monocyte	4.6750	2.2234
CR1	monocyte	1.0978	0.3011
CRK	monocyte	2.5771	0.9570
CSF3R	monocyte	6.6215	5.4844
CSGALNACT1	monocyte	4.4676	1.3250
CSGALNACT2	monocyte	5.2848	2.3975
CSNK1D	monocyte	3.5627	1.3899
CSTA	monocyte	1.5284	1.0639
CUL4A	monocyte	1.3706	0.2514
CUX1	monocyte	7.9827	3.0083
CXCL1	monocyte	2.2167	1.0185
CXCL2	monocyte	10.2618	3.4103
CXCL8	monocyte	77.5203	51.6737
CXCR2	monocyte	0.5567	0.5413
CYB5R4	monocyte	2.1790	1.1933
CYRIB	monocyte	9.5750	4.3577
CYTH4	monocyte	1.3896	0.7810
DDX60L	monocyte	4.7034	3.3924
DENND5A	monocyte	12.8168	9.6644
DGAT2	monocyte	0.6859	0.6629
DHX34	monocyte	1.9349	0.9846
DNAAF1	monocyte	0.5996	0.3952
DNAAF11	monocyte	0.5534	0.4315
DNAJC3	monocyte	2.5880	0.3489
DNAJC5	monocyte	2.6999	1.0080
DNMBP	monocyte	3.4479	1.0066
DOK3	monocyte	0.6266	0.3585
DOT1L	monocyte	1.2991	0.3113
DSE	monocyte	1.9884	0.3159
DYSF	monocyte	3.6836	2.7167
E2F3	monocyte	2.7281	1.6039
EAF1	monocyte	0.9421	0.4194
ECE1	monocyte	4.5059	2.1170
EFHD2	monocyte	2.7515	0.8997
EHD1	monocyte	4.3515	2.7565
EIF4E2	monocyte	2.4127	1.5524
ELF2	monocyte	8.6126	2.2039
EMILIN2	monocyte	5.0453	0.7328
ENSG00000188897	monocyte	1.8286	0.7896
ENSG00000225450	monocyte	1.2936	0.7680
ENSG00000251139	monocyte	1.3882	1.0825
ENSG00000272625	monocyte	0.8239	0.7472
ENSG00000279166	monocyte	1.9386	1.0255
ENSG00000285534	monocyte	3.9845	2.1299
ENSG00000286076	monocyte	3.0345	2.8555
ENSG00000287771	monocyte	0.9992	0.7974
ENSG00000288700	monocyte	0.5549	0.5091
ENSG00000288853	monocyte	0.6528	0.4561
EREG	monocyte	46.8071	38.7444
ERGIC1	monocyte	3.1424	1.3021
ETF1	monocyte	4.6145	1.2431
EVI2B	monocyte	3.6449	1.3027
FBXL13	monocyte	2.1373	1.9270
FBXL5	monocyte	2.3257	1.2817
FCAR	monocyte	2.5370	2.4687
FCER1G	monocyte	8.2781	1.4722
FCGR3B	monocyte	0.9168	0.7681
FCN1	monocyte	2.6848	2.5466
FERMT3	monocyte	2.8452	2.0774
FFAR2	monocyte	0.8158	0.7567
FGD4	monocyte	10.1504	2.9038
FGR	monocyte	3.6973	2.8234
FNDC3A	monocyte	10.3307	0.5614
FNDC3B	monocyte	22.7438	5.9237
FOXO3	monocyte	10.0126	1.6525
FPR1	monocyte	5.8336	5.1345
FPR2	monocyte	0.9947	0.9710
G0S2	monocyte	19.8791	15.2755
GAB2	monocyte	12.5260	2.2278
GCA	monocyte	1.5504	1.1898
GK	monocyte	13.5389	9.7774
GK-AS1	monocyte	0.9891	0.3358
GLIPR2	monocyte	1.7708	0.8169
GLT1D1	monocyte	2.2835	2.0156
GMFG	monocyte	2.5659	0.8805
GNAI2	monocyte	3.9079	0.7698
GNB2	monocyte	1.7136	0.6377
GPAT3	monocyte	2.9019	0.4012
GRAMD1A	monocyte	1.5052	0.4012
GSTO1	monocyte	1.7826	0.4274
H3-3A	monocyte	5.2527	2.7786
HAL	monocyte	0.5360	0.3202
HAVCR2	monocyte	2.1602	0.7504
HIF1A	monocyte	6.7843	0.3745
HPCAL1	monocyte	3.8232	1.0228
HPS3	monocyte	1.4249	0.3715
IFITM2	monocyte	13.9436	9.0190
IFNGR2	monocyte	4.5005	1.7199
IGF2R	monocyte	11.7250	7.8842
IL17RA	monocyte	1.0913	0.4521
IL1A	monocyte	1.4469	0.4545
IL1B	monocyte	25.5855	14.5108
IL1R1	monocyte	4.9595	0.7854
IL1R2	monocyte	12.2445	7.1529
IL1RN	monocyte	2.6664	1.8033
IL6R	monocyte	4.9733	2.5095
INSIG1	monocyte	6.4941	0.3341
INTS3	monocyte	0.6620	0.4359
IQGAP1	monocyte	7.7691	1.7368
IQSEC1	monocyte	2.7122	0.8508
IRAK1	monocyte	0.7567	0.3930
IRAK2	monocyte	4.9662	0.3814
IRAK3	monocyte	14.8558	6.0263
ITGAM	monocyte	1.2603	0.8865
ITGAX	monocyte	12.9994	10.0772
ITPRIP	monocyte	1.7471	0.5390
IVNS1ABP	monocyte	8.4483	5.1158
IWS1	monocyte	1.8038	0.7540
KCNG2	monocyte	0.7798	0.3743
KCNJ15	monocyte	0.6290	0.4280
KCTD20	monocyte	3.9101	1.8700
KIAA0825	monocyte	1.0240	0.5511
KLHL2	monocyte	2.8958	1.2679
KXD1	monocyte	0.7098	0.2963
LCP1	monocyte	12.8857	6.2746
LCP2	monocyte	9.2844	4.8483
LILRA5	monocyte	0.5773	0.4041
LILRB2	monocyte	1.3974	0.9266
LILRB3	monocyte	1.5234	1.0744
LIMK2	monocyte	3.7534	2.6259
LIN7A	monocyte	0.8586	0.6992
LINC00862	monocyte	1.4198	1.1973
LINC00877	monocyte	0.5903	0.3744
LIPN	monocyte	0.9645	0.7534
LOXHD1	monocyte	1.2676	1.2238
LPCAT1	monocyte	3.7094	2.2664
LRG1	monocyte	0.7521	0.3231
LRRK2	monocyte	1.7656	0.8998
LST1	monocyte	3.1802	0.7932
LTA4H	monocyte	1.1382	0.5840
LUCAT1	monocyte	13.8068	12.1948
LYPD3	monocyte	0.5604	0.2953
LYZ	monocyte	21.2787	0.6585
MAP2K1	monocyte	10.7933	5.2186
MAP2K3	monocyte	2.7215	1.1695
MAP3K20	monocyte	3.3710	0.7151
MAP3K8	monocyte	7.2857	0.4745
MAP4K4	monocyte	19.3804	9.3399
MAPKAPK2	monocyte	2.6163	0.6894
MBP	monocyte	4.9581	1.0890
MCEMP1	monocyte	1.3473	1.2803
MCL1	monocyte	12.7999	2.3288
MCTP1	monocyte	20.5601	5.1853
MELTF	monocyte	0.7734	0.4190
MGAM	monocyte	1.2454	1.0897
MIR223HG	monocyte	0.8897	0.5732
MIR3945HG	monocyte	2.0658	1.7525
MME	monocyte	0.7657	0.5895
MNDA	monocyte	3.5711	3.0192
MTF1	monocyte	1.3387	0.8646
MTMR3	monocyte	2.9917	1.1631
MTND5P32	monocyte	0.9077	0.8951
MXD1	monocyte	8.0460	3.8178
MYO1F	monocyte	4.0410	1.8475
MYO1G	monocyte	1.5939	1.2401
N4BP1	monocyte	4.9046	2.2603
NABP1	monocyte	4.7490	1.9589
NAMPT	monocyte	56.8947	30.0472
NAT9	monocyte	0.6576	0.4258
NBN	monocyte	1.8022	1.0179
NCF2	monocyte	2.9343	2.1621
NEAT1	monocyte	81.8722	25.2782
NEDD9	monocyte	8.3494	3.2163
NLRC4	monocyte	0.6818	0.5763
NLRP3	monocyte	2.3212	1.7529
NOCT	monocyte	1.5814	0.2523
NPEPL1	monocyte	1.1252	0.5567
NRDC	monocyte	1.5329	0.2833
NRIP3	monocyte	0.8376	0.3166
NUMB	monocyte	7.2189	4.4525
NXF1	monocyte	2.4096	0.5792
OAZ1	monocyte	7.7189	1.2770
OGDH	monocyte	3.0610	0.6410
OSCAR	monocyte	0.8363	0.6761
OSM	monocyte	0.7368	0.4470
OXSR1	monocyte	6.9436	2.7485
PADI4	monocyte	1.3310	1.2304
PCBP1-AS1	monocyte	1.3663	0.8019
PDE1B	monocyte	0.5191	0.3477
PDE4B	monocyte	17.1459	6.1426
PELATON	monocyte	1.1021	0.9657
PGD	monocyte	1.3799	0.7134
PHF20L1	monocyte	3.1151	0.6963
PIK3AP1	monocyte	4.1327	1.7463
PIK3R5	monocyte	13.2013	2.5391
PILRA	monocyte	1.9519	1.0598
PIM3	monocyte	1.5876	0.3401
PKM	monocyte	3.3515	0.8765
PLAUR	monocyte	29.8690	20.5140
PLBD1	monocyte	1.7367	0.8848
PLEK	monocyte	10.2099	4.3939
PLXNC1	monocyte	7.9507	5.3876
PNPLA8	monocyte	6.2481	2.2970
POLR1F	monocyte	3.2556	0.7958
PPCDC	monocyte	2.0707	1.2341
PPIF	monocyte	6.2575	4.8016
PPP1R35	monocyte	0.7758	0.4402
PPP1R3B	monocyte	1.0865	0.7033
PPP3R1	monocyte	0.5889	0.2987
PPP4R2	monocyte	2.5691	0.3487
PREX1	monocyte	4.3965	2.2155
PRKDC	monocyte	2.2721	0.5566
PROK2	monocyte	2.4419	2.1104
PRPSAP2	monocyte	0.8281	0.2624
PSEN1	monocyte	5.3882	1.1659
PTGS2	monocyte	7.6606	4.4909
PTK2B	monocyte	4.8178	2.1793
PTPN11	monocyte	2.7322	1.7699
PTPN12	monocyte	8.2939	3.8253
PTPRE	monocyte	6.0950	2.9575
PURB	monocyte	1.2064	0.4896
RAB22A	monocyte	1.3174	0.4518
RABGEF1	monocyte	0.8315	0.4391
RASSF2	monocyte	2.9622	0.5833
RBKS	monocyte	1.3786	0.3713
RETN	monocyte	0.9647	0.7637
RFLNB	monocyte	1.2088	0.3280
RGS2	monocyte	7.8775	0.4541
RILPL2	monocyte	9.9322	5.1607
RIT1	monocyte	1.3358	0.5934
RNASE2	monocyte	0.9985	0.8815
RNF10	monocyte	1.7105	0.2775
RNF13	monocyte	6.2542	1.3983
RNF144B	monocyte	11.3366	1.7090
RNF149	monocyte	10.6070	2.6638
RNF24	monocyte	2.8276	1.0941
S100A11	monocyte	12.9820	6.8737
S100A12	monocyte	7.2217	7.2102
S100A4	monocyte	18.1184	12.0988
S100A8	monocyte	59.5782	59.3570
S100A9	monocyte	92.3556	90.7858
SAMSN1	monocyte	27.7491	11.7788
SAT1	monocyte	47.5605	17.3387
SDCBP	monocyte	7.4981	1.3968
SEC24A	monocyte	2.8618	0.8310
SERINC3	monocyte	2.2712	0.2542
SERPINA1	monocyte	3.0206	1.8336
SERPINB1	monocyte	5.3062	2.6806
SERPINB2	monocyte	9.2771	8.9564
SERPINB8	monocyte	0.8449	0.4482
SERPINB9	monocyte	6.3775	0.4669
SH3BGRL3	monocyte	9.9668	3.3426
SHKBP1	monocyte	0.8617	0.3486
SIRPB1	monocyte	0.6671	0.4625
SLC11A1	monocyte	8.4735	7.8489
SLC11A2	monocyte	1.8425	0.2754
SLC12A6	monocyte	3.3914	1.5032
SLC16A6	monocyte	2.3022	0.6421
SLC22A4	monocyte	1.0631	0.7345
SLC25A37	monocyte	6.6220	5.7491
SLC31A2	monocyte	0.8760	0.4420
SLC39A8	monocyte	3.6509	2.0344
SLC43A2	monocyte	4.2880	1.0592
SLC6A6	monocyte	2.7449	1.4071
SLC9A8	monocyte	2.0025	0.5965
SNX10	monocyte	1.2392	0.4234
SOD2	monocyte	52.8001	31.7134
SP3	monocyte	2.8411	0.2689
SPI1	monocyte	2.8610	1.0543
SRGN	monocyte	62.8742	16.2970
SRPK1	monocyte	2.9400	1.3688
ST3GAL2	monocyte	2.2504	1.4877
STK10	monocyte	6.7217	3.2260
STK40	monocyte	2.1106	0.6773
STX3	monocyte	1.6279	0.3113
STX4	monocyte	2.3583	1.4003
STXBP2	monocyte	1.8737	1.4756
SUPT6H	monocyte	1.4903	0.2601
SUSD6	monocyte	3.8063	0.7507
SYNJ1	monocyte	1.6825	0.7099
TAF13	monocyte	1.0040	0.3762
TALDO1	monocyte	2.8126	1.5347
TBC1D7	monocyte	0.8263	0.3007
TCIRG1	monocyte	2.1087	1.5636
TDRD9	monocyte	0.6167	0.3556
TECPR2	monocyte	1.6846	1.3554
TFDP1	monocyte	2.3818	1.5789
THAP2	monocyte	0.9948	0.4789
THBS1	monocyte	31.9428	14.1811
THBS1-IT1	monocyte	0.9322	0.4911
TIMP1	monocyte	19.8484	14.7962
TKT	monocyte	4.4798	2.9192
TLE3	monocyte	1.1715	0.3227
TLR2	monocyte	6.6826	4.0307
TLR4	monocyte	1.2545	0.6628
TMEM154	monocyte	2.0433	0.6139
TMEM71	monocyte	2.3344	0.7409
TNFAIP6	monocyte	10.8987	7.9553
TNFAIP8	monocyte	4.7487	0.2915
TNFRSF1B	monocyte	9.8813	5.5844
TNFSF13B	monocyte	1.2675	0.2895
TNIP1	monocyte	3.1662	1.5109
TOM1	monocyte	3.3497	1.5562
TPD52L2	monocyte	1.2190	0.4919
TPST1	monocyte	3.4888	0.8980
TRAF1	monocyte	2.0966	1.0027
TREM1	monocyte	3.9349	3.7101
TRMT6	monocyte	0.9212	0.4292
TUT7	monocyte	4.7377	1.9939
TXNRD1	monocyte	3.3251	1.3947
UBAP1	monocyte	6.0184	2.5022
UBE2D1	monocyte	1.8770	0.6829
UBE2R2	monocyte	5.0015	1.6403
UBXN2B	monocyte	1.0730	0.5972
UGGT1	monocyte	0.9201	0.2910
UPP1	monocyte	4.7706	2.8635
VASP	monocyte	2.7716	1.3344
VCAN	monocyte	13.2640	10.9985
VNN1	monocyte	1.3820	1.2367
VNN2	monocyte	1.1389	1.0238
VNN3P	monocyte	0.7390	0.7219
VSIR	monocyte	1.8222	0.5301
WAS	monocyte	1.1286	0.4938
WDR1	monocyte	2.0196	0.2765
WDR26	monocyte	2.4879	0.2786
WTAP	monocyte	7.8682	1.2772
XRN2	monocyte	2.2393	0.4399
YIPF3	monocyte	0.8863	0.2503
ZEB2	monocyte	25.0868	0.5415
ZFC3H1	monocyte	5.6127	3.3611
ZMAT2	monocyte	1.0679	0.3183
ZNF189	monocyte	0.8363	0.5475
ZNF281	monocyte	1.6738	1.3280
ZNF429	monocyte	2.1916	1.6930
ZNF438	monocyte	3.7782	2.1164
ZSWIM8	monocyte	0.9817	0.5093
ZYX	monocyte	1.2391	0.4534
ABHD6	myeloid dendritic cell	0.8121	0.3291
AGPAT3	myeloid dendritic cell	1.1452	0.3000
ARL4C	myeloid dendritic cell	6.1654	0.3757
ARPC1B	myeloid dendritic cell	2.3076	0.2549
ARPC4	myeloid dendritic cell	1.2239	0.2559
ASAH1	myeloid dendritic cell	7.1365	0.2816
C1orf162	myeloid dendritic cell	2.4809	0.4653
CCR7	myeloid dendritic cell	2.5603	0.3885
CD1C	myeloid dendritic cell	0.8246	0.6805
CD74	myeloid dendritic cell	54.4535	2.9463
CLEC10A	myeloid dendritic cell	1.6956	0.8309
CST3	myeloid dendritic cell	24.1811	4.0109
CTSD	myeloid dendritic cell	17.3593	3.4462
CTSH	myeloid dendritic cell	2.4270	0.3306
CTSZ	myeloid dendritic cell	9.2076	0.6969
CXCL16	myeloid dendritic cell	2.6366	0.5107
DKK2	myeloid dendritic cell	1.0520	0.8758
EFCAB14	myeloid dendritic cell	1.5356	0.6797
EIF4B	myeloid dendritic cell	2.8556	0.5338
ERCC3	myeloid dendritic cell	0.8661	0.5356
ERP29	myeloid dendritic cell	1.6088	0.3425
FAM78A	myeloid dendritic cell	0.5006	0.2688
FCER1A	myeloid dendritic cell	1.0288	0.6503
GORASP1	myeloid dendritic cell	0.7100	0.3147
GPNMB	myeloid dendritic cell	11.0135	0.9755
GPR183	myeloid dendritic cell	18.0701	5.7085
GPX1	myeloid dendritic cell	9.5582	0.7105
HIP1	myeloid dendritic cell	5.3989	2.3341
HLA-DPA1	myeloid dendritic cell	15.0530	3.0374
HLA-DPB1	myeloid dendritic cell	20.6681	9.2282
HLA-DQA1	myeloid dendritic cell	4.5731	1.0083
HLA-DQA2	myeloid dendritic cell	1.8236	0.4079
HLA-DQB1	myeloid dendritic cell	4.9179	1.3399
HLA-DRA	myeloid dendritic cell	48.3752	14.0583
HLA-DRB1	myeloid dendritic cell	13.0795	4.0463
HLA-DRB5	myeloid dendritic cell	7.1420	1.9286
HLA-DRB6	myeloid dendritic cell	3.6985	1.2835
HPS4	myeloid dendritic cell	0.7235	0.3927
IDO1	myeloid dendritic cell	0.9143	0.6204
IFNAR1	myeloid dendritic cell	1.3681	0.3530
JAML	myeloid dendritic cell	3.2570	0.7557
LILRA4	myeloid dendritic cell	0.5316	0.5126
LRP8	myeloid dendritic cell	0.6267	0.4462
MRC2	myeloid dendritic cell	1.2921	0.4882
OTOAP1	myeloid dendritic cell	0.5119	0.2906
PCBP2	myeloid dendritic cell	2.4835	0.2821
PRKACA	myeloid dendritic cell	0.7949	0.2619
RGS10	myeloid dendritic cell	3.5743	0.4365
SGK1	myeloid dendritic cell	5.6595	0.8495
SULF2	myeloid dendritic cell	3.7777	1.5457
THOC5	myeloid dendritic cell	0.5724	0.2932
UBA52	myeloid dendritic cell	13.6800	1.1312
UCP2	myeloid dendritic cell	2.6586	0.7724
VAMP8	myeloid dendritic cell	3.1465	0.6365
ABCA1	myeloid leukocyte	27.8729	11.6702
ABHD12	myeloid leukocyte	1.7462	0.4047
ABHD5	myeloid leukocyte	4.2218	1.6189
ABR	myeloid leukocyte	8.8458	4.3699
ADAM17	myeloid leukocyte	3.9961	1.2805
ADAM9	myeloid leukocyte	2.3868	0.4435
ADCY3	myeloid leukocyte	1.4345	0.4988
AFF4	myeloid leukocyte	6.7183	1.8480
AGAP3	myeloid leukocyte	2.3026	0.9703
ALCAM	myeloid leukocyte	6.9108	2.8300
AMPD3	myeloid leukocyte	1.4894	0.3288
AMZ2	myeloid leukocyte	1.5384	0.4008
ANKH	myeloid leukocyte	14.4583	5.2126
AP2A2	myeloid leukocyte	3.5945	0.7606
AP3B1	myeloid leukocyte	3.5475	1.0025
APAF1	myeloid leukocyte	1.5240	0.6675
APBA1	myeloid leukocyte	1.6714	0.5588
ARHGAP21	myeloid leukocyte	3.8199	1.5152
ARL8B	myeloid leukocyte	8.4033	3.8155
ARMH3	myeloid leukocyte	1.7638	0.4432
ARSB	myeloid leukocyte	1.1897	0.2857
ASAP1	myeloid leukocyte	9.4616	0.5583
ATF6	myeloid leukocyte	6.9848	1.8022
ATG7	myeloid leukocyte	7.2568	0.4404
ATP1B3	myeloid leukocyte	26.4822	8.3048
ATP2A2	myeloid leukocyte	5.1004	1.1417
ATP2C1	myeloid leukocyte	3.0651	0.8877
ATP6V0A1	myeloid leukocyte	3.1927	1.3111
ATP6V0D2	myeloid leukocyte	5.3427	2.0654
ATP6V1B2	myeloid leukocyte	2.6102	0.6614
ATP6V1C1	myeloid leukocyte	2.7135	0.8981
ATP6V1H	myeloid leukocyte	2.9356	1.1136
B4GALT1	myeloid leukocyte	6.9287	2.0934
BANP	myeloid leukocyte	4.0059	0.8447
BCAT1	myeloid leukocyte	2.2693	0.3909
BNC2	myeloid leukocyte	7.4737	2.8110
BTAF1	myeloid leukocyte	3.4410	0.8031
BTBD7	myeloid leukocyte	8.3346	3.5250
C5AR2	myeloid leukocyte	2.2273	0.3443
CAPZB	myeloid leukocyte	4.9336	0.5266
CCDC26	myeloid leukocyte	0.9633	0.5080
CCDC88A	myeloid leukocyte	4.2517	0.6201
CD109	myeloid leukocyte	3.3727	1.8976
CD163L1	myeloid leukocyte	4.4668	0.5843
CD58	myeloid leukocyte	3.6268	0.2528
CD80	myeloid leukocyte	1.3395	0.6232
CD83	myeloid leukocyte	19.6198	5.6385
CD86	myeloid leukocyte	6.9361	0.4263
CELF1	myeloid leukocyte	3.1733	0.3984
CEP170	myeloid leukocyte	2.9271	0.5283
CHML	myeloid leukocyte	1.1191	0.2602
CLIP2	myeloid leukocyte	3.0220	1.5369
CMAHP	myeloid leukocyte	9.0607	2.4126
COL23A1	myeloid leukocyte	0.7309	0.3665
CPEB2	myeloid leukocyte	2.3257	0.5735
CTTNBP2NL	myeloid leukocyte	2.2018	0.3712
CYRIA	myeloid leukocyte	7.1965	1.6716
CYTH1	myeloid leukocyte	11.8914	1.0340
DAPK1	myeloid leukocyte	10.7067	5.4983
DENND1A	myeloid leukocyte	3.8687	1.3195
DIRC3	myeloid leukocyte	3.1276	0.3993
DISP1	myeloid leukocyte	1.7383	0.2677
DLEU2	myeloid leukocyte	6.9824	1.7087
DMXL1	myeloid leukocyte	3.2740	0.9910
DMXL2	myeloid leukocyte	9.5221	3.2866
DNAAF9	myeloid leukocyte	2.2516	0.7969
DNAJB6	myeloid leukocyte	6.5762	1.9553
DOCK2	myeloid leukocyte	3.6988	0.6862
DOCK4	myeloid leukocyte	47.1715	7.3819
DPYD	myeloid leukocyte	10.8521	1.5546
DYNC1H1	myeloid leukocyte	4.3947	1.3584
EDA	myeloid leukocyte	1.3262	0.3303
EDEM1	myeloid leukocyte	2.3599	0.9010
EEPD1	myeloid leukocyte	4.6386	2.4988
ELMO1	myeloid leukocyte	9.9666	1.7351
ENSG00000215861	myeloid leukocyte	0.7693	0.2823
ENSG00000233912	myeloid leukocyte	1.2801	0.4384
ENSG00000234147	myeloid leukocyte	1.5358	0.2947
ENSG00000249209	myeloid leukocyte	0.8671	0.5454
ENSG00000249738	myeloid leukocyte	1.0627	0.4846
ENSG00000249870	myeloid leukocyte	1.0065	0.2656
ENSG00000253675	myeloid leukocyte	0.6580	0.4631
ENSG00000260729	myeloid leukocyte	3.9651	1.3226
ENSG00000260911	myeloid leukocyte	1.1207	0.5232
ENSG00000261460	myeloid leukocyte	0.7159	0.3253
ENSG00000284649	myeloid leukocyte	2.8175	1.3439
ENSG00000289070	myeloid leukocyte	0.7236	0.2802
EPB41L3	myeloid leukocyte	9.9646	4.1409
ERCC8	myeloid leukocyte	0.7910	0.3349
ETV6	myeloid leukocyte	8.0199	2.2402
EVI5	myeloid leukocyte	2.8677	0.6354
EXOC4	myeloid leukocyte	5.1117	0.6668
FAM20C	myeloid leukocyte	1.1522	0.3030
FAM210A	myeloid leukocyte	1.7369	0.4293
FCHO2	myeloid leukocyte	5.6374	1.5281
FHIT	myeloid leukocyte	8.7817	3.2767
FMN1	myeloid leukocyte	15.7699	5.0740
FMNL2	myeloid leukocyte	15.5760	7.5340
FNBP1	myeloid leukocyte	17.9167	3.0435
FNIP2	myeloid leukocyte	10.5689	4.4008
FOXK2	myeloid leukocyte	3.7138	0.9674
FOXO1	myeloid leukocyte	5.7497	0.2614
FPR3	myeloid leukocyte	3.0654	0.3781
FRMD4A	myeloid leukocyte	10.0598	3.9053
FRMD4B	myeloid leukocyte	8.5016	2.0356
FUT10	myeloid leukocyte	0.6935	0.3024
GAK	myeloid leukocyte	1.4114	0.3114
GAS7	myeloid leukocyte	11.5910	5.1774
GBP2	myeloid leukocyte	3.3120	1.3268
GGA1	myeloid leukocyte	1.0124	0.3947
GLS	myeloid leukocyte	5.2340	0.3426
GLUD1	myeloid leukocyte	4.3626	0.4747
GNA12	myeloid leukocyte	4.8265	0.4729
GNA13	myeloid leukocyte	7.6604	2.4725
GNAQ	myeloid leukocyte	7.9764	2.4507
GPATCH2L	myeloid leukocyte	1.7896	0.7480
GPR107	myeloid leukocyte	1.1131	0.4160
GPR137B	myeloid leukocyte	5.6791	2.6043
GRB2	myeloid leukocyte	9.3966	2.0113
GSAP	myeloid leukocyte	2.6061	0.7705
HEATR5B	myeloid leukocyte	2.1809	1.0659
HK1	myeloid leukocyte	1.7487	0.4046
HNRNPC	myeloid leukocyte	13.1637	4.1126
HNRNPU	myeloid leukocyte	6.7888	0.7446
HS3ST2	myeloid leukocyte	2.6381	0.5189
IFI30	myeloid leukocyte	1.3497	0.3309
IQGAP2	myeloid leukocyte	17.1525	1.9898
IRF8	myeloid leukocyte	2.3381	0.2624
ITGA9	myeloid leukocyte	4.6338	1.9580
ITGAV	myeloid leukocyte	3.1607	0.5566
ITSN1	myeloid leukocyte	3.4434	1.1009
KCNE1	myeloid leukocyte	1.1748	0.3600
KCNK13	myeloid leukocyte	1.0833	0.4388
KIF1B	myeloid leukocyte	10.7640	5.3280
KLF7	myeloid leukocyte	2.2014	0.6512
KMO	myeloid leukocyte	6.1240	2.4861
KPNA4	myeloid leukocyte	3.2916	1.1422
KYNU	myeloid leukocyte	21.6846	5.4547
LARP4B	myeloid leukocyte	3.3476	1.2551
LDLRAD4	myeloid leukocyte	17.0285	3.6676
LHFPL2	myeloid leukocyte	2.6435	0.4299
LIMASI	myeloid leukocyte	2.1631	1.3129
LIMS1	myeloid leukocyte	10.2245	2.8999
LITAF	myeloid leukocyte	10.9173	0.5543
LNCAROD	myeloid leukocyte	7.2447	3.0078
LPXN	myeloid leukocyte	4.2508	0.3826
LRMDA	myeloid leukocyte	17.8098	7.9068
MAMLD1	myeloid leukocyte	2.0699	0.3938
MAN1A1	myeloid leukocyte	9.6619	1.9400
MANBA	myeloid leukocyte	9.6020	4.0706
MB21D2	myeloid leukocyte	6.8508	2.9113
MCOLN2	myeloid leukocyte	2.2066	0.4749
MDM2	myeloid leukocyte	2.6977	0.7920
ME1	myeloid leukocyte	2.0653	0.6122
MEF2A	myeloid leukocyte	5.4325	1.1758
MERTK	myeloid leukocyte	4.1580	0.6704
MFHAS1	myeloid leukocyte	1.6810	0.2635
MGAT1	myeloid leukocyte	4.7200	0.8757
MIR181A1HG	myeloid leukocyte	11.4519	5.0720
MIR3142HG	myeloid leukocyte	1.1264	0.5099
MITF	myeloid leukocyte	7.1725	2.3591
MOB3B	myeloid leukocyte	2.4016	0.7614
MRTFA	myeloid leukocyte	3.7497	0.4580
MS4A4E	myeloid leukocyte	3.6061	0.7497
MSR1	myeloid leukocyte	3.6300	0.2812
MTMR14	myeloid leukocyte	1.1656	0.3980
MYO5A	myeloid leukocyte	5.5800	1.1332
NCOR2	myeloid leukocyte	2.6554	0.8892
NFKB1	myeloid leukocyte	35.6838	2.9072
NFKBID	myeloid leukocyte	3.4961	1.0507
NHSL1	myeloid leukocyte	6.2354	2.4820
NPHS1	myeloid leukocyte	0.5408	0.3221
NPL	myeloid leukocyte	1.9829	0.2840
NR4A3	myeloid leukocyte	9.2531	1.1782
NRP1	myeloid leukocyte	6.5344	1.4267
NRP2	myeloid leukocyte	3.1678	0.4540
NT5C2	myeloid leukocyte	4.1979	1.4115
NUFIP2	myeloid leukocyte	3.9477	0.3520
OPA1	myeloid leukocyte	2.0193	0.6370
OPN3	myeloid leukocyte	1.3555	0.2598
P4HA1	myeloid leukocyte	3.6726	0.7006
PAPSS2	myeloid leukocyte	20.6330	10.2155
PARVB	myeloid leukocyte	3.2590	0.8545
PBRM1	myeloid leukocyte	2.6340	0.5000
PDE4DIP	myeloid leukocyte	2.5416	1.0196
PDGFC	myeloid leukocyte	3.5136	0.4596
PDK3	myeloid leukocyte	1.6660	0.3324
PEAK1	myeloid leukocyte	7.4917	0.3354
PHACTR1	myeloid leukocyte	5.6186	1.4605
PHLPP1	myeloid leukocyte	3.9228	0.7917
PIAS2	myeloid leukocyte	1.3920	0.5191
PID1	myeloid leukocyte	9.1717	1.1346
PLA2G7	myeloid leukocyte	2.4334	0.4417
PLAU	myeloid leukocyte	1.5951	0.5410
PLEKHM2	myeloid leukocyte	1.9181	0.5309
PLXDC2	myeloid leukocyte	21.5587	8.3890
PPARD	myeloid leukocyte	3.8738	0.6887
PPFIA1	myeloid leukocyte	1.8486	0.5740
PPIEL	myeloid leukocyte	0.8647	0.4620
PRCP	myeloid leukocyte	4.2774	1.2181
PTEN	myeloid leukocyte	4.8542	1.2403
PTPN1	myeloid leukocyte	9.0371	4.2075
PTPN9	myeloid leukocyte	0.8803	0.2609
QKI	myeloid leukocyte	23.4796	8.0779
RAB10	myeloid leukocyte	6.4766	1.4487
RAB20	myeloid leukocyte	4.1653	1.4263
RAB31	myeloid leukocyte	10.5500	3.8034
RAB7A	myeloid leukocyte	17.1535	5.7322
RALA	myeloid leukocyte	3.4009	1.0333
RAPGEF1	myeloid leukocyte	13.9490	0.7984
RASGEF1B	myeloid leukocyte	9.4797	3.5569
RASGRP3	myeloid leukocyte	4.7217	1.9393
RASSF3	myeloid leukocyte	6.4764	0.5089
RBM47	myeloid leukocyte	30.7353	12.3678
RCOR1	myeloid leukocyte	8.3007	2.9706
REL	myeloid leukocyte	12.4950	1.1021
RGS12	myeloid leukocyte	1.1808	0.5728
RIN2	myeloid leukocyte	3.2767	0.3315
RNF217	myeloid leukocyte	1.1212	0.3465
RNGTT	myeloid leukocyte	2.1670	0.3520
RREB1	myeloid leukocyte	2.8359	0.7446
SASH1	myeloid leukocyte	11.5896	5.5004
SCARB1	myeloid leukocyte	0.8710	0.2655
SDS	myeloid leukocyte	6.9734	1.6153
SEMA6B	myeloid leukocyte	2.8658	0.9780
SEPTIN7P2	myeloid leukocyte	1.3752	0.2505
SEPTIN9	myeloid leukocyte	3.0983	0.6552
SESTD1	myeloid leukocyte	5.9145	1.3518
SETDB2	myeloid leukocyte	1.1346	0.4052
SETX	myeloid leukocyte	2.5436	0.7302
SFMBT2	myeloid leukocyte	8.5048	1.8870
SGMS1	myeloid leukocyte	3.2873	0.7830
SH2B3	myeloid leukocyte	5.0681	1.4255
SH3BP5	myeloid leukocyte	6.8497	3.0555
SH3PXD2B	myeloid leukocyte	4.1798	1.5511
SHLD2	myeloid leukocyte	1.9565	0.4725
SIPA1L1	myeloid leukocyte	32.7478	2.2222
SLC16A10	myeloid leukocyte	12.0250	6.8778
SLC26A11	myeloid leukocyte	0.7852	0.3322
SLC38A6	myeloid leukocyte	1.0913	0.2738
SLC45A4	myeloid leukocyte	1.8678	0.5576
SLC4A7	myeloid leukocyte	4.0095	0.5798
SLC8A1	myeloid leukocyte	17.1592	7.3295
SLC8A1-AS1	myeloid leukocyte	0.8940	0.3468
SLC8B1	myeloid leukocyte	1.7902	0.6790
SLC9A9	myeloid leukocyte	4.7373	0.4238
SMOX	myeloid leukocyte	1.0123	0.7050
SNAPC1	myeloid leukocyte	1.8226	0.4242
SNX13	myeloid leukocyte	1.6803	0.5074
SNX29	myeloid leukocyte	4.8552	1.7596
SNX8	myeloid leukocyte	4.2483	1.9509
SNX9	myeloid leukocyte	16.2428	4.3579
SOAT1	myeloid leukocyte	2.2572	0.4828
SPAG9	myeloid leukocyte	11.8415	2.3507
SPIRE1	myeloid leukocyte	1.8187	0.6156
SPRED1	myeloid leukocyte	3.3723	0.3434
SRC	myeloid leukocyte	1.0364	0.3791
SRGAP1	myeloid leukocyte	5.9712	1.1913
SRGAP2	myeloid leukocyte	2.2131	0.7007
ST8SIA4	myeloid leukocyte	3.7556	0.7070
STEAP1B	myeloid leukocyte	2.2319	1.2765
STK24	myeloid leukocyte	4.6956	1.7942
STX11	myeloid leukocyte	3.8654	0.8499
STX18	myeloid leukocyte	1.8412	0.6486
SUMF1	myeloid leukocyte	4.5070	1.3771
TANK	myeloid leukocyte	10.5818	3.0207
TAOK3	myeloid leukocyte	8.9261	2.4561
TBC1D12	myeloid leukocyte	2.6924	0.8711
TBC1D22A	myeloid leukocyte	5.4017	0.6547
TBC1D8	myeloid leukocyte	4.1751	0.9282
TBC1D9	myeloid leukocyte	2.9509	0.8544
TBXAS1	myeloid leukocyte	5.7911	0.9551
TCF12	myeloid leukocyte	8.4191	1.5543
TENT2	myeloid leukocyte	3.3115	0.6280
TET2	myeloid leukocyte	10.0972	0.5482
TET3	myeloid leukocyte	1.9826	0.5753
TFRC	myeloid leukocyte	11.2446	3.0500
THADA	myeloid leukocyte	1.9785	0.3858
TIAM1	myeloid leukocyte	3.3857	0.2529
TMEM163	myeloid leukocyte	2.6231	1.1262
TMEM165	myeloid leukocyte	3.1747	0.2955
TPK1	myeloid leukocyte	2.2038	0.2771
TPRA1	myeloid leukocyte	2.4574	1.3369
TRIP12	myeloid leukocyte	2.8260	0.2746
TTYH3	myeloid leukocyte	2.6260	0.6784
UBAC2	myeloid leukocyte	4.5337	0.4670
UBASH3B	myeloid leukocyte	6.8271	3.4756
UBE2D3	myeloid leukocyte	8.3921	2.0593
UBE2E2	myeloid leukocyte	7.3851	3.1318
USP12	myeloid leukocyte	3.4015	0.7656
USP37	myeloid leukocyte	3.3312	0.3929
UST	myeloid leukocyte	13.9986	7.5517
UTRN	myeloid leukocyte	9.8447	1.4642
VPS26A	myeloid leukocyte	1.3761	0.3084
VTI1A	myeloid leukocyte	3.3062	0.3174
WDFY3	myeloid leukocyte	3.6640	0.7229
WDR7	myeloid leukocyte	1.8805	0.3294
XIST	myeloid leukocyte	9.2186	0.4991
YTHDF3	myeloid leukocyte	4.7359	1.1733
ZBTB46	myeloid leukocyte	1.2092	0.3170
ZC3H12C	myeloid leukocyte	3.2112	1.3372
ZFAND3	myeloid leukocyte	13.4614	1.2208
ZFX	myeloid leukocyte	1.8705	0.6056
ZFYVE16	myeloid leukocyte	4.0660	0.6363
ZMIZ1	myeloid leukocyte	2.9399	0.5312
ZNF124	myeloid leukocyte	1.1777	0.3388
ZNF141	myeloid leukocyte	2.9603	1.2668
ZNF331	myeloid leukocyte	18.2655	4.6243
ZNF33A	myeloid leukocyte	2.6332	0.5062
ZNF516	myeloid leukocyte	1.9330	0.8368
ZNF804A	myeloid leukocyte	1.9762	0.9506
ZSWIM6	myeloid leukocyte	19.6049	1.8896
ZZEF1	myeloid leukocyte	2.9687	0.9800
ACTA2	myofibroblast cell	38.4914	37.0952
ACTB	myofibroblast cell	68.4987	3.3535
ACTG2	myofibroblast cell	3.6371	3.5297
ACTN1	myofibroblast cell	4.7765	2.4735
ADAMTS1	myofibroblast cell	17.7047	9.3856
ADAMTS4	myofibroblast cell	15.0388	8.5721
ADAMTS8	myofibroblast cell	0.5226	0.3539
ADI1	myofibroblast cell	2.2502	0.4273
ADIRF	myofibroblast cell	24.4996	20.4000
ADRA2C	myofibroblast cell	1.1968	1.1722
AK6	myofibroblast cell	0.8577	0.2923
AKAP12	myofibroblast cell	7.7584	1.2891
ALKAL2	myofibroblast cell	0.6379	0.4390
ANAPC13	myofibroblast cell	1.3857	0.9002
ANAPC16	myofibroblast cell	3.3766	1.2274
ANAPC4	myofibroblast cell	0.7809	0.4071
ANGPT1	myofibroblast cell	0.9760	0.7112
ANGPTL4	myofibroblast cell	4.1526	1.8503
AOC3	myofibroblast cell	0.8140	0.7284
APOLD1	myofibroblast cell	7.0508	2.3200
APOOL	myofibroblast cell	0.8189	0.3827
ARF1	myofibroblast cell	4.6174	0.3298
ARHGEF17	myofibroblast cell	0.9652	0.7474
ARMCX1	myofibroblast cell	0.8710	0.4418
ATF4	myofibroblast cell	5.6008	2.0900
ATG101	myofibroblast cell	0.7797	0.2935
ATL3	myofibroblast cell	0.9449	0.3881
AVPR1A	myofibroblast cell	1.9527	1.8162
AXL	myofibroblast cell	4.6218	1.3752
BAG3	myofibroblast cell	3.3572	0.7051
BCAM	myofibroblast cell	2.1937	1.2342
BGN	myofibroblast cell	3.9335	3.5117
BRD8	myofibroblast cell	0.8842	0.3291
C11orf58	myofibroblast cell	2.8227	0.6367
C11orf96	myofibroblast cell	97.5289	78.8355
C1QTNF1	myofibroblast cell	1.8433	1.5160
C4orf3	myofibroblast cell	2.3941	0.5835
C5orf24	myofibroblast cell	0.8726	0.3083
CALD1	myofibroblast cell	24.8773	6.9856
CALM2	myofibroblast cell	17.0424	1.4192
CALU	myofibroblast cell	2.0028	0.5741
CAMK2G	myofibroblast cell	1.1541	0.3535
CAMLG	myofibroblast cell	1.6850	0.4487
CARMN	myofibroblast cell	0.9583	0.7013
CASQ2	myofibroblast cell	0.5258	0.4901
CAV2	myofibroblast cell	2.2362	0.6205
CAVIN1	myofibroblast cell	4.5117	1.0869
CAVIN3	myofibroblast cell	3.7377	2.8360
CCDC107	myofibroblast cell	1.6982	0.6520
CCDC3	myofibroblast cell	1.0424	0.5791
CCL2	myofibroblast cell	39.7800	18.0045
CCNI	myofibroblast cell	6.2272	1.6103
CCT8	myofibroblast cell	2.0649	0.9467
CD151	myofibroblast cell	2.6798	1.0977
CD81	myofibroblast cell	5.7783	0.3914
CDC42EP4	myofibroblast cell	1.6090	0.6830
CDC5L	myofibroblast cell	1.4935	0.4561
CDH6	myofibroblast cell	0.5336	0.2543
CDKN1A	myofibroblast cell	17.9993	9.6926
CDKN2C	myofibroblast cell	0.9372	0.7047
CDS2	myofibroblast cell	1.4378	0.5435
CEBPD	myofibroblast cell	20.1019	2.3092
CFL2	myofibroblast cell	1.3129	0.8451
CH25H	myofibroblast cell	6.6059	5.7218
CHMP3	myofibroblast cell	1.3087	0.2888
CHST3	myofibroblast cell	0.6588	0.3211
CLIP1	myofibroblast cell	3.3329	1.2017
CLN5	myofibroblast cell	0.6511	0.3986
CNN1	myofibroblast cell	3.5008	2.5061
CNR1	myofibroblast cell	0.7925	0.4648
COL18A1	myofibroblast cell	1.6464	0.3758
COL4A2	myofibroblast cell	5.9433	0.5700
COPS6	myofibroblast cell	1.3159	0.3653
COPS8	myofibroblast cell	1.3043	0.6903
COQ10B	myofibroblast cell	2.0662	0.2660
COX7A1	myofibroblast cell	2.5514	1.0067
CPNE3	myofibroblast cell	1.2599	0.5077
CRISPLD2	myofibroblast cell	15.1325	4.9278
CSPG4	myofibroblast cell	0.7697	0.6043
CSRP1	myofibroblast cell	8.9529	5.7868
CSRP2	myofibroblast cell	8.2675	5.8498
CTDSP2	myofibroblast cell	1.0414	0.5198
CYB5R3	myofibroblast cell	2.5234	0.6364
CYTH2	myofibroblast cell	0.8054	0.2538
DDIT4	myofibroblast cell	7.6509	1.5402
DELEC1	myofibroblast cell	0.6989	0.2881
DES	myofibroblast cell	2.8825	2.8241
DGCR6L	myofibroblast cell	0.6300	0.3061
DNAJB9	myofibroblast cell	3.2141	2.0589
DNTTIP2	myofibroblast cell	3.3180	1.1865
DRAP1	myofibroblast cell	1.2664	0.2770
DSTN	myofibroblast cell	39.6325	33.2652
DUSP14	myofibroblast cell	1.0768	0.7364
DYNC1I1	myofibroblast cell	0.5847	0.2618
DYRK3	myofibroblast cell	1.4938	0.7096
ECRG4	myofibroblast cell	1.1394	1.0989
EDNRA	myofibroblast cell	1.8270	1.5043
EFHD1	myofibroblast cell	2.2667	1.7920
EHD2	myofibroblast cell	1.8663	1.1823
EIF3G	myofibroblast cell	1.9315	0.3569
EIF4A2	myofibroblast cell	4.9065	1.0607
EIF4A3	myofibroblast cell	7.0550	2.3934
EIF4G2	myofibroblast cell	4.3759	0.4893
EIF5	myofibroblast cell	7.2790	0.2551
ELOC	myofibroblast cell	4.1828	1.6887
ENAH	myofibroblast cell	2.3973	0.2635
ENO2	myofibroblast cell	0.6052	0.4118
ENSG00000244953	myofibroblast cell	0.8715	0.4014
ENSG00000276900	myofibroblast cell	1.7934	0.6177
EOGT	myofibroblast cell	0.7086	0.2998
ESD	myofibroblast cell	1.4973	0.3478
FABP4	myofibroblast cell	5.2686	3.2946
FHL1	myofibroblast cell	5.3214	2.2536
FHL5	myofibroblast cell	3.9912	3.7646
FLII	myofibroblast cell	1.2092	0.5551
FLNA	myofibroblast cell	9.2994	6.2140
FMOD	myofibroblast cell	1.0266	0.7846
FOXC1	myofibroblast cell	3.0671	1.7865
FOXC2	myofibroblast cell	0.7589	0.6106
FRZB	myofibroblast cell	3.7943	3.3876
FYCO1	myofibroblast cell	0.7535	0.2920
GADD45B	myofibroblast cell	58.2221	40.4554
GDI2	myofibroblast cell	2.0541	0.4434
GEM	myofibroblast cell	7.5492	0.7850
GJA4	myofibroblast cell	5.1297	4.2533
GLA	myofibroblast cell	5.2929	1.5989
GNAS	myofibroblast cell	14.8306	5.6367
GPR108	myofibroblast cell	0.6917	0.2954
GPX3	myofibroblast cell	16.3132	1.6517
GUCY1A1	myofibroblast cell	1.7678	1.1965
GUCY1B1	myofibroblast cell	0.8150	0.3880
GUK1	myofibroblast cell	3.1389	0.7451
H3-3B	myofibroblast cell	41.3258	7.4752
HARS1	myofibroblast cell	1.5552	0.9888
HCFC1R1	myofibroblast cell	1.0591	0.6060
HEYL	myofibroblast cell	1.0978	0.8724
HMGN3	myofibroblast cell	2.0258	0.6725
HOMER1	myofibroblast cell	4.7845	1.3981
HSPA6	myofibroblast cell	2.3570	1.2144
HSPB1	myofibroblast cell	33.4137	24.5361
HSPB2	myofibroblast cell	0.5569	0.3242
HSPB6	myofibroblast cell	1.8959	1.1625
HSPB7	myofibroblast cell	1.5245	1.4901
HSPD1	myofibroblast cell	6.5156	0.5210
ICA1L	myofibroblast cell	0.7006	0.2590
ID3	myofibroblast cell	10.8293	1.7785
ID4	myofibroblast cell	5.3111	0.3866
IER2	myofibroblast cell	13.5273	0.3209
IER5L	myofibroblast cell	1.9978	0.3860
IGFBP6	myofibroblast cell	13.9271	3.9898
IGFBP7	myofibroblast cell	21.5089	7.5052
IL6	myofibroblast cell	3.9951	1.9168
INHBA	myofibroblast cell	0.5929	0.3174
INTS8	myofibroblast cell	0.9328	0.3983
IRAG1	myofibroblast cell	1.1878	0.9656
ISYNA1	myofibroblast cell	0.8542	0.3711
ITGA7	myofibroblast cell	1.0833	0.8473
ITGA8	myofibroblast cell	1.4956	0.7715
ITGB1	myofibroblast cell	6.6589	2.3688
ITIH3	myofibroblast cell	1.2830	1.2459
JAG1	myofibroblast cell	1.1914	0.4042
JPH2	myofibroblast cell	0.7725	0.7272
KANK2	myofibroblast cell	2.5908	1.3172
KCNAB1	myofibroblast cell	2.2511	2.2085
KCNE4	myofibroblast cell	1.8736	1.1023
KCNMB1	myofibroblast cell	0.9955	0.9640
KIAA0040	myofibroblast cell	2.5028	1.0417
KLF11	myofibroblast cell	1.3492	0.5062
KLF2	myofibroblast cell	13.6421	5.1833
KLF8	myofibroblast cell	0.5459	0.3163
KLF9	myofibroblast cell	7.5932	0.8103
LBH	myofibroblast cell	5.0941	3.6119
LDAF1	myofibroblast cell	0.7540	0.3585
LDHA	myofibroblast cell	21.3680	15.1361
LETR1	myofibroblast cell	1.2917	1.0680
LGALS1	myofibroblast cell	12.0717	0.7994
LGALSL	myofibroblast cell	0.8535	0.3022
LINC00702	myofibroblast cell	1.1245	1.0157
LMOD1	myofibroblast cell	8.3294	7.4913
LPP	myofibroblast cell	15.5940	2.5225
LRPAP1	myofibroblast cell	1.9962	0.6534
LRRC3	myofibroblast cell	0.5461	0.5099
LSM10	myofibroblast cell	0.7013	0.2963
LTBP1	myofibroblast cell	2.6492	1.7137
LYRM1	myofibroblast cell	1.2446	0.2659
MAF1	myofibroblast cell	1.1048	0.4363
MAGED2	myofibroblast cell	1.8638	1.0656
MAP1B	myofibroblast cell	7.5819	1.5977
MAT2A	myofibroblast cell	4.2883	0.7234
MCAM	myofibroblast cell	7.2733	5.8418
MEA1	myofibroblast cell	0.6608	0.3286
MEAF6	myofibroblast cell	1.8491	0.9773
MFGE8	myofibroblast cell	6.5491	1.9590
MIDN	myofibroblast cell	4.6678	0.6135
MLF2	myofibroblast cell	1.5133	0.2841
MMADHC	myofibroblast cell	1.3422	0.4205
MPLKIP	myofibroblast cell	0.8298	0.2953
MRFAP1	myofibroblast cell	3.4095	1.4462
MRPL13	myofibroblast cell	1.7225	0.5435
MRPL32	myofibroblast cell	2.1408	1.3064
MRPL33	myofibroblast cell	1.9399	0.8466
MRPL45	myofibroblast cell	1.5786	1.1745
MSRB3	myofibroblast cell	3.3938	1.9543
MT1A	myofibroblast cell	25.7202	24.6169
MT1M	myofibroblast cell	12.9688	9.9816
MT1X	myofibroblast cell	15.8712	13.3686
MT2A	myofibroblast cell	53.9045	41.1293
MTFMT	myofibroblast cell	0.6758	0.4057
MTHFD2	myofibroblast cell	4.4960	3.5772
MYC	myofibroblast cell	7.3028	3.5264
MYH11	myofibroblast cell	23.4473	22.4865
MYL6	myofibroblast cell	23.1114	9.1747
MYL9	myofibroblast cell	24.8848	22.6481
MYLK	myofibroblast cell	4.5987	3.1465
MYOCD	myofibroblast cell	1.1511	0.8255
NABP2	myofibroblast cell	1.1049	0.8690
NDUFA4	myofibroblast cell	6.7441	2.0271
NDUFA4L2	myofibroblast cell	0.6915	0.2519
NEXN	myofibroblast cell	5.1825	3.7948
NFIL3	myofibroblast cell	5.0883	1.1065
NGDN	myofibroblast cell	0.9157	0.3017
NGF	myofibroblast cell	0.7128	0.5189
NGRN	myofibroblast cell	0.5324	0.3122
NOL3	myofibroblast cell	1.2352	0.8313
NOLC1	myofibroblast cell	3.2594	1.5134
NOTCH3	myofibroblast cell	2.5440	1.9678
NPRL2	myofibroblast cell	0.6266	0.3466
NR2F2	myofibroblast cell	4.7463	1.7937
NSL1	myofibroblast cell	0.7892	0.2828
NSRP1	myofibroblast cell	1.7595	0.3849
NT5C3B	myofibroblast cell	0.7278	0.5243
NTF3	myofibroblast cell	1.0895	0.9277
NTRK2	myofibroblast cell	2.2151	1.7633
NTRK3	myofibroblast cell	2.1859	2.0331
OAT	myofibroblast cell	2.8245	0.2723
OBI1	myofibroblast cell	0.8495	0.2754
PALLD	myofibroblast cell	4.9733	2.4451
PARK7	myofibroblast cell	2.3050	0.4996
PCNP	myofibroblast cell	2.0046	0.5929
PDCD5	myofibroblast cell	1.6398	0.3133
PDCL3	myofibroblast cell	2.2403	0.3482
PDGFRB	myofibroblast cell	2.5765	1.3753
PDK4	myofibroblast cell	58.7701	40.5277
PDLIM3	myofibroblast cell	5.2205	3.6894
PDLIM7	myofibroblast cell	1.9353	1.3829
PHLDB2	myofibroblast cell	2.2249	0.4469
PIN1	myofibroblast cell	0.8397	0.3205
PIP4P2	myofibroblast cell	1.4132	1.1169
PLEKHO1	myofibroblast cell	2.4779	1.0060
PLN	myofibroblast cell	8.0269	7.8984
PLP2	myofibroblast cell	2.3941	0.5437
PLS3	myofibroblast cell	2.9127	1.3604
PM20D2	myofibroblast cell	0.5541	0.2548
PNMA1	myofibroblast cell	1.0168	0.5297
PNPT1	myofibroblast cell	1.0115	0.5479
PNRC1	myofibroblast cell	14.0355	1.2893
PPP1CB-DT	myofibroblast cell	0.9943	0.6900
PPP1R11	myofibroblast cell	0.9559	0.2614
PPP1R14A	myofibroblast cell	6.4276	5.5138
PPP1R1A	myofibroblast cell	0.5839	0.5677
PRDM16	myofibroblast cell	0.7512	0.3203
PRTG	myofibroblast cell	0.5984	0.4887
PSMA7	myofibroblast cell	3.3421	0.5100
PSMC3	myofibroblast cell	1.3832	0.5432
PSMC4	myofibroblast cell	1.4029	0.5175
PSMC5	myofibroblast cell	2.2560	1.3613
PSMD6	myofibroblast cell	0.9463	0.3003
PSMD8	myofibroblast cell	2.0475	0.4838
PTGIR	myofibroblast cell	1.1106	0.9556
PTH1R	myofibroblast cell	0.5989	0.4606
PTMA	myofibroblast cell	45.5441	1.1307
PTMS	myofibroblast cell	4.4762	1.6109
PTP4A3	myofibroblast cell	0.9932	0.6876
RASL11A	myofibroblast cell	1.8530	1.0602
RASL12	myofibroblast cell	0.7622	0.5375
RBFA	myofibroblast cell	0.7152	0.3498
RBPMS2	myofibroblast cell	0.5097	0.4052
RCAN2	myofibroblast cell	4.0593	0.4662
RERGL	myofibroblast cell	21.6854	21.4926
RGS16	myofibroblast cell	6.0272	1.4389
RGS5	myofibroblast cell	9.1573	3.0816
RGS6	myofibroblast cell	2.2506	1.8522
RHOA	myofibroblast cell	8.0106	2.6138
RHOB	myofibroblast cell	23.5937	11.8743
RND3	myofibroblast cell	7.0796	2.5065
RNH1	myofibroblast cell	1.6500	0.2500
RO60	myofibroblast cell	1.2954	0.3007
RRAD	myofibroblast cell	3.4806	2.0461
RRAGC	myofibroblast cell	0.5425	0.2557
RRAGC-DT	myofibroblast cell	1.6999	0.9273
RRAS	myofibroblast cell	2.0131	1.0523
RTL8A	myofibroblast cell	0.8142	0.4462
RTL8C	myofibroblast cell	1.0670	0.5250
RWDD1	myofibroblast cell	1.7005	0.2589
RYR2	myofibroblast cell	1.5651	1.4312
S1PR3	myofibroblast cell	1.4208	0.9843
SAFB2	myofibroblast cell	1.6284	0.2587
SBDS	myofibroblast cell	4.5980	0.7370
SDAD1	myofibroblast cell	0.8470	0.3613
SELE	myofibroblast cell	1.9533	0.8519
SELENOM	myofibroblast cell	8.1636	5.0900
SEPTIN4	myofibroblast cell	0.5860	0.2917
SERPINI1	myofibroblast cell	0.5879	0.3755
SERTAD3	myofibroblast cell	1.0214	0.5033
SGCA	myofibroblast cell	0.9388	0.8358
SGCB	myofibroblast cell	1.5241	0.8111
SH3BGRL	myofibroblast cell	3.1037	0.4979
SKA2	myofibroblast cell	0.7743	0.2624
SLC22A3	myofibroblast cell	0.6031	0.4682
SLC25A4	myofibroblast cell	2.0581	0.7494
SLC38A2	myofibroblast cell	9.8621	0.5682
SLC48A1	myofibroblast cell	0.5880	0.2769
SLC7A2	myofibroblast cell	2.7872	0.8236
SMARCD3	myofibroblast cell	0.7611	0.4942
SMIM12	myofibroblast cell	0.8522	0.3362
SMTN	myofibroblast cell	1.5150	0.6611
SNAI2	myofibroblast cell	1.4929	0.9059
SNCG	myofibroblast cell	2.4176	1.4503
SNHG15	myofibroblast cell	1.6840	1.1300
SNRNP25	myofibroblast cell	0.8417	0.3919
SOD3	myofibroblast cell	3.0804	0.5824
SORBS2	myofibroblast cell	7.8337	1.2359
SORT1	myofibroblast cell	2.2721	1.3228
SP1	myofibroblast cell	0.8189	0.3824
SPEG	myofibroblast cell	0.5208	0.4347
SRL	myofibroblast cell	0.5584	0.4452
SSB	myofibroblast cell	2.0592	0.3347
STAC2	myofibroblast cell	0.5303	0.4589
STK38L	myofibroblast cell	1.8293	0.6256
STRAP	myofibroblast cell	2.2919	0.8366
SUSD5	myofibroblast cell	0.8522	0.7969
SYNPO2	myofibroblast cell	4.7989	3.5443
SYPL1	myofibroblast cell	2.1910	0.8777
TAGLN	myofibroblast cell	88.2458	86.4432
TBCB	myofibroblast cell	1.8528	0.5448
TBX2	myofibroblast cell	1.1961	0.7159
TCEAL1	myofibroblast cell	0.7766	0.3967
TCEAL9	myofibroblast cell	2.5680	1.0669
TGFB1I1	myofibroblast cell	1.0305	0.5440
TGM2	myofibroblast cell	1.7835	1.1910
TINAGL1	myofibroblast cell	2.1944	0.9808
TLN1	myofibroblast cell	4.0349	1.6573
TMEM120A	myofibroblast cell	1.2681	0.8663
TMEM47	myofibroblast cell	1.2738	0.4873
TNC	myofibroblast cell	3.9348	2.7426
TNS1	myofibroblast cell	4.1121	2.5384
TOB1	myofibroblast cell	5.9057	1.3225
TPM2	myofibroblast cell	37.4850	35.7472
TRIP10	myofibroblast cell	1.2735	0.5399
TTC23	myofibroblast cell	0.6517	0.4045
TUBB6	myofibroblast cell	2.0509	0.3502
TUSC1	myofibroblast cell	0.5673	0.2702
TWSG1	myofibroblast cell	1.4645	0.5335
TXLNA	myofibroblast cell	1.0988	0.2887
UBA2	myofibroblast cell	2.2129	0.8424
UBQLN2	myofibroblast cell	0.6300	0.3657
UBR1	myofibroblast cell	5.4934	0.9922
USP2	myofibroblast cell	0.8890	0.4512
UTP11	myofibroblast cell	0.8435	0.4208
VAPA	myofibroblast cell	3.9306	0.6301
VASN	myofibroblast cell	1.6431	0.5939
WTIP	myofibroblast cell	1.5239	1.3557
YBX3	myofibroblast cell	13.4659	4.7906
YWHAH	myofibroblast cell	3.2285	1.4238
ZBED5	myofibroblast cell	2.1259	1.6380
ZFP36	myofibroblast cell	32.2885	8.5505
ZFP36L1	myofibroblast cell	12.3613	3.1158
ZFYVE21	myofibroblast cell	1.8267	1.3639
ZNF302	myofibroblast cell	0.8334	0.2778
ZNF627	myofibroblast cell	0.7945	0.4317
ZNF771	myofibroblast cell	0.6433	0.4483
ZSWIM7	myofibroblast cell	0.9414	0.4456
AAK1	naive thymus-derived CD4-positive, alpha-beta T cell	6.7681	2.0000
ABHD18	naive thymus-derived CD4-positive, alpha-beta T cell	1.3623	0.2750
ABLIM1	naive thymus-derived CD4-positive, alpha-beta T cell	10.8654	5.2804
ABTB3	naive thymus-derived CD4-positive, alpha-beta T cell	17.5657	10.9372
ADAR	naive thymus-derived CD4-positive, alpha-beta T cell	1.3771	0.2702
AFG2A	naive thymus-derived CD4-positive, alpha-beta T cell	1.7098	0.4886
AK5	naive thymus-derived CD4-positive, alpha-beta T cell	0.8031	0.3846
AKAP10	naive thymus-derived CD4-positive, alpha-beta T cell	1.2252	0.3481
ALG13	naive thymus-derived CD4-positive, alpha-beta T cell	4.7657	1.4800
ANKIB1	naive thymus-derived CD4-positive, alpha-beta T cell	2.0112	0.4215
ANKRD13C	naive thymus-derived CD4-positive, alpha-beta T cell	3.1246	1.0041
ANKRD26	naive thymus-derived CD4-positive, alpha-beta T cell	1.4437	0.5069
APBA2	naive thymus-derived CD4-positive, alpha-beta T cell	5.2960	1.8874
ARHGAP15	naive thymus-derived CD4-positive, alpha-beta T cell	22.6114	6.9856
ARHGAP45	naive thymus-derived CD4-positive, alpha-beta T cell	0.8830	0.2533
ATM	naive thymus-derived CD4-positive, alpha-beta T cell	7.2060	3.9405
ATP8A1	naive thymus-derived CD4-positive, alpha-beta T cell	12.3072	1.7253
ATP9B	naive thymus-derived CD4-positive, alpha-beta T cell	3.3811	0.4345
ATRX	naive thymus-derived CD4-positive, alpha-beta T cell	3.9495	0.3572
ATXN7	naive thymus-derived CD4-positive, alpha-beta T cell	3.5963	0.6273
BACH2	naive thymus-derived CD4-positive, alpha-beta T cell	52.2469	20.9274
BAZ1A	naive thymus-derived CD4-positive, alpha-beta T cell	6.2426	0.6502
BCL11B	naive thymus-derived CD4-positive, alpha-beta T cell	12.5033	3.2868
BIN2	naive thymus-derived CD4-positive, alpha-beta T cell	1.6135	0.4338
BIRC6	naive thymus-derived CD4-positive, alpha-beta T cell	5.1984	1.1516
C11orf65	naive thymus-derived CD4-positive, alpha-beta T cell	0.5441	0.3191
C1GALT1	naive thymus-derived CD4-positive, alpha-beta T cell	0.9380	0.2585
CA5B	naive thymus-derived CD4-positive, alpha-beta T cell	1.4552	0.4539
CAMKMT	naive thymus-derived CD4-positive, alpha-beta T cell	4.1483	1.9081
CAPN7	naive thymus-derived CD4-positive, alpha-beta T cell	1.8098	0.4497
CAPZA1	naive thymus-derived CD4-positive, alpha-beta T cell	5.0657	1.0934
CASS4	naive thymus-derived CD4-positive, alpha-beta T cell	1.8636	0.3048
CCDC18-AS1	naive thymus-derived CD4-positive, alpha-beta T cell	1.5578	0.4465
CCDC57	naive thymus-derived CD4-positive, alpha-beta T cell	2.3781	1.8187
CCM2	naive thymus-derived CD4-positive, alpha-beta T cell	3.3308	1.3736
CD55	naive thymus-derived CD4-positive, alpha-beta T cell	16.3829	2.6459
CD6	naive thymus-derived CD4-positive, alpha-beta T cell	4.9298	1.8599
CDK11B	naive thymus-derived CD4-positive, alpha-beta T cell	1.1695	0.2504
CENPC	naive thymus-derived CD4-positive, alpha-beta T cell	3.5520	0.4625
CFAP299	naive thymus-derived CD4-positive, alpha-beta T cell	2.0075	1.8290
CHRM3-AS2	naive thymus-derived CD4-positive, alpha-beta T cell	0.7011	0.2730
CLASP2	naive thymus-derived CD4-positive, alpha-beta T cell	7.1856	1.0743
CLEC2D	naive thymus-derived CD4-positive, alpha-beta T cell	6.2047	0.3615
CMSS1	naive thymus-derived CD4-positive, alpha-beta T cell	15.7676	6.7802
CNOT6L	naive thymus-derived CD4-positive, alpha-beta T cell	29.5430	5.0729
CNST	naive thymus-derived CD4-positive, alpha-beta T cell	2.9369	0.4507
COMMD10	naive thymus-derived CD4-positive, alpha-beta T cell	2.6432	0.2990
CPB2-AS1	naive thymus-derived CD4-positive, alpha-beta T cell	1.1349	0.2958
CRLF3	naive thymus-derived CD4-positive, alpha-beta T cell	1.9980	0.7439
CRTC3	naive thymus-derived CD4-positive, alpha-beta T cell	2.8858	1.3116
CTCF	naive thymus-derived CD4-positive, alpha-beta T cell	1.5414	0.4998
CTH	naive thymus-derived CD4-positive, alpha-beta T cell	1.1736	0.2977
CYTIP	naive thymus-derived CD4-positive, alpha-beta T cell	7.9617	2.1238
DDX6	naive thymus-derived CD4-positive, alpha-beta T cell	3.4087	0.8826
DEAF1	naive thymus-derived CD4-positive, alpha-beta T cell	3.8001	1.8419
DGKZ	naive thymus-derived CD4-positive, alpha-beta T cell	0.7414	0.3358
DIPK1A	naive thymus-derived CD4-positive, alpha-beta T cell	2.1169	0.3942
DISC1FP1	naive thymus-derived CD4-positive, alpha-beta T cell	0.7209	0.3405
DOCK10	naive thymus-derived CD4-positive, alpha-beta T cell	15.7448	5.6453
DPEP2	naive thymus-derived CD4-positive, alpha-beta T cell	0.7280	0.2832
DPM1	naive thymus-derived CD4-positive, alpha-beta T cell	1.0220	0.2785
DPP4	naive thymus-derived CD4-positive, alpha-beta T cell	1.1828	0.4993
DYM	naive thymus-derived CD4-positive, alpha-beta T cell	3.0693	0.8356
EEFSEC	naive thymus-derived CD4-positive, alpha-beta T cell	1.0606	0.2738
ELF1	naive thymus-derived CD4-positive, alpha-beta T cell	12.3076	2.0545
ELP2	naive thymus-derived CD4-positive, alpha-beta T cell	1.6312	0.3602
ENSG00000228655	naive thymus-derived CD4-positive, alpha-beta T cell	4.8744	0.8871
ENSG00000251034	naive thymus-derived CD4-positive, alpha-beta T cell	0.8814	0.3296
ENSG00000255158	naive thymus-derived CD4-positive, alpha-beta T cell	0.7961	0.4224
ENSG00000266049	naive thymus-derived CD4-positive, alpha-beta T cell	15.0540	5.7008
ENSG00000280138	naive thymus-derived CD4-positive, alpha-beta T cell	6.8294	2.4691
ENSG00000286145	naive thymus-derived CD4-positive, alpha-beta T cell	1.4698	0.3696
ENSG00000290067	naive thymus-derived CD4-positive, alpha-beta T cell	4.4043	0.8848
EPB41	naive thymus-derived CD4-positive, alpha-beta T cell	5.5334	1.1932
EPHA1-AS1	naive thymus-derived CD4-positive, alpha-beta T cell	1.0404	0.4834
ERCC6L2	naive thymus-derived CD4-positive, alpha-beta T cell	1.0231	0.2621
FAM177A1	naive thymus-derived CD4-positive, alpha-beta T cell	7.5697	0.2788
FBXO33	naive thymus-derived CD4-positive, alpha-beta T cell	2.8407	0.6103
FGD3	naive thymus-derived CD4-positive, alpha-beta T cell	1.4197	0.3322
FILIP1L	naive thymus-derived CD4-positive, alpha-beta T cell	7.2219	2.3602
FIRRM	naive thymus-derived CD4-positive, alpha-beta T cell	0.7997	0.4194
FKBP5	naive thymus-derived CD4-positive, alpha-beta T cell	19.3785	3.2166
FNBP4	naive thymus-derived CD4-positive, alpha-beta T cell	3.1658	0.6401
GARRE1	naive thymus-derived CD4-positive, alpha-beta T cell	2.8444	1.2085
GCC2	naive thymus-derived CD4-positive, alpha-beta T cell	3.3243	0.2506
GCNT4	naive thymus-derived CD4-positive, alpha-beta T cell	1.1452	0.4804
GPCPD1	naive thymus-derived CD4-positive, alpha-beta T cell	9.7059	0.9320
GRAP2	naive thymus-derived CD4-positive, alpha-beta T cell	2.0656	0.3207
HS2ST1	naive thymus-derived CD4-positive, alpha-beta T cell	1.7025	0.4860
IKZF1	naive thymus-derived CD4-positive, alpha-beta T cell	8.3248	2.8127
INPP4A	naive thymus-derived CD4-positive, alpha-beta T cell	4.0969	0.8615
ITFG2	naive thymus-derived CD4-positive, alpha-beta T cell	0.7392	0.2535
ITPKB	naive thymus-derived CD4-positive, alpha-beta T cell	8.8049	4.2121
JPX	naive thymus-derived CD4-positive, alpha-beta T cell	2.2602	0.7931
KAT6A	naive thymus-derived CD4-positive, alpha-beta T cell	10.1207	2.7750
KCNQ5	naive thymus-derived CD4-positive, alpha-beta T cell	3.1348	0.3765
KIAA1958	naive thymus-derived CD4-positive, alpha-beta T cell	1.3805	0.6947
KLHDC1	naive thymus-derived CD4-positive, alpha-beta T cell	0.5082	0.2584
LCLAT1	naive thymus-derived CD4-positive, alpha-beta T cell	3.1791	2.1400
LEF1	naive thymus-derived CD4-positive, alpha-beta T cell	7.6266	5.3741
LEF1-AS1	naive thymus-derived CD4-positive, alpha-beta T cell	0.9181	0.8447
LEPROTL1	naive thymus-derived CD4-positive, alpha-beta T cell	8.2981	1.9428
LINC01619	naive thymus-derived CD4-positive, alpha-beta T cell	11.3491	0.4576
LINC01891	naive thymus-derived CD4-positive, alpha-beta T cell	0.6212	0.2701
LMBR1	naive thymus-derived CD4-positive, alpha-beta T cell	5.1401	2.6533
LRCH3	naive thymus-derived CD4-positive, alpha-beta T cell	2.6706	0.3061
MAGED1	naive thymus-derived CD4-positive, alpha-beta T cell	1.3383	0.3190
MAML2	naive thymus-derived CD4-positive, alpha-beta T cell	16.7570	5.0900
MAP3K2	naive thymus-derived CD4-positive, alpha-beta T cell	4.1502	0.5205
MAPK14	naive thymus-derived CD4-positive, alpha-beta T cell	1.5914	0.3215
MARCHF6	naive thymus-derived CD4-positive, alpha-beta T cell	3.4382	0.4986
MCUB	naive thymus-derived CD4-positive, alpha-beta T cell	4.4434	1.9593
MECP2	naive thymus-derived CD4-positive, alpha-beta T cell	4.7648	0.6539
MGAT4A	naive thymus-derived CD4-positive, alpha-beta T cell	4.6210	1.7968
MLLT3	naive thymus-derived CD4-positive, alpha-beta T cell	6.1308	2.2849
MPP7	naive thymus-derived CD4-positive, alpha-beta T cell	5.5340	1.3967
MSL2	naive thymus-derived CD4-positive, alpha-beta T cell	2.5258	0.2748
MTR	naive thymus-derived CD4-positive, alpha-beta T cell	1.5576	0.4706
NAA16	naive thymus-derived CD4-positive, alpha-beta T cell	2.8275	1.7334
NBDY	naive thymus-derived CD4-positive, alpha-beta T cell	1.8559	0.6395
NBPF15	naive thymus-derived CD4-positive, alpha-beta T cell	0.6965	0.3432
NCK2	naive thymus-derived CD4-positive, alpha-beta T cell	3.8347	0.6867
NDFIP1	naive thymus-derived CD4-positive, alpha-beta T cell	16.8107	12.4292
NELL2	naive thymus-derived CD4-positive, alpha-beta T cell	7.1814	6.5696
NFATC3	naive thymus-derived CD4-positive, alpha-beta T cell	2.0942	0.6941
NOSIP	naive thymus-derived CD4-positive, alpha-beta T cell	1.1951	0.2943
NPAT	naive thymus-derived CD4-positive, alpha-beta T cell	1.5428	0.4880
NT5DC1	naive thymus-derived CD4-positive, alpha-beta T cell	1.2047	0.2922
NUCB2	naive thymus-derived CD4-positive, alpha-beta T cell	1.2920	0.2994
NUP98	naive thymus-derived CD4-positive, alpha-beta T cell	4.0491	0.3486
OGT	naive thymus-derived CD4-positive, alpha-beta T cell	4.4829	1.1540
OXNAD1	naive thymus-derived CD4-positive, alpha-beta T cell	5.5303	1.3996
PABPC1	naive thymus-derived CD4-positive, alpha-beta T cell	18.3313	4.0060
PACS1	naive thymus-derived CD4-positive, alpha-beta T cell	5.7208	0.8555
PCAT1	naive thymus-derived CD4-positive, alpha-beta T cell	3.5506	1.3548
PCM1	naive thymus-derived CD4-positive, alpha-beta T cell	3.7597	0.5633
PCSK7	naive thymus-derived CD4-positive, alpha-beta T cell	1.6736	0.3044
PDS5A	naive thymus-derived CD4-positive, alpha-beta T cell	3.3882	0.2769
PGAP1	naive thymus-derived CD4-positive, alpha-beta T cell	3.9477	0.6531
PHC3	naive thymus-derived CD4-positive, alpha-beta T cell	3.3412	0.9591
PHF12	naive thymus-derived CD4-positive, alpha-beta T cell	1.9651	0.3979
PHLDB3	naive thymus-derived CD4-positive, alpha-beta T cell	2.9282	1.9879
PIK3CD	naive thymus-derived CD4-positive, alpha-beta T cell	1.7990	0.7277
PIK3IP1	naive thymus-derived CD4-positive, alpha-beta T cell	2.3005	0.4798
PKIA	naive thymus-derived CD4-positive, alpha-beta T cell	2.4990	1.3293
PKIA-AS1	naive thymus-derived CD4-positive, alpha-beta T cell	0.9328	0.4502
PLCL1	naive thymus-derived CD4-positive, alpha-beta T cell	5.9183	0.5903
PPP1R2	naive thymus-derived CD4-positive, alpha-beta T cell	3.9221	0.3149
PPP2R2D	naive thymus-derived CD4-positive, alpha-beta T cell	1.5958	0.3860
PPP3CC	naive thymus-derived CD4-positive, alpha-beta T cell	3.2543	0.8632
PPP6R3	naive thymus-derived CD4-positive, alpha-beta T cell	4.3454	0.6112
PRKAR2A	naive thymus-derived CD4-positive, alpha-beta T cell	5.2093	1.8718
PRKCA	naive thymus-derived CD4-positive, alpha-beta T cell	13.6755	2.5199
PRKCQ-AS1	naive thymus-derived CD4-positive, alpha-beta T cell	2.1939	0.7114
PRKN	naive thymus-derived CD4-positive, alpha-beta T cell	3.5371	0.9922
PRMT2	naive thymus-derived CD4-positive, alpha-beta T cell	2.4962	0.8331
PSIP1	naive thymus-derived CD4-positive, alpha-beta T cell	1.5991	0.4716
PSMA1	naive thymus-derived CD4-positive, alpha-beta T cell	5.0806	1.7895
PSPC1	naive thymus-derived CD4-positive, alpha-beta T cell	2.6403	0.2875
PTPRA	naive thymus-derived CD4-positive, alpha-beta T cell	2.2518	0.3579
RASA3	naive thymus-derived CD4-positive, alpha-beta T cell	4.6276	1.3108
RASGRF2	naive thymus-derived CD4-positive, alpha-beta T cell	2.1737	0.5025
RASGRP2	naive thymus-derived CD4-positive, alpha-beta T cell	1.3328	0.4063
RBL2	naive thymus-derived CD4-positive, alpha-beta T cell	2.1809	1.1355
RBM6	naive thymus-derived CD4-positive, alpha-beta T cell	4.0741	0.6136
RFX7	naive thymus-derived CD4-positive, alpha-beta T cell	2.2228	0.4296
RHOH	naive thymus-derived CD4-positive, alpha-beta T cell	11.4130	2.4337
RNF138	naive thymus-derived CD4-positive, alpha-beta T cell	2.9319	1.5694
RNF157	naive thymus-derived CD4-positive, alpha-beta T cell	1.2174	0.3341
RNF216	naive thymus-derived CD4-positive, alpha-beta T cell	3.1083	1.2019
SATB1	naive thymus-derived CD4-positive, alpha-beta T cell	1.4218	0.2626
SATB1-AS1	naive thymus-derived CD4-positive, alpha-beta T cell	1.4682	0.6267
SC5D	naive thymus-derived CD4-positive, alpha-beta T cell	2.3288	1.1270
SCFD2	naive thymus-derived CD4-positive, alpha-beta T cell	1.9628	0.6878
SELL	naive thymus-derived CD4-positive, alpha-beta T cell	2.3034	1.1609
SEMA4D	naive thymus-derived CD4-positive, alpha-beta T cell	3.6445	2.0247
SEPTIN6	naive thymus-derived CD4-positive, alpha-beta T cell	5.5292	0.8862
SERINC1	naive thymus-derived CD4-positive, alpha-beta T cell	2.1418	0.2658
SERINC5	naive thymus-derived CD4-positive, alpha-beta T cell	8.8760	1.0208
SETD2	naive thymus-derived CD4-positive, alpha-beta T cell	6.2630	0.3743
SF1	naive thymus-derived CD4-positive, alpha-beta T cell	5.0237	0.8660
SF3B3	naive thymus-derived CD4-positive, alpha-beta T cell	0.9930	0.3384
SFI1	naive thymus-derived CD4-positive, alpha-beta T cell	1.3947	0.3499
SFMBT1	naive thymus-derived CD4-positive, alpha-beta T cell	2.0186	0.4280
SGO1-AS1	naive thymus-derived CD4-positive, alpha-beta T cell	1.7272	0.6014
SGTB	naive thymus-derived CD4-positive, alpha-beta T cell	1.3774	0.6664
SHLD1	naive thymus-derived CD4-positive, alpha-beta T cell	0.9976	0.2855
SLC16A7	naive thymus-derived CD4-positive, alpha-beta T cell	1.5979	0.4934
SLC30A7	naive thymus-derived CD4-positive, alpha-beta T cell	1.3455	0.3018
SMCHD1	naive thymus-derived CD4-positive, alpha-beta T cell	54.2303	22.1002
SMG6	naive thymus-derived CD4-positive, alpha-beta T cell	2.8761	0.5818
SMYD3	naive thymus-derived CD4-positive, alpha-beta T cell	7.7120	2.3723
SORL1	naive thymus-derived CD4-positive, alpha-beta T cell	4.0087	2.0816
SRP54-AS1	naive thymus-derived CD4-positive, alpha-beta T cell	2.6592	1.3208
SSH2	naive thymus-derived CD4-positive, alpha-beta T cell	20.1720	5.2683
STAT3	naive thymus-derived CD4-positive, alpha-beta T cell	7.2942	0.4275
STIM1	naive thymus-derived CD4-positive, alpha-beta T cell	4.6729	2.3633
STK17A	naive thymus-derived CD4-positive, alpha-beta T cell	4.5362	0.7060
STK38	naive thymus-derived CD4-positive, alpha-beta T cell	6.6448	2.4984
STK4	naive thymus-derived CD4-positive, alpha-beta T cell	10.5479	0.7609
SUSD4	naive thymus-derived CD4-positive, alpha-beta T cell	0.6455	0.4753
SYNRG	naive thymus-derived CD4-positive, alpha-beta T cell	1.4873	0.2835
TAF3	naive thymus-derived CD4-positive, alpha-beta T cell	2.7407	0.3540
TAFA2	naive thymus-derived CD4-positive, alpha-beta T cell	2.4190	0.4991
TAPT1	naive thymus-derived CD4-positive, alpha-beta T cell	1.4694	0.4981
TBC1D15	naive thymus-derived CD4-positive, alpha-beta T cell	3.6830	0.6548
TBL1X	naive thymus-derived CD4-positive, alpha-beta T cell	6.2837	2.3510
TC2N	naive thymus-derived CD4-positive, alpha-beta T cell	5.2293	1.4957
TCF7	naive thymus-derived CD4-positive, alpha-beta T cell	2.5000	1.3089
TESPA1	naive thymus-derived CD4-positive, alpha-beta T cell	2.0931	0.7164
TFCP2	naive thymus-derived CD4-positive, alpha-beta T cell	1.6278	0.7189
TGFBR2	naive thymus-derived CD4-positive, alpha-beta T cell	8.8606	0.3699
THEM4	naive thymus-derived CD4-positive, alpha-beta T cell	0.9254	0.5066
THEMIS	naive thymus-derived CD4-positive, alpha-beta T cell	5.4177	0.3345
TMC8	naive thymus-derived CD4-positive, alpha-beta T cell	2.1795	1.1753
TMEM131L	naive thymus-derived CD4-positive, alpha-beta T cell	8.5627	2.6948
TNRC6A	naive thymus-derived CD4-positive, alpha-beta T cell	2.9644	0.4946
TNRC6B	naive thymus-derived CD4-positive, alpha-beta T cell	13.1530	1.0409
TRABD2A	naive thymus-derived CD4-positive, alpha-beta T cell	4.1461	3.0368
TRAT1	naive thymus-derived CD4-positive, alpha-beta T cell	2.3082	0.4537
TRERF1	naive thymus-derived CD4-positive, alpha-beta T cell	1.9841	0.7595
TSHZ2	naive thymus-derived CD4-positive, alpha-beta T cell	8.5306	2.3742
TTC3	naive thymus-derived CD4-positive, alpha-beta T cell	5.3071	1.6276
TXK	naive thymus-derived CD4-positive, alpha-beta T cell	6.5982	1.3712
TXLNG	naive thymus-derived CD4-positive, alpha-beta T cell	1.8215	0.5140
TYW1	naive thymus-derived CD4-positive, alpha-beta T cell	1.5514	0.2741
UBE2B	naive thymus-derived CD4-positive, alpha-beta T cell	3.1233	0.4041
UBE3C	naive thymus-derived CD4-positive, alpha-beta T cell	1.6606	0.2988
USP3	naive thymus-derived CD4-positive, alpha-beta T cell	6.6521	3.0009
USP3-AS1	naive thymus-derived CD4-positive, alpha-beta T cell	1.8947	0.7527
USP36	naive thymus-derived CD4-positive, alpha-beta T cell	7.4480	2.5360
VPS37B	naive thymus-derived CD4-positive, alpha-beta T cell	3.5162	0.3932
WDPCP	naive thymus-derived CD4-positive, alpha-beta T cell	1.7360	0.3528
WDR75	naive thymus-derived CD4-positive, alpha-beta T cell	0.8404	0.2942
XPO6	naive thymus-derived CD4-positive, alpha-beta T cell	2.8951	0.7557
ZC3HAV1	naive thymus-derived CD4-positive, alpha-beta T cell	9.0307	0.3137
ZC4H2	naive thymus-derived CD4-positive, alpha-beta T cell	0.8310	0.4970
ZEB1	naive thymus-derived CD4-positive, alpha-beta T cell	14.0665	4.2905
ZFPM1	naive thymus-derived CD4-positive, alpha-beta T cell	0.7734	0.2923
ZHX2	naive thymus-derived CD4-positive, alpha-beta T cell	11.2152	3.5460
ZNF148	naive thymus-derived CD4-positive, alpha-beta T cell	2.8061	0.3761
ZNF496	naive thymus-derived CD4-positive, alpha-beta T cell	0.7667	0.5331
ZNF815P	naive thymus-derived CD4-positive, alpha-beta T cell	1.3279	0.7239
ABCC10	natural killer cell	0.6102	0.3107
ACSS1	natural killer cell	0.8599	0.3396
ADAMTS17	natural killer cell	4.4488	1.7929
AGAP2	natural killer cell	0.5846	0.3447
AGPAT4	natural killer cell	5.6208	1.6121
AKNA	natural killer cell	6.2141	2.0461
ANKRD54	natural killer cell	0.6406	0.3603
AP1M1	natural killer cell	0.8753	0.4842
AP4B1-AS1	natural killer cell	0.8197	0.3927
APMAP	natural killer cell	3.4562	2.5005
APOBEC3G	natural killer cell	2.2352	1.5781
ARF6	natural killer cell	2.3807	0.5871
ARHGAP9	natural killer cell	2.9484	1.2459
ARHGEF3	natural killer cell	2.8368	0.4672
ARPC2	natural killer cell	6.9786	0.7506
ATG4B	natural killer cell	1.1243	0.3152
ATP6V0E2	natural killer cell	0.5278	0.2533
AUTS2	natural killer cell	9.0995	0.9131
AXIN1	natural killer cell	0.8941	0.2689
B4GALT6	natural killer cell	0.8328	0.3342
BAZ2A	natural killer cell	1.9024	0.9100
BBLN	natural killer cell	1.4026	0.2795
BPTF	natural killer cell	4.5819	0.4423
BRD7	natural killer cell	1.8349	0.3796
CARD11	natural killer cell	6.4942	2.7416
CCDC28A	natural killer cell	0.8675	0.4970
CCL3-AS1	natural killer cell	0.9302	0.5290
CCL5	natural killer cell	21.0874	9.4932
CCNJL	natural killer cell	1.4851	0.7273
CCSER2	natural killer cell	6.3665	0.9996
CD247	natural killer cell	23.2519	15.6879
CD300A	natural killer cell	1.4399	0.3273
CD53	natural killer cell	5.2550	0.9162
CD7	natural killer cell	11.9559	5.0647
CDK17	natural killer cell	7.5308	0.6066
CEMIP2	natural killer cell	20.8274	4.7520
CEP104	natural killer cell	0.7567	0.2740
CEP250	natural killer cell	0.9803	0.6056
CFAP210	natural killer cell	1.7587	0.4101
CHST12	natural killer cell	1.5398	0.6602
CHST7	natural killer cell	0.9065	0.4146
CIR1	natural killer cell	1.6775	0.3640
CLIC3	natural killer cell	2.3179	1.2087
CLUHP3	natural killer cell	0.6461	0.3285
CMC1	natural killer cell	3.2926	2.3286
CMIP	natural killer cell	12.7061	0.3054
CNBD2	natural killer cell	0.7608	0.3004
COG3	natural killer cell	1.1630	0.4043
COIL	natural killer cell	0.6820	0.3442
COPB1	natural killer cell	1.4306	0.3021
CORO1A	natural killer cell	2.7359	0.4629
COX19	natural killer cell	1.4011	0.8208
CST7	natural killer cell	5.5111	2.2455
CTBP1	natural killer cell	1.1777	0.6200
CTDSP1	natural killer cell	1.0410	0.2889
CTSW	natural killer cell	2.3459	1.2460
CUL5	natural killer cell	1.5945	0.3455
CYP2R1	natural killer cell	0.5821	0.2602
DCAF16	natural killer cell	1.0577	0.3234
DCTN4	natural killer cell	2.6942	0.9265
DDRGK1	natural killer cell	0.9819	0.3684
DDX46	natural killer cell	2.3225	0.5289
DENND3-AS1	natural killer cell	0.5947	0.2962
DERL1	natural killer cell	1.5284	0.8125
DHRS1	natural killer cell	0.8220	0.3968
DHRS3	natural killer cell	1.8467	0.4888
DLST	natural killer cell	1.0479	0.3153
DNAJB2	natural killer cell	0.7884	0.2587
DNAJC2	natural killer cell	1.4232	0.5853
DPP7	natural killer cell	1.6055	0.2563
DUSP2	natural killer cell	4.5504	1.3487
EDRF1	natural killer cell	0.7588	0.2665
ELAVL1	natural killer cell	0.8487	0.2502
ENDOV	natural killer cell	0.8352	0.5541
ENOSF1	natural killer cell	2.4157	0.7580
ENSG00000223727	natural killer cell	0.6048	0.2934
ENSG00000240963	natural killer cell	0.6961	0.2801
ENSG00000247193	natural killer cell	0.9854	0.7280
ENSG00000255139	natural killer cell	0.7546	0.3276
ENSG00000267379	natural killer cell	1.5448	0.2790
ENSG00000273338	natural killer cell	1.0035	0.4196
ENSG00000274767	natural killer cell	0.5014	0.3342
ENSG00000286481	natural killer cell	0.8081	0.5476
ENSG00000287351	natural killer cell	1.0631	0.4070
ENSG00000288064	natural killer cell	1.4354	0.6035
ENSG00000288915	natural killer cell	0.7499	0.5557
ENSG00000289100	natural killer cell	1.1125	0.3210
ENSG00000290036	natural killer cell	0.7254	0.3975
EP400	natural killer cell	1.3986	0.3953
EPRS1	natural killer cell	1.2454	0.3320
ERBIN	natural killer cell	4.7126	0.6351
ETFRF1	natural killer cell	0.7666	0.2643
FBXO22	natural killer cell	0.7726	0.4192
FBXO7	natural killer cell	1.8210	1.0912
FCGR3A	natural killer cell	1.0358	0.6060
FCRL3	natural killer cell	0.5315	0.4249
FEZ2	natural killer cell	1.1283	0.3528
FOSL2	natural killer cell	5.2276	1.4175
FRS2	natural killer cell	2.0333	0.5361
FTSJ3	natural killer cell	0.6720	0.3906
FUS	natural killer cell	4.6376	0.4850
GABPB1-IT1	natural killer cell	1.2302	0.4179
GART	natural killer cell	0.7964	0.2823
GATA3	natural killer cell	1.9418	0.3142
GNAL	natural killer cell	1.5717	1.0005
GNG2	natural killer cell	11.6421	2.4255
GNLY	natural killer cell	27.6236	21.5578
GP6-AS1	natural killer cell	1.8328	0.7931
GPATCH8	natural killer cell	4.2129	0.9743
GPR174	natural killer cell	0.8829	0.2535
GTF3A	natural killer cell	1.3738	0.3145
GTF3C3	natural killer cell	0.5156	0.2751
GTPBP1	natural killer cell	1.6910	0.4842
GTPBP8	natural killer cell	0.6100	0.2639
GYPC	natural killer cell	2.5924	0.5784
GZMA	natural killer cell	8.9170	5.1407
GZMB	natural killer cell	6.5695	3.8812
GZMH	natural killer cell	1.6349	1.0246
GZMK	natural killer cell	5.6067	4.1009
H2AC25	natural killer cell	0.7389	0.3186
HCP5	natural killer cell	1.2683	0.8209
HCST	natural killer cell	3.9820	1.6453
HDAC3	natural killer cell	0.7983	0.4164
HNRNPA1	natural killer cell	4.9124	0.5584
HNRNPK	natural killer cell	4.0662	0.8544
HNRNPK-AS1	natural killer cell	1.2310	0.5865
HNRNPL	natural killer cell	1.7029	0.5000
HOPX	natural killer cell	2.2054	1.1520
HPF1	natural killer cell	1.0150	0.7450
HUWE1	natural killer cell	3.0028	0.7513
HYCC2	natural killer cell	1.8507	0.5009
ICE1	natural killer cell	1.7285	0.2999
IFNGR1	natural killer cell	3.2166	0.2525
IL12RB2	natural killer cell	10.5749	2.5519
IL2RB	natural killer cell	3.2768	2.3003
IL2RG	natural killer cell	1.3863	0.2536
ILDR2	natural killer cell	1.1364	0.5012
ILKAP	natural killer cell	1.2917	0.3083
INSIG2	natural killer cell	0.8497	0.3504
ITGAL	natural killer cell	1.8741	0.7447
JOSD1	natural killer cell	2.3610	0.2685
KDM2B	natural killer cell	3.5972	1.7144
KDM2B-DT	natural killer cell	0.5178	0.3043
KIR2DL4	natural killer cell	1.7149	0.2657
KIR3DL1	natural killer cell	0.8207	0.7190
KLRB1	natural killer cell	8.1775	1.5901
KLRC1	natural killer cell	3.6801	2.7286
KLRD1	natural killer cell	8.1807	2.2077
KLRF1	natural killer cell	2.8325	2.7163
LAIR2	natural killer cell	0.6048	0.5577
LPIN1	natural killer cell	3.2876	0.2586
LRRC8C-DT	natural killer cell	0.5192	0.2587
LSM6	natural killer cell	0.7607	0.3833
LZTFL1	natural killer cell	3.8130	2.9672
MAP2K7	natural killer cell	0.6134	0.3385
MBD4	natural killer cell	1.1022	0.4154
MCTP2	natural killer cell	13.1704	7.7061
MED14	natural killer cell	1.4921	0.4459
METRNL	natural killer cell	5.4636	1.6941
MEX3C	natural killer cell	0.9413	0.4265
MGA	natural killer cell	1.3834	0.3754
MIR4422HG	natural killer cell	0.8998	0.6542
MLH1	natural killer cell	0.9128	0.4851
MOB3A	natural killer cell	2.3906	0.4314
MOB4	natural killer cell	1.0619	0.5951
MON1B	natural killer cell	1.0004	0.5467
MRPL44	natural killer cell	0.5988	0.3539
MTRR	natural killer cell	0.7308	0.3367
MXD4	natural killer cell	1.1462	0.4754
MYH9	natural killer cell	6.2882	0.3544
NCOA1	natural killer cell	5.2294	1.2339
NCR1	natural killer cell	0.9760	0.5364
NCR3	natural killer cell	0.6729	0.6006
NEK4	natural killer cell	0.7820	0.4799
NKD1	natural killer cell	0.7360	0.2628
NKG7	natural killer cell	15.0693	13.5332
NPIPB3	natural killer cell	0.6123	0.3736
NTRK1	natural killer cell	0.5997	0.3740
OCIAD1	natural killer cell	1.9378	0.7129
ORMDL1	natural killer cell	1.4692	0.5579
OSBPL7	natural killer cell	1.2740	0.8540
OTUD4	natural killer cell	1.3958	0.4453
PABIR1	natural killer cell	0.7203	0.4066
PALD1	natural killer cell	1.0090	0.4291
PDE7A	natural killer cell	14.4857	3.3544
PEX16	natural killer cell	0.5650	0.2582
PHC1	natural killer cell	0.5474	0.3155
PIK3R1	natural killer cell	14.8611	4.9617
PIP4K2A	natural killer cell	10.6501	3.8754
PKN1	natural killer cell	0.8693	0.2772
PLAAT4	natural killer cell	1.4369	0.5858
PLCL2	natural killer cell	5.3726	2.5666
POLR1D	natural killer cell	1.4271	0.2542
POLR2B	natural killer cell	1.8258	0.5895
PPID	natural killer cell	1.2462	0.8141
PPIL2	natural killer cell	0.8091	0.3747
PPP6R2	natural killer cell	2.2889	0.4464
PRF1	natural killer cell	2.3354	1.2866
PRIM2	natural killer cell	1.3245	0.4145
PRKAR1A	natural killer cell	2.8595	1.6167
PRKCH	natural killer cell	17.3095	0.6141
PRKCQ	natural killer cell	3.9016	1.1049
PRKY	natural killer cell	1.3701	0.3894
PSMA3-AS1	natural killer cell	1.3985	0.3033
PSMD14	natural killer cell	1.2809	0.2581
PSME1	natural killer cell	2.3375	0.5669
PSME4	natural killer cell	5.0583	0.7066
RAB14	natural killer cell	1.6534	0.4690
RAB5IF	natural killer cell	1.1227	0.3579
RAD21	natural killer cell	2.7291	0.6430
RAD23B	natural killer cell	2.6741	1.3308
RAD54L2	natural killer cell	1.0035	0.3103
RALGAPA1	natural killer cell	19.9882	6.1268
RASA2	natural killer cell	9.3757	0.3623
RBM18	natural killer cell	0.9065	0.5349
RBM38	natural killer cell	1.6093	0.4908
RBM39	natural killer cell	12.2081	1.5222
RBM4	natural killer cell	1.1856	0.4087
RELCH	natural killer cell	1.7314	0.4264
RFC1	natural killer cell	1.6951	0.6117
RFWD3	natural killer cell	0.9405	0.3445
RNF125	natural killer cell	1.7682	0.3443
RNF126	natural killer cell	0.8480	0.4031
RNF166	natural killer cell	1.1103	0.7233
RNF38	natural killer cell	4.5904	0.6270
RPA1	natural killer cell	0.7442	0.2780
RPL41P2	natural killer cell	0.8851	0.2670
RPS19BP1	natural killer cell	1.0896	0.2699
RTCA	natural killer cell	0.9251	0.4256
RTF1	natural killer cell	2.0143	0.4142
RUNX3	natural killer cell	6.2353	0.6967
SAR1A	natural killer cell	1.9273	0.6708
SCAND1	natural killer cell	2.3996	0.4525
SCAP	natural killer cell	0.9880	0.3803
SDF2	natural killer cell	0.8466	0.3076
SELPLG	natural killer cell	2.1286	1.6563
SENP5	natural killer cell	2.7006	0.5858
SF3A1	natural killer cell	1.0740	0.3413
SF3B1	natural killer cell	3.2341	0.3133
SH2D1A	natural killer cell	0.9165	0.4439
SH2D1B	natural killer cell	1.3945	0.9144
SH2D2A	natural killer cell	2.7513	1.4516
SH3GLB1	natural killer cell	2.3137	0.7904
SIPA1	natural killer cell	0.9418	0.4904
SIRT2	natural killer cell	2.1216	1.0051
SLC15A4	natural killer cell	1.3169	0.7178
SLC35D1	natural killer cell	2.2158	0.8718
SLF2	natural killer cell	0.6386	0.2673
SLFN13	natural killer cell	0.9581	0.5873
SLU7	natural killer cell	0.9316	0.2701
SMARCA5	natural killer cell	2.6197	0.5473
SMNDC1	natural killer cell	1.4928	0.7710
SNRNP40	natural killer cell	0.7655	0.3746
SPN	natural killer cell	0.9225	0.2993
SPTY2D1	natural killer cell	2.2556	0.7024
SRRM1	natural killer cell	4.3609	0.5309
SSBP4	natural killer cell	1.1272	0.4083
SSR2	natural killer cell	2.5918	0.5863
STARD7	natural killer cell	1.2928	0.4802
STRIP1	natural killer cell	0.6307	0.2930
STXBP3	natural killer cell	1.4426	0.2919
SUMO1	natural killer cell	2.1305	0.6430
SUPV3L1	natural killer cell	0.8509	0.2646
TAF11	natural killer cell	0.9616	0.3236
TAF2	natural killer cell	1.5223	0.6122
TAPBPL	natural killer cell	0.5868	0.2536
TBC1D31	natural killer cell	1.1702	0.7002
TCF25	natural killer cell	2.8854	0.5313
TERF2IP	natural killer cell	2.4687	0.6163
TFDP2	natural killer cell	1.9479	0.2538
TMIGD2	natural killer cell	3.2000	1.8629
TMSB4X	natural killer cell	51.2237	4.1310
TOR1B	natural killer cell	1.1520	0.7822
TRABD	natural killer cell	1.0241	0.3100
TRAPPC10	natural killer cell	3.0973	1.2057
TRG-AS1	natural killer cell	3.1228	1.4484
TRGV9	natural killer cell	0.5343	0.3786
TRMO	natural killer cell	1.1486	0.6285
TYW3	natural killer cell	0.6980	0.3616
UCHL5	natural killer cell	0.7783	0.3990
ULK1	natural killer cell	0.7772	0.4687
URM1	natural killer cell	0.7540	0.3820
USP38	natural killer cell	0.9559	0.3459
USPL1	natural killer cell	1.6050	0.2614
VAV3	natural killer cell	6.1786	1.8725
VPS4B	natural killer cell	2.1989	0.7774
WDR37	natural killer cell	1.4354	0.3568
WIPF1	natural killer cell	4.9603	0.2989
XCL2	natural killer cell	4.4003	1.7664
XPA	natural killer cell	1.1131	0.4304
YES1	natural killer cell	5.6840	1.2148
YPEL1	natural killer cell	0.9693	0.4851
ZBTB16	natural killer cell	8.5622	2.3552
ZBTB26	natural killer cell	0.5287	0.3704
ZBTB8OS	natural killer cell	1.0253	0.3915
ZCCHC10	natural killer cell	1.3890	0.3491
ZCRB1	natural killer cell	0.9016	0.2986
ZDHHC21	natural killer cell	1.1991	0.4555
ZFP82	natural killer cell	0.6371	0.4072
ZFR	natural killer cell	3.0916	1.1084
ZFYVE28	natural killer cell	1.6656	0.6989
ZNF212	natural killer cell	0.5911	0.3466
ZNF680	natural killer cell	0.6431	0.4133
ZNF682	natural killer cell	0.5732	0.3127
ZNHIT3	natural killer cell	0.8625	0.2696
AAMP	paneth cell of colon	1.0855	0.3937
ABHD11	paneth cell of colon	2.4913	1.4206
ACAA2	paneth cell of colon	1.6230	0.4546
ACAT1	paneth cell of colon	1.6539	0.4665
ACTG1	paneth cell of colon	64.4332	40.0246
ADH1C	paneth cell of colon	8.2241	3.5280
AGR3	paneth cell of colon	4.4673	0.4551
AK2	paneth cell of colon	1.5248	0.5231
ALDOA	paneth cell of colon	0.6406	0.2800
ANKRD22	paneth cell of colon	1.3144	0.5254
ANXA2	paneth cell of colon	23.4941	16.1980
APEX1	paneth cell of colon	1.6180	0.5686
ARF4	paneth cell of colon	6.0827	3.1255
ARL14	paneth cell of colon	4.7328	0.5746
ATP5F1A	paneth cell of colon	8.8872	4.6464
ATP5F1B	paneth cell of colon	10.4928	3.7355
ATP5PB	paneth cell of colon	4.4619	1.0415
ATP6V0B	paneth cell of colon	2.8934	0.3158
ATRAID	paneth cell of colon	1.3370	0.3412
AUP1	paneth cell of colon	1.6346	0.8404
AVPI1	paneth cell of colon	3.5325	2.3309
B3GNT7	paneth cell of colon	3.6481	2.6612
BAG1	paneth cell of colon	2.6554	0.8966
BCL10	paneth cell of colon	2.1195	0.7974
C9orf152	paneth cell of colon	0.8319	0.3437
CA2	paneth cell of colon	10.1071	2.2907
CAPN2	paneth cell of colon	2.6189	0.5611
CCDC47	paneth cell of colon	2.1186	0.7435
CCT5	paneth cell of colon	1.5221	0.4415
CCT6A	paneth cell of colon	1.3056	0.3198
CCT7	paneth cell of colon	1.3328	0.5159
CDH17	paneth cell of colon	4.6856	0.4673
CEACAM5	paneth cell of colon	16.9929	9.8200
CEACAM6	paneth cell of colon	1.8143	0.5764
CEBPG	paneth cell of colon	1.3449	0.6057
CHMP2B	paneth cell of colon	1.7197	0.5054
CHP1	paneth cell of colon	5.6555	3.6097
CHP2	paneth cell of colon	1.9150	0.2694
CIAO2A	paneth cell of colon	1.4177	0.7027
CLDN23	paneth cell of colon	2.2084	0.9489
CLDN3	paneth cell of colon	26.4598	9.5292
CLDN4	paneth cell of colon	49.3580	34.9635
CLIC1	paneth cell of colon	12.1255	6.7985
CMAS	paneth cell of colon	1.4839	0.2792
CNBP	paneth cell of colon	4.5900	0.8433
COPZ1	paneth cell of colon	1.0051	0.5113
COQ9	paneth cell of colon	0.8474	0.2654
CRB3	paneth cell of colon	0.7102	0.3181
CS	paneth cell of colon	1.0339	0.2597
CTSE	paneth cell of colon	1.2730	0.5099
CTTN	paneth cell of colon	2.3712	1.3297
CYC1	paneth cell of colon	4.3842	1.0329
CYP2J2	paneth cell of colon	0.6011	0.3377
DAZAP2	paneth cell of colon	3.2095	1.1072
DLD	paneth cell of colon	1.2547	0.4772
DSC2	paneth cell of colon	4.1219	1.3530
DSG2	paneth cell of colon	2.6934	0.4021
DSP	paneth cell of colon	7.6563	1.8671
EBP	paneth cell of colon	1.5554	0.3387
ECH1	paneth cell of colon	3.6057	1.0938
EFNA1	paneth cell of colon	4.0827	2.0871
EIF2S3	paneth cell of colon	3.3394	1.6748
EIF3A	paneth cell of colon	3.2459	0.3661
EIF6	paneth cell of colon	2.3596	0.6789
ELOVL1	paneth cell of colon	0.7340	0.3482
ENO1	paneth cell of colon	4.8708	1.6232
EPCAM	paneth cell of colon	35.1886	21.8112
EPHA2	paneth cell of colon	3.1678	1.5236
ERGIC3	paneth cell of colon	1.5457	0.5097
ETFA	paneth cell of colon	2.4869	1.0444
EZR	paneth cell of colon	23.2351	1.8172
F11R	paneth cell of colon	0.9391	0.4045
F2RL1	paneth cell of colon	2.2486	1.3793
FAM110C	paneth cell of colon	1.3888	0.5699
FARSA	paneth cell of colon	0.7086	0.3716
FGFBP1	paneth cell of colon	1.6916	0.7924
FHL2	paneth cell of colon	2.9848	0.5901
FKBP1A	paneth cell of colon	4.6039	1.7256
FOSL1	paneth cell of colon	2.5362	0.6114
FUCA2	paneth cell of colon	0.8448	0.2929
GADD45A	paneth cell of colon	4.2935	0.9438
GDE1	paneth cell of colon	1.4293	0.7061
GDF15	paneth cell of colon	6.0297	2.4271
GGH	paneth cell of colon	1.8023	0.9670
GHITM	paneth cell of colon	4.2956	1.8746
GJB2	paneth cell of colon	0.5061	0.2967
GJB3	paneth cell of colon	0.8690	0.6229
GNG5	paneth cell of colon	0.9458	0.2663
GNL2	paneth cell of colon	0.9110	0.3554
GPI	paneth cell of colon	2.3631	0.9110
GPRC5A	paneth cell of colon	19.0770	12.4847
GRPEL1	paneth cell of colon	1.4959	0.5849
GSS	paneth cell of colon	1.3192	0.6794
GSTK1	paneth cell of colon	2.8633	0.7302
GTPBP4	paneth cell of colon	0.9497	0.2926
HADHB	paneth cell of colon	1.8513	0.6711
HIGD1A	paneth cell of colon	4.0052	2.1851
HMGCS2	paneth cell of colon	8.5441	4.1912
HSBP1	paneth cell of colon	1.4561	0.3495
HSD17B11	paneth cell of colon	2.6581	0.8907
HSPA5	paneth cell of colon	11.2256	5.5897
IDH3B	paneth cell of colon	1.3745	0.5565
ILF2	paneth cell of colon	2.1031	0.7880
IRF6	paneth cell of colon	0.7765	0.3612
KCNN4	paneth cell of colon	0.6779	0.3043
KDELR2	paneth cell of colon	2.0350	0.8478
KLF6	paneth cell of colon	16.2189	3.7748
KPNA2	paneth cell of colon	2.1471	0.8391
KRT18	paneth cell of colon	22.3253	8.6561
KRT19	paneth cell of colon	25.8260	11.5607
KRT8	paneth cell of colon	42.8174	20.4964
KRTCAP3	paneth cell of colon	1.1841	0.3135
LAMTOR3	paneth cell of colon	1.0935	0.4914
LDLR	paneth cell of colon	4.2175	0.4061
LGALS3BP	paneth cell of colon	3.6331	1.9839
LMAN2	paneth cell of colon	1.6790	0.4389
LTBR	paneth cell of colon	0.8838	0.3724
MAD2L1BP	paneth cell of colon	0.6629	0.3169
MBOAT1	paneth cell of colon	1.4244	0.5258
MDH1	paneth cell of colon	2.5793	0.9236
MDH2	paneth cell of colon	4.4769	1.7884
MRPL16	paneth cell of colon	1.1464	0.3844
MRPL3	paneth cell of colon	0.9115	0.2713
MRPL37	paneth cell of colon	0.9179	0.4371
MT-ATP8	paneth cell of colon	23.4584	2.3912
MT-CO1	paneth cell of colon	490.3260	9.5001
MT-CYB	paneth cell of colon	229.3325	14.2437
MT-ND6	paneth cell of colon	6.6434	1.6719
MTCO2P12	paneth cell of colon	0.5275	0.2837
MTCO3P12	paneth cell of colon	0.7916	0.4703
MTMR11	paneth cell of colon	1.3205	0.5282
MTND2P28	paneth cell of colon	1.3699	0.3333
MUC5B	paneth cell of colon	1.2851	0.2541
MYD88	paneth cell of colon	0.7000	0.2846
MYDGF	paneth cell of colon	2.1579	0.4416
MYL12B	paneth cell of colon	6.3175	0.6981
NANS	paneth cell of colon	5.4744	1.5320
NDUFV1	paneth cell of colon	2.6979	0.2837
NXPE4	paneth cell of colon	2.7650	0.9437
PARD6B	paneth cell of colon	3.2959	2.0968
PDHA1	paneth cell of colon	1.9725	0.4341
PDHB	paneth cell of colon	1.0209	0.3851
PDIA3	paneth cell of colon	4.6765	0.9266
PERP	paneth cell of colon	2.2588	0.7248
PFN1	paneth cell of colon	17.2185	8.6467
PHKG2	paneth cell of colon	0.6070	0.3078
PHLDA2	paneth cell of colon	6.2543	1.0698
PIGT	paneth cell of colon	0.9416	0.3477
PLEK2	paneth cell of colon	0.5580	0.2772
PLEKHB2	paneth cell of colon	1.9856	0.5775
POLDIP2	paneth cell of colon	0.6808	0.2806
PPIC	paneth cell of colon	1.1135	0.3643
PPP1CA	paneth cell of colon	2.0023	0.6475
PPP2R1A	paneth cell of colon	1.4811	0.4337
PRDX3	paneth cell of colon	2.3262	1.0051
PRELID3B	paneth cell of colon	2.9940	2.0636
PRPF38A	paneth cell of colon	0.9764	0.2876
PRPS2	paneth cell of colon	1.1804	0.3485
PRSS8	paneth cell of colon	1.4133	0.3161
PSMA4	paneth cell of colon	1.8066	0.6255
PSMB1	paneth cell of colon	2.6044	0.5999
PSMB4	paneth cell of colon	1.6144	0.5004
PSMD11	paneth cell of colon	1.4025	0.2948
PSMD12	paneth cell of colon	1.4527	0.3892
PSMD2	paneth cell of colon	1.0824	0.4635
PTP4A2	paneth cell of colon	2.9698	0.5098
PUF60	paneth cell of colon	1.2667	0.5690
QARS1	paneth cell of colon	1.3923	0.5498
RAE1	paneth cell of colon	0.5556	0.2946
RAP2B	paneth cell of colon	4.5096	1.9424
RNA5SP151	paneth cell of colon	0.8265	0.6042
RNF114	paneth cell of colon	1.8827	0.9948
RPL4	paneth cell of colon	7.4477	1.5946
RPL7	paneth cell of colon	14.2005	5.3202
RPN2	paneth cell of colon	2.3623	0.3584
RSL1D1	paneth cell of colon	2.1019	0.4769
S100A16	paneth cell of colon	5.4710	3.2634
SDHB	paneth cell of colon	3.1764	1.5146
SDHD	paneth cell of colon	2.9069	0.9756
SELENBP1	paneth cell of colon	10.9065	1.6065
SELENOF	paneth cell of colon	1.6384	0.3891
SERP1	paneth cell of colon	4.5925	1.4722
SERPINB5	paneth cell of colon	0.5315	0.4675
SIGMAR1	paneth cell of colon	0.5700	0.2984
SLC25A39	paneth cell of colon	1.4027	0.5838
SLC25A5	paneth cell of colon	9.5919	1.6738
SLC2A1	paneth cell of colon	1.2675	0.6614
SLC30A1	paneth cell of colon	0.5801	0.3219
SLC39A4	paneth cell of colon	1.1273	0.5714
SLC44A4	paneth cell of colon	3.2108	1.0403
SMAGP	paneth cell of colon	1.2965	0.3149
SRI	paneth cell of colon	7.7505	2.0124
SRP9	paneth cell of colon	2.4701	1.0513
SSU72	paneth cell of colon	1.4476	0.4019
STEAP1	paneth cell of colon	0.5102	0.2523
STON2	paneth cell of colon	1.4251	0.5737
SYNGR2	paneth cell of colon	2.3196	1.1507
SYNJ2BP	paneth cell of colon	0.7768	0.3134
SYVN1	paneth cell of colon	0.6181	0.2568
TES	paneth cell of colon	3.1269	0.4560
TFG	paneth cell of colon	1.9034	0.5506
TGIF1	paneth cell of colon	2.1469	0.7562
TIMM17A	paneth cell of colon	1.6147	0.9357
TMBIM1	paneth cell of colon	1.1727	0.2504
TMBIM6	paneth cell of colon	8.1501	3.4681
TMED2	paneth cell of colon	2.3116	0.9895
TMED3	paneth cell of colon	0.8772	0.4295
TMED4	paneth cell of colon	1.1613	0.4338
TMEM11	paneth cell of colon	1.2576	0.8832
TMEM30B	paneth cell of colon	1.0857	0.4453
TMEM59	paneth cell of colon	8.6725	5.1582
TMEM98	paneth cell of colon	1.6032	0.8237
TMEM9B	paneth cell of colon	1.0546	0.4224
TMX2	paneth cell of colon	1.2586	0.6656
TPD52	paneth cell of colon	4.3413	0.5559
TPI1	paneth cell of colon	10.1117	4.3497
TPM3	paneth cell of colon	5.7640	0.3266
TSPAN1	paneth cell of colon	6.3762	1.3632
TSPAN3	paneth cell of colon	3.2753	1.4571
TSPAN6	paneth cell of colon	2.0020	0.8486
TSPYL1	paneth cell of colon	1.8733	0.3449
TXN2	paneth cell of colon	1.2722	0.2548
UQCRC1	paneth cell of colon	6.4203	3.4213
VDAC2	paneth cell of colon	4.0679	1.5080
VDAC3	paneth cell of colon	1.8563	0.7452
VPS29	paneth cell of colon	1.7467	0.5238
XRCC6	paneth cell of colon	2.4099	0.2535
YOD1	paneth cell of colon	0.9482	0.6381
YTHDF2	paneth cell of colon	1.6180	0.3986
YWHAB	paneth cell of colon	4.5207	1.1261
YWHAZ	paneth cell of colon	12.2967	1.1254
ZNF165	paneth cell of colon	2.6237	1.3355
ZNF622	paneth cell of colon	1.6767	0.7785
ZNF706	paneth cell of colon	1.9567	0.6482
AHNAK	plasma cell	6.7698	0.5554
ALG5	plasma cell	0.8412	0.3780
ANKRD28	plasma cell	35.1729	9.8978
ANKRD33B	plasma cell	3.3764	1.4831
ANKRD36BP2	plasma cell	2.8425	2.7552
BCAR3	plasma cell	2.6426	2.0834
BCL2L11	plasma cell	2.2589	1.0521
BLNK	plasma cell	2.1566	1.4342
BMAL2	plasma cell	0.6879	0.4558
BMP6	plasma cell	3.7470	2.0344
BTD	plasma cell	11.7417	6.5748
C16orf74	plasma cell	0.6918	0.4683
CABLES1	plasma cell	2.2444	0.3895
CCDC88C	plasma cell	3.3365	0.5378
CCR10	plasma cell	0.6211	0.3900
CD27	plasma cell	1.4325	0.9037
CDK14	plasma cell	5.2323	0.8929
CDK6	plasma cell	3.6715	1.2013
CEP128	plasma cell	3.2651	0.5299
CFAP54	plasma cell	0.9431	0.7268
CLPTM1L	plasma cell	0.9703	0.3286
COBLL1	plasma cell	3.7738	1.1793
CPNE5	plasma cell	0.6270	0.3466
CRELD2	plasma cell	1.1011	0.6861
CYBA	plasma cell	10.5660	2.6717
CYTOR	plasma cell	4.9997	3.7788
DAPP1	plasma cell	2.2005	1.2802
DENND2C	plasma cell	1.0108	0.5735
DERL3	plasma cell	4.8763	4.6467
DUSP5	plasma cell	4.9360	2.9872
EAF2	plasma cell	0.9826	0.4554
EHMT1	plasma cell	6.5300	3.2030
EIF2AK3	plasma cell	5.2477	1.1187
EIF2AK4	plasma cell	2.9637	1.7616
ENSG00000225889	plasma cell	0.6396	0.3597
ENSG00000240040	plasma cell	8.8199	7.7705
ENSG00000257221	plasma cell	1.3012	1.1860
ENSG00000257496	plasma cell	0.7244	0.2765
ENSG00000283415	plasma cell	0.7453	0.6112
ENSG00000284999	plasma cell	1.1348	1.0091
ENSG00000286072	plasma cell	0.8320	0.7563
ENSG00000286162	plasma cell	0.7355	0.3853
ENSG00000287555	plasma cell	3.1694	1.1879
ERLEC1	plasma cell	1.1640	0.3978
ESR1	plasma cell	1.4114	0.7382
ESR2	plasma cell	4.2354	3.4104
FAM107B	plasma cell	13.2019	2.2801
FBXW7	plasma cell	8.7388	3.0363
FCRL5	plasma cell	1.2704	0.8851
FER1L4	plasma cell	0.7129	0.6139
FKBP11	plasma cell	3.2601	1.8740
GAB1	plasma cell	3.9498	1.3851
GALNT2	plasma cell	6.8898	2.2461
HDLBP	plasma cell	3.2889	0.7311
HERPUD1	plasma cell	11.8670	5.3573
HM13	plasma cell	2.0729	0.6739
HMCES	plasma cell	1.5773	0.6022
HSP90B1	plasma cell	13.2836	6.4015
IFNG-AS1	plasma cell	3.1400	1.7253
IGHA1	plasma cell	893.5093	869.3714
IGHA2	plasma cell	56.1799	55.1461
IGHG1	plasma cell	2.5970	2.4955
IGHG2	plasma cell	2.6529	2.5195
IGHG3	plasma cell	1.3531	1.2145
IGHG4	plasma cell	1.5306	1.4512
IGHGP	plasma cell	0.9638	0.9348
IGHM	plasma cell	27.7892	23.2681
IGHV1-18	plasma cell	0.8765	0.8658
IGHV1-2	plasma cell	0.6238	0.5981
IGHV1-46	plasma cell	0.5478	0.5366
IGHV3-15	plasma cell	1.8408	1.8287
IGHV3-21	plasma cell	1.0331	1.0165
IGHV3-23	plasma cell	2.4001	2.3437
IGHV3-30	plasma cell	1.8318	1.7851
IGHV3-33	plasma cell	0.7230	0.6974
IGHV3-48	plasma cell	0.5221	0.4974
IGHV3-53	plasma cell	0.5963	0.5740
IGHV3-7	plasma cell	2.7873	2.7543
IGHV3-72	plasma cell	0.5536	0.5451
IGHV3-74	plasma cell	0.9495	0.9384
IGHV4-34	plasma cell	0.5942	0.5808
IGHV4-39	plasma cell	1.1090	1.0751
IGHV5-51	plasma cell	0.5010	0.4763
IGKC	plasma cell	1925.3451	1882.0668
IGKV1-16	plasma cell	1.6507	1.6445
IGKV1-17	plasma cell	0.7010	0.6957
IGKV1-27	plasma cell	0.8911	0.8505
IGKV1-33	plasma cell	1.0665	1.0660
IGKV1-39	plasma cell	1.9244	1.9053
IGKV1-5	plasma cell	2.8381	2.8072
IGKV1-9	plasma cell	1.0360	1.0214
IGKV2-24	plasma cell	0.5430	0.5402
IGKV2-28	plasma cell	0.7070	0.7060
IGKV3-11	plasma cell	0.7236	0.7036
IGKV3-15	plasma cell	1.2886	1.2779
IGKV3-20	plasma cell	4.9107	4.8604
IGKV4-1	plasma cell	3.6928	3.6605
IGLC2	plasma cell	577.7176	573.4121
IGLC3	plasma cell	263.2904	262.2460
IGLC7	plasma cell	3.6124	3.5827
IGLL5	plasma cell	25.6576	25.4755
IGLV1-40	plasma cell	2.3620	2.3034
IGLV1-44	plasma cell	3.2103	3.1629
IGLV1-47	plasma cell	1.9699	1.9263
IGLV2-11	plasma cell	1.9647	1.9108
IGLV2-14	plasma cell	4.2025	4.1823
IGLV2-23	plasma cell	1.7497	1.7118
IGLV2-8	plasma cell	1.5511	1.5398
IGLV3-1	plasma cell	1.9282	1.9124
IGLV3-10	plasma cell	2.2011	2.1319
IGLV3-19	plasma cell	1.4050	1.3998
IGLV3-21	plasma cell	1.5326	1.5008
IGLV3-25	plasma cell	2.0184	2.0011
IGLV4-69	plasma cell	0.6492	0.6333
IGLV6-57	plasma cell	1.0227	1.0093
IGLV7-43	plasma cell	0.5098	0.4987
IGLV7-46	plasma cell	1.1092	1.0962
JCHAIN	plasma cell	263.4794	259.4738
JSRP1	plasma cell	0.7391	0.4418
KRTCAP2	plasma cell	1.3138	0.6401
LINC01480	plasma cell	0.8515	0.3622
LINC02362	plasma cell	1.8137	1.2989
LINC02384	plasma cell	5.2893	4.4353
LMAN1	plasma cell	1.7486	0.7313
MANEA	plasma cell	0.5586	0.4042
MANF	plasma cell	1.3057	0.3550
MDFIC	plasma cell	1.9947	0.3634
MEI1	plasma cell	0.8741	0.4903
MIAT	plasma cell	0.6311	0.2671
MIR155HG	plasma cell	6.6968	3.9410
MIR193BHG	plasma cell	0.8921	0.6645
MIR4435-2HG	plasma cell	3.4167	1.9124
MZB1	plasma cell	8.7847	8.6781
NXPE3	plasma cell	0.5987	0.2768
OSBPL3	plasma cell	5.6294	1.4452
PAPSS1	plasma cell	0.9149	0.4548
PDIA4	plasma cell	1.5950	0.8347
PDIA6	plasma cell	2.6393	1.1696
PDK1	plasma cell	1.1275	0.6541
PELI1	plasma cell	16.5419	4.0654
PLPP5	plasma cell	0.8236	0.2815
PMM2	plasma cell	1.6521	0.2830
POU2AF1	plasma cell	2.0303	1.3431
PPIB	plasma cell	4.5730	2.2513
PRDM1	plasma cell	4.1309	1.1424
PRDX4	plasma cell	2.1796	1.4780
RAB30	plasma cell	2.7492	0.8129
RHBDD1	plasma cell	2.0449	0.3832
RNVU1-26	plasma cell	0.5209	0.3074
SDF2L1	plasma cell	1.9982	1.0649
SEC11C	plasma cell	3.6665	0.8296
SEC24D	plasma cell	2.4427	0.4694
SEC61A1	plasma cell	1.0996	0.4987
SEC61B	plasma cell	3.1198	0.5527
SEC63	plasma cell	1.5139	0.2519
SEL1L	plasma cell	1.2922	0.5410
SELENOS	plasma cell	2.5899	0.6378
SIL1	plasma cell	1.3989	0.4397
SLAMF1	plasma cell	1.1980	0.2514
SLAMF7	plasma cell	2.5497	0.7794
SLC38A4-AS1	plasma cell	4.6392	1.2878
SPAG4	plasma cell	1.9330	1.7024
SPCS1	plasma cell	3.1239	1.7384
SPCS2	plasma cell	3.8485	2.4647
SRPRB	plasma cell	0.7231	0.2799
SSR3	plasma cell	2.5679	1.2784
SSR4	plasma cell	21.9911	17.0996
STAP1	plasma cell	2.6230	0.6811
SUB1	plasma cell	4.2225	0.3123
TAF4B	plasma cell	2.6427	0.4856
TENT5C	plasma cell	5.1076	2.5963
TEX14	plasma cell	4.0884	0.5701
TMEM241	plasma cell	0.9811	0.5605
TNFRSF17	plasma cell	1.7616	1.7404
TOP6BL	plasma cell	0.8376	0.3515
TRPV3	plasma cell	1.0763	0.7310
TXNDC11	plasma cell	2.6622	1.0613
TXNDC15	plasma cell	0.9951	0.5495
UBE2J1	plasma cell	2.5689	0.7808
USP48	plasma cell	2.7587	0.5820
VOPP1	plasma cell	5.7337	1.9852
XBP1	plasma cell	4.6410	1.4530
ZBP1	plasma cell	1.1353	0.5618
ZNF215	plasma cell	0.7662	0.6811
ABCC1	regulatory T cell	4.7929	0.8692
ANKRD12	regulatory T cell	6.3080	1.8866
ANKRD55	regulatory T cell	1.1501	0.7904
APBB1IP	regulatory T cell	5.7407	0.3126
ARAP2	regulatory T cell	5.4011	0.5078
ATXN7L1	regulatory T cell	2.0329	0.7962
BICDL1	regulatory T cell	10.3519	1.3789
CCR4	regulatory T cell	0.6771	0.4302
CD28	regulatory T cell	3.4733	0.4913
CDC42SE2	regulatory T cell	16.3347	0.7102
CRYBG1	regulatory T cell	9.7983	2.2146
CTLA4	regulatory T cell	2.7849	2.3291
ENSG00000228484	regulatory T cell	0.6436	0.4874
ENSG00000249236	regulatory T cell	1.1756	0.5182
ENSG00000249806	regulatory T cell	1.0920	0.3397
EPC1	regulatory T cell	4.6537	0.5027
ETS1	regulatory T cell	9.1040	0.8886
FAAH2	regulatory T cell	5.7333	2.9780
GLCCI1	regulatory T cell	4.2727	1.5002
GPRIN3	regulatory T cell	5.0788	1.9907
ICOS	regulatory T cell	6.2076	1.5760
INPP4B	regulatory T cell	8.9827	3.5183
IPCEF1	regulatory T cell	0.7888	0.2515
ITK	regulatory T cell	8.1420	2.1564
KAT2B	regulatory T cell	2.4928	0.6048
KLF12	regulatory T cell	10.2684	0.9320
LINC00649	regulatory T cell	0.8147	0.5242
LINC01934	regulatory T cell	5.5044	0.7076
LINC02320	regulatory T cell	0.9043	0.3210
LINC02694	regulatory T cell	0.8679	0.6578
MAP3K5	regulatory T cell	7.1023	0.5187
METTL8	regulatory T cell	0.8381	0.3710
NOP58	regulatory T cell	3.2457	0.2553
OPRM1	regulatory T cell	2.0861	0.6070
OSBPL8	regulatory T cell	12.3936	4.6201
PAK2	regulatory T cell	3.3787	0.6662
PCBP3	regulatory T cell	4.2238	1.3821
PCNX1	regulatory T cell	7.2763	0.5081
PHACTR2	regulatory T cell	6.2154	3.4683
PHEX	regulatory T cell	0.7016	0.5101
PHTF2	regulatory T cell	2.4828	0.4308
PPP2R5C	regulatory T cell	14.4034	0.3546
PVT1	regulatory T cell	2.8966	0.4773
RAP1A	regulatory T cell	4.9024	1.3846
RASGRP1	regulatory T cell	1.9988	0.5874
RESF1	regulatory T cell	3.9130	1.2281
RORA-AS1	regulatory T cell	3.2338	0.3296
ST8SIA1	regulatory T cell	0.6022	0.3430
STAT1	regulatory T cell	2.3377	0.7000
STAT5B	regulatory T cell	5.2713	1.4276
TBC1D4	regulatory T cell	2.2850	0.7936
TLK1	regulatory T cell	4.7345	1.3900
TNFSF8	regulatory T cell	1.8501	0.2739
TNIK	regulatory T cell	10.7939	3.3280
UHRF2	regulatory T cell	1.8551	0.4666
USP47	regulatory T cell	4.4388	0.3543
ZC3H12D	regulatory T cell	2.1090	0.9065
ZNF292	regulatory T cell	3.9220	0.5740
ZNF831	regulatory T cell	4.2629	1.8315
ASF1B	transit amplifying cell of colon	0.5553	0.4071
ASPM	transit amplifying cell of colon	0.9989	0.8655
AURKB	transit amplifying cell of colon	0.5466	0.4439
BIRC5	transit amplifying cell of colon	0.7760	0.5758
BRI3BP	transit amplifying cell of colon	0.8949	0.3056
BRIP1	transit amplifying cell of colon	0.8193	0.4295
C19orf48P	transit amplifying cell of colon	0.7624	0.2848
C21orf58	transit amplifying cell of colon	0.7673	0.4964
CCDC34	transit amplifying cell of colon	0.6471	0.4047
CCNB1	transit amplifying cell of colon	0.9513	0.8224
CCNB2	transit amplifying cell of colon	0.5818	0.4319
CDC20	transit amplifying cell of colon	0.8858	0.7632
CDCA7	transit amplifying cell of colon	0.6081	0.3555
CDCA8	transit amplifying cell of colon	0.5761	0.4151
CDK1	transit amplifying cell of colon	0.8844	0.4419
CDKN3	transit amplifying cell of colon	0.8605	0.7122
CENPF	transit amplifying cell of colon	2.0224	1.5312
CENPW	transit amplifying cell of colon	0.9746	0.7820
CENPX	transit amplifying cell of colon	1.7735	0.6777
CKAP5	transit amplifying cell of colon	0.8941	0.4048
CKS1B	transit amplifying cell of colon	1.1216	0.7673
CKS2	transit amplifying cell of colon	2.5144	1.3294
CPA6	transit amplifying cell of colon	2.5263	0.3953
DHFR	transit amplifying cell of colon	0.5516	0.3990
DIAPH3	transit amplifying cell of colon	1.2735	0.9357
DLGAP5	transit amplifying cell of colon	0.5155	0.4755
DTYMK	transit amplifying cell of colon	0.7378	0.5015
DUT	transit amplifying cell of colon	1.5314	0.3677
DYNC2I2	transit amplifying cell of colon	0.6106	0.2644
ECT2	transit amplifying cell of colon	0.9113	0.6318
FAM111B	transit amplifying cell of colon	0.5091	0.3240
FANCA	transit amplifying cell of colon	0.6793	0.3444
FBL	transit amplifying cell of colon	1.5173	0.4699
GMNN	transit amplifying cell of colon	1.9962	0.3246
GRM8	transit amplifying cell of colon	0.8191	0.2747
GSTP1	transit amplifying cell of colon	5.9337	0.9116
GTSE1	transit amplifying cell of colon	0.5838	0.5336
H1-5	transit amplifying cell of colon	0.9324	0.6466
H3C2	transit amplifying cell of colon	0.6841	0.4651
H3C8	transit amplifying cell of colon	0.5308	0.5028
H4C3	transit amplifying cell of colon	9.2484	3.8981
HDGF	transit amplifying cell of colon	1.3133	0.3968
HELLS	transit amplifying cell of colon	0.9125	0.3453
HMGA1	transit amplifying cell of colon	1.2738	0.3653
HMGB2	transit amplifying cell of colon	4.2796	1.1634
HMGB3	transit amplifying cell of colon	0.7915	0.3343
HMGN1	transit amplifying cell of colon	2.9606	0.7960
HMGN2	transit amplifying cell of colon	5.6754	0.7049
HMMR	transit amplifying cell of colon	0.9427	0.8311
HNRNPAB	transit amplifying cell of colon	4.1010	1.1796
IGFBP2	transit amplifying cell of colon	1.7662	0.4294
JPT1	transit amplifying cell of colon	2.2115	0.3772
KIF11	transit amplifying cell of colon	0.6028	0.3705
KIF14	transit amplifying cell of colon	0.6586	0.4822
KIF4A	transit amplifying cell of colon	0.5039	0.3072
KIFC1	transit amplifying cell of colon	0.5293	0.3948
LINC01515	transit amplifying cell of colon	1.1840	0.9033
LINC01572	transit amplifying cell of colon	1.3430	0.4895
LSM5	transit amplifying cell of colon	1.2073	0.3212
MAD2L1	transit amplifying cell of colon	0.6128	0.4568
MECOM	transit amplifying cell of colon	4.1270	0.8564
MIR924HG	transit amplifying cell of colon	2.4665	2.2824
MKI67	transit amplifying cell of colon	2.3021	1.9148
MLXIP	transit amplifying cell of colon	2.8771	0.5739
MYB	transit amplifying cell of colon	0.8348	0.2512
MZT2A	transit amplifying cell of colon	1.8215	0.7391
MZT2B	transit amplifying cell of colon	2.9470	0.3488
NCAPD2	transit amplifying cell of colon	0.5381	0.3843
OLFM4	transit amplifying cell of colon	1.7766	0.5132
PAFAH1B3	transit amplifying cell of colon	0.6215	0.2666
PCNA	transit amplifying cell of colon	0.9050	0.3514
PGP	transit amplifying cell of colon	0.6975	0.2891
POLQ	transit amplifying cell of colon	0.6568	0.4971
PPIH	transit amplifying cell of colon	0.6365	0.2624
PTBP1	transit amplifying cell of colon	1.2623	0.3646
PTTG1	transit amplifying cell of colon	1.6267	1.0853
RANBP1	transit amplifying cell of colon	1.4729	0.5902
RPL31	transit amplifying cell of colon	9.4859	0.2635
RPL35	transit amplifying cell of colon	16.3030	1.9842
RPL36	transit amplifying cell of colon	25.5460	2.7144
RPL37A	transit amplifying cell of colon	32.5429	0.8005
RPS17	transit amplifying cell of colon	2.9146	0.6105
RRM2	transit amplifying cell of colon	1.2138	0.5828
SGO2	transit amplifying cell of colon	0.5449	0.3695
SHMT1	transit amplifying cell of colon	0.5521	0.2926
SMC2	transit amplifying cell of colon	1.0001	0.5048
SNHG8	transit amplifying cell of colon	2.7716	0.3401
SNRPD1	transit amplifying cell of colon	1.4649	0.4271
SNRPF	transit amplifying cell of colon	1.7387	0.4004
TK1	transit amplifying cell of colon	1.2126	0.9369
TOP2A	transit amplifying cell of colon	1.9042	1.5913
TPX2	transit amplifying cell of colon	1.1989	1.0203
TUBA1B	transit amplifying cell of colon	8.5336	2.6482
TUBB	transit amplifying cell of colon	2.7521	0.7779
TUBB4B	transit amplifying cell of colon	7.9034	1.5168
UBE2C	transit amplifying cell of colon	1.5156	1.3394
UBE2T	transit amplifying cell of colon	0.5326	0.4392
ZWINT	transit amplifying cell of colon	0.5492	0.3517
7SK	tuft cell of colon	5.4516	4.5474
ABCA13	tuft cell of colon	0.6099	0.5521
ABHD2	tuft cell of colon	2.9656	0.9094
ABI2	tuft cell of colon	1.2303	0.3408
ACACB	tuft cell of colon	1.4690	0.8261
ACADSB	tuft cell of colon	1.4974	0.8040
ACOT11	tuft cell of colon	1.7006	0.6811
ACTG1P22	tuft cell of colon	0.6245	0.6053
ADAMTS18	tuft cell of colon	1.7146	1.6454
ADCY6	tuft cell of colon	0.8725	0.3908
ADGRG6	tuft cell of colon	6.0686	4.5989
AFAP1L2	tuft cell of colon	5.9470	5.3131
AGAP1	tuft cell of colon	7.8720	1.6514
AIG1	tuft cell of colon	1.1686	0.3882
AK9	tuft cell of colon	1.0288	0.3912
ALMS1	tuft cell of colon	1.9825	0.7811
ALOX5	tuft cell of colon	8.5899	3.0071
AMBRA1	tuft cell of colon	4.9074	2.9099
ANKRA2	tuft cell of colon	0.7228	0.3096
ANLN	tuft cell of colon	1.3606	0.6475
ANXA13	tuft cell of colon	5.1904	4.4232
ANXA3	tuft cell of colon	1.7634	0.6703
ANXA4	tuft cell of colon	3.8585	2.5924
AP1G2	tuft cell of colon	1.3830	0.9510
AP2A1	tuft cell of colon	0.7460	0.3211
ARFRP1	tuft cell of colon	0.6724	0.3158
ARGLU1	tuft cell of colon	7.2403	4.1005
ARHGAP12	tuft cell of colon	2.7047	1.1169
ARHGEF1	tuft cell of colon	1.6966	0.6076
ARHGEF10L	tuft cell of colon	2.8671	1.4084
ARHGEF11	tuft cell of colon	4.0985	3.0218
ARHGEF38	tuft cell of colon	6.4858	4.0229
ATP2A3	tuft cell of colon	8.1513	6.5043
ATP8A2	tuft cell of colon	4.9272	4.8024
AVIL	tuft cell of colon	5.5043	4.9449
AZGP1	tuft cell of colon	5.0307	3.0089
AZGP1P1	tuft cell of colon	0.7895	0.7878
B4GALNT4	tuft cell of colon	2.8209	2.7308
BAZ2B	tuft cell of colon	5.2198	0.8605
BDNF-AS	tuft cell of colon	0.5621	0.2971
BIK	tuft cell of colon	2.4973	1.1865
BLM	tuft cell of colon	0.6840	0.3825
BMX	tuft cell of colon	9.5249	8.8925
BTBD8	tuft cell of colon	0.6699	0.3897
C3orf70	tuft cell of colon	2.0536	1.4951
CAMK2D	tuft cell of colon	12.9018	0.5407
CAMTA2	tuft cell of colon	0.5696	0.2978
CAPN12	tuft cell of colon	1.2771	0.8175
CARMIL1	tuft cell of colon	7.9798	4.7421
CASC9	tuft cell of colon	1.4357	0.6622
CASZ1	tuft cell of colon	2.8648	1.2621
CBFA2T3	tuft cell of colon	0.7125	0.3607
CC2D1A	tuft cell of colon	3.3518	2.6054
CCDC14	tuft cell of colon	5.0127	2.6310
CCDC6	tuft cell of colon	1.3854	0.2751
CCSER1	tuft cell of colon	62.6742	55.9320
CD300LF	tuft cell of colon	1.7044	1.3784
CDCP1	tuft cell of colon	2.4868	0.7705
CDHR2	tuft cell of colon	5.2766	0.3713
CGNL1	tuft cell of colon	3.0704	1.3122
CHAT	tuft cell of colon	2.8987	2.8469
CHD6	tuft cell of colon	4.4827	2.3456
CHD9	tuft cell of colon	4.0631	0.4255
CHD9NB	tuft cell of colon	0.9565	0.7369
CHDH	tuft cell of colon	1.7170	1.0742
CHN2	tuft cell of colon	1.0993	0.6027
CLDN1	tuft cell of colon	0.8176	0.7655
CLIC5	tuft cell of colon	2.7455	0.9302
CLK2	tuft cell of colon	0.5073	0.2847
CLRN3	tuft cell of colon	1.4631	0.8002
CNIH3	tuft cell of colon	0.6013	0.3695
COG4	tuft cell of colon	1.7497	0.7959
COL27A1	tuft cell of colon	5.9179	5.6037
CORO2B	tuft cell of colon	3.0552	2.5000
CRAT37	tuft cell of colon	1.1060	1.0583
CSK	tuft cell of colon	1.1789	0.3889
CSMD1	tuft cell of colon	3.0326	2.9043
CSNK2A1	tuft cell of colon	1.5325	0.4944
CSTPP1	tuft cell of colon	1.6871	0.3634
CTNNA2	tuft cell of colon	1.1232	1.0237
CWH43	tuft cell of colon	0.8053	0.4794
CXXC1	tuft cell of colon	0.7507	0.5225
DCLK2	tuft cell of colon	3.3020	2.8403
DDX17	tuft cell of colon	6.3241	0.4829
DEPDC7	tuft cell of colon	1.1312	0.9278
DGKI	tuft cell of colon	2.7783	2.5700
DLEU1	tuft cell of colon	4.4389	0.8109
DMGDH	tuft cell of colon	1.6750	0.7770
DPY19L1P1	tuft cell of colon	1.0524	0.7412
DPYSL3	tuft cell of colon	7.3365	4.9743
EDIL3-DT	tuft cell of colon	0.6488	0.2595
EEF2K	tuft cell of colon	1.4691	0.3353
EGFEM1P	tuft cell of colon	1.0574	0.4966
EHF	tuft cell of colon	4.7942	1.7017
EIF1B-AS1	tuft cell of colon	1.1098	0.7401
EMC4	tuft cell of colon	1.3368	0.3034
ENC1	tuft cell of colon	1.0120	0.6365
ENSG00000231252	tuft cell of colon	0.9688	0.8805
ENSG00000241962	tuft cell of colon	0.7736	0.4318
ENSG00000242588	tuft cell of colon	1.3449	0.4075
ENSG00000246090	tuft cell of colon	1.4198	1.1584
ENSG00000249675	tuft cell of colon	1.4280	1.1328
ENSG00000259345	tuft cell of colon	2.5258	0.6629
ENSG00000259541	tuft cell of colon	0.6762	0.6600
ENSG00000259672	tuft cell of colon	0.6025	0.5857
ENSG00000259704	tuft cell of colon	0.9655	0.2548
ENSG00000283162	tuft cell of colon	0.5484	0.5296
ENSG00000284634	tuft cell of colon	1.9384	1.3742
ENSG00000285579	tuft cell of colon	2.0109	1.7152
ENSG00000286163	tuft cell of colon	0.5925	0.5170
ENSG00000287704	tuft cell of colon	2.9685	1.6643
ENSG00000288047	tuft cell of colon	2.5336	1.6818
ENSG00000288398	tuft cell of colon	0.5805	0.5698
ENSG00000289349	tuft cell of colon	1.5543	0.5714
ENSG00000289474	tuft cell of colon	13.8729	3.4361
ENSG00000289865	tuft cell of colon	1.1282	0.2870
ENSG00000289901	tuft cell of colon	1.1797	0.2609
ENTPD6	tuft cell of colon	0.8127	0.2731
EPB41L1	tuft cell of colon	3.1320	2.1348
EPB41L4B	tuft cell of colon	1.3163	0.2678
EPCAM-DT	tuft cell of colon	1.5211	1.2109
EPM2A	tuft cell of colon	10.3079	9.9451
EPS8L2	tuft cell of colon	2.8591	1.3901
EPS8L3	tuft cell of colon	2.1096	0.2653
EXOC7	tuft cell of colon	0.9931	0.4093
FADS2B	tuft cell of colon	1.0984	1.0626
FAM171A1	tuft cell of colon	3.5920	2.3011
FAM217B	tuft cell of colon	0.6625	0.3447
FAN1	tuft cell of colon	0.7373	0.4648
FARP2	tuft cell of colon	2.6398	0.3437
FAT1	tuft cell of colon	2.7084	0.5919
FAT3	tuft cell of colon	4.0357	3.8876
FDFT1	tuft cell of colon	2.1555	0.3341
FGFR4	tuft cell of colon	1.2910	0.9980
FGGY	tuft cell of colon	2.2895	1.3927
FHDC1	tuft cell of colon	1.9188	1.6565
FMO5	tuft cell of colon	1.1738	0.4883
FRY	tuft cell of colon	5.9011	3.5322
FTCDNL1	tuft cell of colon	0.6184	0.2519
FURIN	tuft cell of colon	1.5014	0.5612
FUT3	tuft cell of colon	1.2935	0.2843
FYB1	tuft cell of colon	23.6551	15.6262
GANC	tuft cell of colon	2.6637	1.9873
GBA3	tuft cell of colon	1.2271	0.9702
GDPD5	tuft cell of colon	1.2170	0.3135
GFI1B	tuft cell of colon	1.0178	0.8794
GLCE	tuft cell of colon	1.4821	0.8351
GMDS-DT	tuft cell of colon	4.1926	0.8107
GNG13	tuft cell of colon	1.4157	1.4149
GPR89A	tuft cell of colon	1.7536	1.4367
GPR89B	tuft cell of colon	1.2527	0.4825
GRIN2B	tuft cell of colon	2.4241	2.2202
GRK5	tuft cell of colon	8.6234	3.0654
H1-2	tuft cell of colon	3.4598	1.9004
H1-4	tuft cell of colon	3.1711	2.2166
H2AC12	tuft cell of colon	1.3605	0.5498
H2AC20	tuft cell of colon	1.2129	0.3879
H2AC6	tuft cell of colon	3.3045	0.8502
H2AC8	tuft cell of colon	0.6462	0.4211
H2BC18	tuft cell of colon	0.7777	0.3740
H2BC4	tuft cell of colon	1.6609	0.9437
H2BC5	tuft cell of colon	2.0344	0.4223
H2BC8	tuft cell of colon	1.0864	0.8297
H3C1	tuft cell of colon	1.0583	0.4733
H3C10	tuft cell of colon	0.9602	0.5491
H4C16	tuft cell of colon	0.9680	0.5749
H4C2	tuft cell of colon	0.5896	0.2943
H4C5	tuft cell of colon	1.3877	0.6788
HAP1	tuft cell of colon	0.7495	0.5635
HCCS-DT	tuft cell of colon	0.7366	0.3700
HCK	tuft cell of colon	9.4476	5.9400
HEATR6	tuft cell of colon	0.6553	0.5157
HGS	tuft cell of colon	0.7298	0.2620
HIP1R	tuft cell of colon	6.1080	5.4212
HLCS	tuft cell of colon	2.2826	1.1566
HMGB1P1	tuft cell of colon	0.7161	0.6957
HNF1A-AS1	tuft cell of colon	2.1820	1.1295
HOTAIRM1	tuft cell of colon	2.9922	2.2046
HOXA3	tuft cell of colon	1.2365	0.9045
HOXB6	tuft cell of colon	0.8275	0.4413
HPGDS	tuft cell of colon	9.0332	1.6716
HTR3C	tuft cell of colon	0.6153	0.6098
HTR3E	tuft cell of colon	1.7902	1.7837
IFI6	tuft cell of colon	1.7044	1.2737
IFT140	tuft cell of colon	0.8438	0.5783
IGF2BP2	tuft cell of colon	3.2054	0.3684
IGSF21	tuft cell of colon	2.7512	2.4224
IGSF3	tuft cell of colon	2.4385	2.2470
IL13RA1	tuft cell of colon	4.2455	1.4355
IL17RB	tuft cell of colon	8.7555	7.9009
ILF3	tuft cell of colon	2.4480	0.4309
INPP5B	tuft cell of colon	2.9992	2.3148
INTS1	tuft cell of colon	0.9925	0.6412
IPP	tuft cell of colon	0.7704	0.5795
IRAG2	tuft cell of colon	26.0742	20.7152
ITFG1	tuft cell of colon	3.2719	0.5223
ITPR2	tuft cell of colon	23.3753	16.1677
ITPRID1	tuft cell of colon	19.6203	19.5743
KCNQ1	tuft cell of colon	1.8178	0.8694
KCNQ4	tuft cell of colon	1.9441	1.8739
KDM4A	tuft cell of colon	0.5887	0.4453
KIF26B	tuft cell of colon	0.8992	0.5377
KLHDC10	tuft cell of colon	1.2874	0.4237
L1TD1	tuft cell of colon	0.8707	0.4779
LACTB2	tuft cell of colon	0.7639	0.4373
LASP1	tuft cell of colon	1.9571	0.8491
LENG8	tuft cell of colon	1.0946	0.6049
LHPP	tuft cell of colon	1.1261	0.9103
LIMD1	tuft cell of colon	3.1952	2.4119
LINC01091	tuft cell of colon	8.6211	7.3482
LINC01170	tuft cell of colon	3.0605	3.0254
LINC01331	tuft cell of colon	1.0690	0.9694
LINC01418	tuft cell of colon	0.8273	0.2958
LINC01748	tuft cell of colon	1.4227	1.0123
LINC01762	tuft cell of colon	0.8092	0.7447
LINC01843	tuft cell of colon	0.6293	0.2585
LINC01876	tuft cell of colon	2.9872	0.4343
LINC02576	tuft cell of colon	2.0566	1.7648
LINC02725	tuft cell of colon	2.0248	1.9686
LINC02937	tuft cell of colon	0.5826	0.4773
LIPG	tuft cell of colon	2.3093	1.7143
LMCD1-AS1	tuft cell of colon	1.5610	0.6579
LPAR2	tuft cell of colon	0.7014	0.3894
LRP5	tuft cell of colon	1.8771	1.0255
LUC7L3	tuft cell of colon	6.3592	3.3814
MAPK8IP1	tuft cell of colon	0.7240	0.4812
MARCKSL1	tuft cell of colon	7.3763	4.3485
MATCAP1	tuft cell of colon	0.5687	0.3530
MATK	tuft cell of colon	2.8389	1.7381
MBNL3	tuft cell of colon	1.3314	0.8447
MEGF9	tuft cell of colon	3.1691	0.8549
MGAM2	tuft cell of colon	3.5403	2.7532
MIR200CHG	tuft cell of colon	0.8332	0.4918
MIR29B2CHG	tuft cell of colon	1.4457	0.2715
MISP3	tuft cell of colon	0.6501	0.3452
MPRIP	tuft cell of colon	2.1506	0.6245
MTA3	tuft cell of colon	3.4541	2.5110
MTMR12	tuft cell of colon	1.2926	0.6656
MTMR9LP	tuft cell of colon	0.8563	0.5380
MTSS1	tuft cell of colon	7.0963	3.8527
MYO15B	tuft cell of colon	4.4170	0.2996
MYO1B	tuft cell of colon	7.5356	5.3599
MYO7B	tuft cell of colon	3.6888	1.9654
NAV2	tuft cell of colon	7.6524	3.4710
NCKAP5	tuft cell of colon	4.1470	0.5369
NCMAP	tuft cell of colon	3.9827	3.5616
NCOR1	tuft cell of colon	4.1223	1.1339
NEK6	tuft cell of colon	1.3595	0.9490
NR6A1	tuft cell of colon	2.2276	0.6259
NRCAM	tuft cell of colon	4.6513	3.2221
NREP	tuft cell of colon	0.5548	0.2688
NRG3	tuft cell of colon	1.6748	0.9212
OBSL1	tuft cell of colon	0.6577	0.4188
OGDHL	tuft cell of colon	1.7225	1.5674
ORC2	tuft cell of colon	1.2138	0.2661
PAK3	tuft cell of colon	0.7100	0.5240
PAQR5	tuft cell of colon	0.9465	0.5005
PAQR7	tuft cell of colon	0.5150	0.3329
PATJ	tuft cell of colon	4.5363	1.2137
PCDH1	tuft cell of colon	0.8519	0.4929
PCNX3	tuft cell of colon	0.5099	0.2539
PCP4	tuft cell of colon	0.5099	0.3993
PDE1C	tuft cell of colon	3.0479	1.7493
PDE4D	tuft cell of colon	28.6571	14.6225
PELI2	tuft cell of colon	5.1614	1.9858
PHKB	tuft cell of colon	2.0591	0.3552
PIK3C2B	tuft cell of colon	1.5634	0.4139
PIK3CG	tuft cell of colon	5.1688	3.7076
PLCB2	tuft cell of colon	1.7617	1.1369
PLCG2	tuft cell of colon	5.8744	4.7273
PLEKHG7	tuft cell of colon	3.7641	2.1600
PLXNB1	tuft cell of colon	1.1307	0.6949
PNISR	tuft cell of colon	4.0456	0.3552
POU2AF2	tuft cell of colon	2.0200	1.9138
POU2F3	tuft cell of colon	7.4635	7.3634
PPM1H	tuft cell of colon	0.9486	0.2744
PROX1	tuft cell of colon	1.8109	0.8316
PRSS22	tuft cell of colon	0.5561	0.4490
PSTPIP2	tuft cell of colon	21.4658	19.0041
PTCHD1	tuft cell of colon	0.6731	0.5902
PTGS1	tuft cell of colon	5.5887	4.8984
PTPN18	tuft cell of colon	10.4993	9.5598
PTPN6	tuft cell of colon	2.4389	1.3871
PTPRJ	tuft cell of colon	16.9321	12.0105
PTPRT	tuft cell of colon	14.4798	14.1892
RAB12	tuft cell of colon	0.9671	0.4290
RAB37	tuft cell of colon	1.1238	0.6747
RAD51-AS1	tuft cell of colon	0.9202	0.6142
RALGAPA2	tuft cell of colon	4.7437	0.5785
RASSF6	tuft cell of colon	14.7927	11.7569
REPS2	tuft cell of colon	0.9673	0.3152
RGS13	tuft cell of colon	4.5337	2.5806
RHOBTB1	tuft cell of colon	1.5947	1.0382
RICTOR	tuft cell of colon	4.0487	0.4170
RIMKLB	tuft cell of colon	0.9969	0.2662
RMND5B	tuft cell of colon	0.5080	0.2537
RNF170	tuft cell of colon	0.8018	0.3998
RNU6ATAC	tuft cell of colon	0.6376	0.4591
RP9	tuft cell of colon	0.6826	0.4016
RP9P	tuft cell of colon	1.6915	1.4247
RPL32P3	tuft cell of colon	1.8715	1.4502
RSAD1	tuft cell of colon	0.7237	0.4139
RUNX1	tuft cell of colon	7.7624	2.0796
SEMA5A	tuft cell of colon	3.0204	1.7722
SGSM1	tuft cell of colon	1.1330	0.3872
SH2D6	tuft cell of colon	24.2256	24.1698
SH2D7	tuft cell of colon	7.2042	7.1929
SHB	tuft cell of colon	0.8517	0.6087
SHROOM2	tuft cell of colon	1.5049	1.1120
SKAP2	tuft cell of colon	6.9985	3.1391
SLC25A25-AS1	tuft cell of colon	0.8745	0.3336
SLC27A3	tuft cell of colon	0.6057	0.3587
SLC29A1	tuft cell of colon	0.7520	0.3206
SLC37A1	tuft cell of colon	2.1354	0.3281
SLC44A3-AS1	tuft cell of colon	8.4212	6.8013
SLC4A2	tuft cell of colon	0.6003	0.3152
SLCO3A1	tuft cell of colon	5.0127	1.0430
SLCO4A1	tuft cell of colon	1.1418	0.4161
SLCO4A1-AS1	tuft cell of colon	0.5460	0.5218
SMARCA4	tuft cell of colon	1.3480	0.5185
SNORD3A	tuft cell of colon	1.1961	0.8084
SNRNP27	tuft cell of colon	1.8705	1.1414
SOX2-OT	tuft cell of colon	0.6207	0.3032
SOX9	tuft cell of colon	2.2529	0.9170
SPATA6L	tuft cell of colon	0.8628	0.4255
SPTLC2	tuft cell of colon	10.7596	9.2952
SPTLC3	tuft cell of colon	1.6926	1.1058
SRRM2	tuft cell of colon	4.7134	0.4060
ST18	tuft cell of colon	5.6547	2.1486
ST6GALNAC3	tuft cell of colon	16.7449	7.9773
SUDS3	tuft cell of colon	1.0912	0.3331
SUGP2	tuft cell of colon	0.9925	0.2579
SUPT3H	tuft cell of colon	3.0806	0.2892
TAMALIN	tuft cell of colon	4.0679	2.2267
TAS1R3	tuft cell of colon	0.6865	0.6438
TBC1D2B	tuft cell of colon	4.0186	2.5726
TBC1D32	tuft cell of colon	1.3845	0.3035
TCP11L1	tuft cell of colon	0.7852	0.4141
TLE4	tuft cell of colon	7.4997	2.3019
TMC5	tuft cell of colon	2.5246	0.6008
TMCC1	tuft cell of colon	2.9730	0.9283
TMCO4	tuft cell of colon	0.9649	0.2977
TMEM63A	tuft cell of colon	4.4783	3.6487
TNPO2	tuft cell of colon	0.8051	0.5308
TOGARAM1	tuft cell of colon	1.3383	0.4808
TP53I3	tuft cell of colon	1.7041	0.3100
TREH	tuft cell of colon	1.9920	1.7310
TRHDE	tuft cell of colon	5.6269	5.0008
TRPM5	tuft cell of colon	18.8180	18.7557
TSC2	tuft cell of colon	0.9267	0.3195
TTTY14	tuft cell of colon	1.2721	0.3750
TUBG2	tuft cell of colon	0.5952	0.4475
UBA7	tuft cell of colon	0.7454	0.2804
UGT8	tuft cell of colon	1.6763	0.6297
USH1C	tuft cell of colon	2.1171	1.0300
USP28	tuft cell of colon	1.1638	0.6782
VPS11	tuft cell of colon	0.6027	0.3666
VPS8	tuft cell of colon	2.2448	0.5708
VSIG10	tuft cell of colon	1.2083	0.5597
WASL	tuft cell of colon	2.3075	0.9445
YJU2B	tuft cell of colon	0.8561	0.4255
ZBTB48	tuft cell of colon	0.6728	0.4400
ZFHX3	tuft cell of colon	13.7654	8.4458
ZFYVE19	tuft cell of colon	0.5165	0.3251
ZMAT4	tuft cell of colon	1.7333	1.5975
ZMYND8	tuft cell of colon	3.7008	1.8418
ZNF280D	tuft cell of colon	0.8690	0.3715
ZNF618	tuft cell of colon	0.9446	0.5598
ZNF638	tuft cell of colon	3.2544	0.4777
ZNF69	tuft cell of colon	0.9377	0.3926
ZNRF3	tuft cell of colon	1.6237	1.0446
ZRANB2	tuft cell of colon	2.5554	0.4690
ABAT	type L enteroendocrine cell	0.9922	0.5646
ABCA5	type L enteroendocrine cell	3.3349	0.4127
ABCC8	type L enteroendocrine cell	2.2535	1.7829
ACOXL	type L enteroendocrine cell	1.0581	0.5611
AGFG2	type L enteroendocrine cell	0.8207	0.4056
AGTR1	type L enteroendocrine cell	1.0204	0.6356
ANAPC5	type L enteroendocrine cell	1.6257	0.2951
ANK2	type L enteroendocrine cell	13.8145	0.8084
ANKRD6	type L enteroendocrine cell	0.6286	0.2676
ANXA7	type L enteroendocrine cell	1.7229	0.4253
AP3B2	type L enteroendocrine cell	0.7486	0.2531
ARFGEF3	type L enteroendocrine cell	8.5300	4.6577
ARHGAP17	type L enteroendocrine cell	2.3065	0.5674
ARHGAP32	type L enteroendocrine cell	4.6385	0.4948
ARHGAP5	type L enteroendocrine cell	3.0344	0.5367
ARL15	type L enteroendocrine cell	17.1052	9.4250
ARX	type L enteroendocrine cell	0.9380	0.9310
ASXL3	type L enteroendocrine cell	0.7208	0.3996
ATP9A	type L enteroendocrine cell	2.1244	0.6107
BAIAP2L1	type L enteroendocrine cell	6.3536	2.7307
BCL9	type L enteroendocrine cell	0.7114	0.4796
BMPER	type L enteroendocrine cell	1.7732	0.2565
C12orf75	type L enteroendocrine cell	2.9947	1.7843
CACNA1A	type L enteroendocrine cell	19.1591	15.9404
CBR4	type L enteroendocrine cell	1.3776	0.5051
CCDC24	type L enteroendocrine cell	0.5852	0.2798
CD46	type L enteroendocrine cell	3.2689	0.3234
CDH12	type L enteroendocrine cell	1.2549	1.2078
CDKN1C	type L enteroendocrine cell	3.8773	2.0302
CEP126	type L enteroendocrine cell	3.6819	1.7963
CEP70	type L enteroendocrine cell	1.9712	1.1426
CFAP70	type L enteroendocrine cell	0.5386	0.3252
CHD7	type L enteroendocrine cell	3.4539	0.4083
CHST9	type L enteroendocrine cell	1.9219	1.0690
CKB	type L enteroendocrine cell	31.3652	10.0755
COL2A1	type L enteroendocrine cell	1.1604	1.0468
CORO1C	type L enteroendocrine cell	2.2375	0.3315
CPE	type L enteroendocrine cell	6.4347	3.0171
CRY2	type L enteroendocrine cell	1.1824	0.5114
CSMD3	type L enteroendocrine cell	1.0999	1.0432
CSRNP3	type L enteroendocrine cell	0.6761	0.3338
CTDSPL	type L enteroendocrine cell	2.8333	1.4312
CXXC4	type L enteroendocrine cell	1.0139	0.9480
CYP4F3	type L enteroendocrine cell	0.6075	0.3666
DAAM1	type L enteroendocrine cell	3.0350	1.2415
DAPK2	type L enteroendocrine cell	3.8853	0.5436
DIAPH2	type L enteroendocrine cell	7.8390	1.2270
DIP2B	type L enteroendocrine cell	4.6339	1.3397
DLGAP4	type L enteroendocrine cell	1.5519	0.2809
DOP1B	type L enteroendocrine cell	3.0824	0.7920
DPP10	type L enteroendocrine cell	1.5653	0.3224
DPP6	type L enteroendocrine cell	0.7550	0.5860
DSCAML1	type L enteroendocrine cell	3.6735	2.5966
EFNA5	type L enteroendocrine cell	4.4807	0.8095
EFNB2	type L enteroendocrine cell	4.1048	0.7593
ELP4	type L enteroendocrine cell	1.7888	0.4673
EMC10	type L enteroendocrine cell	1.1068	0.5303
ENSG00000225689	type L enteroendocrine cell	1.3178	0.8708
ENSG00000253642	type L enteroendocrine cell	0.5824	0.5612
ENSG00000257729	type L enteroendocrine cell	1.4303	1.2628
ENSG00000258231	type L enteroendocrine cell	5.4620	5.2210
ENSG00000281593	type L enteroendocrine cell	0.8299	0.3288
ENSG00000287486	type L enteroendocrine cell	1.0978	1.0915
ENSG00000289431	type L enteroendocrine cell	0.7069	0.3428
EPN2	type L enteroendocrine cell	2.1146	0.9162
ERI3	type L enteroendocrine cell	1.5532	0.7736
ERO1B	type L enteroendocrine cell	3.7127	0.6269
ETNK1	type L enteroendocrine cell	5.4243	1.6810
ETV1	type L enteroendocrine cell	2.9285	2.8014
EVPL	type L enteroendocrine cell	0.9053	0.7075
EYA2	type L enteroendocrine cell	1.4128	0.6477
EYS	type L enteroendocrine cell	11.1920	8.1154
FAM135A	type L enteroendocrine cell	2.6274	0.6802
FAM234B	type L enteroendocrine cell	0.5748	0.3396
FBXO32	type L enteroendocrine cell	3.3479	0.3391
FGFBP3	type L enteroendocrine cell	0.9374	0.8761
FNBP1L	type L enteroendocrine cell	4.9093	2.2625
FYB2	type L enteroendocrine cell	1.3953	0.6989
GABRA2	type L enteroendocrine cell	1.6295	1.4282
GADD45G	type L enteroendocrine cell	3.6854	1.8093
GALR1	type L enteroendocrine cell	0.9302	0.8681
GAREM1	type L enteroendocrine cell	4.0124	1.5882
GCG	type L enteroendocrine cell	44.3709	44.0056
GCH1	type L enteroendocrine cell	6.9805	0.3230
GDAP1	type L enteroendocrine cell	2.1434	0.3120
GFOD2	type L enteroendocrine cell	1.0244	0.4455
GOLPH3	type L enteroendocrine cell	2.9415	1.3440
GPR160	type L enteroendocrine cell	2.2150	0.8813
GRIP1	type L enteroendocrine cell	1.6226	0.2682
GUCY2C	type L enteroendocrine cell	6.5353	2.5733
HACD2	type L enteroendocrine cell	1.3698	0.6738
HECTD2	type L enteroendocrine cell	1.3382	0.7325
HIF3A	type L enteroendocrine cell	1.9804	0.4270
HILPDA	type L enteroendocrine cell	2.0875	1.6806
HMGCR	type L enteroendocrine cell	1.4241	0.5373
HMGCS1	type L enteroendocrine cell	3.7223	0.9125
HNF4A	type L enteroendocrine cell	3.2427	0.2633
HOXB8	type L enteroendocrine cell	0.5339	0.4899
HOXB9	type L enteroendocrine cell	1.2938	0.9835
IDI1	type L enteroendocrine cell	2.7857	0.2853
INSL5	type L enteroendocrine cell	92.4754	92.3483
INSM1	type L enteroendocrine cell	1.8839	1.0716
KCNB2	type L enteroendocrine cell	6.9191	3.9325
KCNH8	type L enteroendocrine cell	3.3678	1.5247
KCNK1	type L enteroendocrine cell	2.9217	1.0759
KCNMB2-AS1	type L enteroendocrine cell	1.1303	0.7688
KCNV1	type L enteroendocrine cell	0.5071	0.4571
KCTD16	type L enteroendocrine cell	1.9226	1.7933
KCTD3	type L enteroendocrine cell	1.4366	0.6253
KDM5B	type L enteroendocrine cell	2.7343	0.7663
KDM7A	type L enteroendocrine cell	3.1771	1.0274
KIAA0232	type L enteroendocrine cell	3.0792	0.3634
KIAA0319	type L enteroendocrine cell	1.9633	1.0761
KIF22	type L enteroendocrine cell	1.1965	0.4058
KIF5C	type L enteroendocrine cell	2.5429	1.6906
LINC00511	type L enteroendocrine cell	10.3692	3.4223
LINC00907	type L enteroendocrine cell	4.6393	1.6437
LINC02197	type L enteroendocrine cell	0.8149	0.6385
LMTK2	type L enteroendocrine cell	3.5772	0.4578
LRRK1	type L enteroendocrine cell	2.1277	1.1735
LXN	type L enteroendocrine cell	1.5484	0.8033
MACROD2	type L enteroendocrine cell	2.8127	0.8730
MAML3	type L enteroendocrine cell	8.0502	1.7508
MAP2	type L enteroendocrine cell	3.7892	2.9515
MAP7	type L enteroendocrine cell	5.8651	0.5857
MARCHF4	type L enteroendocrine cell	0.8397	0.5113
MBOAT2	type L enteroendocrine cell	7.0010	2.7982
MDK	type L enteroendocrine cell	3.1472	0.7163
MINDY3	type L enteroendocrine cell	1.1054	0.3767
MLXIPL	type L enteroendocrine cell	1.2216	0.3227
MYEF2	type L enteroendocrine cell	1.0623	0.6292
MYO10	type L enteroendocrine cell	6.2534	1.4443
MYO5B	type L enteroendocrine cell	4.1373	0.3563
NDFIP2	type L enteroendocrine cell	2.3133	0.4089
NDUFA13	type L enteroendocrine cell	1.9969	0.3644
NEO1	type L enteroendocrine cell	4.7154	2.0757
NKX2-2	type L enteroendocrine cell	1.0069	0.7411
NLK	type L enteroendocrine cell	2.0006	0.6662
NPAS2	type L enteroendocrine cell	2.2566	1.1722
NPTN	type L enteroendocrine cell	2.5032	0.9891
NR3C2	type L enteroendocrine cell	12.5040	1.0063
NT5DC3	type L enteroendocrine cell	5.3139	4.2679
OSBP2	type L enteroendocrine cell	0.8204	0.4594
OTULINL	type L enteroendocrine cell	1.8104	0.6706
PAM	type L enteroendocrine cell	18.5367	3.3260
PAPPA2	type L enteroendocrine cell	1.9595	1.8413
PDAP1	type L enteroendocrine cell	1.1685	0.3787
PDGFD	type L enteroendocrine cell	1.6300	0.3772
PLEKHG3	type L enteroendocrine cell	0.8188	0.3304
PLPPR1	type L enteroendocrine cell	1.1421	1.0347
PPARG	type L enteroendocrine cell	8.9111	3.8709
PPFIA2	type L enteroendocrine cell	1.4331	0.5283
PPL	type L enteroendocrine cell	1.1644	0.5428
PPM1L	type L enteroendocrine cell	5.1374	1.7260
PPP2R1B	type L enteroendocrine cell	1.3654	0.5296
PRPH	type L enteroendocrine cell	0.7445	0.7115
PRUNE2	type L enteroendocrine cell	5.9001	1.7242
PTBP3	type L enteroendocrine cell	3.1475	1.0128
PTPN3	type L enteroendocrine cell	1.4287	0.3412
PTPRK	type L enteroendocrine cell	6.2206	0.5208
PYY	type L enteroendocrine cell	366.4468	366.3692
RAB11FIP1	type L enteroendocrine cell	13.5569	3.6642
RABL6	type L enteroendocrine cell	1.7548	0.6214
RAI2	type L enteroendocrine cell	1.2109	0.2781
RARRES1	type L enteroendocrine cell	6.2549	5.3287
RASD1	type L enteroendocrine cell	4.9269	2.5476
RBP4	type L enteroendocrine cell	0.9875	0.9012
REV1	type L enteroendocrine cell	1.2357	0.3976
RFX3	type L enteroendocrine cell	8.6494	1.2865
RGS4	type L enteroendocrine cell	0.7595	0.6603
RGS7	type L enteroendocrine cell	1.9380	1.1574
RGS9	type L enteroendocrine cell	1.0998	0.4635
RNF128	type L enteroendocrine cell	0.8034	0.4089
RPS6KA6	type L enteroendocrine cell	1.7279	1.1502
RTN1	type L enteroendocrine cell	7.9625	6.6588
SATB2	type L enteroendocrine cell	7.5314	0.8644
SCARB2	type L enteroendocrine cell	2.5790	0.5333
SCG2	type L enteroendocrine cell	5.1605	2.4767
SCG3	type L enteroendocrine cell	1.2633	0.2717
SCGB2A1	type L enteroendocrine cell	1.5845	1.3684
SCGN	type L enteroendocrine cell	7.4962	2.0183
SCNN1G	type L enteroendocrine cell	1.4018	0.5435
SDK1	type L enteroendocrine cell	12.4402	4.5527
SEC23A	type L enteroendocrine cell	1.6910	0.4247
SEMA3D	type L enteroendocrine cell	1.7632	0.9794
SETBP1	type L enteroendocrine cell	4.9707	0.8697
SH3GLB2	type L enteroendocrine cell	0.7424	0.2860
SHROOM3	type L enteroendocrine cell	9.4353	1.0713
SIMC1P1	type L enteroendocrine cell	1.0174	0.2850
SLC15A1	type L enteroendocrine cell	1.0384	0.4825
SLC25A33	type L enteroendocrine cell	2.1991	0.3141
SLC26A7	type L enteroendocrine cell	2.1235	0.6686
SLC29A4	type L enteroendocrine cell	1.6041	1.1259
SLC35F3	type L enteroendocrine cell	0.7922	0.3708
SLC4A10	type L enteroendocrine cell	3.6768	2.9677
SLC5A1	type L enteroendocrine cell	2.2424	1.5873
SMAD2	type L enteroendocrine cell	2.1445	0.3054
SMAD5	type L enteroendocrine cell	1.3469	0.6759
SMIM24	type L enteroendocrine cell	2.0036	1.1317
SNHG14	type L enteroendocrine cell	1.6652	0.3250
SOCS6	type L enteroendocrine cell	1.0592	0.3318
SREBF2	type L enteroendocrine cell	5.4469	1.7711
SST	type L enteroendocrine cell	7.0853	7.0448
SSTR5-AS1	type L enteroendocrine cell	0.7146	0.5632
STARD4	type L enteroendocrine cell	0.6406	0.2759
STK39	type L enteroendocrine cell	4.8150	2.2626
STRN	type L enteroendocrine cell	1.8510	0.4876
STXBP5	type L enteroendocrine cell	11.7020	7.9489
SVOP	type L enteroendocrine cell	0.5324	0.3228
SYBU	type L enteroendocrine cell	1.2157	0.4885
SYT7	type L enteroendocrine cell	1.9106	1.3964
TACC2	type L enteroendocrine cell	3.1485	0.6646
TEAD1	type L enteroendocrine cell	5.4304	0.8431
THSD7A	type L enteroendocrine cell	5.4247	1.0630
TIAL1	type L enteroendocrine cell	1.1121	0.2822
TM9SF3	type L enteroendocrine cell	3.2928	0.6528
TMEM132D	type L enteroendocrine cell	8.6394	7.6574
TMEM236	type L enteroendocrine cell	1.6674	0.7180
TMEM61	type L enteroendocrine cell	0.8268	0.4901
TNNC1	type L enteroendocrine cell	7.5300	6.4279
TNS3	type L enteroendocrine cell	2.5091	0.2883
TOX3	type L enteroendocrine cell	2.2014	0.6435
TPPP3	type L enteroendocrine cell	1.8856	1.4830
TRMT9B	type L enteroendocrine cell	1.6877	1.0571
TSPAN2	type L enteroendocrine cell	0.6377	0.4230
TSPAN5	type L enteroendocrine cell	5.4020	1.9807
UBE2H	type L enteroendocrine cell	6.7636	2.8061
UBL3	type L enteroendocrine cell	2.4662	0.2590
UCN3	type L enteroendocrine cell	2.4896	2.4839
UFL1-AS1	type L enteroendocrine cell	0.5771	0.4278
UGDH	type L enteroendocrine cell	4.1445	1.0155
VGF	type L enteroendocrine cell	1.2980	0.8613
VPS13A	type L enteroendocrine cell	3.2772	0.4700
ZFYVE9	type L enteroendocrine cell	2.3223	0.7816
ZKSCAN1	type L enteroendocrine cell	2.0260	0.9712
