gene	cell_state	score	margin
ABCC3	colon epithelial cell	0.5192	0.3510
AGR3	colon epithelial cell	6.9785	0.9267
AKAP1	colon epithelial cell	1.2121	0.3705
AKAP7	colon epithelial cell	1.8964	1.4369
ANG	colon epithelial cell	1.1987	0.4625
ARID3A	colon epithelial cell	2.9626	1.3270
BSG	colon epithelial cell	6.0894	0.4503
C15orf48	colon epithelial cell	1.1970	0.8024
C19orf33	colon epithelial cell	7.2619	3.5193
CA12	colon epithelial cell	1.1342	1.0277
CD164	colon epithelial cell	3.5448	1.0701
CDH1	colon epithelial cell	1.1731	0.2893
CDH17	colon epithelial cell	2.6777	0.6235
CDX1	colon epithelial cell	2.5387	0.5011
CKB	colon epithelial cell	26.3437	16.5599
CLINT1	colon epithelial cell	0.9434	0.2989
CLN3	colon epithelial cell	0.6275	0.3118
COL2A1	colon epithelial cell	2.1685	0.9177
COX6A1	colon epithelial cell	7.6226	0.8099
CYB5A	colon epithelial cell	2.4452	0.2553
DSC2	colon epithelial cell	0.7812	0.2754
DSG2	colon epithelial cell	1.3821	0.3489
ELF3	colon epithelial cell	4.8556	0.9166
ENSG00000279483	colon epithelial cell	6.4525	0.3346
ERBB2	colon epithelial cell	0.8339	0.4106
ETHE1	colon epithelial cell	2.2475	0.8366
ETV4	colon epithelial cell	0.9451	0.4412
FGFR4	colon epithelial cell	0.8992	0.3301
FOLR1	colon epithelial cell	0.6555	0.3873
FOXD2	colon epithelial cell	0.5075	0.4789
FXYD3	colon epithelial cell	5.4796	3.0695
GJB1	colon epithelial cell	1.2850	0.3332
GMNN	colon epithelial cell	1.3009	0.4625
GOLM1	colon epithelial cell	3.9499	1.3031
GPC3	colon epithelial cell	7.7775	3.0433
HINT1	colon epithelial cell	13.2750	0.4046
IDH1	colon epithelial cell	2.2684	0.5255
IHH	colon epithelial cell	1.2535	0.7875
KIF12	colon epithelial cell	0.9399	0.2600
KLF5	colon epithelial cell	7.2643	3.5801
KRT19	colon epithelial cell	9.2598	0.9115
LCN15	colon epithelial cell	5.8612	5.7311
LGALS3	colon epithelial cell	18.1522	2.9309
LGR4	colon epithelial cell	0.8098	0.4138
MMEL1-AS1	colon epithelial cell	0.6458	0.5067
MPC2	colon epithelial cell	6.4274	1.3165
MRPS26	colon epithelial cell	2.2403	0.2606
NET1	colon epithelial cell	1.5912	0.5494
NFATC3	colon epithelial cell	0.6964	0.2921
ODC1	colon epithelial cell	4.6188	1.8335
PAPSS2	colon epithelial cell	0.6388	0.3938
PHPT1	colon epithelial cell	4.7666	0.3619
PPDPF	colon epithelial cell	14.4377	2.7004
PRAC1	colon epithelial cell	1.6365	1.6236
PRDX4	colon epithelial cell	2.6223	0.8223
PRDX6	colon epithelial cell	5.3211	0.7857
PYY	colon epithelial cell	1.8398	1.2891
RPL41	colon epithelial cell	104.4121	13.2588
RPS21	colon epithelial cell	23.1521	3.6348
RPS29	colon epithelial cell	47.9081	2.8939
S100A10	colon epithelial cell	36.8254	4.3418
SATB2	colon epithelial cell	0.7944	0.7106
SDC4	colon epithelial cell	1.0036	0.4891
SEMA4G	colon epithelial cell	0.7047	0.3291
SIRT2	colon epithelial cell	0.8932	0.2802
SLC13A2	colon epithelial cell	0.6010	0.4416
SLC26A2	colon epithelial cell	1.9102	0.8785
SLC44A1	colon epithelial cell	1.8349	1.0488
SOX9	colon epithelial cell	1.1339	0.5268
SPINT1	colon epithelial cell	1.7558	0.5668
SPINT2	colon epithelial cell	6.5360	1.6367
SQOR	colon epithelial cell	0.5279	0.2705
TMEM256	colon epithelial cell	4.6759	0.8457
TSPAN8	colon epithelial cell	16.0175	0.4226
TUBB4B	colon epithelial cell	3.5472	0.3685
VTN	colon epithelial cell	2.9622	1.2506
ZFP36L2	colon epithelial cell	7.2160	1.9350
A2M	endothelial cell of artery	9.8699	5.4406
ABHD17A	endothelial cell of artery	1.6177	0.7669
ABL2	endothelial cell of artery	0.6711	0.3397
ABLIM1	endothelial cell of artery	0.7626	0.4291
ACE	endothelial cell of artery	0.8815	0.8058
ACTG1	endothelial cell of artery	62.3347	6.1869
ACTN4	endothelial cell of artery	3.7362	1.6433
ACVRL1	endothelial cell of artery	2.5270	0.8784
ADAM15	endothelial cell of artery	5.9286	3.0343
ADAM19	endothelial cell of artery	0.8161	0.4765
ADAMTS9	endothelial cell of artery	2.4998	1.5929
ADCY4	endothelial cell of artery	1.0208	0.4588
ADGRF5	endothelial cell of artery	2.1060	1.3964
ADGRL4	endothelial cell of artery	4.1365	3.0895
ADM	endothelial cell of artery	2.1211	1.1660
AFAP1L1	endothelial cell of artery	2.0451	0.9577
AK1	endothelial cell of artery	1.4304	0.4157
ALPL	endothelial cell of artery	0.8008	0.6914
APBB2	endothelial cell of artery	0.5456	0.2566
APH1A	endothelial cell of artery	1.6206	0.3036
APLN	endothelial cell of artery	1.1210	0.8630
APLP2	endothelial cell of artery	3.8717	0.7147
APOLD1	endothelial cell of artery	1.3953	0.4423
APP	endothelial cell of artery	4.5777	0.5564
AQP1	endothelial cell of artery	3.4806	2.9262
ARGLU1	endothelial cell of artery	5.0446	2.2118
ARHGAP18	endothelial cell of artery	2.0410	0.3273
ARHGAP29	endothelial cell of artery	4.1750	1.1647
ARHGDIA	endothelial cell of artery	2.0126	0.4753
ARHGEF1	endothelial cell of artery	0.7342	0.2576
ARHGEF2	endothelial cell of artery	1.0527	0.4728
ARHGEF7	endothelial cell of artery	1.0499	0.3445
ARL15	endothelial cell of artery	1.3502	1.1026
ARL6IP4	endothelial cell of artery	3.5067	0.4641
ARPC5L	endothelial cell of artery	1.4003	0.4234
ASAP2	endothelial cell of artery	0.5644	0.3403
ATP1B3	endothelial cell of artery	3.3393	1.2513
ATP5PF	endothelial cell of artery	5.6138	0.7694
ATP6AP1	endothelial cell of artery	1.2285	0.5683
AZIN1	endothelial cell of artery	1.0229	0.3718
B3GNT2	endothelial cell of artery	0.5029	0.3133
BCAP31	endothelial cell of artery	1.8573	0.3449
BCL6B	endothelial cell of artery	1.2666	0.2884
BHLHE40	endothelial cell of artery	0.9912	0.3865
BMPR2	endothelial cell of artery	1.1498	0.4049
BTNL9	endothelial cell of artery	1.7565	1.3129
C19orf53	endothelial cell of artery	3.1523	0.5086
C1orf115	endothelial cell of artery	1.4813	1.2211
C1orf54	endothelial cell of artery	3.3913	1.4890
CALM1	endothelial cell of artery	18.7061	9.7317
CAV1	endothelial cell of artery	19.8609	12.2027
CAV2	endothelial cell of artery	2.0923	0.7528
CAVIN1	endothelial cell of artery	9.6522	5.9327
CAVIN3	endothelial cell of artery	4.4592	2.8579
CCDC85B	endothelial cell of artery	7.7904	2.1567
CCDC88C	endothelial cell of artery	1.2890	0.9421
CCNY	endothelial cell of artery	0.9605	0.3428
CD276	endothelial cell of artery	1.0576	0.3963
CD34	endothelial cell of artery	7.6245	3.2701
CD63	endothelial cell of artery	10.5756	1.4001
CD81	endothelial cell of artery	2.2708	0.6004
CD93	endothelial cell of artery	6.2744	3.5541
CD99	endothelial cell of artery	7.7717	0.4348
CDC37	endothelial cell of artery	3.9565	0.9134
CDC42	endothelial cell of artery	4.7988	0.6972
CDH5	endothelial cell of artery	8.7910	4.5663
CDK17	endothelial cell of artery	0.7485	0.4272
CFDP1	endothelial cell of artery	2.9553	0.9250
CFH	endothelial cell of artery	0.7740	0.3105
CFL1	endothelial cell of artery	22.3816	4.0317
CFLAR	endothelial cell of artery	1.3308	0.2703
CGNL1	endothelial cell of artery	1.6821	1.0953
CHST1	endothelial cell of artery	1.2512	1.0120
CLDN5	endothelial cell of artery	31.8785	13.3562
CLEC14A	endothelial cell of artery	4.1005	1.8127
CLIC4	endothelial cell of artery	2.7481	0.9797
COL15A1	endothelial cell of artery	3.6218	1.7052
COL18A1	endothelial cell of artery	3.3456	1.3243
COL4A1	endothelial cell of artery	10.2936	1.9448
COMMD2	endothelial cell of artery	1.1202	0.3077
COMT	endothelial cell of artery	3.2231	1.1700
CPNE2	endothelial cell of artery	1.0458	0.4431
CPNE5	endothelial cell of artery	0.5601	0.4097
CRIP2	endothelial cell of artery	7.8950	3.0964
CRYBG3	endothelial cell of artery	0.8013	0.6088
CSGALNACT1	endothelial cell of artery	0.6566	0.4147
CSNK1A1	endothelial cell of artery	3.3213	1.3475
CTNNA1	endothelial cell of artery	2.3607	0.4832
CTNNB1	endothelial cell of artery	3.7990	1.2117
CTNNBIP1	endothelial cell of artery	1.9621	0.8842
CTTNBP2NL	endothelial cell of artery	0.7644	0.3262
CXCR4	endothelial cell of artery	8.3648	6.8007
CYB5R3	endothelial cell of artery	3.0027	0.7321
CYYR1	endothelial cell of artery	2.4951	0.9866
DAD1	endothelial cell of artery	4.4567	0.7396
DARS1	endothelial cell of artery	1.5010	0.3105
DCHS1	endothelial cell of artery	0.8975	0.3304
DDX5	endothelial cell of artery	6.9723	1.4300
DEPP1	endothelial cell of artery	5.3311	3.2499
DGKE	endothelial cell of artery	0.7993	0.4625
DHRS7B	endothelial cell of artery	0.6712	0.3479
DIAPH2	endothelial cell of artery	1.3686	1.0236
DIPK1B	endothelial cell of artery	1.3660	0.4816
DLL4	endothelial cell of artery	2.6066	2.2155
DMAC1	endothelial cell of artery	2.3536	0.3551
DOCK6	endothelial cell of artery	1.1993	0.4662
DOCK9	endothelial cell of artery	1.5058	0.9043
DTNBP1	endothelial cell of artery	0.5602	0.3493
DUSP1	endothelial cell of artery	7.4809	2.9350
ECE1	endothelial cell of artery	1.2670	0.4911
EFCAB14	endothelial cell of artery	4.7865	4.2531
EFNA1	endothelial cell of artery	4.2229	2.5114
EFNB2	endothelial cell of artery	3.4698	2.5721
EGLN1	endothelial cell of artery	1.2760	0.2601
EIF1	endothelial cell of artery	18.8635	1.3526
EIF2B3	endothelial cell of artery	0.6513	0.3728
ELMO1	endothelial cell of artery	1.4354	1.0490
ELOVL5	endothelial cell of artery	0.9789	0.4114
EMCN	endothelial cell of artery	3.0817	0.4598
EMP1	endothelial cell of artery	3.8012	2.2043
EPAS1	endothelial cell of artery	2.5789	1.1620
ERC1	endothelial cell of artery	0.7337	0.3545
ESAM	endothelial cell of artery	8.1317	3.1783
ESM1	endothelial cell of artery	2.5667	2.2313
ETS1	endothelial cell of artery	1.4944	0.4850
EXOC6	endothelial cell of artery	0.9130	0.4261
F11R	endothelial cell of artery	0.6826	0.3153
FADS3	endothelial cell of artery	0.6731	0.4869
FAM124B	endothelial cell of artery	1.2889	1.0833
FAM241A	endothelial cell of artery	0.6515	0.2743
FAM43A	endothelial cell of artery	1.8658	0.5250
FAM89A	endothelial cell of artery	1.4600	0.9273
FDPS	endothelial cell of artery	4.9623	1.8699
FEZ2	endothelial cell of artery	1.4523	0.5737
FIS1	endothelial cell of artery	3.1272	0.3120
FKBP9	endothelial cell of artery	1.4881	0.4858
FLNB	endothelial cell of artery	1.2089	0.3367
FLT1	endothelial cell of artery	4.4677	2.3874
FMNL3	endothelial cell of artery	0.9406	0.3395
FSCN1	endothelial cell of artery	5.3453	1.1166
FURIN	endothelial cell of artery	0.6579	0.4299
FYN	endothelial cell of artery	1.2064	0.4539
FZD4	endothelial cell of artery	0.6513	0.3729
FZD6	endothelial cell of artery	0.6830	0.4200
GADD45A	endothelial cell of artery	0.9249	0.2631
GALNT18	endothelial cell of artery	1.0176	0.5190
GASK1B	endothelial cell of artery	1.8729	1.0755
GFOD1	endothelial cell of artery	0.9888	0.5579
GIT2	endothelial cell of artery	1.1535	0.5902
GJA4	endothelial cell of artery	14.3520	13.0135
GJA5	endothelial cell of artery	3.4290	3.2625
GLUL	endothelial cell of artery	4.1509	1.4789
GNAI2	endothelial cell of artery	5.4727	2.3011
GNAS	endothelial cell of artery	9.0669	1.9327
GPIHBP1	endothelial cell of artery	2.5599	2.3819
GPRC5B	endothelial cell of artery	1.3437	0.8037
GPRIN3	endothelial cell of artery	0.6397	0.4180
GPX4	endothelial cell of artery	6.0489	0.7162
GRAMD1A	endothelial cell of artery	1.5512	0.4040
GRIA2	endothelial cell of artery	1.2833	1.0508
GRK5	endothelial cell of artery	0.8364	0.3686
GRPEL2	endothelial cell of artery	0.7186	0.4008
GSN	endothelial cell of artery	11.6351	5.5541
HAGLROS	endothelial cell of artery	0.5907	0.3121
HEG1	endothelial cell of artery	1.1753	0.6300
HERC2	endothelial cell of artery	0.9515	0.3617
HES1	endothelial cell of artery	7.9512	1.7589
HEY1	endothelial cell of artery	2.2009	1.9668
HMOX2	endothelial cell of artery	1.7487	0.8571
HOXD1	endothelial cell of artery	0.6869	0.3316
HSPA12B	endothelial cell of artery	1.4350	0.5043
HSPG2	endothelial cell of artery	13.8268	9.2887
HYAL2	endothelial cell of artery	3.9346	0.7665
ICAM2	endothelial cell of artery	5.9478	3.0224
ID1	endothelial cell of artery	6.8220	1.1106
ID3	endothelial cell of artery	7.5683	0.4848
IFITM2	endothelial cell of artery	4.8608	1.3733
IFITM3	endothelial cell of artery	10.5928	0.8280
IGF2	endothelial cell of artery	10.3946	0.3097
IGFBP2	endothelial cell of artery	7.7228	1.6492
IGFBP3	endothelial cell of artery	37.0532	33.3783
IL32	endothelial cell of artery	11.7693	6.3085
IL3RA	endothelial cell of artery	2.5731	1.6037
INSR	endothelial cell of artery	3.0012	2.1567
IPO11	endothelial cell of artery	1.3413	0.4206
IQCK	endothelial cell of artery	1.2745	0.8757
ISG15	endothelial cell of artery	1.5713	0.5381
ITGA2	endothelial cell of artery	1.3809	0.9170
ITGA5	endothelial cell of artery	2.0890	0.7831
ITGB1	endothelial cell of artery	7.4006	3.2157
JAG2	endothelial cell of artery	1.5392	1.3304
JAM2	endothelial cell of artery	2.4756	1.3721
JUNB	endothelial cell of artery	7.9126	1.0377
KDR	endothelial cell of artery	3.9841	0.8178
KIAA1671	endothelial cell of artery	1.0649	0.6353
KLF2	endothelial cell of artery	2.8923	1.5225
KLF6	endothelial cell of artery	6.2549	0.6391
KNOP1	endothelial cell of artery	1.2595	0.3425
KRTCAP2	endothelial cell of artery	2.0664	0.5331
LAMB2	endothelial cell of artery	1.1385	0.6116
LAMC1	endothelial cell of artery	3.1903	1.6209
LAMTOR5	endothelial cell of artery	2.9699	0.3856
LEPROTL1	endothelial cell of artery	1.5906	0.6712
LMCD1	endothelial cell of artery	1.4624	0.7588
LRP10	endothelial cell of artery	1.0785	0.4983
LRP6	endothelial cell of artery	1.2074	0.6293
LRRFIP1	endothelial cell of artery	2.5313	1.1557
LUZP1	endothelial cell of artery	1.5819	0.4507
LXN	endothelial cell of artery	2.6986	1.4822
MANF	endothelial cell of artery	1.9866	0.6680
MANSC1	endothelial cell of artery	0.6803	0.3498
MAP1LC3B	endothelial cell of artery	1.6737	0.3117
MAP3K11	endothelial cell of artery	1.7209	0.4404
MAP4	endothelial cell of artery	2.2051	1.2077
MAPK3	endothelial cell of artery	1.1269	0.2597
MARCKSL1	endothelial cell of artery	18.6975	2.0869
MAST4	endothelial cell of artery	1.8130	1.1211
MCAM	endothelial cell of artery	3.6593	1.3735
MECOM	endothelial cell of artery	3.2529	2.5051
MGAT1	endothelial cell of artery	1.7916	0.5698
MGMT	endothelial cell of artery	1.5993	0.3716
MGST2	endothelial cell of artery	4.0630	1.3297
MIB1	endothelial cell of artery	0.6439	0.2626
MIDN	endothelial cell of artery	1.3897	0.4876
MIR503HG	endothelial cell of artery	0.7517	0.3427
MLF1	endothelial cell of artery	1.4762	1.0294
MMP15	endothelial cell of artery	0.9605	0.4376
MMRN2	endothelial cell of artery	2.5539	1.0757
MRPL17	endothelial cell of artery	1.6791	0.8436
MTDH	endothelial cell of artery	2.9188	0.8629
MTRF1L	endothelial cell of artery	0.5999	0.2532
MYCT1	endothelial cell of artery	3.5361	1.4107
MYDGF	endothelial cell of artery	3.3931	1.1233
MYH9	endothelial cell of artery	3.6922	1.7597
MYL12A	endothelial cell of artery	11.0071	3.9033
MYL12B	endothelial cell of artery	7.4626	2.2327
MYO10	endothelial cell of artery	6.5652	5.7429
MYO1B	endothelial cell of artery	1.9308	0.8966
MYO1C	endothelial cell of artery	1.0454	0.3017
N4BP3	endothelial cell of artery	0.9764	0.5012
NCK1	endothelial cell of artery	0.7920	0.3313
NCKAP1	endothelial cell of artery	1.1413	0.4824
NDST1	endothelial cell of artery	0.7775	0.4135
NECAP2	endothelial cell of artery	1.3029	0.3803
NES	endothelial cell of artery	2.7272	1.1159
NETO2	endothelial cell of artery	0.7132	0.2917
NFKBIA	endothelial cell of artery	3.2934	0.7289
NHERF2	endothelial cell of artery	9.2025	5.6287
NID2	endothelial cell of artery	1.6676	1.0442
NOTCH1	endothelial cell of artery	1.4784	0.5710
NOTCH4	endothelial cell of artery	5.4926	4.4668
NPDC1	endothelial cell of artery	5.1007	2.6078
NRP1	endothelial cell of artery	3.8744	2.5384
NUDT14	endothelial cell of artery	1.6445	0.8070
NUDT3	endothelial cell of artery	1.6270	0.3041
NUDT4	endothelial cell of artery	2.4244	0.7520
OST4	endothelial cell of artery	10.0915	1.0209
PALMD	endothelial cell of artery	0.9212	0.6756
PBX2	endothelial cell of artery	0.9101	0.3169
PCDH1	endothelial cell of artery	0.5437	0.2836
PCMTD1	endothelial cell of artery	0.9063	0.3579
PCTP	endothelial cell of artery	0.5685	0.3106
PDE4B	endothelial cell of artery	0.8298	0.3561
PDE6G	endothelial cell of artery	0.6314	0.3994
PDGFB	endothelial cell of artery	1.5898	1.2207
PDIA3	endothelial cell of artery	4.6242	0.6334
PEA15	endothelial cell of artery	1.8291	0.7896
PECAM1	endothelial cell of artery	9.5793	5.5196
PGF	endothelial cell of artery	1.6987	0.9939
PHLDA1	endothelial cell of artery	2.6531	0.7065
PHLDB1	endothelial cell of artery	0.8457	0.3294
PICALM	endothelial cell of artery	0.7774	0.2556
PIK3C2B	endothelial cell of artery	0.6311	0.4681
PIK3R3	endothelial cell of artery	0.5768	0.3869
PKIG	endothelial cell of artery	2.6176	1.4452
PKN1	endothelial cell of artery	1.1493	0.3806
PLCG2	endothelial cell of artery	0.6759	0.3317
PLCL1	endothelial cell of artery	0.5152	0.2708
PLEC	endothelial cell of artery	1.0531	0.4740
PLEKHA1	endothelial cell of artery	2.1220	1.1355
PLEKHG1	endothelial cell of artery	0.8964	0.4465
PLK2	endothelial cell of artery	4.5839	1.0853
PLXND1	endothelial cell of artery	3.3486	0.8756
PMVK	endothelial cell of artery	1.1262	0.2559
PNP	endothelial cell of artery	0.6929	0.2518
PODXL	endothelial cell of artery	5.3334	2.3541
POLR2J3	endothelial cell of artery	2.2102	0.6480
POMP	endothelial cell of artery	5.7396	1.4317
PPA1	endothelial cell of artery	3.5068	0.4202
PPP2R2A	endothelial cell of artery	1.4021	0.3651
PPP4C	endothelial cell of artery	1.9377	0.2992
PREX1	endothelial cell of artery	1.5810	0.9852
PREX2	endothelial cell of artery	1.3253	1.0067
PRND	endothelial cell of artery	11.5115	11.0390
PSMA7	endothelial cell of artery	5.9265	0.5387
PTP4A3	endothelial cell of artery	1.8278	0.9430
PTPN4	endothelial cell of artery	0.5832	0.2680
PTPRB	endothelial cell of artery	2.5082	1.5094
PTPRM	endothelial cell of artery	1.4259	0.7077
PTTG1IP	endothelial cell of artery	2.4608	0.9131
PXDN	endothelial cell of artery	2.7353	0.5527
QKI	endothelial cell of artery	1.5066	0.3128
RABAC1	endothelial cell of artery	2.9889	0.6385
RAMP2	endothelial cell of artery	21.9608	3.7966
RAPGEF1	endothelial cell of artery	0.7062	0.5026
RAPGEF5	endothelial cell of artery	1.1441	0.2768
RASSF2	endothelial cell of artery	0.9501	0.6216
RBM17	endothelial cell of artery	2.1514	0.4837
RBP7	endothelial cell of artery	0.9114	0.2740
RGS3	endothelial cell of artery	4.3199	3.1627
RHOB	endothelial cell of artery	4.2640	1.6344
RHOC	endothelial cell of artery	9.4681	3.2351
RNF144A	endothelial cell of artery	0.6870	0.4581
RNF145	endothelial cell of artery	1.1555	0.3620
RNF19A	endothelial cell of artery	1.8305	1.0240
RNF7	endothelial cell of artery	2.5564	0.3405
ROBO4	endothelial cell of artery	2.1311	0.6875
RPS6KA2	endothelial cell of artery	2.0565	0.9472
RRAGA	endothelial cell of artery	2.5829	1.6186
RSU1	endothelial cell of artery	1.6779	0.2614
S100A11	endothelial cell of artery	8.9817	2.8098
SDF4	endothelial cell of artery	1.3934	0.3029
SEC14L1	endothelial cell of artery	2.3195	0.9377
SEC62	endothelial cell of artery	3.0906	0.5022
SELENOS	endothelial cell of artery	1.4057	0.3550
SELENOW	endothelial cell of artery	7.9351	3.9370
SEMA3G	endothelial cell of artery	0.6512	0.6036
SEMA6B	endothelial cell of artery	0.6454	0.4467
SEPTIN2	endothelial cell of artery	3.0404	0.3720
SERF2	endothelial cell of artery	18.6973	0.3734
SERINC3	endothelial cell of artery	1.1068	0.4237
SERPINH1	endothelial cell of artery	8.3497	1.7239
SESTD1	endothelial cell of artery	1.0427	0.3294
SH3BP5	endothelial cell of artery	2.0628	0.7094
SH3GLB1	endothelial cell of artery	1.4136	0.3571
SHE	endothelial cell of artery	1.7689	0.8523
SLC2A3	endothelial cell of artery	2.0283	0.3364
SLC50A1	endothelial cell of artery	0.7344	0.3349
SLFN5	endothelial cell of artery	0.7782	0.4003
SMAD7	endothelial cell of artery	0.6639	0.3141
SMS	endothelial cell of artery	4.3867	2.5549
SNX3	endothelial cell of artery	13.4618	4.8470
SON	endothelial cell of artery	3.3945	0.2890
SOS1	endothelial cell of artery	0.8273	0.5442
SOX13	endothelial cell of artery	0.5130	0.3866
SOX17	endothelial cell of artery	2.9215	2.4853
SOX18	endothelial cell of artery	2.1305	1.2764
SOX7	endothelial cell of artery	5.7283	2.9747
SPCS3	endothelial cell of artery	1.1151	0.2805
SPTAN1	endothelial cell of artery	1.5830	0.3955
SPTBN1	endothelial cell of artery	5.3036	1.7210
SRP14	endothelial cell of artery	24.9286	11.3195
SRP72	endothelial cell of artery	1.4584	0.2742
SSUH2	endothelial cell of artery	0.9131	0.7749
STC1	endothelial cell of artery	0.8594	0.4725
STING1	endothelial cell of artery	1.5226	0.2940
STOM	endothelial cell of artery	3.4155	2.2448
STX12	endothelial cell of artery	0.8544	0.4062
STX6	endothelial cell of artery	0.5098	0.2534
SUGT1	endothelial cell of artery	1.2244	0.2974
SVIP	endothelial cell of artery	1.4896	0.5208
SWAP70	endothelial cell of artery	0.6113	0.2732
SYMPK	endothelial cell of artery	1.2038	0.5338
SYNJ2	endothelial cell of artery	1.1264	1.0167
SYNPO	endothelial cell of artery	0.6144	0.4446
TACC1	endothelial cell of artery	2.1889	0.6477
TAGLN2	endothelial cell of artery	8.3472	2.8659
TAX1BP3	endothelial cell of artery	2.0086	0.3160
TBC1D17	endothelial cell of artery	0.7800	0.4184
TCF4	endothelial cell of artery	9.4034	4.8910
TECPR1	endothelial cell of artery	0.6209	0.2565
TGFBR2	endothelial cell of artery	2.2616	0.6427
THSD1	endothelial cell of artery	2.3686	1.7477
THSD7A	endothelial cell of artery	2.6647	2.0354
TIE1	endothelial cell of artery	4.5603	0.6240
TJP1	endothelial cell of artery	2.3556	0.7342
TM4SF1	endothelial cell of artery	8.6612	3.7892
TMA7	endothelial cell of artery	8.4057	0.3461
TMBIM6	endothelial cell of artery	4.5634	0.8009
TMEM100	endothelial cell of artery	2.6727	1.7887
TMEM178A	endothelial cell of artery	0.8686	0.6924
TMEM181	endothelial cell of artery	0.8048	0.5013
TMEM184B	endothelial cell of artery	0.6201	0.2981
TMEM219	endothelial cell of artery	2.0542	0.4917
TMEM30A	endothelial cell of artery	0.7779	0.2606
TMEM47	endothelial cell of artery	0.9479	0.3741
TMEM88	endothelial cell of artery	5.7961	1.3610
TMSB10	endothelial cell of artery	135.1757	42.8284
TNFAIP8L1	endothelial cell of artery	1.1754	0.3580
TNFRSF4	endothelial cell of artery	2.0038	1.5706
TNFSF10	endothelial cell of artery	1.6965	0.3918
TP53I11	endothelial cell of artery	1.4679	0.5931
TRAF7	endothelial cell of artery	0.9382	0.2685
TRIM16	endothelial cell of artery	0.7148	0.2805
TRIM47	endothelial cell of artery	0.8647	0.3573
TSPAN14	endothelial cell of artery	1.2701	0.2611
TSPAN18	endothelial cell of artery	1.8437	0.5145
TSPAN2	endothelial cell of artery	1.8785	0.7594
TTC28	endothelial cell of artery	0.9744	0.4829
TTYH3	endothelial cell of artery	1.1096	0.3847
TUSC3	endothelial cell of artery	2.2556	0.7535
UACA	endothelial cell of artery	7.5526	5.7020
UBE2J1	endothelial cell of artery	1.5602	0.6601
UNC5B	endothelial cell of artery	4.9304	3.0529
USHBP1	endothelial cell of artery	0.6361	0.2945
UXS1	endothelial cell of artery	1.4410	0.9632
VAMP5	endothelial cell of artery	6.6738	3.0007
VAPA	endothelial cell of artery	2.5724	0.3229
VASH1	endothelial cell of artery	2.2761	1.8080
VASP	endothelial cell of artery	1.6980	0.4631
VEGFC	endothelial cell of artery	0.9800	0.7869
VIM	endothelial cell of artery	80.5162	21.8561
VPS37B	endothelial cell of artery	0.7126	0.3048
VSIR	endothelial cell of artery	3.8238	1.4109
WASF2	endothelial cell of artery	2.9769	0.4771
WWC3	endothelial cell of artery	0.7240	0.3546
YIPF4	endothelial cell of artery	1.0872	0.2881
ZDHHC3	endothelial cell of artery	0.9070	0.3469
ZDHHC9	endothelial cell of artery	0.6225	0.3351
ADD3	endothelial cell of lymphatic vessel	3.4189	0.7277
AKAP12	endothelial cell of lymphatic vessel	7.6636	0.7883
ANXA2	endothelial cell of lymphatic vessel	16.7023	3.4979
AP2M1	endothelial cell of lymphatic vessel	4.3831	1.5528
AP2S1	endothelial cell of lymphatic vessel	6.3739	2.5194
APOD	endothelial cell of lymphatic vessel	0.5742	0.3519
APOL3	endothelial cell of lymphatic vessel	0.8734	0.5401
ARL4A	endothelial cell of lymphatic vessel	3.9891	2.6671
ARPC1A	endothelial cell of lymphatic vessel	2.1565	0.3123
ARRDC2	endothelial cell of lymphatic vessel	0.6526	0.3965
ATP5F1E	endothelial cell of lymphatic vessel	34.7208	16.9171
ATP5F1EP2	endothelial cell of lymphatic vessel	1.0468	0.5038
ATP5MF	endothelial cell of lymphatic vessel	3.9768	0.4386
BAX	endothelial cell of lymphatic vessel	1.6500	0.2620
BRK1	endothelial cell of lymphatic vessel	4.9318	0.2613
C20orf204	endothelial cell of lymphatic vessel	0.6638	0.4017
CALR	endothelial cell of lymphatic vessel	6.8349	0.6712
CASP4	endothelial cell of lymphatic vessel	1.1254	0.3294
CCL14	endothelial cell of lymphatic vessel	2.0061	1.7868
CCL2	endothelial cell of lymphatic vessel	2.3676	0.6110
CCL21	endothelial cell of lymphatic vessel	46.0149	45.8279
CCT5	endothelial cell of lymphatic vessel	2.1937	0.3658
CD47	endothelial cell of lymphatic vessel	2.6258	1.5922
CD59	endothelial cell of lymphatic vessel	2.6104	0.7594
CMTM3	endothelial cell of lymphatic vessel	2.2819	0.3799
CNTNAP3B	endothelial cell of lymphatic vessel	0.7604	0.3039
COMMD1	endothelial cell of lymphatic vessel	1.1815	0.4059
CRACR2B	endothelial cell of lymphatic vessel	1.1174	0.8306
CRNDE	endothelial cell of lymphatic vessel	0.5431	0.4053
CSTB	endothelial cell of lymphatic vessel	7.1090	1.6001
CTHRC1	endothelial cell of lymphatic vessel	3.3291	0.3023
CXADR	endothelial cell of lymphatic vessel	2.3578	0.9952
DOCK5	endothelial cell of lymphatic vessel	0.8610	0.6464
DYNLL1	endothelial cell of lymphatic vessel	9.8893	0.6119
EGFL7	endothelial cell of lymphatic vessel	9.0543	0.4504
ELK3	endothelial cell of lymphatic vessel	2.9648	0.3861
ENY2	endothelial cell of lymphatic vessel	3.1891	0.4834
EPHX1	endothelial cell of lymphatic vessel	1.2023	0.6484
EPS15	endothelial cell of lymphatic vessel	0.6932	0.3126
ERICH1	endothelial cell of lymphatic vessel	1.2857	0.5910
FAM174B	endothelial cell of lymphatic vessel	0.7089	0.4678
FAM50A	endothelial cell of lymphatic vessel	1.0376	0.3377
FKBP1A	endothelial cell of lymphatic vessel	13.8011	0.7709
FLRT2	endothelial cell of lymphatic vessel	1.5586	0.6053
FLT4	endothelial cell of lymphatic vessel	2.3824	1.8683
FTH1	endothelial cell of lymphatic vessel	76.7726	27.3058
GADD45GIP1	endothelial cell of lymphatic vessel	2.8754	0.7400
GFUS	endothelial cell of lymphatic vessel	1.6112	0.8813
GIMAP4	endothelial cell of lymphatic vessel	2.7457	0.3299
GJA1	endothelial cell of lymphatic vessel	7.3998	5.4194
GNG11	endothelial cell of lymphatic vessel	17.8654	0.6384
GPR146	endothelial cell of lymphatic vessel	0.8094	0.4151
GRAP	endothelial cell of lymphatic vessel	0.8125	0.5525
GUK1	endothelial cell of lymphatic vessel	7.2885	2.5667
GUSB	endothelial cell of lymphatic vessel	1.1750	0.3962
GYPC	endothelial cell of lymphatic vessel	7.4389	2.1546
HAPLN3	endothelial cell of lymphatic vessel	0.8188	0.5772
HLA-A	endothelial cell of lymphatic vessel	12.0963	4.7959
HLA-C	endothelial cell of lymphatic vessel	6.3225	0.9303
HLA-E	endothelial cell of lymphatic vessel	7.4739	2.1181
HOMER1	endothelial cell of lymphatic vessel	0.5561	0.3314
HOMER3	endothelial cell of lymphatic vessel	1.5527	0.6461
HSDL2	endothelial cell of lymphatic vessel	0.6536	0.2973
IL6ST	endothelial cell of lymphatic vessel	1.4313	0.5297
IL7	endothelial cell of lymphatic vessel	0.6291	0.6171
ITGA9	endothelial cell of lymphatic vessel	0.8871	0.3715
JUP	endothelial cell of lymphatic vessel	1.8847	0.5190
KANK3	endothelial cell of lymphatic vessel	1.9028	0.2676
KBTBD11	endothelial cell of lymphatic vessel	0.9812	0.2825
KCTD17	endothelial cell of lymphatic vessel	0.6049	0.3684
KLHL4	endothelial cell of lymphatic vessel	0.7660	0.4569
LAMA4	endothelial cell of lymphatic vessel	4.2644	2.3463
LAYN	endothelial cell of lymphatic vessel	0.6560	0.4539
LIMS1	endothelial cell of lymphatic vessel	5.1477	2.6657
LYN	endothelial cell of lymphatic vessel	1.3473	0.3898
LYVE1	endothelial cell of lymphatic vessel	10.2678	5.7032
MACF1	endothelial cell of lymphatic vessel	1.8270	0.4134
MAGI1	endothelial cell of lymphatic vessel	0.9243	0.3770
MAN1A1	endothelial cell of lymphatic vessel	1.5291	0.8457
MAP2K6	endothelial cell of lymphatic vessel	0.5335	0.2748
MAP4K2	endothelial cell of lymphatic vessel	1.9984	0.9616
MAP4K5	endothelial cell of lymphatic vessel	1.0978	0.6598
MARCKS	endothelial cell of lymphatic vessel	8.1763	1.3919
MCFD2	endothelial cell of lymphatic vessel	0.9219	0.3906
MED10	endothelial cell of lymphatic vessel	1.6367	0.7029
MICAL2	endothelial cell of lymphatic vessel	0.7735	0.6911
MMRN1	endothelial cell of lymphatic vessel	2.3254	1.7906
MRPL52	endothelial cell of lymphatic vessel	2.4863	0.4541
MTUS1	endothelial cell of lymphatic vessel	2.2254	0.6977
MYH10	endothelial cell of lymphatic vessel	2.4077	0.6983
MYZAP	endothelial cell of lymphatic vessel	0.9291	0.8255
MZT2A	endothelial cell of lymphatic vessel	2.7145	0.4337
MZT2B	endothelial cell of lymphatic vessel	5.0544	1.1878
NAA38	endothelial cell of lymphatic vessel	4.0572	0.8286
NARF	endothelial cell of lymphatic vessel	1.2430	0.3400
NDUFB2	endothelial cell of lymphatic vessel	5.2481	0.9746
NDUFS6	endothelial cell of lymphatic vessel	2.7374	0.4852
NDUFS7	endothelial cell of lymphatic vessel	2.6152	0.8203
NEAT1	endothelial cell of lymphatic vessel	5.5900	0.6858
NEDD8	endothelial cell of lymphatic vessel	3.9778	0.2528
NFAT5	endothelial cell of lymphatic vessel	0.8675	0.3744
NFIA-AS2	endothelial cell of lymphatic vessel	0.9866	0.9210
NOP10	endothelial cell of lymphatic vessel	3.8316	0.4151
NR1H3	endothelial cell of lymphatic vessel	0.8390	0.3656
NR2F1	endothelial cell of lymphatic vessel	2.8911	2.2578
NR2F2	endothelial cell of lymphatic vessel	3.2792	0.2894
NRN1	endothelial cell of lymphatic vessel	1.0518	0.2521
NRP2	endothelial cell of lymphatic vessel	6.2464	2.9728
NTAN1	endothelial cell of lymphatic vessel	1.3004	0.4683
NTS	endothelial cell of lymphatic vessel	8.2613	0.5363
NUMB	endothelial cell of lymphatic vessel	1.0727	0.3246
OAS1	endothelial cell of lymphatic vessel	0.7837	0.5217
ODF2L	endothelial cell of lymphatic vessel	1.6085	0.8780
P2RX4	endothelial cell of lymphatic vessel	0.7681	0.3554
PARD6G	endothelial cell of lymphatic vessel	0.6269	0.4230
PCAT19	endothelial cell of lymphatic vessel	4.2293	0.4061
PCLO	endothelial cell of lymphatic vessel	0.7313	0.3036
PCSK6	endothelial cell of lymphatic vessel	0.6591	0.5126
PDE2A	endothelial cell of lymphatic vessel	0.8991	0.4166
PDIA5	endothelial cell of lymphatic vessel	0.6465	0.3033
PDPN	endothelial cell of lymphatic vessel	1.7763	0.5562
PGM5	endothelial cell of lymphatic vessel	1.2339	0.5347
PLA2G4C	endothelial cell of lymphatic vessel	0.8050	0.6805
PLAAT3	endothelial cell of lymphatic vessel	1.6961	1.3073
PLEKHO2	endothelial cell of lymphatic vessel	0.5906	0.2955
PLIN5	endothelial cell of lymphatic vessel	0.6978	0.5742
PLSCR4	endothelial cell of lymphatic vessel	0.6265	0.4134
POLE4	endothelial cell of lymphatic vessel	1.1602	0.3677
POLR2I	endothelial cell of lymphatic vessel	1.8204	0.3266
POLR2L	endothelial cell of lymphatic vessel	7.7907	3.2383
POP7	endothelial cell of lymphatic vessel	1.3602	0.5524
PPFIBP1	endothelial cell of lymphatic vessel	4.3540	3.2956
PPP1R2	endothelial cell of lymphatic vessel	1.5864	0.8028
PRKAR1B	endothelial cell of lymphatic vessel	0.6741	0.2793
PROX1	endothelial cell of lymphatic vessel	4.6112	3.9631
PRR5L	endothelial cell of lymphatic vessel	0.5546	0.3413
PRSS23	endothelial cell of lymphatic vessel	7.2165	5.0082
PRXL2A	endothelial cell of lymphatic vessel	4.1829	1.8817
PTX3	endothelial cell of lymphatic vessel	3.8467	3.4375
PXMP2	endothelial cell of lymphatic vessel	1.1794	0.4184
RAB11A	endothelial cell of lymphatic vessel	5.0577	2.8696
RAB13	endothelial cell of lymphatic vessel	3.1275	0.4392
RAB3IL1	endothelial cell of lymphatic vessel	0.5073	0.2779
RALB	endothelial cell of lymphatic vessel	2.2300	0.4226
RALGAPA2	endothelial cell of lymphatic vessel	0.7319	0.5322
RAP1B	endothelial cell of lymphatic vessel	1.1087	0.3286
RASSF9	endothelial cell of lymphatic vessel	0.8225	0.6555
RBM5	endothelial cell of lymphatic vessel	1.0109	0.2629
RBP1	endothelial cell of lymphatic vessel	21.7148	8.7447
RELN	endothelial cell of lymphatic vessel	2.2387	2.2079
REXO2	endothelial cell of lymphatic vessel	2.6991	1.1571
RHOJ	endothelial cell of lymphatic vessel	1.1433	0.4126
ROMO1	endothelial cell of lymphatic vessel	2.9721	0.5819
RSPH4A	endothelial cell of lymphatic vessel	0.5227	0.5131
RTN4	endothelial cell of lymphatic vessel	4.9276	0.7876
RWDD1	endothelial cell of lymphatic vessel	2.1234	0.3262
S100A16	endothelial cell of lymphatic vessel	10.7412	4.5719
SCARB2	endothelial cell of lymphatic vessel	1.4673	0.3231
SEM1	endothelial cell of lymphatic vessel	5.0597	1.2410
SEMA6A	endothelial cell of lymphatic vessel	1.2061	0.4416
SERINC5	endothelial cell of lymphatic vessel	0.8960	0.3241
SERPING1	endothelial cell of lymphatic vessel	2.1803	0.4756
SH3GL1	endothelial cell of lymphatic vessel	1.3948	0.8628
SHC1	endothelial cell of lymphatic vessel	2.3799	1.1461
SLC22A23	endothelial cell of lymphatic vessel	0.5398	0.4212
SLC41A3	endothelial cell of lymphatic vessel	0.6542	0.2652
SLC45A3	endothelial cell of lymphatic vessel	0.5360	0.4491
SLC5A3	endothelial cell of lymphatic vessel	0.7369	0.3320
SLIRP	endothelial cell of lymphatic vessel	2.6002	0.2624
SMAD1	endothelial cell of lymphatic vessel	1.0482	0.4041
SMYD2	endothelial cell of lymphatic vessel	1.4261	0.8932
SPHK1	endothelial cell of lymphatic vessel	1.2753	1.1737
SS18L2	endothelial cell of lymphatic vessel	1.0282	0.3046
STAB2	endothelial cell of lymphatic vessel	1.9628	1.9349
STON2	endothelial cell of lymphatic vessel	0.8603	0.6731
TBC1D2B	endothelial cell of lymphatic vessel	0.6497	0.4061
TBX1	endothelial cell of lymphatic vessel	1.0246	1.0189
TFPI	endothelial cell of lymphatic vessel	13.0943	10.7733
TIMP3	endothelial cell of lymphatic vessel	6.1249	2.5698
TINAGL1	endothelial cell of lymphatic vessel	1.3404	0.3256
TMEM123	endothelial cell of lymphatic vessel	3.0116	1.3561
TMEM160	endothelial cell of lymphatic vessel	1.4211	0.3619
TMEM208	endothelial cell of lymphatic vessel	0.9747	0.3161
TMEM255B	endothelial cell of lymphatic vessel	1.0461	0.4253
TMEM50A	endothelial cell of lymphatic vessel	2.7564	0.3427
TPD52L2	endothelial cell of lymphatic vessel	1.0020	0.3068
TRAPPC1	endothelial cell of lymphatic vessel	2.9952	0.3513
TRMT9B	endothelial cell of lymphatic vessel	1.3219	1.1731
TSC22D4	endothelial cell of lymphatic vessel	2.0135	0.7542
TSPAN11	endothelial cell of lymphatic vessel	0.5095	0.4219
TSPAN15	endothelial cell of lymphatic vessel	0.9136	0.3687
TSPAN4	endothelial cell of lymphatic vessel	1.9164	0.4641
TSPAN5	endothelial cell of lymphatic vessel	1.2044	0.6228
TTF1	endothelial cell of lymphatic vessel	0.8086	0.2526
UBTD1	endothelial cell of lymphatic vessel	1.2388	0.6018
UQCC2	endothelial cell of lymphatic vessel	1.6152	0.4193
UQCR11	endothelial cell of lymphatic vessel	5.2227	0.8543
UQCRB	endothelial cell of lymphatic vessel	9.0349	0.5116
VPS35L	endothelial cell of lymphatic vessel	0.7260	0.4323
WARS1	endothelial cell of lymphatic vessel	1.1705	0.4432
WFS1	endothelial cell of lymphatic vessel	1.1557	0.8364
WNK1	endothelial cell of lymphatic vessel	1.2482	0.5357
WWTR1	endothelial cell of lymphatic vessel	1.8131	0.6009
ZNF24TR	endothelial cell of lymphatic vessel	0.6268	0.5700
ACAP3	enteric neuron	0.8022	0.3995
ACAT2	enteric neuron	0.9365	0.2922
ACTR10	enteric neuron	1.0948	0.2674
ACVR2B	enteric neuron	1.2163	0.3306
ADGRB3-DT	enteric neuron	0.6131	0.3212
ANK2	enteric neuron	1.4593	1.0034
APBB1	enteric neuron	0.7679	0.3798
APC	enteric neuron	0.6571	0.3581
APLP1	enteric neuron	2.2205	1.6069
ARID4A	enteric neuron	1.0213	0.4467
ARL3	enteric neuron	1.3507	0.2568
ASCL1	enteric neuron	6.5368	2.0198
ATAT1	enteric neuron	0.7755	0.4082
ATCAY	enteric neuron	0.8283	0.7753
ATP1A3	enteric neuron	0.8286	0.7738
ATP6V0B	enteric neuron	2.5765	0.4291
ATP6V0E2	enteric neuron	1.6244	0.7283
ATP6V1G1	enteric neuron	4.9420	1.6905
ATP6V1G2	enteric neuron	0.5238	0.4288
ATP6V1H	enteric neuron	0.7048	0.2595
ATRX	enteric neuron	2.6384	0.4677
BAALC	enteric neuron	1.6223	0.4901
BAG1	enteric neuron	1.1664	0.2658
BASP1	enteric neuron	3.5055	1.8383
BCL7A	enteric neuron	1.0066	0.3862
BEX1	enteric neuron	4.6459	2.6181
BEX2	enteric neuron	2.4716	1.3878
BEX4	enteric neuron	3.0384	1.0347
BRD3	enteric neuron	1.5189	0.3222
BTF3L4	enteric neuron	1.7057	0.3238
BUB3	enteric neuron	3.9666	2.1524
C14orf132	enteric neuron	1.3834	0.6524
C1orf43	enteric neuron	2.0070	0.4968
CADM3	enteric neuron	0.7579	0.6559
CALM2	enteric neuron	17.0576	6.0900
CAMKV	enteric neuron	0.5375	0.3089
CAMLG	enteric neuron	1.9627	0.3066
CARTPT	enteric neuron	2.2217	2.0317
CBFB	enteric neuron	0.6909	0.2647
CCDC112	enteric neuron	0.9266	0.5669
CCDC184	enteric neuron	0.5819	0.4688
CCNI	enteric neuron	8.8551	2.9279
CCT2	enteric neuron	2.6646	0.3281
CCT3	enteric neuron	3.8109	1.0040
CD24	enteric neuron	9.0976	2.5732
CDH2	enteric neuron	1.4934	0.3441
CDKN2D	enteric neuron	1.0822	0.4812
CELF3	enteric neuron	1.3169	0.8892
CELF4	enteric neuron	0.7205	0.3006
CEP15	enteric neuron	0.9628	0.6061
CEP170	enteric neuron	1.0378	0.3214
CFAP20	enteric neuron	2.1009	0.5899
CHD4	enteric neuron	1.7149	0.2928
CHD7	enteric neuron	2.5622	0.3786
CHD9	enteric neuron	2.3949	0.2970
CHGB	enteric neuron	0.6831	0.3372
CHL1	enteric neuron	0.7438	0.3532
CHRNA3	enteric neuron	4.1604	3.4920
CIRBP	enteric neuron	13.1006	0.5571
CLASP1	enteric neuron	1.1998	0.7421
CLASP2	enteric neuron	1.1574	0.5771
CLIP3	enteric neuron	0.6984	0.3766
COX7A2	enteric neuron	6.9409	0.3122
CRABP1	enteric neuron	11.3334	8.2483
CRMP1	enteric neuron	3.3612	2.2022
CSDE1	enteric neuron	2.9993	0.2832
CSNK1E	enteric neuron	1.4492	0.2897
CXXC5	enteric neuron	1.3862	0.3577
DCTN2	enteric neuron	2.0297	0.3167
DCTN3	enteric neuron	2.1185	0.5418
DCX	enteric neuron	2.4890	2.0705
DDX24	enteric neuron	1.3832	0.3079
DHPS	enteric neuron	1.2926	0.4348
DLG2	enteric neuron	1.0739	0.4666
DLL3	enteric neuron	2.6454	1.9481
DNAJA1	enteric neuron	2.5526	0.2654
DNM1L	enteric neuron	0.8892	0.3826
DPYSL2	enteric neuron	1.8913	0.6745
DPYSL3	enteric neuron	4.1545	2.9046
DPYSL4	enteric neuron	0.7774	0.2943
DPYSL5	enteric neuron	0.6157	0.3163
DTD1	enteric neuron	1.5186	0.5732
DUSP4	enteric neuron	2.3409	1.7410
DYNC1LI1	enteric neuron	0.7160	0.2782
EEF2	enteric neuron	19.7347	1.2321
EIF1B	enteric neuron	4.0576	1.5507
EIF4A1	enteric neuron	4.5285	0.4832
EIF4G2	enteric neuron	4.6100	0.2955
ELAVL3	enteric neuron	2.1389	1.8545
ELAVL4	enteric neuron	6.7517	5.6375
EMC4	enteric neuron	1.5092	0.2723
ENO2	enteric neuron	0.9511	0.7968
FAM177A1	enteric neuron	1.0368	0.3014
FAM32A	enteric neuron	1.4065	0.3157
FEZ1	enteric neuron	0.6679	0.2967
FGF13	enteric neuron	1.2637	0.8302
FKBP1B	enteric neuron	0.8061	0.4478
FLOT1	enteric neuron	1.2986	0.2566
FNDC5	enteric neuron	0.5589	0.4065
FSD1	enteric neuron	0.5939	0.3383
FXYD7	enteric neuron	0.9619	0.5814
GAL	enteric neuron	3.8419	3.5797
GAP43	enteric neuron	7.3468	6.8712
GARNL3	enteric neuron	0.5515	0.3842
GDAP1	enteric neuron	0.6854	0.4103
GDAP1L1	enteric neuron	1.2735	1.1293
GDI1	enteric neuron	2.0700	1.3638
GET1	enteric neuron	1.2234	0.5245
GNAO1	enteric neuron	0.5857	0.2593
GNG3	enteric neuron	1.8894	1.8131
GPC2	enteric neuron	0.8131	0.5425
GRK3	enteric neuron	0.5101	0.2668
GRP	enteric neuron	4.7517	4.7189
GSE1	enteric neuron	0.7930	0.2833
GSK3B	enteric neuron	0.7638	0.3746
GTF2I	enteric neuron	3.0402	0.7654
H2AC25	enteric neuron	2.0817	0.6087
H2BC21	enteric neuron	1.0383	0.2738
H3-3A	enteric neuron	32.8830	5.4113
HAND2	enteric neuron	2.5684	1.0394
HAND2-AS1	enteric neuron	2.6859	1.0173
HDAC2	enteric neuron	4.1714	0.5890
HDGFL3	enteric neuron	1.0852	0.3179
HEBP2	enteric neuron	3.3091	1.0613
HOXA3	enteric neuron	1.3853	0.4365
HOXA5	enteric neuron	2.1545	1.0018
HOXB2	enteric neuron	2.7753	0.9090
HOXB3	enteric neuron	1.5509	0.5848
HOXB4	enteric neuron	3.1171	1.3356
HOXB5	enteric neuron	7.6168	5.8920
HSBP1	enteric neuron	4.6917	0.3665
HSPA8	enteric neuron	8.2562	0.6546
ICA1	enteric neuron	0.9178	0.3435
IDS	enteric neuron	0.5770	0.2560
IGLON5	enteric neuron	0.5252	0.2999
INA	enteric neuron	1.5572	1.5173
JAKMIP2	enteric neuron	0.5868	0.2706
JARID2	enteric neuron	1.1023	0.4457
JPH4	enteric neuron	0.7468	0.4749
JPT1	enteric neuron	5.3287	2.2799
KDM6B	enteric neuron	0.6918	0.2868
KHDRBS1	enteric neuron	4.0667	0.8121
KIDINS220	enteric neuron	1.2824	0.6258
KIF1A	enteric neuron	1.3936	0.9129
KIF1B	enteric neuron	1.1534	0.4453
KIF21A	enteric neuron	4.1211	2.9750
KIF3A	enteric neuron	0.7588	0.4292
KIF5C	enteric neuron	1.5758	1.2510
KLC1	enteric neuron	1.5039	0.8638
KMT2E	enteric neuron	2.3604	0.4547
L1CAM	enteric neuron	1.0819	0.6410
LINC00632	enteric neuron	1.2532	0.3969
LINC00682	enteric neuron	2.5886	2.0056
LINC01116	enteric neuron	1.1917	0.3357
LRRN3	enteric neuron	1.7608	1.2991
LUC7L3	enteric neuron	3.8680	0.6101
MAB21L1	enteric neuron	3.0619	1.1507
MACROH2A2	enteric neuron	1.9237	0.3004
MAD2L2	enteric neuron	1.5197	0.3589
MAP1B	enteric neuron	13.4234	9.1087
MAP2	enteric neuron	0.9581	0.6868
MAP6	enteric neuron	0.8030	0.7226
MAPK10	enteric neuron	2.4468	2.1581
MAPK8	enteric neuron	0.5481	0.2717
MAPRE3	enteric neuron	0.5321	0.3544
MAPT	enteric neuron	1.0966	0.9903
MARCHF6	enteric neuron	1.6097	0.5374
MEAF6	enteric neuron	1.5727	0.4679
MEG3	enteric neuron	14.4000	3.7568
MEX3A	enteric neuron	1.4629	0.3361
MIAT	enteric neuron	2.1601	2.0918
MLLT11	enteric neuron	13.2017	10.4160
MOAP1	enteric neuron	0.9646	0.5350
MORF4L2	enteric neuron	2.9721	0.2877
MTX2	enteric neuron	1.0616	0.2552
MYEF2	enteric neuron	0.9982	0.4115
MYT1	enteric neuron	0.5319	0.4032
NBEA	enteric neuron	1.1397	0.7197
NCOA7	enteric neuron	1.3160	0.6400
NDFIP1	enteric neuron	2.1488	0.6836
NDRG4	enteric neuron	0.7648	0.5668
NDUFB8	enteric neuron	3.3199	0.5599
NEFL	enteric neuron	4.8601	4.7039
NEFM	enteric neuron	6.6025	5.9457
NFASC	enteric neuron	0.7242	0.4943
NICOL1	enteric neuron	3.7989	1.6282
NLRP1	enteric neuron	1.1165	0.2791
NNAT	enteric neuron	5.6920	3.0020
NREP	enteric neuron	6.7739	0.9582
NRSN1	enteric neuron	0.9964	0.9751
NRXN2	enteric neuron	0.6322	0.2618
NSD3	enteric neuron	2.0340	0.6890
NSG1	enteric neuron	2.0387	0.3957
NSG2	enteric neuron	0.9318	0.8491
NT5C3B	enteric neuron	1.4058	0.3532
OLFM1	enteric neuron	1.3238	1.1287
OLFM2	enteric neuron	0.8178	0.3294
ORAI2	enteric neuron	0.7573	0.3688
PAFAH1B3	enteric neuron	3.3636	1.2951
PARP6	enteric neuron	0.5536	0.3756
PBRM1	enteric neuron	1.1953	0.3912
PCBP4	enteric neuron	3.4838	2.1016
PCM1	enteric neuron	2.6073	1.3296
PCMT1	enteric neuron	1.3845	0.3081
PCP4	enteric neuron	3.4793	2.1609
PCSK1N	enteric neuron	9.0413	2.0481
PCSK2	enteric neuron	0.6998	0.2602
PENK	enteric neuron	5.5702	5.4246
PFDN2	enteric neuron	2.0096	0.4649
PFDN4	enteric neuron	2.5556	0.8068
PFKM	enteric neuron	0.7272	0.2585
PGM2L1	enteric neuron	1.5005	0.4875
PHOX2A	enteric neuron	1.6201	1.5740
PHOX2B	enteric neuron	3.6026	1.6002
PIN1	enteric neuron	2.2461	0.6890
PODXL2	enteric neuron	1.1134	0.4433
POLR2K	enteric neuron	1.4912	0.3133
PRAF2	enteric neuron	1.0368	0.2964
PRPH	enteric neuron	10.4833	10.0990
PSMB5	enteric neuron	4.1565	0.9581
PSMB7	enteric neuron	3.3857	0.5651
PTMA	enteric neuron	58.3783	5.2477
PTOV1	enteric neuron	2.6143	0.3319
PTPRS	enteric neuron	1.4840	0.3815
PWWP3A	enteric neuron	1.0073	0.2582
RAB3A	enteric neuron	1.1653	0.9657
RAB6A	enteric neuron	1.6200	0.3674
RBFOX2	enteric neuron	2.5091	0.4846
RBMS1	enteric neuron	2.3497	0.8448
REEP2	enteric neuron	0.5568	0.4603
RET	enteric neuron	1.2929	0.9024
RIMS3	enteric neuron	0.5245	0.4288
RPAIN	enteric neuron	1.9526	0.4118
RTN1	enteric neuron	3.5476	3.1621
RTN3	enteric neuron	3.3167	1.7185
RUFY2	enteric neuron	0.5652	0.3264
RUFY3	enteric neuron	1.2751	0.9072
SAMD11	enteric neuron	0.7039	0.3993
SC5D	enteric neuron	0.5800	0.2571
SCG3	enteric neuron	1.3478	0.5907
SCG5	enteric neuron	1.5910	0.7968
SCN9A	enteric neuron	0.7043	0.2713
SEC11C	enteric neuron	2.4524	0.6894
SEPTIN6	enteric neuron	1.2558	0.3361
SERINC1	enteric neuron	1.2760	0.4974
SERP2	enteric neuron	0.5544	0.2801
SEZ6L2	enteric neuron	0.8393	0.3036
SGIP1	enteric neuron	0.5306	0.2616
SHD	enteric neuron	1.6851	1.0655
SMARCA4	enteric neuron	1.7596	0.4893
SMDT1	enteric neuron	2.8208	0.5064
SNAP25	enteric neuron	1.0555	0.7582
SNCG	enteric neuron	2.3037	1.1100
SNX10-AS1	enteric neuron	0.6045	0.2671
SNX7	enteric neuron	1.9952	1.3219
SOCS6	enteric neuron	0.5498	0.2584
SOX11	enteric neuron	4.2162	1.4667
SOX4	enteric neuron	11.0288	3.3561
SPOCK1	enteric neuron	0.7777	0.6579
SRGAP1	enteric neuron	0.8587	0.4185
SRGAP3	enteric neuron	0.6442	0.4167
SRRM3	enteric neuron	0.6064	0.5706
SRRM4	enteric neuron	0.9827	0.8618
STMN1	enteric neuron	29.3292	9.7811
STMN2	enteric neuron	21.4400	20.3373
STMN3	enteric neuron	1.4012	0.6192
STMN4	enteric neuron	3.7287	3.6106
STRAP	enteric neuron	2.4660	0.3938
SYT1	enteric neuron	4.0980	3.6352
SYT11	enteric neuron	1.0291	0.6084
TAC1	enteric neuron	3.9198	3.8583
TAC3	enteric neuron	1.7860	1.3839
TAGLN3	enteric neuron	4.2523	3.6578
TBCB	enteric neuron	2.7716	0.2864
TBX2	enteric neuron	1.3271	0.5070
TBX3	enteric neuron	4.8368	2.3355
TCAF1	enteric neuron	1.2957	0.4850
TCEAL7	enteric neuron	1.9301	0.7018
TCP1	enteric neuron	2.1241	0.3604
TERF2IP	enteric neuron	2.8293	0.7961
TIMM17B	enteric neuron	1.3412	0.3597
TLCD3B	enteric neuron	1.6355	1.5729
TLX2	enteric neuron	2.2470	2.1687
TM4SF4	enteric neuron	1.7047	0.4818
TMEFF2	enteric neuron	1.6367	1.3649
TMEM14A	enteric neuron	1.1266	0.2503
TMEM35A	enteric neuron	0.7131	0.4532
TMEM59L	enteric neuron	0.8049	0.7498
TNPO1	enteric neuron	1.0353	0.2855
TNS3	enteric neuron	1.3199	0.5758
TPPP3	enteric neuron	0.8201	0.3657
TRIB2	enteric neuron	1.0151	0.3887
TSG101	enteric neuron	1.2091	0.3312
TTC9B	enteric neuron	0.8882	0.8698
TUBA1A	enteric neuron	48.7834	28.7023
TUBB	enteric neuron	34.1870	11.0982
TUBB2A	enteric neuron	4.7793	3.2168
TUBB2B	enteric neuron	24.8951	20.2686
UBB	enteric neuron	13.0690	0.4593
UBE2S	enteric neuron	1.4368	0.3761
UBE3A	enteric neuron	1.2913	0.3923
UBXN1	enteric neuron	2.3541	0.2651
UCHL1	enteric neuron	5.4014	4.0789
USP11	enteric neuron	1.1135	0.4657
VAMP2	enteric neuron	3.9032	1.8782
VAT1L	enteric neuron	0.6243	0.5515
VBP1	enteric neuron	1.2748	0.2603
VDAC2	enteric neuron	3.4497	0.6632
VDAC3	enteric neuron	1.6163	0.3224
VIP	enteric neuron	1.9088	1.7738
XPR1	enteric neuron	0.6782	0.3523
YWHAE	enteric neuron	8.2978	1.2651
YWHAG	enteric neuron	1.3364	0.5099
YWHAQ	enteric neuron	5.2746	0.8101
ZC2HC1A	enteric neuron	0.9195	0.3275
ZNF428	enteric neuron	4.2404	1.3769
ACTB	enteric smooth muscle cell	98.7269	14.9835
ACTC1	enteric smooth muscle cell	3.7062	3.4774
ACTG2	enteric smooth muscle cell	106.7348	60.4874
ACTN1	enteric smooth muscle cell	5.9893	1.1557
ADAMTS8	enteric smooth muscle cell	0.6570	0.2683
ALDH1B1	enteric smooth muscle cell	1.0843	0.5039
AOPEP	enteric smooth muscle cell	1.3353	0.3180
ARPC5	enteric smooth muscle cell	3.6663	0.2576
ATF4	enteric smooth muscle cell	2.7383	0.3397
BAG2	enteric smooth muscle cell	0.7530	0.3142
CALD1	enteric smooth muscle cell	31.8181	8.3089
CARMN	enteric smooth muscle cell	3.6033	0.8512
CBX6	enteric smooth muscle cell	2.3333	0.7840
CDC42EP3	enteric smooth muscle cell	2.5055	0.8698
CES1	enteric smooth muscle cell	0.7919	0.5398
CFL2	enteric smooth muscle cell	1.5397	0.5868
CNN1	enteric smooth muscle cell	12.6706	4.8393
COMMD6	enteric smooth muscle cell	7.4949	0.4792
CORO1C	enteric smooth muscle cell	1.2533	0.2692
CPXM2	enteric smooth muscle cell	0.5117	0.4365
CSRP1	enteric smooth muscle cell	7.3907	3.3579
DES	enteric smooth muscle cell	23.1722	9.0988
DSTN	enteric smooth muscle cell	21.2847	8.8165
EEF1A1	enteric smooth muscle cell	153.3868	11.3535
EEF1D	enteric smooth muscle cell	10.8017	0.8809
ENAH	enteric smooth muscle cell	4.2409	2.6520
ERBIN	enteric smooth muscle cell	0.8589	0.3109
FBXO22	enteric smooth muscle cell	0.6592	0.2730
FBXO32	enteric smooth muscle cell	0.9289	0.3270
FENDRR	enteric smooth muscle cell	2.4507	1.2973
FERMT2	enteric smooth muscle cell	2.5335	0.5741
FGF7	enteric smooth muscle cell	3.4310	1.9638
FHL1	enteric smooth muscle cell	3.3226	1.0522
FLNA	enteric smooth muscle cell	8.0290	2.3000
FNBP1	enteric smooth muscle cell	1.8974	0.6779
FOXF1	enteric smooth muscle cell	3.8834	0.3792
FOXF2	enteric smooth muscle cell	1.3364	0.5439
FOXP2	enteric smooth muscle cell	1.6463	0.5588
FRMD6-AS2	enteric smooth muscle cell	1.4228	0.3818
GBP2	enteric smooth muscle cell	1.6310	1.2920
GNG5	enteric smooth muscle cell	6.1015	0.5128
GRB14	enteric smooth muscle cell	0.6454	0.4481
GREM2	enteric smooth muscle cell	3.7251	2.0205
HACD1	enteric smooth muscle cell	2.3655	1.7840
HAND1	enteric smooth muscle cell	2.4923	0.2952
HHIP	enteric smooth muscle cell	2.2516	1.4591
HHIP-AS1	enteric smooth muscle cell	1.2652	0.6269
HMGN3	enteric smooth muscle cell	4.5482	0.4349
HSPB1	enteric smooth muscle cell	20.7024	1.1616
IL17B	enteric smooth muscle cell	0.8680	0.5176
IRF2BP2	enteric smooth muscle cell	1.7470	0.2896
ITGAE	enteric smooth muscle cell	1.7928	0.8207
KCND3	enteric smooth muscle cell	1.0317	0.8019
KCNIP4	enteric smooth muscle cell	0.7108	0.4905
KCNMB1	enteric smooth muscle cell	3.7837	1.3768
KIF5B	enteric smooth muscle cell	3.3339	0.6383
KLHL23	enteric smooth muscle cell	1.1313	0.4839
KRT13	enteric smooth muscle cell	0.8929	0.4904
KRT17	enteric smooth muscle cell	0.6812	0.5903
LINC02762	enteric smooth muscle cell	1.2233	0.8918
LMO4	enteric smooth muscle cell	4.7598	0.8563
LMOD1	enteric smooth muscle cell	1.9430	0.6650
LPP	enteric smooth muscle cell	4.5572	2.2581
MACIR	enteric smooth muscle cell	1.6265	0.9303
MAP3K20	enteric smooth muscle cell	2.8093	1.0150
MDH1	enteric smooth muscle cell	6.5693	2.7910
MRGPRF	enteric smooth muscle cell	1.0538	0.5117
MSRB3	enteric smooth muscle cell	3.3659	1.8284
MTCL1	enteric smooth muscle cell	1.4441	1.1069
MYH11	enteric smooth muscle cell	29.0444	22.4681
MYL6	enteric smooth muscle cell	54.7214	9.7758
MYL9	enteric smooth muscle cell	58.7034	30.0008
MYLK	enteric smooth muscle cell	57.5723	30.2446
MYOCD	enteric smooth muscle cell	2.6587	1.2650
NDUFS5	enteric smooth muscle cell	5.4655	0.4255
NME4	enteric smooth muscle cell	4.7016	0.7350
NRXN3	enteric smooth muscle cell	0.8970	0.6882
NTF3	enteric smooth muscle cell	0.6982	0.4251
NTM	enteric smooth muscle cell	1.4980	0.2579
P2RY1	enteric smooth muscle cell	1.6163	1.1678
PARVA	enteric smooth muscle cell	1.7355	0.4829
PCCA-DT	enteric smooth muscle cell	0.9926	0.7501
PDGFC	enteric smooth muscle cell	1.5680	0.7910
PDLIM3	enteric smooth muscle cell	1.3551	0.9809
PDLIM7	enteric smooth muscle cell	8.7202	0.7050
PLEKHO1	enteric smooth muscle cell	2.0490	0.5154
PLXNA2	enteric smooth muscle cell	0.7115	0.3013
PNMA1	enteric smooth muscle cell	2.2581	0.7636
PPP1CB	enteric smooth muscle cell	4.5036	2.2203
PPP1R12B	enteric smooth muscle cell	3.3270	1.5554
PRUNE2	enteric smooth muscle cell	0.9713	0.8838
PTBP2	enteric smooth muscle cell	0.6509	0.2887
RAP1A	enteric smooth muscle cell	1.7046	0.3230
RDH10	enteric smooth muscle cell	1.6000	0.5164
REV3L	enteric smooth muscle cell	1.6176	1.0055
RHEB	enteric smooth muscle cell	2.8988	0.5624
RIMS1	enteric smooth muscle cell	1.5487	1.2466
SBSPON	enteric smooth muscle cell	2.3016	0.7392
SERTAD4	enteric smooth muscle cell	0.9504	0.4822
SERTAD4-AS1	enteric smooth muscle cell	0.8928	0.2768
SH3BGRL	enteric smooth muscle cell	4.9225	2.0917
SLC25A4	enteric smooth muscle cell	1.2379	0.3801
SLC8A1	enteric smooth muscle cell	0.8548	0.3909
SLMAP	enteric smooth muscle cell	4.0513	2.8644
SMCO4	enteric smooth muscle cell	0.9021	0.3229
SMTN	enteric smooth muscle cell	3.6007	1.7767
SORBS1	enteric smooth muscle cell	1.5511	0.4438
STK38L	enteric smooth muscle cell	0.8035	0.4213
SULF2	enteric smooth muscle cell	1.4583	0.5788
SYNPO2	enteric smooth muscle cell	6.5403	3.8261
TAGLN	enteric smooth muscle cell	85.8737	23.1113
TERF1	enteric smooth muscle cell	2.6388	0.5873
TES	enteric smooth muscle cell	1.5925	0.8222
TGFB1I1	enteric smooth muscle cell	5.6823	0.3294
TK1	enteric smooth muscle cell	2.0104	0.9351
TMEM45A	enteric smooth muscle cell	1.3532	0.5216
TNMD	enteric smooth muscle cell	1.7124	1.6208
TNNI1	enteric smooth muscle cell	0.8897	0.2540
TPM1	enteric smooth muscle cell	52.0119	18.5273
TPM2	enteric smooth muscle cell	32.2322	2.5424
UFM1	enteric smooth muscle cell	1.2143	0.5223
VCL	enteric smooth muscle cell	3.1575	1.2849
WFDC1	enteric smooth muscle cell	1.8953	1.4127
WIF1	enteric smooth muscle cell	2.6912	1.6919
WLS	enteric smooth muscle cell	1.0751	0.3755
WSB1	enteric smooth muscle cell	5.4246	0.9478
AADAC	enterocyte	1.3098	0.8608
ACE2	enterocyte	0.8767	0.6306
ACO2	enterocyte	1.0138	0.3064
AFP	enterocyte	16.0451	7.5449
AIG1	enterocyte	1.6691	0.3176
AKR1A1	enterocyte	2.1232	0.4130
AMN	enterocyte	2.6018	0.8705
ANPEP	enterocyte	2.3944	1.2352
ANXA13	enterocyte	6.3192	1.6249
APOA1	enterocyte	69.2676	6.2388
APOA4	enterocyte	4.8256	4.6063
APOB	enterocyte	1.7154	1.2048
APOC3	enterocyte	0.8976	0.7441
APOE	enterocyte	11.4182	2.7292
ATP1A1	enterocyte	2.1425	0.6142
ATP5F1A	enterocyte	5.8790	0.2986
ATP5MC3	enterocyte	7.2818	1.0291
ATP5PO	enterocyte	5.8949	0.4108
AVPI1	enterocyte	0.5585	0.3030
CDHR5	enterocyte	0.8876	0.2882
CDS1	enterocyte	0.6525	0.2895
CEBPA	enterocyte	0.8873	0.3452
CES2	enterocyte	1.8931	0.6206
CLDN3	enterocyte	5.6896	0.5943
CLDN7	enterocyte	3.0638	0.4817
COX5B	enterocyte	5.7338	0.2603
COX7C	enterocyte	13.0127	0.5990
CRYL1	enterocyte	1.1906	0.4865
CTSA	enterocyte	1.6123	0.5277
DBI	enterocyte	5.5114	1.3432
DGAT1	enterocyte	1.0482	0.4251
DHRS11	enterocyte	1.7209	0.3019
DNASE1	enterocyte	1.7623	1.0130
DNPH1	enterocyte	2.8190	0.4520
ECH1	enterocyte	3.0382	0.3073
ENO1	enterocyte	8.1198	0.6865
ENPP7	enterocyte	0.6855	0.6209
EPHX2	enterocyte	1.9903	0.4472
ETFB	enterocyte	3.0539	0.4079
FABP1	enterocyte	19.5724	4.1195
FABP2	enterocyte	2.9486	1.1384
FBXO2	enterocyte	0.7276	0.4511
GALM	enterocyte	0.9457	0.2989
GCHFR	enterocyte	3.0129	0.5164
GOLT1A	enterocyte	0.9185	0.5205
GSTA1	enterocyte	11.3941	6.6663
GSTA2	enterocyte	2.5492	0.9887
GSTO1	enterocyte	4.0882	1.0743
GSTP1	enterocyte	16.5777	1.4896
HADH	enterocyte	1.5933	0.6422
HEBP1	enterocyte	2.5156	0.3425
HSD17B2	enterocyte	1.5660	0.6866
HSPE1	enterocyte	6.8485	0.7234
KDELR2	enterocyte	3.6961	0.3364
KHK	enterocyte	0.5751	0.3065
LGALS2	enterocyte	5.3811	1.0541
MALL	enterocyte	2.2178	0.4002
MAOB	enterocyte	0.5441	0.2852
MTTP	enterocyte	3.2954	1.3540
MUC13	enterocyte	1.0459	0.7666
NDRG1	enterocyte	3.0396	0.9174
NEU1	enterocyte	0.7927	0.2866
OAT	enterocyte	4.4877	1.5373
OTC	enterocyte	0.8188	0.3611
P4HB	enterocyte	4.0543	0.4812
PEBP1	enterocyte	7.3544	0.7387
PLIN2	enterocyte	1.4618	0.5778
PNCK	enterocyte	1.0391	0.6065
PRAP1	enterocyte	0.5791	0.3177
PRDX1	enterocyte	6.1171	0.7053
PRELID1	enterocyte	5.2843	0.9506
PRR13	enterocyte	3.3841	0.6955
RBP2	enterocyte	23.3626	16.6638
REEP6	enterocyte	4.4207	1.6396
S100A14	enterocyte	2.7936	0.3663
SAT2	enterocyte	2.6219	0.9227
SDHB	enterocyte	1.0327	0.2503
SERPINA1	enterocyte	7.0869	2.3140
SI	enterocyte	2.0919	0.8405
SLC26A3	enterocyte	0.5347	0.4637
SLC2A2	enterocyte	0.7797	0.5693
SLC37A4	enterocyte	1.0839	0.4191
SLC39A4	enterocyte	1.3281	0.4090
SLC39A5	enterocyte	2.0163	0.4338
SMIM24	enterocyte	3.0267	0.9585
SMLR1	enterocyte	0.7245	0.3235
SUCLG1	enterocyte	4.2804	0.6756
SULT2A1	enterocyte	0.8842	0.5569
TF	enterocyte	0.6662	0.3169
TFEC	enterocyte	0.6299	0.3314
TMEM176A	enterocyte	1.7749	0.2784
TMEM45B	enterocyte	1.8014	0.7386
TMEM86B	enterocyte	0.8208	0.3545
TPI1	enterocyte	9.2909	1.1895
TTR	enterocyte	15.5734	6.8228
ABCA5	enteroendocrine cell	0.8010	0.5636
BBLN	enteroendocrine cell	3.5030	1.0252
BTG2	enteroendocrine cell	2.2494	0.7226
CACNA1A	enteroendocrine cell	0.7015	0.6138
CACNA2D1	enteroendocrine cell	0.8418	0.4309
CADPS	enteroendocrine cell	0.9141	0.7277
CCK	enteroendocrine cell	11.8552	11.7887
CHGA	enteroendocrine cell	41.3894	40.4431
CLPS	enteroendocrine cell	3.1962	0.8891
COX17	enteroendocrine cell	1.7129	0.4223
COX5A	enteroendocrine cell	3.9150	0.4478
CRYBA2	enteroendocrine cell	1.8185	1.8030
DDC	enteroendocrine cell	1.1728	0.3417
DPEP1	enteroendocrine cell	1.3960	0.5353
ELL2	enteroendocrine cell	0.6002	0.4285
ENSG00000257729	enteroendocrine cell	0.8394	0.8364
ERO1B	enteroendocrine cell	0.6084	0.4054
F10	enteroendocrine cell	0.8459	0.3263
FEV	enteroendocrine cell	4.8135	4.7720
FOXA2	enteroendocrine cell	1.0758	0.5657
GAD2	enteroendocrine cell	0.9183	0.9072
GC	enteroendocrine cell	1.9513	1.9259
GCA	enteroendocrine cell	1.3272	0.3482
GCH1	enteroendocrine cell	0.6739	0.3708
GCLM	enteroendocrine cell	0.8567	0.5899
GHRL	enteroendocrine cell	11.3044	11.1511
HEPACAM2	enteroendocrine cell	2.7320	1.4474
IL20RA	enteroendocrine cell	0.7169	0.6140
INS	enteroendocrine cell	19.0215	18.9395
INSM1	enteroendocrine cell	1.6287	0.6065
KIF19	enteroendocrine cell	0.5589	0.2513
KLK12	enteroendocrine cell	0.9949	0.5045
MIEN1	enteroendocrine cell	1.0697	0.2907
MIR7-3HG	enteroendocrine cell	1.0943	0.8843
MLN	enteroendocrine cell	53.1246	52.7013
MLXIPL	enteroendocrine cell	0.7054	0.4591
MT-ATP6	enteroendocrine cell	30.1119	0.3025
NEUROD1	enteroendocrine cell	5.4799	5.4300
NEUROG3	enteroendocrine cell	1.0352	0.8987
NKX2-2	enteroendocrine cell	1.9361	1.6931
OCIAD2	enteroendocrine cell	2.3991	0.5007
ONECUT3	enteroendocrine cell	0.8368	0.7696
PAX4	enteroendocrine cell	0.8973	0.8845
PCSK1	enteroendocrine cell	0.7622	0.7514
PLA2G12A	enteroendocrine cell	1.5191	0.5556
PSCA	enteroendocrine cell	0.7221	0.6988
QDPR	enteroendocrine cell	1.5528	0.6376
RAB26	enteroendocrine cell	1.3546	0.8932
RAB3B	enteroendocrine cell	1.0757	0.6096
RAP1GAP2	enteroendocrine cell	0.6777	0.5505
RASA4	enteroendocrine cell	0.7465	0.5037
RASSF6	enteroendocrine cell	0.6798	0.4694
RFX6	enteroendocrine cell	1.0289	0.5941
RGS4	enteroendocrine cell	0.8759	0.5401
SCG2	enteroendocrine cell	3.9290	2.7396
SCGN	enteroendocrine cell	2.3650	1.0041
SCT	enteroendocrine cell	3.3240	1.6661
SEC61B	enteroendocrine cell	4.7738	0.5325
SELENOK	enteroendocrine cell	2.0062	0.5085
SMIM6	enteroendocrine cell	2.0308	1.5865
SPATC1L	enteroendocrine cell	0.8603	0.2801
SSR4	enteroendocrine cell	4.6853	1.1876
SST	enteroendocrine cell	34.4742	34.0295
SSTR2	enteroendocrine cell	1.1510	0.9150
STARD10	enteroendocrine cell	4.4155	0.4073
TPH1	enteroendocrine cell	0.5250	0.5016
USP18	enteroendocrine cell	0.9047	0.7281
VWA5B2	enteroendocrine cell	0.7795	0.6884
ZKSCAN1	enteroendocrine cell	1.4873	0.3673
ADH1C	epithelial cell	1.2952	0.3833
ADH5	epithelial cell	2.2798	0.3707
AMBP	epithelial cell	2.4198	1.7907
ANXA10	epithelial cell	2.6483	2.5334
ANXA4	epithelial cell	3.9891	0.7561
APRT	epithelial cell	2.7483	0.3070
ARF4	epithelial cell	2.3192	0.2596
ATP5PB	epithelial cell	3.4974	0.5246
BTF3	epithelial cell	18.9857	1.0676
C1QBP	epithelial cell	3.2108	0.2758
CA2	epithelial cell	1.6468	0.7420
CCNB1IP1	epithelial cell	2.2802	0.4067
CLDN6	epithelial cell	2.9235	0.5052
CLU	epithelial cell	6.2843	2.6305
DECR1	epithelial cell	1.7689	0.4436
DMBT1	epithelial cell	3.9595	2.4635
EIF3D	epithelial cell	2.9303	0.4814
EIF3E	epithelial cell	12.6229	0.3488
EIF3H	epithelial cell	5.3159	0.5003
EIF3I	epithelial cell	2.4142	0.3557
EIF5A	epithelial cell	3.8923	0.6112
EPCAM	epithelial cell	11.9203	1.6859
EPHA7	epithelial cell	0.6069	0.4597
ERGIC3	epithelial cell	2.6675	0.2986
FZD5	epithelial cell	0.9985	0.4321
GATM	epithelial cell	2.0367	0.9590
GCNT1	epithelial cell	1.8516	0.3378
HSPA1B	epithelial cell	2.2810	0.4433
IGBP1	epithelial cell	1.8944	0.2599
LAPTM4B	epithelial cell	2.8795	1.4045
LINC00665	epithelial cell	0.7065	0.2599
LYPD6B	epithelial cell	0.6433	0.4783
MGST1	epithelial cell	2.9906	0.4922
MRPL14	epithelial cell	1.8440	0.3287
MS4A8	epithelial cell	0.8115	0.4836
NOP58	epithelial cell	1.1767	0.3092
ONECUT2	epithelial cell	2.4223	1.0956
OXA1L	epithelial cell	1.7525	0.2716
PABPC1	epithelial cell	14.6786	3.3528
PDX1	epithelial cell	0.9915	0.6169
PRDX3	epithelial cell	2.4140	0.4087
PRR15L	epithelial cell	2.4224	0.6768
RBM3	epithelial cell	4.2392	0.3391
RIDA	epithelial cell	1.0296	0.3427
RPL21	epithelial cell	82.8556	8.8536
RPL3	epithelial cell	100.5031	5.3616
RPL31	epithelial cell	52.5973	2.3293
RPL36	epithelial cell	37.9872	0.9374
RPL39	epithelial cell	67.2610	8.5697
RPLP0	epithelial cell	57.5125	3.7568
RPS13	epithelial cell	45.4993	2.1194
RPS26	epithelial cell	21.1511	4.3299
RSL1D1	epithelial cell	3.7876	0.2951
SLC3A1	epithelial cell	0.5168	0.3088
SLC4A4	epithelial cell	0.6965	0.2840
SLC4A7	epithelial cell	0.6743	0.2865
SNHG8	epithelial cell	5.8272	0.7613
SPAG16	epithelial cell	1.3688	0.5561
SULT1E1	epithelial cell	5.6978	2.4331
TPD52	epithelial cell	2.5740	1.0370
TSPAN3	epithelial cell	3.1723	0.6630
TXNIP	epithelial cell	5.2456	0.3139
UGT2A3	epithelial cell	0.5025	0.3286
WDR83OS	epithelial cell	3.0855	0.3111
ZFAS1	epithelial cell	14.4818	2.2551
ADIPOR1	erythroblast	2.2785	1.5037
AHSP	erythroblast	17.0371	16.9555
ALAS2	erythroblast	9.9834	9.9397
BCL2L1	erythroblast	1.0591	0.7525
BLVRB	erythroblast	8.0061	4.7146
BNIP3L	erythroblast	4.4057	2.1904
BPGM	erythroblast	5.8051	5.4318
CCNDBP1	erythroblast	1.1719	0.2846
DCAF12	erythroblast	2.1988	1.8235
DMTN	erythroblast	0.7880	0.3419
EPB42	erythroblast	1.1682	1.1390
FAM210B	erythroblast	2.6628	1.4234
FECH	erythroblast	2.6067	2.4155
FKBP8	erythroblast	3.7835	1.7141
GMPR	erythroblast	1.1586	1.0014
GYPA	erythroblast	4.0704	4.0604
GYPB	erythroblast	3.7561	3.7300
HBA1	erythroblast	1214.0718	1200.1482
HBA2	erythroblast	1927.9766	1907.8374
HBB	erythroblast	269.0278	267.5712
HBE1	erythroblast	148.1292	130.3426
HBG1	erythroblast	265.8064	264.2168
HBG2	erythroblast	4147.4004	4117.4619
HBM	erythroblast	18.3898	18.2779
HBQ1	erythroblast	1.5653	1.4889
HBZ	erythroblast	82.1193	77.7901
HEMGN	erythroblast	2.7839	2.7256
HMBS	erythroblast	1.6748	1.3416
KLF1	erythroblast	0.8437	0.8334
KRT1	erythroblast	0.8293	0.7733
MKRN1	erythroblast	1.9606	0.8345
MPP1	erythroblast	1.5586	0.7669
MYL4	erythroblast	1.6465	1.4411
NCOA4	erythroblast	3.2468	1.8017
PCGF5	erythroblast	0.8756	0.5507
PHOSPHO1	erythroblast	0.7995	0.7946
PIM1	erythroblast	1.0425	0.6186
PITHD1	erythroblast	0.7928	0.2884
PRDX2	erythroblast	9.6022	3.1135
R3HDM4	erythroblast	0.9374	0.6273
RNF10	erythroblast	1.0677	0.2874
SELENBP1	erythroblast	1.9498	1.3672
SLC25A37	erythroblast	15.5123	14.6127
SLC25A39	erythroblast	5.3335	3.6829
SLC4A1	erythroblast	2.6411	2.6248
SMIM1	erythroblast	1.0209	0.5933
SMOX	erythroblast	0.8342	0.5396
SNCA	erythroblast	9.8422	8.4875
STRADB	erythroblast	1.8974	1.5485
TENT5C	erythroblast	0.9539	0.8793
TMCC2	erythroblast	0.8577	0.7675
TRIM58	erythroblast	0.6647	0.6133
UBAC1	erythroblast	0.6304	0.2739
VCF1	erythroblast	0.6427	0.2895
ADAM28	fibroblast	2.2547	1.7379
ADAMDEC1	fibroblast	0.6428	0.2860
CALU	fibroblast	2.6626	0.6192
CCDC68	fibroblast	2.4526	0.4910
CDH13	fibroblast	1.0758	0.2531
CH25H	fibroblast	0.6217	0.5531
COL1A1	fibroblast	27.5654	6.0824
COL1A2	fibroblast	23.0853	8.4405
COL3A1	fibroblast	31.9228	10.9694
COL5A1	fibroblast	3.0700	1.1857
COL6A1	fibroblast	5.9629	1.4499
COL6A2	fibroblast	8.0479	1.3723
CXCL12	fibroblast	6.6081	2.0615
CXCL14	fibroblast	7.9344	7.2815
DCN	fibroblast	5.9384	1.0315
DLL1	fibroblast	1.1846	0.4078
EDIL3	fibroblast	0.9424	0.3655
EFNB1	fibroblast	1.4592	0.4408
EPB41L2	fibroblast	2.6133	0.4750
F2R	fibroblast	2.1738	0.6376
F3	fibroblast	0.6828	0.4004
FSTL1	fibroblast	4.7091	1.1691
HAPLN1	fibroblast	0.9774	0.3990
LAPTM4A	fibroblast	7.5589	1.2508
LTBP4	fibroblast	3.7018	0.9422
LUM	fibroblast	4.2256	1.2987
MALAT1	fibroblast	437.7830	10.3468
MEST	fibroblast	10.0625	1.4434
MMP2	fibroblast	2.6854	0.8507
NBL1	fibroblast	1.9957	0.8862
NPY	fibroblast	1.3010	0.2932
OLFML3	fibroblast	3.1685	0.3775
PCOLCE	fibroblast	2.1929	0.4299
PDGFRA	fibroblast	3.5621	1.0031
PDLIM1	fibroblast	4.5350	0.6610
PDLIM2	fibroblast	1.3128	0.3356
PTCH1	fibroblast	1.8445	0.2723
PTN	fibroblast	16.1885	1.8350
RARRES2	fibroblast	2.4727	0.2972
SLIT2	fibroblast	0.9204	0.3597
SSR2	fibroblast	5.8536	0.6100
TGFBI	fibroblast	2.8718	1.0593
TMEM176B	fibroblast	2.1011	0.5891
TWIST2	fibroblast	0.7814	0.2680
VCAN	fibroblast	7.2112	3.6528
VEGFA	fibroblast	0.8227	0.3291
ABRACL	hematopoietic cell	2.0281	0.4046
ACTR2	hematopoietic cell	2.4981	0.8119
ADAP2	hematopoietic cell	1.3135	1.0333
ADISSP	hematopoietic cell	1.8597	0.4717
ADPGK	hematopoietic cell	0.6841	0.3416
AIF1	hematopoietic cell	18.9867	18.4060
AKNA	hematopoietic cell	0.5784	0.4322
ALDOA	hematopoietic cell	6.0198	0.7477
ALOX5AP	hematopoietic cell	1.8588	1.3014
AOAH	hematopoietic cell	1.0621	0.9999
AP1B1	hematopoietic cell	0.8572	0.5668
APBB1IP	hematopoietic cell	0.7472	0.7393
ARHGAP30	hematopoietic cell	0.6453	0.6404
ARHGAP4	hematopoietic cell	0.8971	0.5234
ARHGAP45	hematopoietic cell	0.5006	0.3856
ARHGDIB	hematopoietic cell	7.8011	6.0627
ARPC1B	hematopoietic cell	7.0960	4.0224
ARPC2	hematopoietic cell	7.7325	1.9382
ARPC3	hematopoietic cell	8.7754	3.1852
ARRB2	hematopoietic cell	2.1286	1.7170
ASAH1	hematopoietic cell	2.2255	0.9067
ATP2B1-AS1	hematopoietic cell	0.8017	0.5355
ATP5MG	hematopoietic cell	10.3043	1.8955
ATP6V1F	hematopoietic cell	3.2611	0.9356
AZU1	hematopoietic cell	0.5076	0.4861
B2M	hematopoietic cell	43.5449	7.7793
BID	hematopoietic cell	1.6042	0.6358
BIN1	hematopoietic cell	2.0710	0.8494
BIN2	hematopoietic cell	0.8926	0.8835
BLOC1S1	hematopoietic cell	2.2799	0.4249
BTK	hematopoietic cell	0.6528	0.6298
C19orf38	hematopoietic cell	0.6685	0.5288
C1QA	hematopoietic cell	18.0891	18.0301
C1QB	hematopoietic cell	12.9812	12.9178
C1QC	hematopoietic cell	15.4603	15.3949
C1orf162	hematopoietic cell	1.8726	1.8329
C3AR1	hematopoietic cell	0.6234	0.6191
C5AR1	hematopoietic cell	0.5484	0.5368
CALHM6	hematopoietic cell	2.7307	1.7518
CAP1	hematopoietic cell	2.7532	0.5419
CAPZA1	hematopoietic cell	1.7941	0.4754
CAPZB	hematopoietic cell	4.2916	0.7928
CARD16	hematopoietic cell	0.8149	0.5331
CASP1	hematopoietic cell	1.0186	0.8186
CCL3	hematopoietic cell	2.5790	2.4371
CCL3L3	hematopoietic cell	0.9348	0.9217
CCL4	hematopoietic cell	1.6184	1.6065
CCL4L2	hematopoietic cell	0.9031	0.7965
CCL5	hematopoietic cell	0.5070	0.4558
CCND3	hematopoietic cell	1.0817	0.6064
CD14	hematopoietic cell	3.0624	3.0233
CD163	hematopoietic cell	0.9883	0.9730
CD1D	hematopoietic cell	0.9649	0.8500
CD300A	hematopoietic cell	1.0027	0.7347
CD302	hematopoietic cell	0.8487	0.5734
CD33	hematopoietic cell	0.7549	0.7435
CD36	hematopoietic cell	3.4194	0.5109
CD37	hematopoietic cell	2.7822	2.7668
CD4	hematopoietic cell	0.6929	0.4737
CD44	hematopoietic cell	1.1821	0.2762
CD48	hematopoietic cell	1.6901	1.6797
CD52	hematopoietic cell	2.9079	2.7106
CD53	hematopoietic cell	1.8518	1.8434
CD68	hematopoietic cell	4.3813	3.1137
CD7	hematopoietic cell	0.7378	0.5786
CD74	hematopoietic cell	41.9075	40.8342
CD79B	hematopoietic cell	1.0141	0.7992
CD86	hematopoietic cell	0.5773	0.5742
CEBPB	hematopoietic cell	1.8335	1.0729
CEBPD	hematopoietic cell	3.8349	2.1263
CFP	hematopoietic cell	1.8144	1.6266
CKLF	hematopoietic cell	1.6644	0.6966
CLC	hematopoietic cell	3.0949	3.0772
CLEC10A	hematopoietic cell	1.4671	1.4452
CLEC1B	hematopoietic cell	0.5664	0.5435
CLEC7A	hematopoietic cell	1.5971	1.5189
CMTM6	hematopoietic cell	1.5254	0.4055
CNPY3	hematopoietic cell	2.5856	1.5720
CORO1A	hematopoietic cell	6.3510	5.9307
COTL1	hematopoietic cell	7.6851	2.7602
COX4I1	hematopoietic cell	9.4952	0.5476
CPVL	hematopoietic cell	1.7669	1.1982
CREG1	hematopoietic cell	2.8190	2.2664
CSF1R	hematopoietic cell	3.5556	3.5360
CSF2RA	hematopoietic cell	1.0360	1.0138
CSF3R	hematopoietic cell	0.7172	0.5720
CSK	hematopoietic cell	0.7596	0.5185
CST3	hematopoietic cell	39.4499	26.1119
CSTA	hematopoietic cell	1.4215	1.4153
CTSB	hematopoietic cell	4.9052	2.6230
CTSC	hematopoietic cell	3.4354	1.7094
CTSD	hematopoietic cell	3.0883	1.2242
CTSS	hematopoietic cell	3.2862	3.1559
CTSZ	hematopoietic cell	1.5773	0.4555
CXCL16	hematopoietic cell	0.7290	0.5996
CXCL8	hematopoietic cell	1.1403	0.8386
CYBA	hematopoietic cell	11.4324	5.5381
CYBB	hematopoietic cell	2.1679	2.1505
CYRIB	hematopoietic cell	2.3649	1.3287
CYTH4	hematopoietic cell	0.8449	0.8252
DAB2	hematopoietic cell	4.3961	1.6696
DAZAP2	hematopoietic cell	1.7326	0.4291
DBNL	hematopoietic cell	1.3162	0.5420
DNAJC4	hematopoietic cell	1.0188	0.4161
DNASE1L3	hematopoietic cell	1.0393	0.8977
DOCK2	hematopoietic cell	0.6344	0.6216
DOCK8	hematopoietic cell	0.7858	0.4178
DOK2	hematopoietic cell	0.9974	0.9911
DPP7	hematopoietic cell	1.0975	0.4540
DRAM2	hematopoietic cell	1.4280	0.8173
DUSP2	hematopoietic cell	0.7317	0.2691
EFHD2	hematopoietic cell	0.9722	0.7298
EIF3K	hematopoietic cell	5.3362	0.6043
ENSG00000257764	hematopoietic cell	1.8085	1.7678
ENSG00000262202	hematopoietic cell	0.5636	0.3999
ENSG00000273338	hematopoietic cell	0.5309	0.3733
ERP29	hematopoietic cell	3.4171	0.8716
EVI2A	hematopoietic cell	0.9863	0.9826
EVI2B	hematopoietic cell	1.3881	1.3831
EVL	hematopoietic cell	1.8427	1.0745
F13A1	hematopoietic cell	1.8055	1.7673
FAM110A	hematopoietic cell	0.6126	0.2941
FAU	hematopoietic cell	23.2689	3.6321
FCER1G	hematopoietic cell	7.5349	7.0916
FCGR2A	hematopoietic cell	1.0932	0.8911
FCGR3A	hematopoietic cell	0.7964	0.7734
FCGRT	hematopoietic cell	7.8116	3.9337
FCN1	hematopoietic cell	3.2168	3.2070
FERMT3	hematopoietic cell	1.1143	1.0281
FGD2	hematopoietic cell	0.9302	0.9241
FGL2	hematopoietic cell	1.4521	1.3649
FGR	hematopoietic cell	0.5945	0.5059
FMNL1	hematopoietic cell	0.7076	0.6593
FOLR2	hematopoietic cell	2.2615	2.2468
FOS	hematopoietic cell	10.8134	1.3974
FPR1	hematopoietic cell	0.5014	0.4966
FTL	hematopoietic cell	157.7835	89.5517
FYB1	hematopoietic cell	1.5998	1.5732
GLIPR1	hematopoietic cell	1.8050	0.6538
GLRX	hematopoietic cell	1.9935	1.3281
GNA15	hematopoietic cell	0.5287	0.5034
GP9	hematopoietic cell	0.5755	0.5473
GPR183	hematopoietic cell	1.4512	0.8607
GPR34	hematopoietic cell	1.1062	1.1018
GPR65	hematopoietic cell	0.5691	0.5517
GPSM3	hematopoietic cell	2.3494	1.8180
GPX1	hematopoietic cell	14.8861	10.5938
GRN	hematopoietic cell	4.1142	0.9196
HACD4	hematopoietic cell	0.6830	0.3839
HCK	hematopoietic cell	1.4204	1.4054
HCLS1	hematopoietic cell	1.1372	1.0501
HCST	hematopoietic cell	5.5150	5.4914
HERPUD1	hematopoietic cell	2.0511	0.5617
HIGD2A	hematopoietic cell	3.1380	0.4247
HLA-DMA	hematopoietic cell	1.8868	1.8477
HLA-DMB	hematopoietic cell	1.8032	1.6794
HLA-DPA1	hematopoietic cell	12.7992	12.5916
HLA-DPB1	hematopoietic cell	10.5017	10.1773
HLA-DQA1	hematopoietic cell	1.8505	1.8417
HLA-DQB1	hematopoietic cell	2.5834	2.3094
HLA-DRA	hematopoietic cell	21.9863	21.9051
HLA-DRB1	hematopoietic cell	9.5806	8.9882
HLA-DRB5	hematopoietic cell	2.7914	2.6618
HMOX1	hematopoietic cell	2.8853	2.5549
HPGDS	hematopoietic cell	1.8902	1.8810
HSPA6	hematopoietic cell	0.7580	0.3584
HSPH1	hematopoietic cell	0.9158	0.2798
ICAM3	hematopoietic cell	1.1734	0.6002
IER5	hematopoietic cell	0.7906	0.5205
IFI30	hematopoietic cell	0.6109	0.5923
IFNGR1	hematopoietic cell	1.5129	0.8553
IFNGR2	hematopoietic cell	1.1943	0.4920
IGLL1	hematopoietic cell	2.3938	2.3794
IGSF6	hematopoietic cell	1.0378	1.0290
IKZF1	hematopoietic cell	0.5354	0.4959
IL10RA	hematopoietic cell	1.3240	1.3095
IL6R	hematopoietic cell	0.5935	0.4871
IRF8	hematopoietic cell	1.3802	0.6262
ITGB2	hematopoietic cell	3.3800	3.3274
ITPR2	hematopoietic cell	0.6567	0.2814
JAML	hematopoietic cell	2.4634	2.4301
JCHAIN	hematopoietic cell	0.8023	0.7951
KCNK6	hematopoietic cell	0.8320	0.3444
KIAA0930	hematopoietic cell	0.6374	0.4302
KLRB1	hematopoietic cell	0.9889	0.9808
LAIR1	hematopoietic cell	0.8856	0.8553
LAMTOR4	hematopoietic cell	3.0016	0.5635
LAPTM5	hematopoietic cell	4.8034	3.7568
LAT2	hematopoietic cell	0.8700	0.8475
LCP1	hematopoietic cell	2.1405	2.1092
LCP2	hematopoietic cell	0.5293	0.3970
LGMN	hematopoietic cell	2.5018	1.8888
LILRB2	hematopoietic cell	0.7806	0.7733
LILRB5	hematopoietic cell	1.0966	1.0811
LIMD2	hematopoietic cell	2.7509	0.9707
LINC00996	hematopoietic cell	0.5017	0.4950
LRRC25	hematopoietic cell	0.5895	0.5795
LSP1	hematopoietic cell	3.8295	3.7456
LST1	hematopoietic cell	7.8717	7.6099
LTB	hematopoietic cell	3.6214	1.8463
LY86	hematopoietic cell	1.9789	1.9535
LY96	hematopoietic cell	1.1403	0.7179
LYZ	hematopoietic cell	19.1840	18.2524
M6PR	hematopoietic cell	1.3003	0.7850
MACROH2A1	hematopoietic cell	3.5652	0.8668
MAF	hematopoietic cell	3.0391	1.1115
MAFB	hematopoietic cell	1.5362	0.9232
MAPKAPK3	hematopoietic cell	0.9225	0.6062
MARCHF1	hematopoietic cell	0.8368	0.8056
MBNL1	hematopoietic cell	0.9758	0.2779
MFSD1	hematopoietic cell	0.9874	0.7970
MIR142HG	hematopoietic cell	0.7522	0.7409
MKNK1	hematopoietic cell	0.7062	0.3812
MNDA	hematopoietic cell	2.0400	2.0163
MOB1A	hematopoietic cell	1.3073	0.7906
MPEG1	hematopoietic cell	1.9204	1.9094
MPO	hematopoietic cell	1.6835	1.6614
MS4A4A	hematopoietic cell	1.9450	1.9362
MS4A6A	hematopoietic cell	4.0497	4.0322
MS4A7	hematopoietic cell	2.5240	2.4965
MTMR14	hematopoietic cell	0.5636	0.2575
MYO1F	hematopoietic cell	1.5977	1.5491
NAAA	hematopoietic cell	0.5949	0.4468
NAGA	hematopoietic cell	0.6580	0.4209
NAIP	hematopoietic cell	0.7803	0.6293
NAMPT	hematopoietic cell	0.9029	0.4213
NCF1	hematopoietic cell	1.2309	1.1370
NCF2	hematopoietic cell	0.9488	0.9333
NCF4	hematopoietic cell	1.0492	1.0450
NCKAP1L	hematopoietic cell	1.1266	0.9939
NINJ1	hematopoietic cell	1.7694	0.2845
NKG7	hematopoietic cell	1.5074	1.4964
NPC2	hematopoietic cell	10.2986	4.3379
NR4A2	hematopoietic cell	1.1479	0.6070
NUP214	hematopoietic cell	0.7171	0.4536
OAZ1	hematopoietic cell	15.0328	5.9558
OGFRL1	hematopoietic cell	0.6453	0.2504
OSTF1	hematopoietic cell	1.3914	0.4582
OTULINL	hematopoietic cell	0.9487	0.4928
PARVG	hematopoietic cell	0.6467	0.6203
PCBP1	hematopoietic cell	3.2415	0.3107
PF4	hematopoietic cell	5.2212	5.0598
PFDN5	hematopoietic cell	10.3786	2.2171
PFN1	hematopoietic cell	22.6471	3.2975
PHACTR1	hematopoietic cell	0.7130	0.4486
PLAC8	hematopoietic cell	1.9349	1.1563
PLAUR	hematopoietic cell	0.8006	0.6384
PLD4	hematopoietic cell	2.1471	2.1071
PLEK	hematopoietic cell	1.6020	1.5855
PLTP	hematopoietic cell	1.9169	1.3378
PMAIP1	hematopoietic cell	0.5797	0.3224
POU2F2	hematopoietic cell	1.0190	0.3086
PPBP	hematopoietic cell	6.1431	5.9869
PPP1CA	hematopoietic cell	2.4853	0.3715
PPP1R18	hematopoietic cell	1.7325	0.5920
PPT1	hematopoietic cell	1.1949	0.5260
PRAM1	hematopoietic cell	0.6709	0.6666
PRKCB	hematopoietic cell	0.9048	0.8028
PRTN3	hematopoietic cell	0.9914	0.9689
PSAP	hematopoietic cell	7.4021	3.7336
PSMB10	hematopoietic cell	0.7973	0.4109
PSMC4	hematopoietic cell	1.1773	0.3982
PSME2	hematopoietic cell	1.7452	0.2767
PTAFR	hematopoietic cell	0.7527	0.6903
PTP4A2	hematopoietic cell	1.8283	0.4155
PTPN18	hematopoietic cell	0.6445	0.3921
PTPN6	hematopoietic cell	1.1771	1.0101
PTPRC	hematopoietic cell	1.6211	1.6134
PTPRE	hematopoietic cell	1.5256	0.3410
PYCARD	hematopoietic cell	3.6497	2.8083
RAB32	hematopoietic cell	1.4533	1.0179
RAC2	hematopoietic cell	1.6309	1.4721
RAP2B	hematopoietic cell	0.7345	0.4095
RASSF4	hematopoietic cell	0.6855	0.3740
RB1	hematopoietic cell	1.2846	0.5207
RBPJ	hematopoietic cell	1.5934	0.2872
RCSD1	hematopoietic cell	1.2866	0.6176
RETN	hematopoietic cell	4.5605	4.5488
RGS1	hematopoietic cell	1.3591	0.9617
RGS10	hematopoietic cell	5.4417	1.1975
RGS18	hematopoietic cell	0.8106	0.7799
RGS19	hematopoietic cell	1.3991	1.0588
RHOG	hematopoietic cell	2.6296	1.7701
RILPL2	hematopoietic cell	0.7629	0.5397
RNASE1	hematopoietic cell	10.8158	3.1731
RNASE2	hematopoietic cell	0.6557	0.6359
RNASE6	hematopoietic cell	3.0983	3.0656
RNASET2	hematopoietic cell	5.5812	4.6971
RNF130	hematopoietic cell	1.9348	0.8761
RPL27	hematopoietic cell	26.5000	3.0707
RPL36AL	hematopoietic cell	5.3143	0.4347
RPLP2	hematopoietic cell	49.6086	2.1194
RUNX1	hematopoietic cell	0.5833	0.4481
RUNX3	hematopoietic cell	0.6152	0.6066
S100A12	hematopoietic cell	3.0227	2.9995
S100A4	hematopoietic cell	7.6424	6.7474
S100A8	hematopoietic cell	13.4528	13.3551
S100A9	hematopoietic cell	19.2807	19.2021
SAMHD1	hematopoietic cell	2.6267	2.4595
SAMSN1	hematopoietic cell	0.6327	0.5361
SASH3	hematopoietic cell	0.5540	0.5435
SAT1	hematopoietic cell	16.4122	7.2225
SCAMP2	hematopoietic cell	0.7763	0.3793
SCIMP	hematopoietic cell	0.5937	0.5855
SCNM1	hematopoietic cell	0.8255	0.3738
SELL	hematopoietic cell	1.0585	1.0389
SERP1	hematopoietic cell	3.4969	1.1418
SERPINB1	hematopoietic cell	1.7247	0.7401
SH3BGRL3	hematopoietic cell	8.4267	1.3917
SH3BP1	hematopoietic cell	0.5698	0.3759
SLA	hematopoietic cell	0.9734	0.8704
SLC16A3	hematopoietic cell	1.0650	0.2832
SLC40A1	hematopoietic cell	5.1628	4.1691
SLCO2B1	hematopoietic cell	0.6982	0.5053
SMAP2	hematopoietic cell	0.6989	0.5178
SNHG25	hematopoietic cell	1.1820	0.3569
SNX6	hematopoietic cell	1.7130	0.6131
SOD2	hematopoietic cell	0.9156	0.4544
SPI1	hematopoietic cell	3.3675	3.3205
SPP1	hematopoietic cell	5.2556	5.0009
SRGN	hematopoietic cell	10.9869	8.1912
STAB1	hematopoietic cell	1.6744	1.0994
STK17B	hematopoietic cell	0.8012	0.5885
STXBP2	hematopoietic cell	1.9582	1.3470
SUSD3	hematopoietic cell	1.3899	1.0876
SYK	hematopoietic cell	0.8780	0.5637
TALDO1	hematopoietic cell	2.4841	0.8101
TBXAS1	hematopoietic cell	0.9916	0.9257
TGFB1	hematopoietic cell	1.3312	0.3404
THEMIS2	hematopoietic cell	0.7572	0.3329
TKT	hematopoietic cell	4.4640	1.4828
TNFAIP8L2	hematopoietic cell	0.5828	0.5774
TNFRSF13C	hematopoietic cell	0.5380	0.4995
TNFRSF1B	hematopoietic cell	1.5062	0.3582
TNFSF13B	hematopoietic cell	0.6383	0.4993
TPP1	hematopoietic cell	1.1133	0.4659
TPSAB1	hematopoietic cell	3.3948	3.3582
TPSB2	hematopoietic cell	3.4721	3.4385
TPT1	hematopoietic cell	59.7144	8.6582
TRABD	hematopoietic cell	0.7310	0.3372
TRBC1	hematopoietic cell	0.5902	0.5814
TSPO	hematopoietic cell	2.7664	1.1216
TUBB1	hematopoietic cell	0.5244	0.4322
TYMP	hematopoietic cell	1.8305	1.6512
TYROBP	hematopoietic cell	15.4588	15.4191
UBA52	hematopoietic cell	25.8106	7.9754
UCP2	hematopoietic cell	3.2566	1.7276
UNC93B1	hematopoietic cell	0.5103	0.3856
VAMP8	hematopoietic cell	5.5565	3.7380
VMA21	hematopoietic cell	0.7392	0.3300
VPREB1	hematopoietic cell	0.6302	0.6254
VPREB3	hematopoietic cell	1.2223	1.2092
VSIG4	hematopoietic cell	1.1863	1.1735
WAS	hematopoietic cell	1.4832	1.4752
WIPF1	hematopoietic cell	0.8099	0.3093
WWP1	hematopoietic cell	0.5163	0.3400
ZFP36	hematopoietic cell	4.0337	1.4533
ZNF385A	hematopoietic cell	0.5670	0.4611
ADI1	interstitial cell of Cajal	1.3599	0.2669
AKR1B1	interstitial cell of Cajal	1.7070	0.2508
ALDH1A3	interstitial cell of Cajal	0.9036	0.5998
ALDH2	interstitial cell of Cajal	1.8137	0.2511
ARF1	interstitial cell of Cajal	3.4424	0.4300
ATP1B1	interstitial cell of Cajal	6.0492	3.2994
BST2	interstitial cell of Cajal	5.7364	2.1761
C7	interstitial cell of Cajal	1.7197	0.6689
C7orf50	interstitial cell of Cajal	2.0608	0.5357
CCDC80	interstitial cell of Cajal	2.6104	0.7504
CCS	interstitial cell of Cajal	0.9533	0.3095
CCZ1	interstitial cell of Cajal	0.9191	0.3250
CDH8	interstitial cell of Cajal	1.1616	0.7746
CITED2	interstitial cell of Cajal	2.4898	0.6391
CLEC11A	interstitial cell of Cajal	2.7637	0.8505
CNTFR	interstitial cell of Cajal	1.6161	0.7369
COPS6	interstitial cell of Cajal	2.1677	0.4693
CTSL	interstitial cell of Cajal	6.4884	3.4523
DACT1	interstitial cell of Cajal	0.6378	0.3326
DNAJC8	interstitial cell of Cajal	1.7205	0.2558
EDN3	interstitial cell of Cajal	3.4865	1.7513
EID1	interstitial cell of Cajal	6.6567	0.5441
EIF4H	interstitial cell of Cajal	2.3221	0.4525
ELN	interstitial cell of Cajal	2.9049	0.9285
ELOB	interstitial cell of Cajal	6.0467	0.2971
EXOC7	interstitial cell of Cajal	1.2745	0.5260
FAM110B	interstitial cell of Cajal	2.2630	0.4585
FBN2	interstitial cell of Cajal	1.8089	0.7999
FGFR1	interstitial cell of Cajal	1.9707	0.4422
FHL2	interstitial cell of Cajal	6.3031	4.0652
FREM1	interstitial cell of Cajal	0.7889	0.5450
HIC1	interstitial cell of Cajal	2.8816	1.4161
HOTAIRM1	interstitial cell of Cajal	1.2097	0.2839
HTRA3	interstitial cell of Cajal	2.6717	1.0664
INKA1	interstitial cell of Cajal	0.9519	0.2939
KCNN3	interstitial cell of Cajal	1.4007	0.9585
KIT	interstitial cell of Cajal	1.2457	0.9669
LAMB1	interstitial cell of Cajal	1.5080	0.2713
LDHA	interstitial cell of Cajal	8.2696	0.7836
LGALS1	interstitial cell of Cajal	45.4130	14.5484
LPIN2	interstitial cell of Cajal	0.6687	0.3381
LRRC3B	interstitial cell of Cajal	0.7723	0.3870
MBP	interstitial cell of Cajal	1.4346	0.2958
MEIS2	interstitial cell of Cajal	7.7054	1.2467
MFAP4	interstitial cell of Cajal	8.4240	1.1516
MRFAP1	interstitial cell of Cajal	3.3607	0.2554
NDN	interstitial cell of Cajal	3.1066	0.4719
OSR1	interstitial cell of Cajal	1.4627	0.6225
PARK7	interstitial cell of Cajal	4.8516	0.4474
PBX3	interstitial cell of Cajal	1.9085	0.8341
PDE4C	interstitial cell of Cajal	0.6148	0.5397
PDIA6	interstitial cell of Cajal	4.2665	0.2520
PDS5B	interstitial cell of Cajal	1.1166	0.3590
PEX2	interstitial cell of Cajal	1.2765	0.3930
PGAM1	interstitial cell of Cajal	3.6163	0.3649
PID1	interstitial cell of Cajal	0.5429	0.3727
PLAGL1	interstitial cell of Cajal	1.1881	0.3610
PLAT	interstitial cell of Cajal	8.4210	2.8531
PLEKHA5	interstitial cell of Cajal	1.1551	0.3260
PPIB	interstitial cell of Cajal	5.7445	0.3722
PRKAR2B	interstitial cell of Cajal	0.9820	0.3016
PRPS2	interstitial cell of Cajal	0.6019	0.2650
PTGER3	interstitial cell of Cajal	1.8571	0.8175
RAB11B	interstitial cell of Cajal	1.9898	0.4111
RAMP1	interstitial cell of Cajal	3.7707	0.4375
SAP18	interstitial cell of Cajal	3.2569	0.3884
SCX	interstitial cell of Cajal	0.5667	0.3557
SEC61G	interstitial cell of Cajal	5.4009	0.5285
SKP1	interstitial cell of Cajal	5.8630	0.4967
SLC35G1	interstitial cell of Cajal	0.7469	0.5007
SOBP	interstitial cell of Cajal	1.1984	0.7761
SPARCL1	interstitial cell of Cajal	14.1638	2.0387
SPATS2L	interstitial cell of Cajal	2.7333	1.2180
SPON2	interstitial cell of Cajal	9.4062	5.4990
SPRY1	interstitial cell of Cajal	3.0707	1.3121
SRP9	interstitial cell of Cajal	4.3804	0.3584
SUB1	interstitial cell of Cajal	6.0765	0.5782
TMEM106C	interstitial cell of Cajal	1.5799	0.3130
TMSB4X	interstitial cell of Cajal	203.4347	24.0353
TNFAIP6	interstitial cell of Cajal	1.0159	0.8630
TNFRSF21	interstitial cell of Cajal	0.8887	0.3514
TSHZ2	interstitial cell of Cajal	7.0737	1.9545
VCAM1	interstitial cell of Cajal	0.6076	0.3952
AGR2	intestine goblet cell	35.7300	6.6307
ATOH1	intestine goblet cell	1.1455	1.0023
BCAS1	intestine goblet cell	0.8002	0.5991
CHCHD2	intestine goblet cell	8.7687	0.4124
CLCA1	intestine goblet cell	10.6422	9.0001
COMTD1	intestine goblet cell	0.7633	0.3086
DYRK4	intestine goblet cell	1.1379	0.5129
EEFSEC	intestine goblet cell	0.6786	0.4684
FCGBP	intestine goblet cell	6.0806	5.2193
GMDS	intestine goblet cell	1.0267	0.3297
GUCA2A	intestine goblet cell	4.4598	3.9529
GUCA2B	intestine goblet cell	1.7538	1.3114
HES6	intestine goblet cell	2.4910	1.0108
HPCAL1	intestine goblet cell	1.5121	0.5278
KLK1	intestine goblet cell	1.9731	1.1006
LGALS4	intestine goblet cell	12.2776	9.3329
MT1E	intestine goblet cell	8.9123	1.0923
MT1F	intestine goblet cell	6.9400	0.5032
MT1G	intestine goblet cell	31.9619	5.0586
MT1H	intestine goblet cell	20.6044	2.4006
MT1X	intestine goblet cell	10.5039	1.9378
MT2A	intestine goblet cell	11.6739	0.6669
PHGR1	intestine goblet cell	5.4124	2.0647
PRSS2	intestine goblet cell	1.4607	1.0597
REG4	intestine goblet cell	4.6648	2.1257
REP15	intestine goblet cell	0.8843	0.7315
RPL10	intestine goblet cell	129.4920	2.6568
RRM2	intestine goblet cell	1.0480	0.3918
SELENOM	intestine goblet cell	4.6152	3.1013
ST6GALNAC1	intestine goblet cell	1.5596	1.1852
TFF3	intestine goblet cell	33.7691	27.5877
TMEM141	intestine goblet cell	6.3355	0.2990
WFDC2	intestine goblet cell	0.5792	0.3229
XBP1	intestine goblet cell	2.7094	1.3276
BAZ2B	mesodermal cell	1.2824	0.3189
CCN1	mesodermal cell	5.2559	1.8335
CDH11	mesodermal cell	2.1259	0.3854
DONSON	mesodermal cell	4.1301	0.5627
FBLN1	mesodermal cell	3.0546	0.3577
FIBIN	mesodermal cell	2.1167	0.7633
FNDC1	mesodermal cell	1.0848	0.4937
H3-3B	mesodermal cell	29.6138	1.1115
HLX	mesodermal cell	1.4258	0.4467
HMGN2	mesodermal cell	14.3553	0.2517
IGDCC3	mesodermal cell	0.8261	0.3293
IGF2BP2	mesodermal cell	1.9348	0.2606
LINC01082	mesodermal cell	2.7749	1.3985
N4BP2L2	mesodermal cell	2.5220	0.2556
NAP1L1	mesodermal cell	13.8894	1.5760
NUCKS1	mesodermal cell	5.8127	0.3288
PDE1A	mesodermal cell	1.7116	0.3097
PDE5A	mesodermal cell	1.2178	0.2805
RBM39	mesodermal cell	3.7681	0.4117
RPL30	mesodermal cell	38.7108	0.9527
RPS20	mesodermal cell	32.5263	0.4859
RSL24D1	mesodermal cell	2.6371	0.2761
SHISA3	mesodermal cell	1.7079	1.1362
SUMO2	mesodermal cell	12.2089	1.5909
WNT5A	mesodermal cell	0.6986	0.3196
AAMDC	mesothelial cell	1.7231	0.4378
AATF	mesothelial cell	0.6526	0.3654
AEBP1	mesothelial cell	0.9906	0.3471
ALDH1A2	mesothelial cell	1.5742	1.1011
ALKBH7	mesothelial cell	2.6002	0.3409
AMOTL2	mesothelial cell	0.8643	0.2831
ANXA1	mesothelial cell	2.8205	0.2800
ANXA11	mesothelial cell	1.4404	0.2634
ANXA3	mesothelial cell	1.8964	0.4710
ANXA8	mesothelial cell	0.7449	0.7073
ANXA8L1	mesothelial cell	0.8223	0.4587
ATP7B	mesothelial cell	0.5243	0.3793
BCAM	mesothelial cell	6.2903	2.0884
BCO2	mesothelial cell	0.7232	0.5253
BNC1	mesothelial cell	0.9026	0.7923
CA11	mesothelial cell	0.5740	0.3309
CA9	mesothelial cell	0.7277	0.6798
CAPN6	mesothelial cell	0.6197	0.4230
CD151	mesothelial cell	3.5838	0.6747
CDH3	mesothelial cell	1.0208	0.7845
CFI	mesothelial cell	0.9149	0.3121
CHST9	mesothelial cell	0.6155	0.2669
CLDN15	mesothelial cell	1.5989	1.1861
CLIC3	mesothelial cell	1.3831	1.2120
COBLL1	mesothelial cell	0.5932	0.2579
COL11A1	mesothelial cell	0.8531	0.4221
COL9A3	mesothelial cell	4.4234	2.6039
COX6C	mesothelial cell	8.7960	2.1782
CRB2	mesothelial cell	1.3708	1.2318
CRIP1	mesothelial cell	1.9320	0.8954
CRYAB	mesothelial cell	1.0752	0.3388
CST6	mesothelial cell	0.6250	0.6178
CYTL1	mesothelial cell	1.5488	0.3126
DAPK1	mesothelial cell	0.7561	0.5880
DISP1	mesothelial cell	0.5906	0.3332
DPP4	mesothelial cell	0.8559	0.2818
ECRG4	mesothelial cell	2.4214	0.9035
EFEMP1	mesothelial cell	1.2349	0.3055
EIF3M	mesothelial cell	4.2619	0.9786
EMP2	mesothelial cell	1.6662	0.6152
ENSG00000276850	mesothelial cell	1.3418	1.1825
EPS8L1	mesothelial cell	0.9794	0.7536
EZR	mesothelial cell	3.9389	2.4715
FAM200B	mesothelial cell	1.1885	0.4104
FGF9	mesothelial cell	2.6039	2.0572
FLRT3	mesothelial cell	1.6288	0.7457
FRY	mesothelial cell	0.5804	0.4006
FRZB	mesothelial cell	5.3351	0.6437
FZD7	mesothelial cell	1.0686	0.3298
GABARAPL1	mesothelial cell	0.9424	0.3631
GAS1	mesothelial cell	1.2712	0.2745
GAS6	mesothelial cell	2.1907	1.3259
GCG	mesothelial cell	2.2397	2.1868
GOLIM4	mesothelial cell	2.1301	0.7282
GPM6A	mesothelial cell	0.7060	0.3187
HCFC1R1	mesothelial cell	2.2433	1.0592
HTRA1	mesothelial cell	0.9074	0.2625
IGFBP5	mesothelial cell	8.7116	0.3438
IGFBP6	mesothelial cell	1.8631	1.1454
ISYNA1	mesothelial cell	2.2930	0.7420
ITGA3	mesothelial cell	1.0631	0.9239
ITIH5	mesothelial cell	0.5233	0.3133
KLK11	mesothelial cell	1.9723	1.9511
KRT18	mesothelial cell	13.4047	3.0942
KRT8	mesothelial cell	14.6241	3.9737
LAMA5	mesothelial cell	1.0343	0.3667
LDOC1	mesothelial cell	1.1985	0.5550
LGALS3BP	mesothelial cell	1.6302	0.4384
LRATD2	mesothelial cell	0.8567	0.6402
LY6E	mesothelial cell	6.9009	2.8127
MGP	mesothelial cell	11.2886	5.9189
MMP23B	mesothelial cell	1.3481	0.6189
MSLN	mesothelial cell	3.4278	3.0374
MYRF	mesothelial cell	1.6684	1.5009
NAXE	mesothelial cell	1.8384	0.7328
NDFIP2	mesothelial cell	0.7374	0.3121
NEO1	mesothelial cell	0.8363	0.4131
NPNT	mesothelial cell	1.0996	0.7610
NPW	mesothelial cell	1.3716	0.7058
OBSL1	mesothelial cell	0.6790	0.3390
OLR1	mesothelial cell	0.5211	0.4287
PALS1	mesothelial cell	0.6913	0.3967
PARD6B	mesothelial cell	0.8549	0.5528
PARM1	mesothelial cell	1.2433	0.8842
PLP2	mesothelial cell	2.3458	0.9967
POSTN	mesothelial cell	7.6859	4.3522
PRL	mesothelial cell	1.3412	0.5452
PTPRF	mesothelial cell	1.3682	0.2984
RAB38	mesothelial cell	0.6694	0.2869
RASSF7	mesothelial cell	1.0958	0.3861
REC8	mesothelial cell	2.0432	0.7900
RNH1	mesothelial cell	1.7017	0.2554
RPL23	mesothelial cell	28.4612	1.0998
RPL36A	mesothelial cell	11.1449	0.9576
RPL37	mesothelial cell	43.0827	3.0238
RPL37A	mesothelial cell	61.8720	9.2271
RPL38	mesothelial cell	25.7077	0.9625
RPRM	mesothelial cell	0.9478	0.8642
RPS10	mesothelial cell	13.0912	0.4050
RPS27	mesothelial cell	76.6723	1.4118
RSRP1	mesothelial cell	3.2573	1.7316
S100A6	mesothelial cell	9.0082	0.6724
SARAF	mesothelial cell	3.9190	0.2947
SEMA3B	mesothelial cell	0.9038	0.4650
SEMA3C	mesothelial cell	0.7124	0.3126
SEMA3D	mesothelial cell	1.1805	0.5579
SLC2A1	mesothelial cell	1.6700	0.7639
SLIT3	mesothelial cell	1.2584	0.4173
SLPI	mesothelial cell	0.6564	0.5998
SORBS2	mesothelial cell	1.2889	0.5556
SOX6	mesothelial cell	0.6871	0.2615
SPARC	mesothelial cell	18.3555	6.4217
SPOCK2	mesothelial cell	1.2969	0.9802
STK26	mesothelial cell	0.6866	0.5316
TFPI2	mesothelial cell	1.2228	0.5062
TMEM151A	mesothelial cell	0.6689	0.6590
TMEM235	mesothelial cell	0.5881	0.5583
TMEM98	mesothelial cell	5.2271	2.9002
TNNT1	mesothelial cell	4.9328	4.4122
TNNT2	mesothelial cell	0.9213	0.8103
TNRC6A	mesothelial cell	0.8942	0.3455
TRAPPC2L	mesothelial cell	1.9629	0.7318
TRMT112	mesothelial cell	3.7848	0.2969
UPK3B	mesothelial cell	8.5409	8.5226
WNT2B	mesothelial cell	1.6126	1.4480
WT1	mesothelial cell	2.8077	2.4448
WT1-AS	mesothelial cell	0.6213	0.4975
WWC2	mesothelial cell	0.6225	0.2574
AAK1	myofibroblast cell	1.1235	0.2904
ADAMTS1	myofibroblast cell	2.6870	1.6600
ADAMTS6	myofibroblast cell	1.1330	0.2679
ALCAM	myofibroblast cell	0.9089	0.2812
ALDH1A1	myofibroblast cell	8.2858	3.4172
ANGPTL2	myofibroblast cell	0.9464	0.3563
ANOS1	myofibroblast cell	1.5144	1.0884
ANTXR2	myofibroblast cell	0.8472	0.2584
ANXA6	myofibroblast cell	3.0320	0.3153
ASPN	myofibroblast cell	6.2704	3.0164
BEX3	myofibroblast cell	12.0575	1.0530
C1QTNF3	myofibroblast cell	2.3109	1.6405
CAPN3	myofibroblast cell	4.3716	4.2875
CCN2	myofibroblast cell	7.3671	3.0899
CHRM2	myofibroblast cell	1.0058	0.7240
CNN2	myofibroblast cell	3.6859	1.3083
COLEC12	myofibroblast cell	1.6416	0.9390
CRABP2	myofibroblast cell	3.3448	0.5751
CRISPLD2	myofibroblast cell	2.0630	1.2133
CSRP2	myofibroblast cell	9.4181	3.8785
DHRS3	myofibroblast cell	1.3357	0.2588
EFEMP2	myofibroblast cell	2.2053	0.2594
EMP3	myofibroblast cell	3.0919	0.3597
FAM114A1	myofibroblast cell	1.3966	0.3066
FHL3	myofibroblast cell	1.6539	0.5528
FN1	myofibroblast cell	5.0841	1.3129
FST	myofibroblast cell	4.5588	2.9314
GPX7	myofibroblast cell	1.4469	0.2530
GSTM3	myofibroblast cell	1.7857	0.4496
HEPH	myofibroblast cell	1.4046	0.2722
HOPX	myofibroblast cell	0.8780	0.3682
HOXC8	myofibroblast cell	0.7257	0.3428
HSPB6	myofibroblast cell	3.3492	2.5786
HSPB7	myofibroblast cell	1.1050	0.3411
ID2	myofibroblast cell	9.7278	1.0393
ILK	myofibroblast cell	2.7333	0.2616
IRF1	myofibroblast cell	1.1769	0.2934
ITM2C	myofibroblast cell	9.1397	0.8815
JUN	myofibroblast cell	9.1000	1.4558
KCNE4	myofibroblast cell	0.9889	0.3934
KCNK3	myofibroblast cell	0.5786	0.3073
KCNQ1OT1	myofibroblast cell	7.7540	0.2700
LBR	myofibroblast cell	1.5773	0.4498
LINC00685	myofibroblast cell	1.4603	0.2863
LINC02381	myofibroblast cell	3.0593	0.7174
LOX	myofibroblast cell	0.7565	0.3578
MCC	myofibroblast cell	0.5873	0.2813
MFAP2	myofibroblast cell	6.3573	0.4086
MLF2	myofibroblast cell	2.4769	0.3253
MRPS6	myofibroblast cell	2.6375	0.5913
MYOF	myofibroblast cell	0.6119	0.2843
NDUFA11	myofibroblast cell	4.2356	0.4292
NKAP	myofibroblast cell	0.7746	0.2586
NPR3	myofibroblast cell	2.8962	0.6478
NUPR1	myofibroblast cell	3.5795	1.1833
OGN	myofibroblast cell	5.7323	2.7012
OLFML2B	myofibroblast cell	1.2876	0.2563
PBX1	myofibroblast cell	3.7790	1.1919
PCDH7	myofibroblast cell	1.4774	0.3298
PMP22	myofibroblast cell	4.9431	1.3940
PPIC	myofibroblast cell	2.0338	0.5956
PRSS35	myofibroblast cell	2.8790	0.3303
RDH11	myofibroblast cell	1.7146	0.4424
RND3	myofibroblast cell	1.9482	0.6525
ROGDI	myofibroblast cell	0.9521	0.3841
SFRP1	myofibroblast cell	5.8877	1.9944
SMIM3	myofibroblast cell	1.3316	0.3652
SMYD3	myofibroblast cell	0.6428	0.3011
TCEAL4	myofibroblast cell	3.0216	0.5416
TCF25	myofibroblast cell	2.3715	0.4660
TMEM87A	myofibroblast cell	1.1680	0.5355
TPM4	myofibroblast cell	8.8321	1.0012
TUT4	myofibroblast cell	1.7184	0.6902
UBC	myofibroblast cell	10.0104	0.3888
ZNF106	myofibroblast cell	1.4329	0.4780
ADAM12	neural crest cell	0.7127	0.4097
AIF1L	neural crest cell	0.9873	0.5339
ANP32A	neural crest cell	2.1345	0.2791
AP1S2	neural crest cell	7.4923	2.8417
ARL6IP6	neural crest cell	0.9318	0.3559
ASPM	neural crest cell	1.0261	0.3332
ATP5MC2	neural crest cell	11.6976	0.4139
AURKB	neural crest cell	1.1910	0.3769
BIRC5	neural crest cell	1.8345	0.6821
BZW2	neural crest cell	1.8996	0.5114
CALCB	neural crest cell	0.9265	0.5871
CCNA2	neural crest cell	0.9641	0.3194
CCNB2	neural crest cell	1.1941	0.4880
CDC20	neural crest cell	1.2510	0.5148
CDC42EP4	neural crest cell	1.0378	0.2541
CDH19	neural crest cell	2.0277	1.5235
CDH6	neural crest cell	2.0633	1.2938
CDK4	neural crest cell	2.8193	0.3602
CENPF	neural crest cell	4.2231	1.9477
CENPU	neural crest cell	0.8641	0.3948
CENPV	neural crest cell	3.5916	0.3236
CKS1B	neural crest cell	2.9695	0.5035
CKS2	neural crest cell	3.0811	0.8412
CMTM5	neural crest cell	0.6107	0.2926
CNBP	neural crest cell	4.1458	0.2968
CNP	neural crest cell	2.7113	1.6520
CNPY2	neural crest cell	3.1547	0.9428
CREB5	neural crest cell	0.9402	0.2698
CUEDC2	neural crest cell	2.3946	0.8590
DEK	neural crest cell	4.6336	1.4376
DHFR	neural crest cell	0.9568	0.4467
DLX1	neural crest cell	1.8126	0.3809
DLX2	neural crest cell	2.5262	0.3361
DNAJC1	neural crest cell	2.9066	1.5412
DST	neural crest cell	2.7398	0.4662
EDNRB	neural crest cell	3.8956	2.2650
ERBB3	neural crest cell	2.4500	0.4554
ERH	neural crest cell	5.5227	0.6884
EXOSC8	neural crest cell	0.9457	0.2785
EZH2	neural crest cell	0.8509	0.2810
FBXO5	neural crest cell	0.9332	0.2892
FOXD3	neural crest cell	0.8025	0.5191
FOXD3-AS1	neural crest cell	1.8820	1.1964
FUNDC2	neural crest cell	1.4993	0.2577
FUS	neural crest cell	4.3739	0.5134
FXYD1	neural crest cell	2.5374	1.2996
GAPDH	neural crest cell	44.9878	5.6756
GAS7	neural crest cell	1.5688	1.0611
GFRA1	neural crest cell	1.8077	0.6289
GINS2	neural crest cell	1.1013	0.3993
GPM6B	neural crest cell	2.3548	1.0593
GTSE1	neural crest cell	0.7354	0.2716
GULP1	neural crest cell	1.2803	0.3953
H2AZ1	neural crest cell	17.0996	7.4638
H2AZ2	neural crest cell	3.3767	0.7898
H4C3	neural crest cell	17.7516	2.2589
HAUS1	neural crest cell	1.0691	0.2834
HDDC2	neural crest cell	1.9275	0.7078
HMGB1	neural crest cell	22.7333	5.1243
HMGB2	neural crest cell	12.0358	2.6364
HMGB3	neural crest cell	2.3469	0.7301
HNRNPA0	neural crest cell	6.4776	0.2794
HNRNPA1	neural crest cell	49.3005	1.7285
HNRNPA2B1	neural crest cell	10.5196	2.1999
HNRNPA3	neural crest cell	5.0472	0.6246
HNRNPD	neural crest cell	2.4824	0.4351
HNRNPDL	neural crest cell	8.7508	1.0921
HNRNPH3	neural crest cell	2.7631	0.3517
HNRNPK	neural crest cell	7.2105	1.0215
HNRNPM	neural crest cell	3.3555	0.5844
HNRNPR	neural crest cell	3.0312	0.4268
HNRNPU	neural crest cell	3.8439	0.6379
HNRNPUL1	neural crest cell	1.6199	0.3115
ILF2	neural crest cell	3.2539	0.4382
INSC	neural crest cell	1.5454	1.2130
KCNK2	neural crest cell	0.5791	0.2662
KPNA2	neural crest cell	2.4106	0.5914
LAMP5	neural crest cell	0.7266	0.5421
LGI4	neural crest cell	1.7703	0.8115
LMNB1	neural crest cell	1.3275	0.5029
LSM7	neural crest cell	3.7182	0.2677
MAD2L1	neural crest cell	1.5623	0.5331
MAPRE2	neural crest cell	1.3022	0.2605
MCM7	neural crest cell	1.8085	0.7387
MDK	neural crest cell	26.1562	1.2903
METRN	neural crest cell	2.6262	1.3451
METTL9	neural crest cell	3.1615	0.3594
MKI67	neural crest cell	1.8245	0.3606
MOXD1	neural crest cell	1.5904	0.2615
MPZ	neural crest cell	1.6478	1.3198
NASP	neural crest cell	3.3207	0.8551
NKAIN3	neural crest cell	0.6158	0.3982
NKAIN4	neural crest cell	2.4826	0.7177
NME1	neural crest cell	2.9730	0.7178
NONO	neural crest cell	3.9864	0.4291
NRXN1	neural crest cell	1.0321	0.3251
NUF2	neural crest cell	0.6646	0.2776
PARP1	neural crest cell	2.2351	0.4229
PBK	neural crest cell	0.8659	0.4474
PCDH17	neural crest cell	2.0181	0.3839
PCNA	neural crest cell	1.5705	0.4742
PIMREG	neural crest cell	0.8810	0.4277
PKM	neural crest cell	4.8341	0.5313
PLK1	neural crest cell	0.6801	0.2830
PLP1	neural crest cell	6.5311	4.7634
PLS3	neural crest cell	2.5257	0.8759
POLR2F	neural crest cell	2.2460	0.6047
PPIA	neural crest cell	15.0905	0.9373
PPP1CC	neural crest cell	2.4529	0.2530
PSAT1	neural crest cell	0.9256	0.4616
PSIP1	neural crest cell	3.5490	0.6619
PTPRZ1	neural crest cell	1.9197	1.1780
PTTG1	neural crest cell	2.9166	0.4928
PUF60	neural crest cell	2.2236	0.7328
RAN	neural crest cell	8.5792	1.8176
RANBP1	neural crest cell	5.4504	1.4713
RCBTB2	neural crest cell	0.7284	0.3182
RNASEH2A	neural crest cell	1.0334	0.3285
RPL15	neural crest cell	60.0427	0.4188
RPL4	neural crest cell	28.2525	3.1236
RPL6	neural crest cell	51.3499	7.1425
RRM1	neural crest cell	1.8444	1.0321
RTRAF	neural crest cell	3.4568	0.4020
S100B	neural crest cell	2.8702	2.3359
SCCPDH	neural crest cell	1.5254	0.4409
SCRG1	neural crest cell	0.6707	0.3322
SET	neural crest cell	5.5753	0.4176
SFPQ	neural crest cell	3.6939	0.2826
SLC15A3	neural crest cell	1.6033	1.1300
SLC35F1	neural crest cell	0.9814	0.5673
SLITRK6	neural crest cell	1.7043	0.8842
SMC2	neural crest cell	1.3269	0.3637
SMC3	neural crest cell	2.3085	0.4218
SNRPB	neural crest cell	3.3855	0.4732
SNRPD1	neural crest cell	4.1416	0.9420
SNRPE	neural crest cell	6.2346	0.3105
SNTB1	neural crest cell	0.6134	0.4221
SOX10	neural crest cell	1.5362	1.0993
SOX2	neural crest cell	2.1128	1.3962
SPC25	neural crest cell	0.7211	0.2732
SRSF1	neural crest cell	1.9297	0.3299
SRSF10	neural crest cell	2.1587	0.2762
SRSF2	neural crest cell	4.2587	0.7994
SRSF3	neural crest cell	7.4524	1.4863
SRSF7	neural crest cell	3.9568	0.7992
SSRP1	neural crest cell	1.6946	0.3030
TCF12	neural crest cell	1.3987	0.3395
TFDP2	neural crest cell	1.5702	0.4358
TMPO	neural crest cell	1.4364	0.2971
TMSB15A	neural crest cell	3.5485	0.4415
TOP2A	neural crest cell	3.1421	0.6951
TSN	neural crest cell	1.2584	0.2568
TTYH1	neural crest cell	2.2795	1.5129
TUBA1B	neural crest cell	25.2490	1.7726
UBE2C	neural crest cell	4.0548	1.1887
UBE2T	neural crest cell	1.3729	0.3997
UHRF1	neural crest cell	0.9273	0.3310
XRCC5	neural crest cell	2.7462	0.2750
YBX1	neural crest cell	16.4632	1.3227
ZFP36L1	neural crest cell	8.9567	1.0923
ZNF536	neural crest cell	1.1433	0.4804
ZWINT	neural crest cell	1.5259	0.6279
ADIRF	pericyte	1.0169	0.8639
ARHGEF17	pericyte	0.9098	0.4975
ATP1B2	pericyte	0.6826	0.3579
BDNF	pericyte	0.5931	0.3412
BGN	pericyte	5.7423	4.6324
BTG1	pericyte	7.4066	1.9104
C11orf96	pericyte	1.3414	0.3222
CCDC102B	pericyte	1.0677	0.7286
CCDC3	pericyte	4.3831	3.5131
CD248	pericyte	1.4444	0.5043
COL21A1	pericyte	1.0900	0.7040
COL4A2	pericyte	8.6392	1.4813
COL6A3	pericyte	6.4935	1.5472
COX4I2	pericyte	1.8574	1.8240
CSPG4	pericyte	0.7928	0.4942
CYGB	pericyte	1.9586	0.9311
CYTOR	pericyte	2.5611	1.3060
DLC1	pericyte	1.6749	0.7129
EBF1	pericyte	1.7117	0.7969
EDNRA	pericyte	1.9281	0.6261
EGFL6	pericyte	1.4008	1.0764
EHD2	pericyte	1.4267	0.3717
ENSG00000267042	pericyte	0.8235	0.7175
EPS8	pericyte	1.2868	0.3845
FOXS1	pericyte	1.0325	0.8413
GEM	pericyte	2.3225	1.3736
GJC1	pericyte	0.6775	0.3337
GPC4	pericyte	1.2192	0.4554
GUCY1A2	pericyte	0.6695	0.3151
GUCY1B1	pericyte	1.6981	0.6513
HES4	pericyte	4.6543	2.5824
HEY2	pericyte	1.0089	0.8892
HEYL	pericyte	1.0585	0.4878
HIGD1B	pericyte	0.9471	0.9283
HOXB-AS1	pericyte	0.8975	0.7091
HSPA2	pericyte	1.9680	1.4528
HSPB2	pericyte	0.5515	0.3108
IGFBP7	pericyte	20.4144	3.4389
ITGA1	pericyte	2.8133	1.1471
KCNJ8	pericyte	1.5493	0.4484
KCNS3	pericyte	1.4120	0.9847
LASP1	pericyte	1.7800	0.8430
LINC03013	pericyte	0.7046	0.5924
MEF2C	pericyte	6.1959	2.5634
MIR4435-2HG	pericyte	2.1036	0.9467
MRTFB	pericyte	0.6520	0.3157
NAB1	pericyte	0.6323	0.3143
NDUFA4L2	pericyte	6.9989	6.4497
NDUFAF4	pericyte	1.1833	0.4872
NOTCH3	pericyte	2.6856	2.0580
NR2F2-AS1	pericyte	0.6724	0.3311
NT5DC2	pericyte	1.2238	0.4804
PABIR1	pericyte	0.5734	0.2800
PCDH18	pericyte	3.1297	0.2994
PDGFRB	pericyte	6.6006	3.8308
PELO	pericyte	1.0428	0.3386
PGM5P3-AS1	pericyte	0.5482	0.4967
PGM5P4-AS1	pericyte	0.6047	0.5316
PLN	pericyte	1.0225	0.9017
PPP1R14A	pericyte	2.5117	1.1723
PTGIR	pericyte	0.7778	0.4672
PTK2	pericyte	1.5186	0.5159
RASL12	pericyte	1.4593	1.2179
RGS16	pericyte	0.8903	0.6683
RGS5	pericyte	7.2384	2.9204
ROCK1	pericyte	1.4294	0.3100
S1PR3	pericyte	1.7693	0.7733
S1PR5	pericyte	0.5883	0.4238
SDC2	pericyte	5.1196	2.0203
SEMA5A	pericyte	1.2181	0.4460
SEMA5B	pericyte	0.7391	0.4784
SEPTIN11	pericyte	4.0658	1.4152
SEPTIN4	pericyte	1.6343	1.4995
SEPTIN7	pericyte	7.8519	0.9478
SEPTIN9	pericyte	2.8507	0.8962
SERPINI1	pericyte	1.3259	0.8610
SH3KBP1	pericyte	1.3112	0.3784
STC2	pericyte	0.8424	0.2599
TEAD2	pericyte	1.4048	0.3531
TIMP1	pericyte	5.3070	0.4751
TLN2	pericyte	0.7496	0.2962
ZEB2	pericyte	3.8693	1.3446
ZFHX3	pericyte	1.4609	0.5422
APOA2	progenitor cell	2.1023	0.8017
BEX5	progenitor cell	1.4684	0.8669
CLDN4	progenitor cell	4.7204	0.4911
CTNND2	progenitor cell	0.7947	0.4791
DMKN	progenitor cell	1.6813	0.3068
EREG	progenitor cell	0.6710	0.2950
FGB	progenitor cell	15.4738	9.3098
FGG	progenitor cell	7.6405	4.4058
GAMT	progenitor cell	1.7223	0.4865
HMGA1	progenitor cell	8.3221	0.5200
HMGCS1	progenitor cell	1.4311	0.5296
HSP90AA1	progenitor cell	13.9460	2.0009
HSPD1	progenitor cell	7.8627	0.3170
MSMO1	progenitor cell	2.4862	1.3321
MT-ND2	progenitor cell	25.6830	1.0307
OSR2	progenitor cell	2.2235	1.6441
PLA2G2A	progenitor cell	2.6299	1.1644
RBP4	progenitor cell	0.6962	0.2836
SCD	progenitor cell	1.0134	0.2804
SELENOP	progenitor cell	6.0026	0.3952
TXN	progenitor cell	11.9459	1.7436
WEE1	progenitor cell	1.1098	0.4287
ASCL2	stem cell	1.9094	0.9973
CCL25	stem cell	6.6434	0.5838
CELA3A	stem cell	1.5603	0.5881
CPA2	stem cell	2.1590	1.8084
DLK1	stem cell	5.6881	3.4742
EEF1B2	stem cell	26.3660	2.1786
EPB41L4A-AS1	stem cell	2.7078	0.3567
FBL	stem cell	3.1029	0.4757
MLEC	stem cell	2.1076	0.3237
MT-CO1	stem cell	133.9740	6.2805
MT-CO2	stem cell	58.3281	0.9699
MT-CO3	stem cell	75.0402	7.3548
MT-CYB	stem cell	34.7729	3.5712
MT-ND1	stem cell	32.8117	0.6000
MT-ND4	stem cell	64.0204	0.9457
MYC	stem cell	1.7422	0.7009
NACA	stem cell	24.9517	1.4695
RACK1	stem cell	48.2081	3.6970
RPL10A	stem cell	60.4785	1.0839
RPL11	stem cell	76.3040	7.3267
RPL12	stem cell	80.1298	11.0206
RPL13	stem cell	121.0864	15.2244
RPL13A	stem cell	120.7287	13.8258
RPL14	stem cell	45.1993	7.7962
RPL18	stem cell	42.5474	4.5988
RPL18A	stem cell	62.8830	5.2462
RPL19	stem cell	53.6833	6.2798
RPL22	stem cell	24.4953	1.2711
RPL22L1	stem cell	3.0919	0.4570
RPL23A	stem cell	51.5899	1.5501
RPL26	stem cell	61.8126	7.4262
RPL27A	stem cell	63.2479	4.7398
RPL28	stem cell	55.0110	2.7596
RPL29	stem cell	60.4067	7.7307
RPL32	stem cell	83.1576	8.1077
RPL34	stem cell	78.2821	0.7940
RPL35	stem cell	40.7626	3.0816
RPL35A	stem cell	48.0942	2.6311
RPL5	stem cell	49.5755	5.8959
RPL7A	stem cell	54.6167	9.5629
RPL8	stem cell	60.7939	2.3863
RPL9	stem cell	55.1888	6.5791
RPLP1	stem cell	91.3907	1.3528
RPS12	stem cell	84.3775	9.5614
RPS14	stem cell	98.5534	6.0294
RPS15A	stem cell	69.3121	5.8516
RPS17	stem cell	56.9461	5.8147
RPS18	stem cell	148.7235	15.1143
RPS19	stem cell	87.5831	8.4965
RPS2	stem cell	153.2064	10.3025
RPS23	stem cell	86.5846	9.8175
RPS24	stem cell	63.9893	6.1928
RPS25	stem cell	39.0148	0.7996
RPS27A	stem cell	79.3811	8.6881
RPS3	stem cell	105.9468	15.3714
RPS3A	stem cell	81.3064	1.2791
RPS4X	stem cell	66.8446	1.3899
RPS4Y1	stem cell	13.5327	0.5799
RPS5	stem cell	50.7159	6.3917
RPS6	stem cell	103.9442	2.6768
RPS7	stem cell	53.2448	7.2638
RPS8	stem cell	80.6873	7.6242
RPS9	stem cell	54.5489	3.6617
RPSA	stem cell	31.5899	2.2377
SLC12A2	stem cell	1.5968	0.4675
SLC25A6	stem cell	19.1233	1.5646
SNHG7	stem cell	3.1612	0.4466
SPINK1	stem cell	12.9194	7.5998
TUFM	stem cell	2.9774	0.3639
APLNR	vein endothelial cell	5.9726	5.4858
CALCRL	vein endothelial cell	2.7071	1.1228
CCND1	vein endothelial cell	3.1510	1.2970
CD320	vein endothelial cell	4.7627	3.0719
CETP	vein endothelial cell	1.1724	0.4576
DDIT4	vein endothelial cell	4.7282	0.7138
EDN1	vein endothelial cell	2.2077	1.3605
EHD4	vein endothelial cell	1.9068	0.6833
ENG	vein endothelial cell	3.5144	1.2580
ENTPD1	vein endothelial cell	1.2664	0.3296
FABP4	vein endothelial cell	1.1666	0.6546
FABP5	vein endothelial cell	18.6057	7.9550
FAM167B	vein endothelial cell	0.5083	0.2984
GIMAP7	vein endothelial cell	1.6786	0.3896
IDH2	vein endothelial cell	2.8036	0.5155
IGFBP4	vein endothelial cell	10.3431	1.8964
INPP1	vein endothelial cell	1.0069	0.5088
ITGA6	vein endothelial cell	1.5637	0.7963
ITM2A	vein endothelial cell	1.7878	1.2179
ITM2B	vein endothelial cell	12.3867	3.4001
LIFR	vein endothelial cell	1.1639	0.3938
LIMCH1	vein endothelial cell	2.1065	0.4782
LMO2	vein endothelial cell	1.7399	0.3953
MADCAM1	vein endothelial cell	7.1334	5.2857
MEOX1	vein endothelial cell	0.6279	0.5736
NDUFA12	vein endothelial cell	3.3401	0.5577
NDUFA8	vein endothelial cell	1.8291	0.5949
NOSTRIN	vein endothelial cell	0.9841	0.7226
NT5E	vein endothelial cell	0.6668	0.5118
PLPP3	vein endothelial cell	1.1993	0.6817
PLVAP	vein endothelial cell	10.6342	8.1089
PRCP	vein endothelial cell	7.5639	4.5772
RBP5	vein endothelial cell	1.9681	1.5569
RDX	vein endothelial cell	4.3325	0.4941
RGCC	vein endothelial cell	3.1515	0.8821
RPS28	vein endothelial cell	53.2491	2.9127
SDCBP	vein endothelial cell	3.4575	0.6261
SELENOH	vein endothelial cell	5.4551	1.9508
TCIM	vein endothelial cell	4.8910	1.5446
TEK	vein endothelial cell	1.0531	0.4151
THBD	vein endothelial cell	0.7800	0.3837
TLNRD1	vein endothelial cell	1.1928	0.2772
TNFRSF1A	vein endothelial cell	1.5123	0.3376
TSPAN7	vein endothelial cell	0.7801	0.2572
