gene	cell_state	score	margin
A1CF	Epi|Best4+ Enterocytes	1.5984	0.2864
AC012146.7	Epi|Best4+ Enterocytes	1.9057	0.4589
AC069277.2	Epi|Best4+ Enterocytes	3.1980	inf
ADAMTS14	Epi|Best4+ Enterocytes	6.2215	2.6269
ADCY5	Epi|Best4+ Enterocytes	6.7364	0.8157
B9D2	Epi|Best4+ Enterocytes	1.5000	0.4224
BEND5	Epi|Best4+ Enterocytes	3.6468	0.5951
BEST4	Epi|Best4+ Enterocytes	8.6250	inf
C4BPA	Epi|Best4+ Enterocytes	4.3199	1.2013
CA7	Epi|Best4+ Enterocytes	7.8974	inf
CCNYL1	Epi|Best4+ Enterocytes	3.1426	0.7781
CDK18	Epi|Best4+ Enterocytes	3.5966	0.3086
CEACAM3	Epi|Best4+ Enterocytes	7.2639	inf
CPA6	Epi|Best4+ Enterocytes	3.0249	0.9721
DHX35	Epi|Best4+ Enterocytes	1.7561	0.9525
DMBT1	Epi|Best4+ Enterocytes	2.3002	0.6704
DNASE2	Epi|Best4+ Enterocytes	2.0023	0.2813
DOCK8	Epi|Best4+ Enterocytes	2.9078	1.5579
GAL3ST1	Epi|Best4+ Enterocytes	1.5534	0.4066
GPER1	Epi|Best4+ Enterocytes	2.2603	inf
HES4	Epi|Best4+ Enterocytes	4.6661	0.2703
HR	Epi|Best4+ Enterocytes	1.6075	0.5749
LBH	Epi|Best4+ Enterocytes	3.4437	1.5211
LUZP2	Epi|Best4+ Enterocytes	4.7697	inf
MAP7D3	Epi|Best4+ Enterocytes	1.8164	0.3342
MEIS1	Epi|Best4+ Enterocytes	6.2864	2.3647
METTL21A	Epi|Best4+ Enterocytes	2.7676	0.6730
MMEL1	Epi|Best4+ Enterocytes	1.9996	1.0202
MSLN	Epi|Best4+ Enterocytes	6.3206	1.5541
MT1F	Epi|Best4+ Enterocytes	2.1182	0.5654
MT1HL1	Epi|Best4+ Enterocytes	2.4821	0.5050
MT1X	Epi|Best4+ Enterocytes	2.3767	0.8282
MYOM1	Epi|Best4+ Enterocytes	6.1002	4.3340
NBPF10	Epi|Best4+ Enterocytes	3.7333	1.5084
NBPF12	Epi|Best4+ Enterocytes	1.9082	1.4236
NBPF14	Epi|Best4+ Enterocytes	4.6962	inf
NBPF9	Epi|Best4+ Enterocytes	2.8041	0.5853
NCOA1	Epi|Best4+ Enterocytes	1.3721	0.2806
NEURL	Epi|Best4+ Enterocytes	3.9982	1.5127
NOTCH2	Epi|Best4+ Enterocytes	3.9018	1.3722
NOTCH2NL	Epi|Best4+ Enterocytes	3.5586	1.8941
NPY1R	Epi|Best4+ Enterocytes	1.8844	0.8777
OSBPL8	Epi|Best4+ Enterocytes	1.8555	0.3791
OTOP2	Epi|Best4+ Enterocytes	8.2803	inf
OTOP3	Epi|Best4+ Enterocytes	9.1327	inf
PLEKHA8	Epi|Best4+ Enterocytes	1.9610	1.4758
PROX1	Epi|Best4+ Enterocytes	4.1730	0.7248
RHOV	Epi|Best4+ Enterocytes	3.4339	2.1931
RP11-357C3.3	Epi|Best4+ Enterocytes	3.0765	1.4537
RP11-416N2.4	Epi|Best4+ Enterocytes	3.9724	inf
RP11-44N21.1	Epi|Best4+ Enterocytes	1.8043	0.8033
RP11-771K4.1	Epi|Best4+ Enterocytes	5.5108	inf
SAMD9L	Epi|Best4+ Enterocytes	2.5358	0.6151
SCIN	Epi|Best4+ Enterocytes	2.4999	0.5064
SCRN1	Epi|Best4+ Enterocytes	4.5424	2.9656
SMARCAL1	Epi|Best4+ Enterocytes	1.5831	0.4159
SSTR1	Epi|Best4+ Enterocytes	1.3700	0.2700
SULT1E1	Epi|Best4+ Enterocytes	5.8298	inf
TBL1X	Epi|Best4+ Enterocytes	1.9538	0.4512
TGFB1	Epi|Best4+ Enterocytes	5.7324	3.3870
TIAM1	Epi|Best4+ Enterocytes	3.2368	0.9785
TLDC2	Epi|Best4+ Enterocytes	1.4766	0.4916
TMEM117	Epi|Best4+ Enterocytes	1.6553	inf
TNRC6C-AS1	Epi|Best4+ Enterocytes	1.3932	0.3883
TRIM10	Epi|Best4+ Enterocytes	2.2589	inf
UNC5C	Epi|Best4+ Enterocytes	6.1949	1.9737
USP13	Epi|Best4+ Enterocytes	2.9553	0.7757
ZNF232	Epi|Best4+ Enterocytes	1.5526	0.3063
ZNF764	Epi|Best4+ Enterocytes	1.5929	0.7046
AADAT	Epi|Cycling TA	2.1041	inf
AARS2	Epi|Cycling TA	1.3746	0.6496
ABCB10	Epi|Cycling TA	1.1697	0.2713
AC002116.7	Epi|Cycling TA	2.7169	inf
AC004069.2	Epi|Cycling TA	1.5299	inf
AC005076.5	Epi|Cycling TA	1.0697	0.5476
AC008982.2	Epi|Cycling TA	0.6504	inf
AC009299.3	Epi|Cycling TA	1.4547	inf
AC013449.1	Epi|Cycling TA	1.5243	inf
AC024592.9	Epi|Cycling TA	1.6219	inf
AC025335.1	Epi|Cycling TA	1.7472	inf
AC027307.3	Epi|Cycling TA	1.5161	inf
AC074117.10	Epi|Cycling TA	0.6895	inf
AC093388.3	Epi|Cycling TA	0.8329	inf
AC104667.3	Epi|Cycling TA	0.9982	inf
AC114730.3	Epi|Cycling TA	0.9430	inf
ACPL2	Epi|Cycling TA	1.9579	0.7473
AD000090.2	Epi|Cycling TA	1.4270	inf
ADAMTS15	Epi|Cycling TA	1.9432	inf
AEN	Epi|Cycling TA	1.6527	0.5913
AL138764.1	Epi|Cycling TA	1.1222	inf
AL357673.1	Epi|Cycling TA	1.1814	inf
AL627309.1	Epi|Cycling TA	0.9556	inf
ALDH4A1	Epi|Cycling TA	1.5973	0.6816
ALG10	Epi|Cycling TA	1.9478	inf
ALMS1	Epi|Cycling TA	1.3452	0.5634
ANAPC1	Epi|Cycling TA	1.6759	0.4866
ANKEF1	Epi|Cycling TA	1.0431	inf
ANKMY1	Epi|Cycling TA	0.8809	0.2746
ANKRD18A	Epi|Cycling TA	1.0988	inf
AP000350.4	Epi|Cycling TA	1.0157	0.3873
AP001462.6	Epi|Cycling TA	1.1566	inf
AP006621.5	Epi|Cycling TA	1.3669	0.2613
ARL17B	Epi|Cycling TA	0.7045	inf
ASB16-AS1	Epi|Cycling TA	1.2116	0.3788
ASH1L-AS1	Epi|Cycling TA	0.6930	inf
ASTN2	Epi|Cycling TA	1.1865	0.7842
ATP6V1E2	Epi|Cycling TA	1.5216	inf
ATR	Epi|Cycling TA	1.3731	0.2953
ATRIP	Epi|Cycling TA	2.4157	0.4644
B4GALT6	Epi|Cycling TA	1.3515	inf
BCL7C	Epi|Cycling TA	2.2028	0.6131
BEND3	Epi|Cycling TA	1.9808	inf
BICD1	Epi|Cycling TA	1.7017	0.3415
BRICD5	Epi|Cycling TA	1.0797	inf
C10orf95	Epi|Cycling TA	0.7673	inf
C11orf30	Epi|Cycling TA	1.1951	0.3096
C12orf65	Epi|Cycling TA	1.7214	0.3035
C14orf169	Epi|Cycling TA	1.4339	0.2793
C15orf41	Epi|Cycling TA	1.5902	inf
C16orf13	Epi|Cycling TA	1.4873	0.2839
C16orf95	Epi|Cycling TA	1.2551	inf
C17orf89	Epi|Cycling TA	1.5834	0.3681
C18orf54	Epi|Cycling TA	2.7584	inf
C19orf57	Epi|Cycling TA	1.4681	0.5651
C1QTNF9B-AS1	Epi|Cycling TA	1.6019	0.5289
C1orf159	Epi|Cycling TA	1.0555	0.4745
C1orf233	Epi|Cycling TA	2.0348	inf
C1orf74	Epi|Cycling TA	1.5488	inf
C2CD3	Epi|Cycling TA	1.1490	0.4450
C2CD4A	Epi|Cycling TA	1.7495	inf
C2orf44	Epi|Cycling TA	1.2332	inf
C2orf70	Epi|Cycling TA	1.7492	inf
C5orf38	Epi|Cycling TA	1.3518	inf
C6orf223	Epi|Cycling TA	1.4826	inf
C7orf13	Epi|Cycling TA	0.9146	inf
C9orf24	Epi|Cycling TA	1.8750	0.7108
C9orf9	Epi|Cycling TA	0.9460	inf
CACTIN	Epi|Cycling TA	1.1532	0.2752
CAMKK1	Epi|Cycling TA	1.3674	inf
CASC2	Epi|Cycling TA	1.0343	inf
CCDC109B	Epi|Cycling TA	2.6460	0.5091
CCDC113	Epi|Cycling TA	1.5235	inf
CCDC77	Epi|Cycling TA	1.8483	inf
CCDC9	Epi|Cycling TA	1.1174	0.4256
CCNJ	Epi|Cycling TA	0.7456	inf
CCNO	Epi|Cycling TA	1.1159	0.3458
CCSAP	Epi|Cycling TA	2.8806	1.4108
CDAN1	Epi|Cycling TA	1.8049	inf
CDH3	Epi|Cycling TA	0.6023	inf
CELSR2	Epi|Cycling TA	1.5343	inf
CENPBD1	Epi|Cycling TA	0.5417	inf
CEP120	Epi|Cycling TA	1.4398	inf
CEP128	Epi|Cycling TA	2.8692	1.2896
CEP72	Epi|Cycling TA	2.3048	inf
CHKB-AS1	Epi|Cycling TA	1.4623	0.7568
CLDN1	Epi|Cycling TA	1.4576	inf
CLDN2	Epi|Cycling TA	2.7390	inf
CMC4	Epi|Cycling TA	1.2387	inf
CMSS1	Epi|Cycling TA	2.6873	1.2410
CNIH3	Epi|Cycling TA	1.2587	inf
CNTNAP2	Epi|Cycling TA	2.2956	0.9150
COX10-AS1	Epi|Cycling TA	1.4923	inf
CPS1	Epi|Cycling TA	2.5311	inf
CTA-204B4.2	Epi|Cycling TA	0.5150	inf
CTA-221G9.11	Epi|Cycling TA	1.2413	inf
CTA-384D8.36	Epi|Cycling TA	1.6136	inf
CTA-445C9.14	Epi|Cycling TA	1.4382	inf
CTB-175P5.4	Epi|Cycling TA	2.3546	inf
CTBP1-AS2	Epi|Cycling TA	1.1615	0.2519
CTC-444N24.8	Epi|Cycling TA	0.6410	inf
CTC-534A2.2	Epi|Cycling TA	0.9143	0.2612
CTC1	Epi|Cycling TA	0.7133	inf
CTD-2201E18.3	Epi|Cycling TA	1.0546	inf
CTD-2256P15.2	Epi|Cycling TA	1.4813	inf
CTD-2366F13.1	Epi|Cycling TA	1.2826	0.2541
CTD-3092A11.2	Epi|Cycling TA	1.4797	0.2713
CTD-3185P2.1	Epi|Cycling TA	1.2413	inf
CYB5RL	Epi|Cycling TA	2.0760	inf
DBR1	Epi|Cycling TA	1.5747	0.2697
DCAF17	Epi|Cycling TA	1.2232	0.3107
DCLK2	Epi|Cycling TA	1.9682	inf
DCLRE1A	Epi|Cycling TA	1.8512	inf
DDTL	Epi|Cycling TA	0.7397	inf
DDX11-AS1	Epi|Cycling TA	2.7051	inf
DDX51	Epi|Cycling TA	1.3273	0.2526
DEPDC4	Epi|Cycling TA	1.4764	inf
DGUOK-AS1	Epi|Cycling TA	1.5137	0.2660
DHODH	Epi|Cycling TA	1.7379	0.2958
DHRS13	Epi|Cycling TA	2.1367	1.2332
DHX34	Epi|Cycling TA	1.2962	0.4675
DMRT2	Epi|Cycling TA	1.8875	inf
DND1	Epi|Cycling TA	1.0139	inf
DUS4L	Epi|Cycling TA	1.3127	0.3536
E2F7	Epi|Cycling TA	4.0301	inf
EDARADD	Epi|Cycling TA	1.2484	0.2954
EFCAB7	Epi|Cycling TA	1.2106	inf
EIF5AL1	Epi|Cycling TA	1.2746	0.4057
EIF5B	Epi|Cycling TA	1.3084	0.2692
ELAVL2	Epi|Cycling TA	2.0050	inf
EMD	Epi|Cycling TA	1.6422	0.5564
ENO3	Epi|Cycling TA	0.7796	inf
ENTPD1-AS1	Epi|Cycling TA	1.0213	0.2575
ENTPD7	Epi|Cycling TA	0.5605	inf
ERCC6L	Epi|Cycling TA	4.2732	inf
FABP6	Epi|Cycling TA	1.5702	inf
FAM120C	Epi|Cycling TA	1.6485	inf
FAM185A	Epi|Cycling TA	1.1350	0.3434
FAM201A	Epi|Cycling TA	1.5672	inf
FAM220A	Epi|Cycling TA	1.0409	inf
FAM24B	Epi|Cycling TA	1.8142	inf
FAM41C	Epi|Cycling TA	1.0707	inf
FAM71D	Epi|Cycling TA	0.5215	inf
FAM98B	Epi|Cycling TA	1.4265	0.4075
FANCM	Epi|Cycling TA	1.7235	1.5937
FASN	Epi|Cycling TA	1.6753	0.3371
FBF1	Epi|Cycling TA	1.8172	inf
FBXO48	Epi|Cycling TA	0.7947	0.3430
FDXACB1	Epi|Cycling TA	1.3067	0.9011
FKRP	Epi|Cycling TA	0.7904	inf
FUS	Epi|Cycling TA	1.3853	0.2870
FXN	Epi|Cycling TA	1.6709	0.3932
GAL	Epi|Cycling TA	3.3355	inf
GAREML	Epi|Cycling TA	0.7297	inf
GJB5	Epi|Cycling TA	1.2807	inf
GLB1L2	Epi|Cycling TA	1.0931	0.3471
GPATCH4	Epi|Cycling TA	1.7698	0.2880
GPN3	Epi|Cycling TA	2.0566	0.2563
GPR143	Epi|Cycling TA	1.5252	inf
GRB14	Epi|Cycling TA	2.1641	inf
GRWD1	Epi|Cycling TA	1.6636	0.3627
GSTCD	Epi|Cycling TA	1.8475	inf
HCN3	Epi|Cycling TA	0.8291	inf
HDDC3	Epi|Cycling TA	1.4477	0.2817
HIRA	Epi|Cycling TA	1.4837	0.4149
HIST1H2AH	Epi|Cycling TA	2.2615	inf
HIST1H2AM	Epi|Cycling TA	1.3821	inf
HIST1H3G	Epi|Cycling TA	1.8031	inf
HPDL	Epi|Cycling TA	2.0209	0.8617
HSP90AA1	Epi|Cycling TA	1.7335	0.6048
HSPA4L	Epi|Cycling TA	1.1852	1.0303
HSPD1	Epi|Cycling TA	2.1372	0.3677
HYAL3	Epi|Cycling TA	2.0324	inf
IARS	Epi|Cycling TA	1.6961	0.4698
IGFL2	Epi|Cycling TA	1.9936	inf
INVS	Epi|Cycling TA	1.0649	inf
IQCC	Epi|Cycling TA	1.4695	inf
IQGAP3	Epi|Cycling TA	3.4935	inf
IRAK1	Epi|Cycling TA	1.3098	0.3038
IRX2	Epi|Cycling TA	1.4106	inf
JPH1	Epi|Cycling TA	1.5335	0.3280
KANSL1L	Epi|Cycling TA	0.9430	inf
KCNC4	Epi|Cycling TA	1.2287	inf
KDM4A-AS1	Epi|Cycling TA	2.2127	inf
KIAA0586	Epi|Cycling TA	1.4507	0.6898
KIAA1549	Epi|Cycling TA	1.4968	inf
KIF24	Epi|Cycling TA	3.2461	inf
KLHL25	Epi|Cycling TA	0.8355	inf
KLHL26	Epi|Cycling TA	1.1296	inf
KNTC1	Epi|Cycling TA	2.6365	0.7105
L2HGDH	Epi|Cycling TA	1.2619	0.7209
L3MBTL4	Epi|Cycling TA	1.3116	inf
LA16c-431H6.6	Epi|Cycling TA	1.2124	1.0336
LDB1	Epi|Cycling TA	0.6246	inf
LDHC	Epi|Cycling TA	1.5607	inf
LIN52	Epi|Cycling TA	1.3610	0.8031
LINC00114	Epi|Cycling TA	1.9897	inf
LINC00263	Epi|Cycling TA	0.9175	inf
LINC00639	Epi|Cycling TA	1.1067	inf
LINC00669	Epi|Cycling TA	2.7899	inf
LIPT2	Epi|Cycling TA	1.4262	inf
LRP8	Epi|Cycling TA	1.9473	inf
LRRC14	Epi|Cycling TA	1.1881	0.4852
LRRC37B	Epi|Cycling TA	0.9147	inf
LYPD6	Epi|Cycling TA	2.3524	inf
MANEAL	Epi|Cycling TA	2.3063	1.0934
MAP10	Epi|Cycling TA	1.2022	inf
MAPKBP1	Epi|Cycling TA	0.6837	inf
MBLAC1	Epi|Cycling TA	0.7922	inf
MCM3AP-AS1	Epi|Cycling TA	0.9637	inf
MCM9	Epi|Cycling TA	0.5842	inf
MDC1	Epi|Cycling TA	2.5251	1.2577
MDFIC	Epi|Cycling TA	2.0895	0.7261
MDN1	Epi|Cycling TA	1.3723	0.3075
MESP2	Epi|Cycling TA	1.6028	inf
MEX3D	Epi|Cycling TA	1.6730	0.5630
MFI2-AS1	Epi|Cycling TA	2.4766	inf
MIF	Epi|Cycling TA	1.8408	0.3207
MMACHC	Epi|Cycling TA	1.4638	inf
MOCOS	Epi|Cycling TA	1.1773	0.2654
MORN1	Epi|Cycling TA	1.2228	inf
MORN4	Epi|Cycling TA	1.4110	inf
MRPL55	Epi|Cycling TA	1.4471	0.2835
MRPS2	Epi|Cycling TA	1.7961	0.3379
MRPS24	Epi|Cycling TA	1.0878	inf
MSANTD4	Epi|Cycling TA	0.9810	inf
MSTO1	Epi|Cycling TA	1.6153	0.4121
MT3	Epi|Cycling TA	2.9216	2.0508
MTBP	Epi|Cycling TA	2.2604	inf
MTFP1	Epi|Cycling TA	1.6785	0.5045
MTX3	Epi|Cycling TA	1.3334	inf
MYLK-AS1	Epi|Cycling TA	1.3099	inf
NCKIPSD	Epi|Cycling TA	1.2100	0.4327
NDOR1	Epi|Cycling TA	0.8503	inf
NGRN	Epi|Cycling TA	1.0110	inf
NHLRC1	Epi|Cycling TA	1.3462	inf
NHP2	Epi|Cycling TA	1.9897	0.3980
NHS	Epi|Cycling TA	1.5148	inf
NKIRAS1	Epi|Cycling TA	1.2897	inf
NME5	Epi|Cycling TA	1.1688	inf
NMU	Epi|Cycling TA	2.8154	inf
NOLC1	Epi|Cycling TA	1.7929	0.5054
NOM1	Epi|Cycling TA	1.6030	0.4148
NOP56	Epi|Cycling TA	1.9763	0.3029
NOP58	Epi|Cycling TA	1.8701	0.3328
NPHP4	Epi|Cycling TA	1.3916	inf
NPR2	Epi|Cycling TA	1.3278	inf
NRM	Epi|Cycling TA	3.4560	0.3585
NSUN7	Epi|Cycling TA	1.7222	0.4137
NT5M	Epi|Cycling TA	2.6831	inf
NUCB2	Epi|Cycling TA	1.9647	0.3313
NUP210	Epi|Cycling TA	2.6572	0.8219
OSGEPL1	Epi|Cycling TA	1.3501	inf
OTUD3	Epi|Cycling TA	1.1317	0.4678
PABPC1L	Epi|Cycling TA	1.7626	inf
PAK6	Epi|Cycling TA	2.3941	inf
PALB2	Epi|Cycling TA	1.5776	0.5334
PAPD7	Epi|Cycling TA	1.4533	0.8952
PARD6A	Epi|Cycling TA	2.1207	0.6978
PCAT7	Epi|Cycling TA	0.6883	inf
PCSK4	Epi|Cycling TA	1.2224	inf
PCSK9	Epi|Cycling TA	2.2557	1.5074
PF4	Epi|Cycling TA	1.4095	0.4111
PFAS	Epi|Cycling TA	2.1192	0.6041
PHF16	Epi|Cycling TA	1.5083	inf
PHF17	Epi|Cycling TA	1.7997	0.4443
PHGDH	Epi|Cycling TA	2.7188	0.3303
PIF1	Epi|Cycling TA	3.8927	0.7478
PIGA	Epi|Cycling TA	0.8589	inf
PLCH1	Epi|Cycling TA	1.1559	0.2847
PLEK2	Epi|Cycling TA	1.5160	0.6375
PLP2	Epi|Cycling TA	1.9868	0.8274
PMS1	Epi|Cycling TA	1.6509	0.4915
PNO1	Epi|Cycling TA	1.7783	0.5087
POLE3	Epi|Cycling TA	2.1782	0.2599
POLR3G	Epi|Cycling TA	1.9330	inf
POMGNT2	Epi|Cycling TA	1.8205	0.9589
POMT2	Epi|Cycling TA	1.0052	0.4849
POMZP3	Epi|Cycling TA	1.4091	0.4931
POP5	Epi|Cycling TA	1.6995	0.2878
PPRC1	Epi|Cycling TA	1.8364	0.4099
PRAC2	Epi|Cycling TA	1.7595	0.8209
PRDM11	Epi|Cycling TA	1.7303	inf
PRPS1	Epi|Cycling TA	1.9976	0.3121
PRR22	Epi|Cycling TA	1.1181	inf
PSPN	Epi|Cycling TA	0.5631	inf
PTCD2	Epi|Cycling TA	1.3678	inf
PTPDC1	Epi|Cycling TA	1.1424	inf
PTTG2	Epi|Cycling TA	4.0578	inf
RAB11FIP3	Epi|Cycling TA	1.2286	inf
RAC3	Epi|Cycling TA	1.8552	0.7579
RAD51B	Epi|Cycling TA	1.0724	inf
RAD51D	Epi|Cycling TA	2.1075	0.6373
RANGRF	Epi|Cycling TA	1.7594	0.3160
RASSF1	Epi|Cycling TA	2.4273	0.6726
RAVER1	Epi|Cycling TA	1.1274	inf
RBFA	Epi|Cycling TA	1.7314	0.2752
RBM26-AS1	Epi|Cycling TA	1.1320	0.2859
RELT	Epi|Cycling TA	3.1178	0.7709
RIBC2	Epi|Cycling TA	3.1292	inf
RN7SL499P	Epi|Cycling TA	0.7703	inf
RNASEH2B	Epi|Cycling TA	2.2332	0.3048
RNF183	Epi|Cycling TA	0.6567	inf
RP1-223E5.4	Epi|Cycling TA	1.3175	inf
RP1-239B22.5	Epi|Cycling TA	1.4116	0.3785
RP1-261D10.2	Epi|Cycling TA	1.2068	inf
RP1-40E16.12	Epi|Cycling TA	0.7836	inf
RP1-8B1.4	Epi|Cycling TA	1.1905	inf
RP11-1017G21.5	Epi|Cycling TA	1.0105	inf
RP11-1055B8.4	Epi|Cycling TA	0.5881	inf
RP11-108L7.15	Epi|Cycling TA	1.9681	inf
RP11-1094M14.11	Epi|Cycling TA	1.5377	0.3485
RP11-111M22.2	Epi|Cycling TA	0.8936	0.5740
RP11-112J3.16	Epi|Cycling TA	0.7157	0.6425
RP11-119B16.2	Epi|Cycling TA	0.6748	inf
RP11-121C2.2	Epi|Cycling TA	1.0881	inf
RP11-126K1.2	Epi|Cycling TA	1.0593	inf
RP11-126L15.4	Epi|Cycling TA	1.7021	inf
RP11-127B20.3	Epi|Cycling TA	0.9732	inf
RP11-134G8.7	Epi|Cycling TA	0.6734	inf
RP11-134O21.1	Epi|Cycling TA	1.9213	inf
RP11-135A1.2	Epi|Cycling TA	1.1226	inf
RP11-146F11.1	Epi|Cycling TA	0.8709	inf
RP11-150O12.6	Epi|Cycling TA	1.9793	inf
RP11-152N13.5	Epi|Cycling TA	1.8922	0.8924
RP11-156E6.1	Epi|Cycling TA	1.3905	0.5841
RP11-156P1.3	Epi|Cycling TA	1.1757	inf
RP11-159G9.5	Epi|Cycling TA	0.8971	inf
RP11-165A20.3	Epi|Cycling TA	1.8861	inf
RP11-166B2.3	Epi|Cycling TA	0.8407	inf
RP11-178G16.4	Epi|Cycling TA	1.2670	inf
RP11-179B2.2	Epi|Cycling TA	1.2625	inf
RP11-192H23.4	Epi|Cycling TA	0.9031	inf
RP11-196G18.23	Epi|Cycling TA	1.8430	inf
RP11-199F11.2	Epi|Cycling TA	1.1725	inf
RP11-222A11.1	Epi|Cycling TA	1.6386	inf
RP11-226L15.5	Epi|Cycling TA	1.0478	inf
RP11-24B19.3	Epi|Cycling TA	1.1227	inf
RP11-297N6.4	Epi|Cycling TA	0.7123	inf
RP11-299J3.8	Epi|Cycling TA	0.6165	inf
RP11-307C12.11	Epi|Cycling TA	1.4832	inf
RP11-307C12.12	Epi|Cycling TA	1.6381	inf
RP11-308D16.4	Epi|Cycling TA	1.4321	inf
RP11-314A20.2	Epi|Cycling TA	2.2744	inf
RP11-334C17.5	Epi|Cycling TA	0.6043	inf
RP11-343N15.5	Epi|Cycling TA	2.6944	0.2997
RP11-350J20.12	Epi|Cycling TA	1.6070	inf
RP11-421E14.2	Epi|Cycling TA	0.5310	0.4968
RP11-429J17.2	Epi|Cycling TA	0.7617	inf
RP11-440L14.1	Epi|Cycling TA	0.8637	0.2942
RP11-44F14.8	Epi|Cycling TA	0.8743	inf
RP11-44N22.3	Epi|Cycling TA	1.6481	inf
RP11-457M11.2	Epi|Cycling TA	1.0400	inf
RP11-473M20.14	Epi|Cycling TA	0.8831	0.3222
RP11-497H16.9	Epi|Cycling TA	0.9570	inf
RP11-498C9.15	Epi|Cycling TA	1.8090	0.8346
RP11-498E2.8	Epi|Cycling TA	0.9700	inf
RP11-50E11.3	Epi|Cycling TA	0.6349	inf
RP11-521B24.3	Epi|Cycling TA	0.7354	inf
RP11-539I5.1	Epi|Cycling TA	1.3584	inf
RP11-563N4.1	Epi|Cycling TA	0.6959	inf
RP11-566E18.3	Epi|Cycling TA	1.7764	inf
RP11-595B24.2	Epi|Cycling TA	1.0758	inf
RP11-658F2.8	Epi|Cycling TA	0.7537	inf
RP11-661A12.14	Epi|Cycling TA	0.6949	inf
RP11-706O15.3	Epi|Cycling TA	1.5176	inf
RP11-727F15.12	Epi|Cycling TA	0.7820	inf
RP11-72M17.1	Epi|Cycling TA	1.5759	inf
RP11-734K2.4	Epi|Cycling TA	0.9581	0.3611
RP11-819C21.1	Epi|Cycling TA	0.7525	inf
RP11-849F2.8	Epi|Cycling TA	1.0252	inf
RP11-95D17.1	Epi|Cycling TA	1.2390	inf
RP11-97C16.1	Epi|Cycling TA	1.1247	inf
RP11-98D18.9	Epi|Cycling TA	1.2731	inf
RP13-122B23.8	Epi|Cycling TA	0.5539	inf
RP4-549L20.3	Epi|Cycling TA	0.7553	inf
RP4-635E18.6	Epi|Cycling TA	1.2651	inf
RP4-680D5.8	Epi|Cycling TA	1.6248	inf
RP4-816N1.6	Epi|Cycling TA	1.3843	0.4281
RP5-1057J7.6	Epi|Cycling TA	0.9950	0.5058
RP5-1074L1.4	Epi|Cycling TA	0.9721	inf
RP5-1136G13.2	Epi|Cycling TA	1.8292	inf
RP5-1180C10.2	Epi|Cycling TA	0.9631	inf
RP5-827C21.4	Epi|Cycling TA	0.6090	inf
RP5-903G2.2	Epi|Cycling TA	0.9482	inf
RP5-935K16.1	Epi|Cycling TA	1.2348	0.4626
RP5-991G20.4	Epi|Cycling TA	2.0444	inf
RPS6KL1	Epi|Cycling TA	0.7226	inf
RTN4R	Epi|Cycling TA	2.3514	inf
RTTN	Epi|Cycling TA	1.8442	inf
SAP130	Epi|Cycling TA	1.0990	0.4619
SAP30	Epi|Cycling TA	2.8539	0.3160
SBK1	Epi|Cycling TA	2.3413	inf
SCLY	Epi|Cycling TA	1.7749	inf
SDR42E1	Epi|Cycling TA	1.0307	0.3292
SERPINA6	Epi|Cycling TA	2.3880	1.2739
SFXN2	Epi|Cycling TA	2.0169	0.9050
SHMT2	Epi|Cycling TA	2.1376	0.4299
SIGMAR1	Epi|Cycling TA	1.8661	0.2732
SIMC1	Epi|Cycling TA	0.9904	0.4230
SLC25A15	Epi|Cycling TA	1.5464	0.3552
SLC25A35	Epi|Cycling TA	1.1577	0.4463
SLC25A48	Epi|Cycling TA	0.8810	inf
SLC27A5	Epi|Cycling TA	2.1837	0.3925
SLC29A2	Epi|Cycling TA	1.5774	0.4114
SLC43A1	Epi|Cycling TA	2.2321	0.4999
SLC7A5	Epi|Cycling TA	2.0478	0.4062
SMIM11	Epi|Cycling TA	1.5424	0.3198
SMIM13	Epi|Cycling TA	1.8352	0.2539
SMN2	Epi|Cycling TA	1.1906	inf
SMYD2	Epi|Cycling TA	1.4169	0.2680
SP4	Epi|Cycling TA	1.3996	inf
SPATA5	Epi|Cycling TA	1.1767	0.6200
SPICE1	Epi|Cycling TA	0.8643	0.3985
SPIN4	Epi|Cycling TA	1.8811	1.2674
SRGAP2	Epi|Cycling TA	2.6142	0.4423
SSSCA1	Epi|Cycling TA	1.5173	0.2970
ST3GAL3	Epi|Cycling TA	1.3565	inf
STK33	Epi|Cycling TA	1.5217	inf
STMND1	Epi|Cycling TA	2.8945	inf
STXBP4	Epi|Cycling TA	1.3748	inf
SULT1C2	Epi|Cycling TA	0.5897	0.2937
SVIP	Epi|Cycling TA	1.3243	0.2961
SYCE1L	Epi|Cycling TA	2.3089	0.6630
TADA1	Epi|Cycling TA	1.2421	0.3271
TANGO6	Epi|Cycling TA	0.7893	inf
TBC1D19	Epi|Cycling TA	0.6954	inf
TBCCD1	Epi|Cycling TA	1.3090	0.2878
TCFL5	Epi|Cycling TA	1.4582	inf
TCTN2	Epi|Cycling TA	1.4913	inf
TDRKH	Epi|Cycling TA	1.7352	inf
THAP10	Epi|Cycling TA	2.2501	inf
THAP7	Epi|Cycling TA	1.4134	0.3505
TICRR	Epi|Cycling TA	4.3383	inf
TIGD2	Epi|Cycling TA	1.4889	inf
TIGD6	Epi|Cycling TA	0.9894	inf
TMEM143	Epi|Cycling TA	1.1626	0.8632
TMEM231	Epi|Cycling TA	1.3834	inf
TMEM241	Epi|Cycling TA	1.1305	inf
TMEM79	Epi|Cycling TA	0.7256	inf
TMEM86B	Epi|Cycling TA	0.7541	inf
TMPRSS3	Epi|Cycling TA	0.9280	inf
TMSB4Y	Epi|Cycling TA	1.1498	0.4995
TOMM40	Epi|Cycling TA	2.0220	0.2585
TRDMT1	Epi|Cycling TA	1.0488	inf
TRIB3	Epi|Cycling TA	1.6137	0.4764
TRIM39	Epi|Cycling TA	0.5950	inf
TRMT10C	Epi|Cycling TA	1.5699	0.3083
TRMT112	Epi|Cycling TA	1.7322	0.3274
TTC12	Epi|Cycling TA	1.3122	0.3504
TTC26	Epi|Cycling TA	1.6464	inf
TTC30B	Epi|Cycling TA	0.5293	inf
TTLL10	Epi|Cycling TA	0.9510	inf
TTN-AS1	Epi|Cycling TA	0.5721	inf
TTTY15	Epi|Cycling TA	0.7390	inf
TXNDC16	Epi|Cycling TA	1.5770	0.7311
TXNRD3	Epi|Cycling TA	1.7773	inf
TYRO3	Epi|Cycling TA	2.4509	inf
UBE2S	Epi|Cycling TA	3.1105	0.7498
UBQLN4	Epi|Cycling TA	1.5854	0.2974
ULK4	Epi|Cycling TA	1.3324	inf
URB2	Epi|Cycling TA	1.8729	inf
USP3-AS1	Epi|Cycling TA	1.0280	inf
USP49	Epi|Cycling TA	0.8356	inf
WBSCR22	Epi|Cycling TA	1.5819	0.2842
WDR31	Epi|Cycling TA	0.8665	inf
WDR53	Epi|Cycling TA	1.6542	0.3064
WDR5B	Epi|Cycling TA	0.8076	inf
WDR90	Epi|Cycling TA	2.2607	1.3455
XYLB	Epi|Cycling TA	1.0286	0.3788
YBX2	Epi|Cycling TA	1.3080	0.5390
YY2	Epi|Cycling TA	1.1234	inf
ZBED4	Epi|Cycling TA	1.1679	0.3156
ZBED6CL	Epi|Cycling TA	0.9375	inf
ZBTB11-AS1	Epi|Cycling TA	0.6401	inf
ZBTB26	Epi|Cycling TA	0.6691	inf
ZBTB39	Epi|Cycling TA	1.4592	inf
ZBTB9	Epi|Cycling TA	1.7665	inf
ZC4H2	Epi|Cycling TA	0.7131	inf
ZCCHC4	Epi|Cycling TA	1.4277	inf
ZFP1	Epi|Cycling TA	1.3492	inf
ZFP30	Epi|Cycling TA	1.1655	inf
ZFP41	Epi|Cycling TA	0.7982	inf
ZHX1-C8ORF76	Epi|Cycling TA	1.2837	inf
ZKSCAN4	Epi|Cycling TA	0.8168	inf
ZKSCAN5	Epi|Cycling TA	0.8793	inf
ZMYM1	Epi|Cycling TA	1.4666	0.8437
ZNF107	Epi|Cycling TA	1.6900	inf
ZNF117	Epi|Cycling TA	0.7139	inf
ZNF180	Epi|Cycling TA	1.0636	inf
ZNF182	Epi|Cycling TA	0.9796	inf
ZNF184	Epi|Cycling TA	1.3437	inf
ZNF239	Epi|Cycling TA	1.6632	inf
ZNF251	Epi|Cycling TA	0.7892	inf
ZNF280B	Epi|Cycling TA	1.8663	inf
ZNF280C	Epi|Cycling TA	1.3932	inf
ZNF287	Epi|Cycling TA	1.5703	inf
ZNF343	Epi|Cycling TA	0.9358	inf
ZNF347	Epi|Cycling TA	0.6953	inf
ZNF35	Epi|Cycling TA	0.7922	inf
ZNF354B	Epi|Cycling TA	1.0518	inf
ZNF443	Epi|Cycling TA	0.9561	inf
ZNF45	Epi|Cycling TA	0.9453	inf
ZNF486	Epi|Cycling TA	1.0597	inf
ZNF502	Epi|Cycling TA	1.1051	inf
ZNF519	Epi|Cycling TA	2.2054	inf
ZNF529	Epi|Cycling TA	1.0903	inf
ZNF530	Epi|Cycling TA	1.9256	inf
ZNF550	Epi|Cycling TA	1.2991	inf
ZNF558	Epi|Cycling TA	0.7409	inf
ZNF567	Epi|Cycling TA	0.9020	0.2710
ZNF589	Epi|Cycling TA	1.1723	inf
ZNF594	Epi|Cycling TA	1.2369	inf
ZNF614	Epi|Cycling TA	1.2295	inf
ZNF621	Epi|Cycling TA	0.6594	inf
ZNF623	Epi|Cycling TA	1.0864	inf
ZNF628	Epi|Cycling TA	1.1396	inf
ZNF646	Epi|Cycling TA	0.5853	inf
ZNF653	Epi|Cycling TA	0.9220	inf
ZNF674-AS1	Epi|Cycling TA	0.8142	0.5362
ZNF678	Epi|Cycling TA	0.9170	inf
ZNF681	Epi|Cycling TA	1.4132	inf
ZNF682	Epi|Cycling TA	1.3395	inf
ZNF695	Epi|Cycling TA	3.2581	inf
ZNF696	Epi|Cycling TA	0.7202	inf
ZNF718	Epi|Cycling TA	1.3983	inf
ZNF724P	Epi|Cycling TA	1.4285	inf
ZNF736	Epi|Cycling TA	1.3556	inf
ZNF765	Epi|Cycling TA	0.9677	inf
ZNF776	Epi|Cycling TA	0.5951	inf
ZNF777	Epi|Cycling TA	1.4508	inf
ZNF81	Epi|Cycling TA	1.1522	0.2677
ZNF836	Epi|Cycling TA	0.5556	inf
ZNF845	Epi|Cycling TA	0.8124	inf
ZNF850	Epi|Cycling TA	1.3819	inf
ZNF891	Epi|Cycling TA	0.9928	inf
ZNRD1-AS1	Epi|Cycling TA	0.6852	inf
ZSCAN12	Epi|Cycling TA	1.4535	inf
ZSCAN16-AS1	Epi|Cycling TA	1.6434	0.2753
ZSWIM1	Epi|Cycling TA	0.5712	inf
ZXDB	Epi|Cycling TA	0.9262	inf
ABCB1	Epi|Enterocytes	3.7656	0.9197
ABHD3	Epi|Enterocytes	2.8090	1.2820
ABHD4	Epi|Enterocytes	2.2307	0.4597
ABTB2	Epi|Enterocytes	3.1877	1.1043
AC007182.6	Epi|Enterocytes	2.4574	0.8475
AC021218.2	Epi|Enterocytes	2.6468	inf
AC079922.3	Epi|Enterocytes	1.8300	0.9047
ACE2	Epi|Enterocytes	2.5782	1.4639
ACHE	Epi|Enterocytes	3.9301	0.6849
AKAP13	Epi|Enterocytes	1.6934	0.4232
AMACR	Epi|Enterocytes	2.1417	0.4601
AMBRA1	Epi|Enterocytes	1.6846	1.0194
ANKS4B	Epi|Enterocytes	1.4439	0.3543
AOC1	Epi|Enterocytes	2.3599	0.5178
AP000769.1	Epi|Enterocytes	3.2897	1.4945
AP001610.9	Epi|Enterocytes	3.8824	inf
APOBEC1	Epi|Enterocytes	4.0008	2.0519
APOL1	Epi|Enterocytes	3.2285	0.4535
APOL2	Epi|Enterocytes	2.5804	1.1915
APOL6	Epi|Enterocytes	1.8403	0.6107
APPL2	Epi|Enterocytes	2.7365	0.5200
AQP11	Epi|Enterocytes	2.7164	2.1349
ARHGEF18	Epi|Enterocytes	2.8253	1.0772
ARHGEF5	Epi|Enterocytes	1.5767	0.2817
ARL14	Epi|Enterocytes	2.9616	1.1115
ASB7	Epi|Enterocytes	1.3544	0.4377
ASPG	Epi|Enterocytes	2.0594	0.4916
ATP1B3	Epi|Enterocytes	2.4728	0.3100
B2M	Epi|Enterocytes	2.3221	1.0763
B3GNT8	Epi|Enterocytes	2.2667	0.5868
B4GALT1	Epi|Enterocytes	2.6815	0.6072
BARX2	Epi|Enterocytes	2.2818	1.5161
BCL2L11	Epi|Enterocytes	2.3660	0.2836
BCMO1	Epi|Enterocytes	1.6895	0.9161
BMF	Epi|Enterocytes	3.2728	0.5190
BMP3	Epi|Enterocytes	3.0237	1.3003
BTNL3	Epi|Enterocytes	2.2684	0.3604
BTNL8	Epi|Enterocytes	2.8248	0.5369
C10orf54	Epi|Enterocytes	2.6734	0.4059
C11orf86	Epi|Enterocytes	3.3196	0.6336
C12orf36	Epi|Enterocytes	4.0468	1.6011
C17orf67	Epi|Enterocytes	2.6271	0.9779
C1orf106	Epi|Enterocytes	2.6129	0.8742
C1orf116	Epi|Enterocytes	2.8877	1.2250
C2CD2L	Epi|Enterocytes	2.5688	0.5160
C4BPB	Epi|Enterocytes	1.9159	0.6307
C4orf19	Epi|Enterocytes	1.5991	0.9685
C5orf56	Epi|Enterocytes	1.9288	0.4636
C6orf222	Epi|Enterocytes	3.0047	1.3117
C8G	Epi|Enterocytes	3.3816	1.3255
CA13	Epi|Enterocytes	2.2049	1.2384
CAB39	Epi|Enterocytes	2.2164	0.8145
CABLES1	Epi|Enterocytes	2.4928	0.8828
CACNB1	Epi|Enterocytes	2.2799	inf
CASP10	Epi|Enterocytes	3.0343	1.0511
CASP5	Epi|Enterocytes	3.3329	1.9551
CASP7	Epi|Enterocytes	2.3893	0.6203
CASP8	Epi|Enterocytes	2.2913	0.8918
CCDC17	Epi|Enterocytes	2.2219	inf
CD274	Epi|Enterocytes	5.0222	2.7466
CD55	Epi|Enterocytes	2.0416	0.5549
CDH1	Epi|Enterocytes	2.0193	0.4965
CDHR2	Epi|Enterocytes	3.5256	0.2948
CDIP1	Epi|Enterocytes	2.4400	0.7494
CDKN1A	Epi|Enterocytes	2.8155	0.7316
CDR2	Epi|Enterocytes	1.0720	0.2582
CEACAM5	Epi|Enterocytes	4.1388	1.5081
CEACAM6	Epi|Enterocytes	3.7893	1.4632
CEACAM7	Epi|Enterocytes	4.2443	1.1930
CELA3A	Epi|Enterocytes	4.1691	1.2853
CELA3B	Epi|Enterocytes	4.2784	1.4880
CFDP1	Epi|Enterocytes	3.2609	0.7395
CGN	Epi|Enterocytes	2.6100	0.7226
CHMP2B	Epi|Enterocytes	2.0278	0.7776
CLCA4	Epi|Enterocytes	5.2987	1.0612
CLDN3	Epi|Enterocytes	1.9669	0.2716
CLDN4	Epi|Enterocytes	2.3337	0.5455
CLIC5	Epi|Enterocytes	3.0074	1.2288
CLRN3	Epi|Enterocytes	1.5561	0.2605
CNGA1	Epi|Enterocytes	2.5739	1.0537
CNNM4	Epi|Enterocytes	2.0871	0.3157
COL17A1	Epi|Enterocytes	2.7090	0.4599
CREBRF	Epi|Enterocytes	1.5795	0.5401
CTA-384D8.35	Epi|Enterocytes	4.6433	inf
CTC-479C5.12	Epi|Enterocytes	1.3411	1.0015
CTC-490G23.2	Epi|Enterocytes	3.7229	1.4743
CTD-2047H16.2	Epi|Enterocytes	1.8859	0.7985
CTD-2228K2.5	Epi|Enterocytes	3.9482	0.7922
CTD-2566J3.1	Epi|Enterocytes	2.7989	0.3947
CTSV	Epi|Enterocytes	2.2554	0.7116
CXADR	Epi|Enterocytes	2.0580	1.2200
CYP2B6	Epi|Enterocytes	2.9166	1.1545
CYP2C18	Epi|Enterocytes	1.8356	0.5148
CYP2D6	Epi|Enterocytes	2.2791	0.8585
CYP3A4	Epi|Enterocytes	3.8948	0.6822
CYP3A5	Epi|Enterocytes	2.4114	0.2560
DDX60	Epi|Enterocytes	2.9674	0.9779
DEDD2	Epi|Enterocytes	1.9707	0.4411
DEFB4A	Epi|Enterocytes	6.7269	inf
DENND5B	Epi|Enterocytes	2.6794	0.5740
DIO3	Epi|Enterocytes	2.7221	0.8583
DIRC2	Epi|Enterocytes	2.4704	0.5730
DNAH7	Epi|Enterocytes	2.4433	inf
DPH3	Epi|Enterocytes	1.6337	0.4903
DUOX2	Epi|Enterocytes	3.9385	1.8837
DUOXA2	Epi|Enterocytes	3.8224	2.3296
DUSP5	Epi|Enterocytes	4.4677	1.4186
DYRK2	Epi|Enterocytes	2.0380	0.7344
EDN3	Epi|Enterocytes	2.1627	0.5537
EIF2B5-AS1	Epi|Enterocytes	1.9866	inf
EIF4EBP2	Epi|Enterocytes	2.0903	0.8800
ELF3	Epi|Enterocytes	1.5161	0.3019
ELL	Epi|Enterocytes	1.2359	0.3241
ENKUR	Epi|Enterocytes	5.2228	inf
EPCAM	Epi|Enterocytes	1.5381	0.5568
EPS8L2	Epi|Enterocytes	1.7144	0.3642
EPS8L3	Epi|Enterocytes	1.5639	0.5980
EPSTI1	Epi|Enterocytes	2.6193	0.3910
ERBB2IP	Epi|Enterocytes	2.4742	1.1424
ERO1L	Epi|Enterocytes	2.3557	1.0514
ESPN	Epi|Enterocytes	2.2754	0.5893
EVI2B	Epi|Enterocytes	2.7557	1.4153
F2RL1	Epi|Enterocytes	2.0425	0.7769
FAM134C	Epi|Enterocytes	1.5029	0.5742
FAM47E-STBD1	Epi|Enterocytes	2.4089	inf
FAM83G	Epi|Enterocytes	1.9539	0.5785
FAM95B1	Epi|Enterocytes	2.9486	0.3121
FBXO32	Epi|Enterocytes	3.1309	0.8195
FDX1	Epi|Enterocytes	1.2295	0.2976
FEM1C	Epi|Enterocytes	1.9001	0.8853
FLVCR1-AS1	Epi|Enterocytes	1.5133	0.5074
FMO5	Epi|Enterocytes	2.0803	0.6663
FOXO4	Epi|Enterocytes	1.6314	0.7194
FRMD1	Epi|Enterocytes	2.1425	0.3002
FUT2	Epi|Enterocytes	1.8893	0.7146
FUT3	Epi|Enterocytes	1.8687	0.8234
GBP1	Epi|Enterocytes	2.7897	0.8236
GBP2	Epi|Enterocytes	3.1202	0.6152
GBP3	Epi|Enterocytes	2.5438	0.4691
GCNT3	Epi|Enterocytes	2.9915	0.3622
GDA	Epi|Enterocytes	2.8257	0.5176
GGT1	Epi|Enterocytes	2.5441	0.8147
GGT6	Epi|Enterocytes	1.6162	0.2667
GLRA4	Epi|Enterocytes	4.1000	1.1578
GLTSCR1	Epi|Enterocytes	1.6694	0.9908
GPA33	Epi|Enterocytes	2.6262	0.9224
GPATCH1	Epi|Enterocytes	1.0753	0.3937
GPR110	Epi|Enterocytes	4.9090	inf
GPR37L1	Epi|Enterocytes	3.6729	1.2269
GPRC5A	Epi|Enterocytes	3.7430	0.9863
GRB7	Epi|Enterocytes	1.6930	0.3508
GSDMB	Epi|Enterocytes	1.6805	0.3430
GTPBP1	Epi|Enterocytes	1.9067	0.8881
GTPBP2	Epi|Enterocytes	2.1895	0.7973
GUCA2B	Epi|Enterocytes	4.9643	0.3295
HAS3	Epi|Enterocytes	3.6833	1.5062
HBP1	Epi|Enterocytes	1.6482	0.2738
HCG27	Epi|Enterocytes	3.2638	inf
HDAC9	Epi|Enterocytes	4.6527	1.6982
HDHD3	Epi|Enterocytes	1.6779	0.6886
HECA	Epi|Enterocytes	1.9493	0.7052
HHLA2	Epi|Enterocytes	3.2823	1.1534
HIST1H1C	Epi|Enterocytes	3.8240	0.5883
HIST1H2AC	Epi|Enterocytes	2.5877	0.9108
HIST1H2BD	Epi|Enterocytes	2.7641	0.3377
HIST1H3D	Epi|Enterocytes	2.9230	0.6388
HIST1H4H	Epi|Enterocytes	3.2999	0.6769
HIST1H4J	Epi|Enterocytes	2.1121	1.1825
HKDC1	Epi|Enterocytes	3.0948	0.8517
HLA-B	Epi|Enterocytes	2.3224	0.4969
HLA-C	Epi|Enterocytes	2.4931	0.5932
HNF1A	Epi|Enterocytes	1.3238	0.7721
HRASLS2	Epi|Enterocytes	3.5761	1.3317
HUS1	Epi|Enterocytes	1.6235	0.3971
IDS	Epi|Enterocytes	2.2089	0.8976
IFFO2	Epi|Enterocytes	2.6541	2.0606
IFIT1	Epi|Enterocytes	3.9345	0.5553
IFNGR2	Epi|Enterocytes	3.0825	0.8193
IFNLR1	Epi|Enterocytes	2.8990	0.3881
IGSF3	Epi|Enterocytes	1.7969	0.3883
IL10RB	Epi|Enterocytes	1.9736	0.4994
IL22RA1	Epi|Enterocytes	3.3070	0.9818
IP6K1	Epi|Enterocytes	1.3548	0.3862
IRF1	Epi|Enterocytes	2.3391	0.5749
IRF6	Epi|Enterocytes	1.8155	0.5590
IRF7	Epi|Enterocytes	2.6015	0.9437
ISG15	Epi|Enterocytes	4.0605	0.7235
ISG20	Epi|Enterocytes	4.0544	1.1810
IST1	Epi|Enterocytes	1.5539	0.2740
ITCH	Epi|Enterocytes	1.5526	0.4872
ITGB6	Epi|Enterocytes	1.9861	0.7702
JOSD1	Epi|Enterocytes	2.4113	1.0295
JUND	Epi|Enterocytes	2.1336	0.3522
KDM3A	Epi|Enterocytes	1.9014	0.7000
KIAA0247	Epi|Enterocytes	2.8300	0.5932
KIAA0513	Epi|Enterocytes	1.6675	0.4693
KIAA2013	Epi|Enterocytes	1.8328	0.7570
KNG1	Epi|Enterocytes	3.8570	inf
KRT12	Epi|Enterocytes	2.6755	1.1566
KRTAP13-2	Epi|Enterocytes	2.5976	inf
LAMA3	Epi|Enterocytes	3.3918	1.0222
LAMC2	Epi|Enterocytes	2.9094	0.8809
LASP1	Epi|Enterocytes	1.9970	0.5125
LATS2	Epi|Enterocytes	3.4121	0.7806
LHX4	Epi|Enterocytes	3.2310	inf
LINC00035	Epi|Enterocytes	2.9814	1.0878
LINC00152	Epi|Enterocytes	4.2319	1.9207
LINC00520	Epi|Enterocytes	4.1201	1.4472
LINC00704	Epi|Enterocytes	3.7525	0.6239
LMBRD1	Epi|Enterocytes	1.6282	0.3625
LMO7	Epi|Enterocytes	2.8793	0.8009
LMTK2	Epi|Enterocytes	1.8811	0.3627
LRP10	Epi|Enterocytes	2.7172	1.0369
LRRC19	Epi|Enterocytes	2.1500	0.4874
LRRC56	Epi|Enterocytes	2.4450	1.1445
LSMEM1	Epi|Enterocytes	1.9435	0.6144
LSR	Epi|Enterocytes	2.1582	0.2690
LYPD8	Epi|Enterocytes	4.4382	0.6829
MAL2	Epi|Enterocytes	2.0178	0.5074
MAP1LC3B	Epi|Enterocytes	2.4130	0.7448
MAP1LC3B2	Epi|Enterocytes	2.0948	0.6904
MAPRE3	Epi|Enterocytes	2.1967	0.5060
MARVELD3	Epi|Enterocytes	1.9941	0.6360
MAX	Epi|Enterocytes	2.1765	0.7073
MBNL1-AS1	Epi|Enterocytes	1.5768	0.4240
MCL1	Epi|Enterocytes	2.0246	0.7527
MEP1A	Epi|Enterocytes	3.3015	0.9449
MFI2	Epi|Enterocytes	2.3925	0.6955
MIER3	Epi|Enterocytes	2.7441	1.3350
MIR4435-1HG	Epi|Enterocytes	3.9102	1.0554
MISP	Epi|Enterocytes	2.9862	0.8547
MMP24-AS1	Epi|Enterocytes	1.9879	0.6191
MT-ATP8	Epi|Enterocytes	0.8153	0.2799
MT-TM	Epi|Enterocytes	1.9645	1.9126
MUC13	Epi|Enterocytes	3.5653	0.9835
MUC17	Epi|Enterocytes	2.9474	0.5961
MXD1	Epi|Enterocytes	3.6219	1.0700
MXI1	Epi|Enterocytes	2.9309	1.0271
MYH14	Epi|Enterocytes	2.3314	0.5068
MYO15B	Epi|Enterocytes	3.4519	0.2751
MYO5B	Epi|Enterocytes	1.7788	0.3230
MYO7B	Epi|Enterocytes	1.8470	0.5993
MYRF	Epi|Enterocytes	1.2448	0.5469
NEAT1	Epi|Enterocytes	3.2923	0.5241
NEU1	Epi|Enterocytes	2.2658	0.9707
NEURL2	Epi|Enterocytes	1.9656	1.1241
NLN	Epi|Enterocytes	4.2264	1.4408
NOS2	Epi|Enterocytes	3.2894	1.1548
NR1I2	Epi|Enterocytes	1.7161	0.2600
NSUN3	Epi|Enterocytes	1.2396	0.3943
NT5C2	Epi|Enterocytes	2.1026	0.8373
NUDT18	Epi|Enterocytes	1.6010	0.5149
OAS1	Epi|Enterocytes	2.8212	0.9648
OASL	Epi|Enterocytes	3.9810	1.2536
OPTN	Epi|Enterocytes	2.3175	0.4750
OSTM1	Epi|Enterocytes	2.3274	0.7557
P2RX4	Epi|Enterocytes	2.1876	0.5245
PARD6B	Epi|Enterocytes	1.9364	0.8326
PARP12	Epi|Enterocytes	2.5047	0.5932
PARP14	Epi|Enterocytes	2.3512	0.7936
PAX8	Epi|Enterocytes	2.1557	0.8305
PC	Epi|Enterocytes	2.3179	0.7165
PDCD4-AS1	Epi|Enterocytes	2.0726	0.6493
PDCD6IP	Epi|Enterocytes	2.1005	0.7936
PDLIM2	Epi|Enterocytes	3.0397	0.9424
PDP1	Epi|Enterocytes	2.0165	0.8339
PDZK1IP1	Epi|Enterocytes	1.9604	0.4684
PEX26	Epi|Enterocytes	2.8999	0.6063
PHLPP2	Epi|Enterocytes	2.4983	0.7055
PIM1	Epi|Enterocytes	2.8510	0.9810
PIP4K2C	Epi|Enterocytes	1.6948	0.3988
PITX2	Epi|Enterocytes	0.9229	0.3033
PIWIL2	Epi|Enterocytes	2.1114	0.7770
PKP3	Epi|Enterocytes	1.5451	0.3073
PLA2G12B	Epi|Enterocytes	3.4588	0.7189
PLA2G4C	Epi|Enterocytes	3.4254	0.5944
PLA2G4F	Epi|Enterocytes	1.6821	0.4928
PLAC8	Epi|Enterocytes	4.2590	0.4580
PLEKHA7	Epi|Enterocytes	1.9569	0.5059
PLXNA3	Epi|Enterocytes	1.3798	0.6681
PNPLA2	Epi|Enterocytes	2.5895	0.6574
PPARD	Epi|Enterocytes	3.2127	0.9912
PPP1R14D	Epi|Enterocytes	2.3967	0.9836
PRDM1	Epi|Enterocytes	3.6536	1.3004
PRR13	Epi|Enterocytes	2.0066	0.2815
PRR15L	Epi|Enterocytes	1.6916	0.3672
PRSS22	Epi|Enterocytes	1.7164	0.9736
PRSS8	Epi|Enterocytes	2.2609	0.9923
PTPRH	Epi|Enterocytes	2.7331	0.7138
PTPRJ	Epi|Enterocytes	2.4593	inf
PTPRR	Epi|Enterocytes	3.8784	1.1401
RAB17	Epi|Enterocytes	1.6563	0.4535
RAB31	Epi|Enterocytes	4.2626	0.9208
RAB40C	Epi|Enterocytes	1.3129	0.4389
RAB6B	Epi|Enterocytes	3.8660	1.3872
RAB9A	Epi|Enterocytes	2.4981	0.8935
RARRES3	Epi|Enterocytes	3.7514	1.0923
RBP2	Epi|Enterocytes	2.1542	1.5221
RELB	Epi|Enterocytes	3.2173	0.4424
RETSAT	Epi|Enterocytes	2.3210	0.4480
RFFL	Epi|Enterocytes	1.3946	0.6529
RFK	Epi|Enterocytes	2.7766	0.9401
RHOF	Epi|Enterocytes	3.8085	1.2713
RHPN2	Epi|Enterocytes	2.5248	0.2998
RIMS3	Epi|Enterocytes	2.2022	1.8418
RIOK3	Epi|Enterocytes	2.3164	0.7462
RIPK1	Epi|Enterocytes	1.6305	0.4510
RIPK3	Epi|Enterocytes	2.0006	0.7492
RIPK4	Epi|Enterocytes	2.4738	1.6891
RMND5A	Epi|Enterocytes	2.1065	0.5779
RNF103	Epi|Enterocytes	2.1093	1.0872
RP11-10C24.3	Epi|Enterocytes	1.9436	inf
RP11-116O18.1	Epi|Enterocytes	2.7055	0.4813
RP11-1220K2.2	Epi|Enterocytes	3.5585	inf
RP11-125B21.2	Epi|Enterocytes	3.3057	inf
RP11-134L10.1	Epi|Enterocytes	3.8089	inf
RP11-1399P15.1	Epi|Enterocytes	3.6692	1.0411
RP11-202A13.1	Epi|Enterocytes	3.4886	inf
RP11-209E8.1	Epi|Enterocytes	4.7112	inf
RP11-227H15.4	Epi|Enterocytes	3.3851	inf
RP11-244F12.3	Epi|Enterocytes	1.9047	inf
RP11-284F21.10	Epi|Enterocytes	1.1748	0.4238
RP11-294O2.2	Epi|Enterocytes	1.9725	0.7221
RP11-29G8.3	Epi|Enterocytes	2.2542	1.2349
RP11-30P6.6	Epi|Enterocytes	2.5010	1.5720
RP11-349K16.1	Epi|Enterocytes	2.4405	0.8818
RP11-355B11.2	Epi|Enterocytes	1.9801	inf
RP11-35P15.1	Epi|Enterocytes	2.5097	0.7514
RP11-395P17.11	Epi|Enterocytes	1.4108	0.4394
RP11-395P17.3	Epi|Enterocytes	1.7313	0.2847
RP11-408H20.1	Epi|Enterocytes	2.6191	0.9479
RP11-427H3.3	Epi|Enterocytes	2.1935	0.4747
RP11-462G2.1	Epi|Enterocytes	3.5921	1.2372
RP11-465N4.4	Epi|Enterocytes	2.9749	1.3419
RP11-542M13.2	Epi|Enterocytes	2.8164	0.3684
RP11-567C2.1	Epi|Enterocytes	3.1494	0.8618
RP11-63P12.7	Epi|Enterocytes	3.1767	0.4476
RP11-671J11.6	Epi|Enterocytes	2.9497	inf
RP11-680F8.1	Epi|Enterocytes	2.6081	0.5973
RP11-690G19.3	Epi|Enterocytes	1.6156	0.7826
RP11-841O20.2	Epi|Enterocytes	1.9543	inf
RP13-15E13.1	Epi|Enterocytes	1.9985	inf
RP3-508I15.21	Epi|Enterocytes	2.0593	0.6959
RP5-1185I7.1	Epi|Enterocytes	2.2064	0.4155
RSAD2	Epi|Enterocytes	4.8225	1.6677
SAA1	Epi|Enterocytes	3.7127	3.5395
SAA2	Epi|Enterocytes	4.3100	inf
SAMD9	Epi|Enterocytes	3.0995	0.7281
SECTM1	Epi|Enterocytes	4.2888	0.5026
SFN	Epi|Enterocytes	2.5284	0.9027
SGPP2	Epi|Enterocytes	1.7601	0.6841
SLC14A2	Epi|Enterocytes	2.7587	1.5033
SLC15A1	Epi|Enterocytes	3.9292	0.8459
SLC17A4	Epi|Enterocytes	2.8592	0.5111
SLC1A1	Epi|Enterocytes	3.2001	1.4299
SLC20A2	Epi|Enterocytes	2.5594	0.9479
SLC25A23	Epi|Enterocytes	2.3105	0.5906
SLC25A53	Epi|Enterocytes	1.7631	0.5096
SLC26A3	Epi|Enterocytes	4.1522	0.6884
SLC30A10	Epi|Enterocytes	3.6219	1.0630
SLC35G1	Epi|Enterocytes	1.8088	0.4173
SLC3A1	Epi|Enterocytes	2.8315	1.0797
SLC3A2	Epi|Enterocytes	2.0897	0.3450
SLC51A	Epi|Enterocytes	2.9614	0.3977
SLC52A1	Epi|Enterocytes	2.4037	inf
SLC6A14	Epi|Enterocytes	3.2569	0.3203
SLC6A20	Epi|Enterocytes	3.7869	inf
SLC6A8	Epi|Enterocytes	3.4930	0.9427
SLC9A3R1	Epi|Enterocytes	2.9415	0.6881
SLC9A8	Epi|Enterocytes	1.5315	0.5973
SMAD3	Epi|Enterocytes	2.2145	0.4005
SMCHD1	Epi|Enterocytes	1.9129	0.6594
SMIM2-AS1	Epi|Enterocytes	2.6336	0.7833
SMIM22	Epi|Enterocytes	2.0340	0.5082
SMPD1	Epi|Enterocytes	3.4660	1.4485
SOWAHA	Epi|Enterocytes	1.8619	0.6187
SP100	Epi|Enterocytes	1.8067	0.5478
SP140L	Epi|Enterocytes	1.9323	0.7062
SPATA2L	Epi|Enterocytes	1.8793	0.8602
SPIRE2	Epi|Enterocytes	1.1199	0.3214
SQSTM1	Epi|Enterocytes	2.9277	0.8085
STK17B	Epi|Enterocytes	2.5321	0.5529
STK24	Epi|Enterocytes	2.2197	0.4194
STOM	Epi|Enterocytes	4.8481	0.4838
SULT1A2	Epi|Enterocytes	2.8371	0.3852
SULT2B1	Epi|Enterocytes	1.4608	0.6235
TCHP	Epi|Enterocytes	2.1757	0.4204
TCP11L2	Epi|Enterocytes	1.8369	inf
TDRD7	Epi|Enterocytes	1.7249	0.7700
TGM2	Epi|Enterocytes	5.6601	1.2846
TICAM1	Epi|Enterocytes	3.0344	0.8750
TJP3	Epi|Enterocytes	2.2046	0.6308
TLE3	Epi|Enterocytes	1.6962	0.6166
TM4SF20	Epi|Enterocytes	3.7762	1.4716
TMBIM1	Epi|Enterocytes	2.6284	0.5827
TMC5	Epi|Enterocytes	1.8324	1.1118
TMEM120B	Epi|Enterocytes	1.0997	0.5469
TMEM127	Epi|Enterocytes	2.3912	0.8837
TMEM140	Epi|Enterocytes	3.8682	0.8550
TMEM171	Epi|Enterocytes	2.5882	0.9240
TMEM184A	Epi|Enterocytes	1.3978	0.2534
TMEM236	Epi|Enterocytes	2.3380	0.6235
TMEM45B	Epi|Enterocytes	2.2918	0.6504
TMEM8A	Epi|Enterocytes	1.9146	0.5089
TMIGD1	Epi|Enterocytes	3.6445	1.0833
TMPRSS2	Epi|Enterocytes	3.0561	1.5495
TNIP1	Epi|Enterocytes	2.3407	1.0401
TNK1	Epi|Enterocytes	1.3504	0.3652
TOR1AIP2	Epi|Enterocytes	2.1061	0.6260
TP53INP2	Epi|Enterocytes	3.4044	0.9606
TRANK1	Epi|Enterocytes	3.2873	1.0363
TRHDE	Epi|Enterocytes	2.0461	0.3397
TRIM15	Epi|Enterocytes	2.3788	0.7349
TRIM29	Epi|Enterocytes	2.2108	1.6753
TRIM31	Epi|Enterocytes	4.3126	0.5257
TRIM40	Epi|Enterocytes	4.4131	inf
TRPM6	Epi|Enterocytes	2.7514	0.3350
TSPAN1	Epi|Enterocytes	3.3560	0.8227
TSTD1	Epi|Enterocytes	1.6101	0.3136
TSTD2	Epi|Enterocytes	1.8293	0.3133
TTC22	Epi|Enterocytes	2.5123	0.9252
TUFT1	Epi|Enterocytes	1.6839	0.3166
UBC	Epi|Enterocytes	2.0299	0.6615
UBE2B	Epi|Enterocytes	1.6566	0.6367
UCA1	Epi|Enterocytes	3.7507	inf
USP2-AS1	Epi|Enterocytes	2.7634	0.9329
USP43	Epi|Enterocytes	1.1185	0.3902
VILL	Epi|Enterocytes	1.8772	0.3099
VLDLR	Epi|Enterocytes	2.4094	1.1412
VNN1	Epi|Enterocytes	4.1989	0.5561
VPS37B	Epi|Enterocytes	2.0205	0.4878
WIPF2	Epi|Enterocytes	1.6399	0.4174
WWC1	Epi|Enterocytes	1.4441	0.6667
WWC3	Epi|Enterocytes	2.2257	0.4119
WWP2	Epi|Enterocytes	1.5672	0.4499
XDH	Epi|Enterocytes	3.0809	0.9865
XKR9	Epi|Enterocytes	2.1620	inf
XRN1	Epi|Enterocytes	1.9742	1.1459
XX-CR54.3	Epi|Enterocytes	2.3671	inf
XXbac-B476C20.9	Epi|Enterocytes	2.7946	0.9739
XXbac-BPG299F13.17	Epi|Enterocytes	1.7720	0.3367
ZBP1	Epi|Enterocytes	3.9043	0.8116
ZER1	Epi|Enterocytes	2.2372	0.8017
ZFAND2A	Epi|Enterocytes	3.0148	1.0987
ZMYND8	Epi|Enterocytes	1.3875	0.3781
ZNF341	Epi|Enterocytes	1.6410	0.3786
ZNF440	Epi|Enterocytes	0.8961	0.3776
ZNFX1	Epi|Enterocytes	2.0773	0.4148
C19orf77	Epi|Enteroendocrine	2.0050	0.3813
C7orf41	Epi|Enteroendocrine	3.1220	0.5790
CACNA1A	Epi|Enteroendocrine	6.3498	inf
CBX6	Epi|Enteroendocrine	3.8958	1.3318
CES1	Epi|Enteroendocrine	8.3127	1.9490
CHGA	Epi|Enteroendocrine	9.1084	inf
CHGB	Epi|Enteroendocrine	7.0680	inf
CRYBA2	Epi|Enteroendocrine	10.2693	inf
CXXC4	Epi|Enteroendocrine	5.9125	inf
CYP2W1	Epi|Enteroendocrine	4.1488	0.3510
DDC	Epi|Enteroendocrine	2.0221	0.5191
ERO1LB	Epi|Enteroendocrine	4.4412	3.1656
ETV1	Epi|Enteroendocrine	7.7098	3.8693
FEV	Epi|Enteroendocrine	10.7651	inf
GCG	Epi|Enteroendocrine	8.8690	inf
GCH1	Epi|Enteroendocrine	3.0950	0.5262
GCLC	Epi|Enteroendocrine	3.2749	0.4991
GNG2	Epi|Enteroendocrine	4.7036	2.2237
HOXB9	Epi|Enteroendocrine	1.6883	0.2888
IGFBP3	Epi|Enteroendocrine	6.9899	1.9515
INSL5	Epi|Enteroendocrine	7.5862	inf
INSM1	Epi|Enteroendocrine	8.7918	inf
ISL1	Epi|Enteroendocrine	7.2001	3.2421
KIAA1377	Epi|Enteroendocrine	3.9353	1.1387
MLXIPL	Epi|Enteroendocrine	3.8504	1.2517
MS4A8	Epi|Enteroendocrine	4.1352	3.1954
MYL6B	Epi|Enteroendocrine	2.5443	0.3897
NEUROD1	Epi|Enteroendocrine	7.5753	inf
NISCH	Epi|Enteroendocrine	2.5544	0.3266
NKX2-2	Epi|Enteroendocrine	9.0884	inf
PAM	Epi|Enteroendocrine	4.3800	0.6644
PCSK1N	Epi|Enteroendocrine	8.8126	3.9564
PEMT	Epi|Enteroendocrine	2.2893	0.2544
PYY	Epi|Enteroendocrine	8.5577	7.5393
QPCT	Epi|Enteroendocrine	3.8855	1.1658
RAP1GAP2	Epi|Enteroendocrine	2.0557	0.4765
RFX3	Epi|Enteroendocrine	4.0258	1.1080
RGS2	Epi|Enteroendocrine	4.8065	2.7018
RIMBP2	Epi|Enteroendocrine	7.8717	inf
SCG5	Epi|Enteroendocrine	7.1610	2.6770
SCGN	Epi|Enteroendocrine	10.4217	inf
SCT	Epi|Enteroendocrine	7.5669	2.6808
SLC29A4	Epi|Enteroendocrine	6.3783	inf
SLC38A11	Epi|Enteroendocrine	8.1890	inf
SPATC1L	Epi|Enteroendocrine	2.2720	0.3972
SYT13	Epi|Enteroendocrine	3.2885	1.5721
TPH1	Epi|Enteroendocrine	8.0396	inf
VIM	Epi|Enteroendocrine	4.1184	0.7598
AC009133.21	Epi|Goblet	4.8916	2.1168
AC093642.3	Epi|Goblet	5.8305	inf
AC147651.3	Epi|Goblet	3.3060	0.4225
AC159540.1	Epi|Goblet	2.5110	1.1232
AGAP1-IT1	Epi|Goblet	3.4883	1.9193
ANKRD36C	Epi|Goblet	3.8924	3.2734
ATXN1	Epi|Goblet	1.7758	0.4650
C4orf36	Epi|Goblet	2.2675	0.8917
CAPN8	Epi|Goblet	2.7853	1.2293
CAPN9	Epi|Goblet	3.5828	0.4463
CBFA2T2	Epi|Goblet	2.1910	0.6951
CDC42EP3	Epi|Goblet	4.5833	2.1268
CHAD	Epi|Goblet	3.2383	1.0826
DDIT3	Epi|Goblet	2.0674	0.3105
EIF2AK3	Epi|Goblet	2.4070	0.3148
FAM101A	Epi|Goblet	2.3447	0.8047
FAXDC2	Epi|Goblet	4.0495	1.0548
FCGBP	Epi|Goblet	5.3061	1.1865
FER1L6	Epi|Goblet	5.4864	inf
FFAR4	Epi|Goblet	4.1994	1.7500
FOXA3	Epi|Goblet	2.4278	0.2883
GALNT5	Epi|Goblet	2.0501	1.0103
GPR153	Epi|Goblet	4.9428	1.8851
GPRIN2	Epi|Goblet	2.4257	0.8013
HIST2H2AA3	Epi|Goblet	2.5677	0.4730
HIST2H2BE	Epi|Goblet	2.8138	1.2135
LGALS9C	Epi|Goblet	2.9377	0.5326
LINC00342	Epi|Goblet	3.1907	2.1908
MIA3	Epi|Goblet	1.7158	0.6925
MINPP1	Epi|Goblet	2.4421	0.4029
MLLT3	Epi|Goblet	3.0574	1.4669
MUC1	Epi|Goblet	3.2172	1.7962
MUC2	Epi|Goblet	6.4911	2.3048
MUC5AC	Epi|Goblet	4.4563	inf
NEDD4L	Epi|Goblet	2.1621	0.9546
NPW	Epi|Goblet	3.8534	0.8466
PCBP1-AS1	Epi|Goblet	3.0673	2.0146
PCDH20	Epi|Goblet	2.8619	1.6023
PSTPIP1	Epi|Goblet	3.9342	1.0819
RAB27A	Epi|Goblet	3.2438	0.4465
RASD2	Epi|Goblet	3.1055	1.7013
RASEF	Epi|Goblet	2.3211	0.8200
RECQL5	Epi|Goblet	1.8907	0.3695
RN7SKP127	Epi|Goblet	4.8247	0.6259
RP11-363E7.4	Epi|Goblet	4.4224	1.5503
S100P	Epi|Goblet	2.3599	1.1120
SBF2-AS1	Epi|Goblet	3.6302	1.8628
SCGB2A1	Epi|Goblet	2.8859	0.4095
SCNN1A	Epi|Goblet	2.2988	0.3584
SGSM3	Epi|Goblet	1.6430	0.2815
SMIM6	Epi|Goblet	3.6718	0.9176
STXBP5-AS1	Epi|Goblet	3.7903	inf
SYT7	Epi|Goblet	4.2682	1.9541
SYTL5	Epi|Goblet	4.2168	inf
TBX10	Epi|Goblet	5.6327	3.3527
TFF1	Epi|Goblet	5.7479	4.1439
TFF2	Epi|Goblet	3.9464	1.4834
TM4SF5	Epi|Goblet	2.8776	1.2728
USP54	Epi|Goblet	1.7803	0.9041
WNK4	Epi|Goblet	2.1163	0.4130
ZG16	Epi|Goblet	7.5771	3.2597
C1QTNF1-AS1	Epi|Immature Enterocytes 1	3.3635	0.3306
CREB3L3	Epi|Immature Enterocytes 1	4.0842	0.9719
CTB-50L17.16	Epi|Immature Enterocytes 1	3.0424	inf
EFCAB5	Epi|Immature Enterocytes 1	2.5476	inf
HSPB3	Epi|Immature Enterocytes 1	2.9411	0.4460
KRT14	Epi|Immature Enterocytes 1	2.6922	0.4042
LRRN2	Epi|Immature Enterocytes 1	2.4799	0.6833
MTRNR2L2	Epi|Immature Enterocytes 1	1.5635	0.4097
NAALADL1	Epi|Immature Enterocytes 1	3.6506	0.5302
RP11-131L23.1	Epi|Immature Enterocytes 1	2.5265	1.1256
RP11-277L2.4	Epi|Immature Enterocytes 1	2.5002	0.5822
RP11-347P5.1	Epi|Immature Enterocytes 1	1.6686	0.3089
RP11-796E2.4	Epi|Immature Enterocytes 1	2.8415	0.5521
SLC5A11	Epi|Immature Enterocytes 1	4.4227	1.4000
TAC1	Epi|Immature Enterocytes 1	4.3516	inf
TMEM150B	Epi|Immature Enterocytes 1	2.8108	0.2802
ABAT	Epi|Immature Enterocytes 2	1.6207	0.6312
ABCA5	Epi|Immature Enterocytes 2	1.4800	0.4383
AC034220.3	Epi|Immature Enterocytes 2	1.2214	0.4471
AC083900.1	Epi|Immature Enterocytes 2	2.3752	0.2511
ACBD4	Epi|Immature Enterocytes 2	1.0541	0.2734
ACOT4	Epi|Immature Enterocytes 2	1.9314	0.9438
ADC	Epi|Immature Enterocytes 2	1.3286	0.6473
ADCY9	Epi|Immature Enterocytes 2	1.5937	0.3441
AGXT	Epi|Immature Enterocytes 2	1.5732	inf
AHNAK	Epi|Immature Enterocytes 2	2.0066	0.2770
AKAP9	Epi|Immature Enterocytes 2	1.0947	0.4273
AKR1B10	Epi|Immature Enterocytes 2	2.3435	1.1330
ARHGDIG	Epi|Immature Enterocytes 2	2.2905	inf
ARHGEF11	Epi|Immature Enterocytes 2	0.5390	inf
ARID3B	Epi|Immature Enterocytes 2	1.0466	0.6486
AXDND1	Epi|Immature Enterocytes 2	1.5921	0.9306
C1orf226	Epi|Immature Enterocytes 2	0.9468	0.3136
C7orf43	Epi|Immature Enterocytes 2	1.4872	0.6379
CASC16	Epi|Immature Enterocytes 2	1.9265	inf
CASP16	Epi|Immature Enterocytes 2	2.2851	inf
CDC42BPG	Epi|Immature Enterocytes 2	1.5335	0.2523
CDK20	Epi|Immature Enterocytes 2	1.1390	0.5377
CDKN2B-AS1	Epi|Immature Enterocytes 2	2.9758	0.9735
CES2	Epi|Immature Enterocytes 2	1.8832	0.5128
CES4A	Epi|Immature Enterocytes 2	0.7618	inf
CHP2	Epi|Immature Enterocytes 2	1.7100	0.5339
CHRNA1	Epi|Immature Enterocytes 2	2.2893	inf
CLDN8	Epi|Immature Enterocytes 2	1.9703	0.3127
CTAGE5	Epi|Immature Enterocytes 2	0.5997	0.3428
CTD-2288F12.1	Epi|Immature Enterocytes 2	1.2311	inf
CTD-2555C10.3	Epi|Immature Enterocytes 2	1.6595	inf
CYB561D1	Epi|Immature Enterocytes 2	1.1603	0.6144
CYP2C9	Epi|Immature Enterocytes 2	1.7562	inf
CYP4F11	Epi|Immature Enterocytes 2	1.2666	0.3930
CYP4F2	Epi|Immature Enterocytes 2	2.3718	inf
CYP4F3	Epi|Immature Enterocytes 2	1.3998	0.4722
DAO	Epi|Immature Enterocytes 2	3.0774	inf
DISP2	Epi|Immature Enterocytes 2	1.5453	0.8329
DNMBP-AS1	Epi|Immature Enterocytes 2	1.8167	inf
DQX1	Epi|Immature Enterocytes 2	0.9049	0.2855
ENTPD5	Epi|Immature Enterocytes 2	1.5415	0.5392
EPB41L4B	Epi|Immature Enterocytes 2	1.7014	0.4802
EPPK1	Epi|Immature Enterocytes 2	1.3443	0.4879
ERVK13-1	Epi|Immature Enterocytes 2	1.0167	0.9340
ETHE1	Epi|Immature Enterocytes 2	2.2377	0.6665
ETNK1	Epi|Immature Enterocytes 2	1.7800	0.3595
FABP1	Epi|Immature Enterocytes 2	3.4371	0.3242
FAM151A	Epi|Immature Enterocytes 2	2.0571	inf
FAM21A	Epi|Immature Enterocytes 2	1.4268	inf
FAM63A	Epi|Immature Enterocytes 2	1.7816	0.7730
FAM73B	Epi|Immature Enterocytes 2	1.2662	0.4102
FAM83E	Epi|Immature Enterocytes 2	0.9003	0.5420
FAM83H	Epi|Immature Enterocytes 2	1.2425	0.5275
FAM8A1	Epi|Immature Enterocytes 2	1.9080	0.3195
FGFBP1	Epi|Immature Enterocytes 2	1.4222	0.4669
FGFR3	Epi|Immature Enterocytes 2	1.3643	0.4066
FSIP1	Epi|Immature Enterocytes 2	1.8742	1.5064
GBA2	Epi|Immature Enterocytes 2	1.1172	0.3227
GDPD2	Epi|Immature Enterocytes 2	3.0043	1.3462
GLDN	Epi|Immature Enterocytes 2	2.5799	0.9671
GLOD5	Epi|Immature Enterocytes 2	1.4828	0.6815
GS1-393G12.12	Epi|Immature Enterocytes 2	1.2001	0.7186
HSD11B2	Epi|Immature Enterocytes 2	2.0428	1.3868
HSD3B2	Epi|Immature Enterocytes 2	3.5190	1.6017
IGSF9	Epi|Immature Enterocytes 2	2.7028	1.2613
ILDR1	Epi|Immature Enterocytes 2	1.2769	0.3059
INCA1	Epi|Immature Enterocytes 2	1.8033	1.0411
INPP5J	Epi|Immature Enterocytes 2	2.1206	1.4208
ISX	Epi|Immature Enterocytes 2	1.1415	0.2836
ITPKA	Epi|Immature Enterocytes 2	2.2750	1.3872
IYD	Epi|Immature Enterocytes 2	1.5900	0.9246
KBTBD11	Epi|Immature Enterocytes 2	1.6511	0.7057
KBTBD11-OT1	Epi|Immature Enterocytes 2	1.3656	0.3498
KCTD21	Epi|Immature Enterocytes 2	1.0900	0.6360
KIAA0556	Epi|Immature Enterocytes 2	0.9856	inf
KIAA1161	Epi|Immature Enterocytes 2	1.8098	0.2589
KIAA1919	Epi|Immature Enterocytes 2	0.7941	0.4257
KRT15	Epi|Immature Enterocytes 2	1.7911	0.7812
KRT19	Epi|Immature Enterocytes 2	3.0407	0.4710
KRT20	Epi|Immature Enterocytes 2	3.2271	0.2511
LDHD	Epi|Immature Enterocytes 2	1.8578	1.1073
LETM1	Epi|Immature Enterocytes 2	1.7058	0.3640
LIG4	Epi|Immature Enterocytes 2	1.1858	inf
LINC00482	Epi|Immature Enterocytes 2	2.1008	inf
LIPC	Epi|Immature Enterocytes 2	2.4431	inf
LRFN3	Epi|Immature Enterocytes 2	1.2388	0.7040
LTK	Epi|Immature Enterocytes 2	2.8085	1.6398
MARCH8	Epi|Immature Enterocytes 2	1.0699	0.2803
MAST3	Epi|Immature Enterocytes 2	1.7160	0.7666
MAVS	Epi|Immature Enterocytes 2	1.0896	0.5322
METTL7B	Epi|Immature Enterocytes 2	1.7548	0.4802
MOGAT3	Epi|Immature Enterocytes 2	1.8485	0.9833
MTMR4	Epi|Immature Enterocytes 2	0.8082	0.2571
MYO1A	Epi|Immature Enterocytes 2	1.5422	0.7498
NDUFA6-AS1	Epi|Immature Enterocytes 2	0.8057	0.3258
NIPA1	Epi|Immature Enterocytes 2	1.1437	0.4097
NOXA1	Epi|Immature Enterocytes 2	0.9207	0.3039
OPLAH	Epi|Immature Enterocytes 2	1.3252	0.3767
OR2A1-AS1	Epi|Immature Enterocytes 2	0.8920	0.3412
PADI2	Epi|Immature Enterocytes 2	1.7194	0.6285
PAFAH2	Epi|Immature Enterocytes 2	1.2837	0.5611
PCLO	Epi|Immature Enterocytes 2	1.1397	0.3938
PDE3A	Epi|Immature Enterocytes 2	1.3849	0.3039
PDE6A	Epi|Immature Enterocytes 2	2.3726	2.0268
PDZK1	Epi|Immature Enterocytes 2	2.5363	inf
PGPEP1	Epi|Immature Enterocytes 2	1.2807	0.3149
PHGR1	Epi|Immature Enterocytes 2	2.4041	0.4881
POF1B	Epi|Immature Enterocytes 2	1.2929	0.2693
PPARGC1A	Epi|Immature Enterocytes 2	1.5293	0.3866
PSCA	Epi|Immature Enterocytes 2	2.2504	inf
PTP4A1	Epi|Immature Enterocytes 2	1.2275	0.2982
RAD52	Epi|Immature Enterocytes 2	0.9899	inf
RAPGEFL1	Epi|Immature Enterocytes 2	1.7034	0.9776
RN7SL1	Epi|Immature Enterocytes 2	1.0987	inf
RN7SL777P	Epi|Immature Enterocytes 2	0.7975	inf
RNF128	Epi|Immature Enterocytes 2	1.2738	0.2723
RP1-249H1.4	Epi|Immature Enterocytes 2	0.9452	inf
RP1-278O22.1	Epi|Immature Enterocytes 2	1.8483	0.6681
RP1-60O19.1	Epi|Immature Enterocytes 2	1.9250	inf
RP11-119D9.1	Epi|Immature Enterocytes 2	0.8481	0.3813
RP11-164P12.4	Epi|Immature Enterocytes 2	1.3519	0.5729
RP11-175O19.4	Epi|Immature Enterocytes 2	1.3918	0.9153
RP11-191G24.1	Epi|Immature Enterocytes 2	1.4757	inf
RP11-252E2.1	Epi|Immature Enterocytes 2	1.9287	inf
RP11-286E11.1	Epi|Immature Enterocytes 2	1.5657	inf
RP11-296O14.3	Epi|Immature Enterocytes 2	2.1704	inf
RP11-305L7.6	Epi|Immature Enterocytes 2	2.0212	0.8911
RP11-326F20.5	Epi|Immature Enterocytes 2	1.7424	0.7681
RP11-33O4.1	Epi|Immature Enterocytes 2	1.5479	inf
RP11-383J24.6	Epi|Immature Enterocytes 2	1.2915	inf
RP11-473I1.9	Epi|Immature Enterocytes 2	1.1178	0.6627
RP11-511I2.2	Epi|Immature Enterocytes 2	2.2198	0.6323
RP11-59E19.1	Epi|Immature Enterocytes 2	2.7871	1.0565
RP11-61A14.3	Epi|Immature Enterocytes 2	1.2596	0.6591
RP11-64K12.10	Epi|Immature Enterocytes 2	1.8900	inf
RP11-708H21.4	Epi|Immature Enterocytes 2	1.4118	0.5653
RP11-783K16.5	Epi|Immature Enterocytes 2	1.3149	0.6004
RP11-797H7.5	Epi|Immature Enterocytes 2	1.4086	0.3881
RP11-800A18.4	Epi|Immature Enterocytes 2	1.6563	0.4961
RP11-800A3.4	Epi|Immature Enterocytes 2	1.7376	inf
RP11-801F7.1	Epi|Immature Enterocytes 2	1.4806	inf
RP11-963H4.3	Epi|Immature Enterocytes 2	1.4839	inf
RP3-395M20.8	Epi|Immature Enterocytes 2	1.4327	0.7073
RP4-758J24.5	Epi|Immature Enterocytes 2	1.1943	0.3320
RP5-882C2.2	Epi|Immature Enterocytes 2	1.2204	0.5374
SEMA3B-AS1	Epi|Immature Enterocytes 2	2.3443	inf
SESN2	Epi|Immature Enterocytes 2	1.3269	0.3529
SGK2	Epi|Immature Enterocytes 2	2.5225	0.6235
SHD	Epi|Immature Enterocytes 2	1.6342	0.8423
SHPK	Epi|Immature Enterocytes 2	1.0058	0.3308
SLC16A5	Epi|Immature Enterocytes 2	1.8524	0.6493
SLC23A1	Epi|Immature Enterocytes 2	2.2583	inf
SLC23A3	Epi|Immature Enterocytes 2	1.6136	inf
SLC25A34	Epi|Immature Enterocytes 2	1.9897	1.1561
SLC25A42	Epi|Immature Enterocytes 2	1.1784	0.3375
SLC26A2	Epi|Immature Enterocytes 2	2.9809	0.4116
SLC35D1	Epi|Immature Enterocytes 2	1.9114	0.5262
SLX1A	Epi|Immature Enterocytes 2	1.3031	0.3169
SP6	Epi|Immature Enterocytes 2	1.4105	inf
SULT1B1	Epi|Immature Enterocytes 2	2.0787	1.0473
TFCP2L1	Epi|Immature Enterocytes 2	1.2302	0.3470
TINCR	Epi|Immature Enterocytes 2	2.2493	0.6446
TLCD2	Epi|Immature Enterocytes 2	1.9475	inf
TMEM104	Epi|Immature Enterocytes 2	1.1849	0.3362
TMEM133	Epi|Immature Enterocytes 2	1.6594	inf
TMEM139	Epi|Immature Enterocytes 2	1.7981	0.5285
TMEM191C	Epi|Immature Enterocytes 2	1.5955	inf
TMEM253	Epi|Immature Enterocytes 2	1.7810	0.5825
TMEM72	Epi|Immature Enterocytes 2	1.7700	0.3673
TMEM82	Epi|Immature Enterocytes 2	2.2674	0.7081
TMPRSS4	Epi|Immature Enterocytes 2	1.5626	0.6088
TNNC2	Epi|Immature Enterocytes 2	1.9846	0.7928
TPRN	Epi|Immature Enterocytes 2	2.0590	0.4466
TRAPPC5	Epi|Immature Enterocytes 2	0.7783	0.3618
TSPAN8	Epi|Immature Enterocytes 2	1.1777	0.2919
UGT1A1	Epi|Immature Enterocytes 2	1.0947	inf
USP30	Epi|Immature Enterocytes 2	1.1241	0.4125
VIL1	Epi|Immature Enterocytes 2	1.2295	0.5012
WDR44	Epi|Immature Enterocytes 2	1.6978	0.4205
WDR78	Epi|Immature Enterocytes 2	1.7821	0.8833
ZBTB7C	Epi|Immature Enterocytes 2	1.5332	0.6068
ZNF20	Epi|Immature Enterocytes 2	1.3551	inf
ZNF213	Epi|Immature Enterocytes 2	0.9305	0.6612
ZNF487	Epi|Immature Enterocytes 2	0.9796	0.4415
ZNF57	Epi|Immature Enterocytes 2	1.1166	0.4978
ZNF575	Epi|Immature Enterocytes 2	2.3918	1.6122
ZSWIM3	Epi|Immature Enterocytes 2	1.1918	inf
AC011523.2	Epi|Immature Goblet	4.1754	2.1763
AGR2	Epi|Immature Goblet	2.3151	0.9901
ANO7	Epi|Immature Goblet	3.1705	0.8577
AQP3	Epi|Immature Goblet	3.8772	1.2800
B3GNT6	Epi|Immature Goblet	3.1534	0.2505
C12orf23	Epi|Immature Goblet	1.8466	0.4768
CACNA2D2	Epi|Immature Goblet	3.3643	0.7794
CCDC108	Epi|Immature Goblet	2.7095	0.7609
CCDC60	Epi|Immature Goblet	3.6485	1.8556
CGREF1	Epi|Immature Goblet	2.9999	1.5896
CLCA1	Epi|Immature Goblet	5.2935	2.2013
CREB3L4	Epi|Immature Goblet	2.5337	0.6531
CTD-2547H18.1	Epi|Immature Goblet	3.0151	1.5952
FAM174B	Epi|Immature Goblet	2.8886	0.6735
FIBCD1	Epi|Immature Goblet	1.7355	0.4281
GALNT8	Epi|Immature Goblet	3.6564	inf
HEPACAM2	Epi|Immature Goblet	3.5711	0.4798
HOXA-AS3	Epi|Immature Goblet	2.4833	0.6371
IGFALS	Epi|Immature Goblet	4.2538	inf
ITLN1	Epi|Immature Goblet	5.9765	2.7553
ITM2A	Epi|Immature Goblet	4.1626	0.7438
KLK1	Epi|Immature Goblet	4.6127	1.6474
KLK12	Epi|Immature Goblet	3.6200	1.4286
KLK15	Epi|Immature Goblet	4.0924	2.1844
KLK3	Epi|Immature Goblet	3.8712	2.2590
KLK4	Epi|Immature Goblet	3.2270	0.4666
LA16c-395F10.2	Epi|Immature Goblet	2.9006	0.4437
LINC00238	Epi|Immature Goblet	3.7304	1.3781
LINC00261	Epi|Immature Goblet	3.4286	1.2415
LRRC26	Epi|Immature Goblet	4.3581	1.9769
MB	Epi|Immature Goblet	3.3927	0.5046
MEI1	Epi|Immature Goblet	3.9616	0.9290
PPM1K	Epi|Immature Goblet	1.9006	0.4641
PRIMPOL	Epi|Immature Goblet	2.4184	0.3604
RAP1GAP	Epi|Immature Goblet	3.5177	1.3132
REG4	Epi|Immature Goblet	2.7887	1.0839
REP15	Epi|Immature Goblet	4.2738	0.2594
RETNLB	Epi|Immature Goblet	4.8060	1.5991
RP11-1398P2.1	Epi|Immature Goblet	3.1565	0.5363
RP11-234B24.2	Epi|Immature Goblet	3.2953	1.0818
SELK	Epi|Immature Goblet	2.0237	0.3807
SLC4A7	Epi|Immature Goblet	2.5463	0.7838
SLC7A4	Epi|Immature Goblet	3.3055	inf
SP5	Epi|Immature Goblet	2.9271	1.0298
SPDEF	Epi|Immature Goblet	2.9294	0.3799
SPINK1	Epi|Immature Goblet	2.2101	0.3311
SPINK4	Epi|Immature Goblet	4.8556	2.4092
SYP	Epi|Immature Goblet	1.7379	1.0810
SYTL1	Epi|Immature Goblet	2.7068	1.1154
TFF3	Epi|Immature Goblet	6.0017	1.2508
TMEM61	Epi|Immature Goblet	3.3751	1.3351
UGT2B7	Epi|Immature Goblet	1.7123	0.6846
WFDC2	Epi|Immature Goblet	3.7451	0.5700
WFDC3	Epi|Immature Goblet	2.3888	0.8816
AC005154.6	Epi|M cells	2.0083	0.5880
AC005355.2	Epi|M cells	1.5499	0.4340
AC005550.3	Epi|M cells	4.2470	1.3665
AC026471.6	Epi|M cells	3.6434	2.3770
AC145212.1	Epi|M cells	2.9633	0.5531
ADAM28	Epi|M cells	5.8227	2.2378
ADAR	Epi|M cells	1.6068	0.5502
AGMO	Epi|M cells	4.9320	inf
AK8	Epi|M cells	7.4421	2.5381
AKAP8L	Epi|M cells	1.6568	0.4472
AKR1C2	Epi|M cells	3.5218	2.0473
AKTIP	Epi|M cells	2.1459	0.4744
AL592284.1	Epi|M cells	2.5303	1.0449
ALDOB	Epi|M cells	3.6696	0.2669
ANKRA2	Epi|M cells	1.6109	0.4154
ANKRD34A	Epi|M cells	10.4698	inf
ANKRD49	Epi|M cells	1.4395	0.6380
ANO9	Epi|M cells	2.3600	0.9018
APIP	Epi|M cells	2.6863	0.5691
ARL2BP	Epi|M cells	1.8548	0.4965
ARNT2	Epi|M cells	5.4220	1.7987
ASH1L	Epi|M cells	1.1632	0.3294
ATP11B	Epi|M cells	2.6700	1.5467
ATP2B4	Epi|M cells	4.3862	2.2667
ATP8A1	Epi|M cells	2.4821	0.2649
AVL9	Epi|M cells	1.7423	0.7837
B3GALT5	Epi|M cells	2.2122	0.3811
BAHD1	Epi|M cells	1.7135	0.3187
BMP7	Epi|M cells	6.1499	1.5569
C15orf57	Epi|M cells	1.9181	0.7924
C2orf68	Epi|M cells	1.6778	0.7192
C7orf31	Epi|M cells	1.8708	0.5506
CAV1	Epi|M cells	8.7719	2.9724
CCDC130	Epi|M cells	1.7403	0.6241
CCDC24	Epi|M cells	1.8983	1.0165
CCDC88B	Epi|M cells	1.9179	0.6481
CCL15	Epi|M cells	3.8498	2.2916
CCL20	Epi|M cells	7.0718	2.6185
CCL23	Epi|M cells	10.0088	3.5886
CCNT2	Epi|M cells	1.3359	0.2795
CD47	Epi|M cells	1.6892	0.4135
CDHR1	Epi|M cells	2.3708	0.3190
CDK19	Epi|M cells	2.0588	0.3195
CELSR1	Epi|M cells	4.5286	0.4424
CFLAR	Epi|M cells	3.0662	1.1122
CHPT1	Epi|M cells	1.6831	0.2508
CLGN	Epi|M cells	5.4618	1.8175
CLK1	Epi|M cells	1.2211	0.4849
CMTM7	Epi|M cells	5.3520	3.7037
CNOT4	Epi|M cells	1.3859	0.3956
COL11A2	Epi|M cells	9.1830	5.9843
COL16A1	Epi|M cells	4.5514	0.6507
COL2A1	Epi|M cells	8.5782	inf
COL3A1	Epi|M cells	7.3524	0.9263
CORO1A	Epi|M cells	4.1463	0.4588
CPEB2	Epi|M cells	2.6817	0.5716
CRABP2	Epi|M cells	7.2540	0.8402
CREBBP	Epi|M cells	1.3025	0.2716
CSRP2	Epi|M cells	7.3840	1.1168
CTBS	Epi|M cells	1.7364	0.8048
CTC-459F4.3	Epi|M cells	1.9986	1.0137
CTD-2377D24.6	Epi|M cells	1.9776	0.8102
CTSE	Epi|M cells	5.6498	1.4673
CX3CL1	Epi|M cells	6.1049	1.6223
DDX17	Epi|M cells	1.6492	0.3556
DDX5	Epi|M cells	1.8698	0.3517
DMXL1	Epi|M cells	2.1316	1.1154
DYRK1A	Epi|M cells	1.5972	0.4981
DZIP3	Epi|M cells	2.8851	1.3896
EIF5A2	Epi|M cells	4.5969	3.1591
EMB	Epi|M cells	4.0906	2.4716
ENPP2	Epi|M cells	8.6318	2.8975
FAAH2	Epi|M cells	2.2898	0.3433
FAM126B	Epi|M cells	1.9736	0.9150
FAM199X	Epi|M cells	1.5940	0.6419
FAM26F	Epi|M cells	5.0824	0.7762
FAM3C	Epi|M cells	3.5736	1.5562
FECH	Epi|M cells	2.4923	0.9876
FERMT1	Epi|M cells	3.0517	1.1508
FNBP1	Epi|M cells	3.3187	0.9908
FOXA1	Epi|M cells	1.7794	0.6948
FOXK1	Epi|M cells	1.8008	0.3120
FOXP4	Epi|M cells	1.8300	0.7319
FYCO1	Epi|M cells	2.7970	0.8869
FZD7	Epi|M cells	4.9886	1.3532
GABRP	Epi|M cells	7.1483	inf
GJB3	Epi|M cells	3.5589	2.1510
GJB4	Epi|M cells	5.6119	inf
GLRA2	Epi|M cells	4.3629	inf
GLRX	Epi|M cells	2.5748	0.8127
GLS	Epi|M cells	2.3678	0.3767
GOSR1	Epi|M cells	1.6420	0.6016
GPR107	Epi|M cells	2.5284	0.3682
GPR128	Epi|M cells	4.0037	0.9171
GPX2	Epi|M cells	2.1259	0.2583
GSAP	Epi|M cells	4.2740	1.6305
HELZ	Epi|M cells	1.9716	0.7183
HGD	Epi|M cells	3.0551	1.4900
HIPK2	Epi|M cells	2.7374	1.0984
HNRNPL	Epi|M cells	1.2796	0.3549
HOOK3	Epi|M cells	1.8003	0.3042
HOTTIP	Epi|M cells	1.3978	0.5528
HOXA13	Epi|M cells	1.8537	0.7153
HOXB13	Epi|M cells	1.6643	0.5052
HOXD13	Epi|M cells	3.0535	1.7193
ICAM1	Epi|M cells	6.4268	2.8473
ICAM2	Epi|M cells	7.3561	4.1195
IFI27L2	Epi|M cells	2.1125	0.4355
IFIH1	Epi|M cells	2.5053	0.5727
IFNAR2	Epi|M cells	3.5176	1.1247
IGHG1	Epi|M cells	3.9299	0.7168
IGHG3	Epi|M cells	3.6654	0.4364
IGHG4	Epi|M cells	4.0451	1.2619
IHH	Epi|M cells	1.6344	0.7094
IL1B	Epi|M cells	6.3316	0.5727
IL2RG	Epi|M cells	3.7038	0.8570
IL34	Epi|M cells	7.4629	2.7029
INPP4A	Epi|M cells	3.4280	2.6080
IRF3	Epi|M cells	1.4123	0.3954
ITGAM	Epi|M cells	9.4041	5.4836
JAK2	Epi|M cells	3.8444	1.2656
KCNE2	Epi|M cells	4.2608	2.6556
KCNJ2	Epi|M cells	3.9130	2.8719
KDM3B	Epi|M cells	1.6348	0.4360
KIAA0430	Epi|M cells	1.5810	0.3662
KIAA0907	Epi|M cells	1.4693	0.6952
KIAA1147	Epi|M cells	3.3377	0.8683
KIAA2026	Epi|M cells	1.3741	0.2832
KIF13B	Epi|M cells	2.1414	0.5090
KIF1B	Epi|M cells	2.2419	0.4580
KLF5	Epi|M cells	1.4920	0.2673
LACTB2	Epi|M cells	2.5971	0.9519
LECT1	Epi|M cells	6.7665	inf
LIN7C	Epi|M cells	1.3599	0.2566
LIX1L	Epi|M cells	6.4164	4.4672
LMF1	Epi|M cells	3.2055	1.0806
LMO4	Epi|M cells	3.4336	1.5361
LPXN	Epi|M cells	2.9362	0.7407
LTB	Epi|M cells	7.2419	2.8301
MALT1	Epi|M cells	3.5840	1.7808
MAML2	Epi|M cells	2.2930	0.8285
MAP3K6	Epi|M cells	3.9831	1.2868
MAP3K7	Epi|M cells	2.0583	0.4667
MAPKAPK2	Epi|M cells	1.9707	0.4935
MARCH6	Epi|M cells	1.1716	0.4520
MED13	Epi|M cells	1.4148	0.3007
METTL14	Epi|M cells	1.5743	0.3871
MLF1	Epi|M cells	2.9850	0.5107
MMD	Epi|M cells	3.4673	0.6522
MOGAT2	Epi|M cells	1.7529	0.2694
MSI2	Epi|M cells	2.1042	1.1151
MST1R	Epi|M cells	1.7372	0.2912
MYCBP2	Epi|M cells	1.7014	0.2795
N4BP2L1	Epi|M cells	2.3647	0.9504
NCCRP1	Epi|M cells	11.1856	inf
NCF4	Epi|M cells	4.6728	1.1214
NCOA3	Epi|M cells	2.6864	0.4738
NEK7	Epi|M cells	1.7901	0.3819
NFE2L3	Epi|M cells	4.1244	1.5163
NFKB1	Epi|M cells	2.4313	0.4290
NFKB2	Epi|M cells	4.3747	2.2173
NFKBIE	Epi|M cells	3.2229	0.8993
NIPAL3	Epi|M cells	2.2157	0.7382
NKTR	Epi|M cells	1.5444	0.7830
NMT1	Epi|M cells	2.0102	0.5652
NOXO1	Epi|M cells	2.9611	1.9634
NPB	Epi|M cells	7.6397	inf
NPC1	Epi|M cells	2.5232	0.7446
NRDE2	Epi|M cells	1.6784	0.6509
NTRK2	Epi|M cells	5.6914	4.2861
ODF3B	Epi|M cells	2.5610	0.6962
OGFRL1	Epi|M cells	5.2343	1.8563
ORAI3	Epi|M cells	2.4205	0.6211
PAN3	Epi|M cells	1.9118	0.8071
PAPD4	Epi|M cells	1.5320	0.2631
PAPLN	Epi|M cells	7.9425	3.0977
PARP3	Epi|M cells	2.1762	0.5489
PDE4B	Epi|M cells	5.4270	4.1252
PET100	Epi|M cells	1.5045	0.4766
PFKFB3	Epi|M cells	3.5011	0.6720
PI3	Epi|M cells	3.6668	1.0130
PIK3AP1	Epi|M cells	4.0278	0.7869
PLAU	Epi|M cells	8.1263	3.4723
PLEKHS1	Epi|M cells	3.6637	2.1982
PNRC1	Epi|M cells	2.0485	0.4009
POGZ	Epi|M cells	1.9856	0.4944
POLD1	Epi|M cells	4.2469	1.0503
POLR2J3	Epi|M cells	1.3362	0.2699
POLR3GL	Epi|M cells	1.7423	0.2585
PON3	Epi|M cells	5.2290	0.9910
PPFIBP2	Epi|M cells	1.6740	0.5966
PPM1L	Epi|M cells	3.4306	2.5126
PPP1R26	Epi|M cells	2.1480	1.0051
PPP1R9A	Epi|M cells	2.5193	1.1310
PRAC1	Epi|M cells	1.8538	0.4975
PRKCG	Epi|M cells	6.9151	inf
PRPF38B	Epi|M cells	1.3046	0.3072
PRSS36	Epi|M cells	3.1637	1.2800
PTAFR	Epi|M cells	7.1414	3.0813
RANBP17	Epi|M cells	2.9593	1.7927
RASA1	Epi|M cells	1.9737	0.3120
RASAL1	Epi|M cells	3.6647	2.6868
RBM26	Epi|M cells	1.1901	0.2928
RC3H1	Epi|M cells	1.7352	0.5292
RGS9	Epi|M cells	6.8389	inf
RHOQ	Epi|M cells	3.6743	1.5539
RNF125	Epi|M cells	2.9060	0.2791
RNF138	Epi|M cells	1.7208	0.5316
RNF145	Epi|M cells	2.6736	0.8425
RNF207	Epi|M cells	4.0453	2.1263
RP1-193H18.2	Epi|M cells	2.2451	0.9126
RP1-3J17.3	Epi|M cells	2.2371	0.9507
RP11-161M6.2	Epi|M cells	9.6312	inf
RP11-277P12.20	Epi|M cells	3.4552	2.3561
RP11-283G6.4	Epi|M cells	10.1356	inf
RP11-599B13.3	Epi|M cells	10.1544	inf
RP11-640M9.1	Epi|M cells	2.1316	0.3420
RP11-81H14.2	Epi|M cells	6.1869	3.0803
RP5-894A10.2	Epi|M cells	3.6731	2.5380
RSPH1	Epi|M cells	1.2850	0.5017
RYBP	Epi|M cells	2.2181	0.3908
SDC2	Epi|M cells	6.1052	1.0873
SEC62	Epi|M cells	1.7787	0.6479
SELM	Epi|M cells	4.4207	0.7873
SEMA4C	Epi|M cells	4.1548	1.0105
SEMA4G	Epi|M cells	1.3998	0.2890
SERPINB5	Epi|M cells	2.5003	0.8240
SF3B1	Epi|M cells	1.1635	0.2577
SHF	Epi|M cells	4.0040	2.0645
SHROOM3	Epi|M cells	1.8159	0.5525
SI	Epi|M cells	2.5288	1.3818
SLC22A23	Epi|M cells	1.3755	0.3739
SLC25A22	Epi|M cells	3.2416	1.6213
SLC25A40	Epi|M cells	2.8265	0.5613
SLC27A3	Epi|M cells	4.1646	1.7328
SLC28A2	Epi|M cells	2.8002	1.4660
SLC2A6	Epi|M cells	6.5094	2.2539
SLC5A1	Epi|M cells	3.7040	2.0994
SLC5A6	Epi|M cells	2.1552	0.3154
SLC7A1	Epi|M cells	1.8948	0.5020
SMAP2	Epi|M cells	2.5403	0.7707
SMARCA2	Epi|M cells	2.4584	0.8775
SNX10	Epi|M cells	5.0531	2.1964
SOCS1	Epi|M cells	3.8988	1.3832
SON	Epi|M cells	1.4845	0.5915
SOX8	Epi|M cells	11.2265	inf
SPAG1	Epi|M cells	1.4808	0.3749
SPINK5	Epi|M cells	5.1210	1.0289
SRCAP	Epi|M cells	2.1979	1.0473
STAT1	Epi|M cells	2.0133	0.5961
STAT5A	Epi|M cells	3.0544	0.9430
STRN	Epi|M cells	1.7497	0.4457
STX17	Epi|M cells	1.9665	0.5260
SULF2	Epi|M cells	3.3394	0.3090
SYNPO2	Epi|M cells	9.3594	3.2698
TBL1XR1	Epi|M cells	1.4361	0.2887
TBXAS1	Epi|M cells	3.9971	0.6813
TCEAL3	Epi|M cells	3.4976	0.9748
TCF12	Epi|M cells	3.2722	1.5159
TESC	Epi|M cells	6.7072	3.6062
TGIF2	Epi|M cells	3.8957	1.7252
THUMPD1	Epi|M cells	1.6442	0.6003
TINAG	Epi|M cells	2.4858	1.2020
TM7SF3	Epi|M cells	2.9550	1.4177
TM9SF4	Epi|M cells	1.7630	0.8222
TMC6	Epi|M cells	2.3150	0.3662
TMED6	Epi|M cells	2.4875	0.8754
TMEM106B	Epi|M cells	2.1435	0.7422
TMEM158	Epi|M cells	7.6133	2.0406
TMEM33	Epi|M cells	1.7583	0.5098
TMTC2	Epi|M cells	2.7362	0.2960
TNFAIP2	Epi|M cells	9.7585	6.7856
TNFAIP3	Epi|M cells	4.3311	1.2117
TNFRSF11A	Epi|M cells	3.4034	2.2460
TNKS2	Epi|M cells	1.7771	0.5795
TRA2A	Epi|M cells	1.6235	0.3682
TRADD	Epi|M cells	1.1858	0.2693
TRAF3	Epi|M cells	2.1290	0.4524
TRIM22	Epi|M cells	3.4922	1.9385
TRIM33	Epi|M cells	1.4138	0.4565
TTC14	Epi|M cells	1.5746	0.5543
TTC39B	Epi|M cells	2.5886	0.4526
UBE2W	Epi|M cells	2.7492	1.2735
UBE3A	Epi|M cells	1.5401	0.4329
UBN2	Epi|M cells	1.5650	0.3839
UNC13D	Epi|M cells	2.4255	0.3866
UNC5CL	Epi|M cells	3.3977	3.1214
USP18	Epi|M cells	3.2176	0.4116
VANGL2	Epi|M cells	4.0814	1.8632
VPS13C	Epi|M cells	2.2170	1.1474
VRK2	Epi|M cells	2.5299	0.7086
WAPAL	Epi|M cells	2.1428	0.6877
WIPF3	Epi|M cells	5.9047	4.4317
XIST	Epi|M cells	2.5531	1.6185
ZBTB10	Epi|M cells	1.6507	0.3738
ZBTB18	Epi|M cells	3.3015	1.5443
ZDHHC2	Epi|M cells	1.7191	0.2991
ZDHHC6	Epi|M cells	2.4357	1.0459
ZMYM2	Epi|M cells	1.5582	0.5189
ZNF189	Epi|M cells	3.6503	2.2850
ZNF267	Epi|M cells	2.6149	0.6500
ZNF451	Epi|M cells	1.5197	0.3543
ZNF830	Epi|M cells	1.6308	0.4953
ZSWIM8	Epi|M cells	2.0131	0.3497
AC005152.2	Epi|Secretory TA	1.6876	0.7887
ACTL10	Epi|Secretory TA	1.2691	0.3065
ALG1L	Epi|Secretory TA	1.8421	1.0480
ARVCF	Epi|Secretory TA	1.7044	0.5051
BCORL1	Epi|Secretory TA	1.4994	0.2527
CBX4	Epi|Secretory TA	1.4622	0.2729
CCDC120	Epi|Secretory TA	0.7810	0.5928
CHIC1	Epi|Secretory TA	0.9175	0.3167
CLCN6	Epi|Secretory TA	0.7357	0.3232
COG3	Epi|Secretory TA	0.8830	0.2618
CRYBB2	Epi|Secretory TA	1.1129	0.3820
CTA-211A9.5	Epi|Secretory TA	1.1012	0.3204
CTD-2020K17.4	Epi|Secretory TA	1.2668	0.3555
DAGLA	Epi|Secretory TA	1.3161	0.4009
DDO	Epi|Secretory TA	1.4975	0.4242
ERCC6	Epi|Secretory TA	1.1278	0.5616
FAM222A	Epi|Secretory TA	2.1100	0.6617
GNG4	Epi|Secretory TA	1.6778	0.6585
HIC2	Epi|Secretory TA	1.0032	0.2768
HPCA	Epi|Secretory TA	0.8882	inf
IFT140	Epi|Secretory TA	1.3217	0.4912
IGSF22	Epi|Secretory TA	1.7125	0.5537
KCNJ12	Epi|Secretory TA	2.2775	0.7020
KPNA5	Epi|Secretory TA	1.5047	0.9238
L1TD1	Epi|Secretory TA	1.9177	0.2727
LINC01006	Epi|Secretory TA	1.3419	0.5213
LRRC31	Epi|Secretory TA	0.9493	0.5748
LRSAM1	Epi|Secretory TA	1.2699	0.3593
LYSMD4	Epi|Secretory TA	0.8590	0.2574
MAPK8IP3	Epi|Secretory TA	0.8594	0.2927
MNX1	Epi|Secretory TA	1.4934	0.4002
MT-TH	Epi|Secretory TA	0.9800	0.6355
MZF1	Epi|Secretory TA	0.9582	0.2952
PHKA1	Epi|Secretory TA	1.6959	0.5899
PIK3R2	Epi|Secretory TA	1.6815	0.2630
PNPLA7	Epi|Secretory TA	0.7781	inf
RNF208	Epi|Secretory TA	1.2882	0.4668
RP11-248G5.8	Epi|Secretory TA	1.2035	0.3208
RP11-504P24.8	Epi|Secretory TA	1.1041	0.4644
RP11-627G23.1	Epi|Secretory TA	1.1300	0.3536
RP11-69E11.4	Epi|Secretory TA	1.2820	0.3523
RP11-74E22.3	Epi|Secretory TA	0.7347	inf
RP11-91J19.4	Epi|Secretory TA	1.6257	0.4300
RP11-977G19.5	Epi|Secretory TA	1.2967	0.4091
RP13-580F15.2	Epi|Secretory TA	0.7566	0.3284
SARM1	Epi|Secretory TA	1.1203	0.3234
SEC31B	Epi|Secretory TA	0.9907	0.2844
SHH	Epi|Secretory TA	0.9864	0.8067
STAG3L5P-PVRIG2P-PILRB	Epi|Secretory TA	1.2824	0.4546
TIGD5	Epi|Secretory TA	1.4948	0.2928
U3	Epi|Secretory TA	0.8504	0.7600
UNC13B	Epi|Secretory TA	1.2492	0.4936
URAD	Epi|Secretory TA	1.4567	0.2544
USP20	Epi|Secretory TA	0.9249	0.2564
USP21	Epi|Secretory TA	1.3547	0.4397
VMAC	Epi|Secretory TA	1.0154	0.3137
YJEFN3	Epi|Secretory TA	1.1123	0.2584
ZNF133	Epi|Secretory TA	1.3894	0.3595
ZNF337	Epi|Secretory TA	1.6058	0.5356
ZNF662	Epi|Secretory TA	1.4640	0.4904
ZNF740	Epi|Secretory TA	1.4440	0.3188
ZNF783	Epi|Secretory TA	1.4889	0.3497
ZNF784	Epi|Secretory TA	0.9086	0.2620
ZNF837	Epi|Secretory TA	1.3070	0.5918
ZNF839	Epi|Secretory TA	1.1816	0.2530
ZNF862	Epi|Secretory TA	1.3056	inf
ZNF865	Epi|Secretory TA	1.0856	0.4390
ZSCAN2	Epi|Secretory TA	1.4661	0.5660
ZSCAN25	Epi|Secretory TA	1.1360	0.3226
AASDHPPT	Epi|Stem	1.5026	0.2759
AC002310.12	Epi|Stem	1.3943	0.4183
AC011841.1	Epi|Stem	2.9587	1.7281
AC073283.4	Epi|Stem	1.8988	0.5394
AC079602.1	Epi|Stem	1.5032	0.6249
AC097500.2	Epi|Stem	1.5000	0.9063
ACCS	Epi|Stem	1.5233	0.3445
ACP6	Epi|Stem	1.4696	0.3028
ACSM3	Epi|Stem	1.7104	0.2541
ACTR5	Epi|Stem	1.3321	0.3274
ADAT2	Epi|Stem	1.4919	0.2685
ADPRM	Epi|Stem	1.4303	0.3222
AL136419.6	Epi|Stem	0.9566	0.3556
AL591479.1	Epi|Stem	1.3689	0.5011
AL592183.1	Epi|Stem	1.0050	0.3084
AMZ2	Epi|Stem	1.6274	0.2902
ANXA6	Epi|Stem	2.8974	1.0496
AP000344.3	Epi|Stem	2.8277	1.4774
APEX1	Epi|Stem	2.1883	0.5392
ARHGAP5-AS1	Epi|Stem	1.4051	0.4601
ARHGAP8	Epi|Stem	1.4085	0.3344
ARMCX5	Epi|Stem	1.3477	0.2810
ASCL2	Epi|Stem	4.8320	1.6301
ATF7IP	Epi|Stem	1.0306	0.3492
ATHL1	Epi|Stem	2.1800	0.5995
AXIN2	Epi|Stem	2.1575	0.5972
BCL2	Epi|Stem	1.9196	0.2836
BCL9	Epi|Stem	1.7899	0.3914
BTG2	Epi|Stem	2.1029	0.2655
C11orf1	Epi|Stem	1.6580	0.4111
C17orf100	Epi|Stem	2.0826	1.2352
C17orf76-AS1	Epi|Stem	2.3036	0.4523
C19orf45	Epi|Stem	2.9024	0.5759
C2CD4D	Epi|Stem	2.7208	1.3443
C2ORF15	Epi|Stem	1.8377	0.5568
C6orf48	Epi|Stem	2.2009	0.3671
CACNA1D	Epi|Stem	1.9144	0.8372
CAMSAP1	Epi|Stem	1.2679	0.2672
CBWD5	Epi|Stem	1.1444	0.4062
CBWD6	Epi|Stem	1.1018	0.3531
CBX8	Epi|Stem	1.6045	0.4761
CCDC101	Epi|Stem	1.3230	0.3755
CCDC59	Epi|Stem	1.4286	0.2652
CCSER2	Epi|Stem	2.0359	0.2591
CD44	Epi|Stem	2.0331	0.4121
CDK6	Epi|Stem	2.8145	1.0011
CDKN1B	Epi|Stem	1.6076	0.3316
CELF5	Epi|Stem	2.5725	1.5538
CIRBP	Epi|Stem	1.6754	0.5007
CKMT2-AS1	Epi|Stem	1.9095	0.2993
COQ10A	Epi|Stem	1.6957	0.6684
CRB2	Epi|Stem	2.1230	0.3526
CRYM	Epi|Stem	1.7255	0.3658
CSRP2BP	Epi|Stem	1.3095	0.3138
CTC-210G5.1	Epi|Stem	1.8915	1.1792
CUTA	Epi|Stem	1.7126	0.2722
CYP4X1	Epi|Stem	4.2389	inf
DACT2	Epi|Stem	3.0288	1.4109
DCP1A	Epi|Stem	1.2770	0.3804
DICER1-AS1	Epi|Stem	1.2510	0.6055
DNAAF2	Epi|Stem	1.4648	0.3143
DPH5	Epi|Stem	1.8155	0.3782
EEF1A1	Epi|Stem	1.8834	0.4623
EEF1G	Epi|Stem	1.7170	0.5061
EEF2	Epi|Stem	1.8370	0.3344
EHMT2	Epi|Stem	1.5628	0.2529
EIF2A	Epi|Stem	1.8436	0.8032
EIF3D	Epi|Stem	2.1682	0.7471
EIF3E	Epi|Stem	1.9201	0.5818
EIF3F	Epi|Stem	1.9127	0.4106
EIF3L	Epi|Stem	2.1409	0.3127
EIF4A2	Epi|Stem	1.5976	0.4280
EIF4B	Epi|Stem	1.6694	0.3942
ENPP5	Epi|Stem	1.9576	0.6994
EPB41L4A-AS1	Epi|Stem	2.6370	0.4989
EPHB3	Epi|Stem	3.3938	0.2547
ERV3-1	Epi|Stem	1.6013	0.2686
FAM175A	Epi|Stem	2.0514	0.7541
FAM179B	Epi|Stem	1.3569	0.5241
FAM215B	Epi|Stem	1.5643	0.3671
FAM71E1	Epi|Stem	1.6539	0.4966
FAM83B	Epi|Stem	1.0146	0.6030
FAM86B1	Epi|Stem	1.6833	0.4521
FGFBP3	Epi|Stem	1.6326	0.3507
FGFRL1	Epi|Stem	2.0587	0.4417
FOXP1-IT1	Epi|Stem	0.9314	0.3161
FUZ	Epi|Stem	1.8248	0.2539
GABPB1-AS1	Epi|Stem	1.9525	0.7909
GAMT	Epi|Stem	2.9435	0.9941
GAS5	Epi|Stem	2.8569	0.7294
GATA6-AS1	Epi|Stem	1.4099	0.4874
GK5	Epi|Stem	1.0584	0.4385
GLTSCR2	Epi|Stem	2.3943	0.6136
GNB2L1	Epi|Stem	2.2365	0.4460
GOLGA8B	Epi|Stem	1.5331	0.3786
GOLT1A	Epi|Stem	1.5001	0.3053
GP2	Epi|Stem	2.6658	0.6299
HAS2-AS1	Epi|Stem	2.6638	0.8258
HCG18	Epi|Stem	1.1253	0.2705
HNF1A-AS1	Epi|Stem	1.6893	0.7903
HNRNPA1	Epi|Stem	2.1839	0.2508
HPS4	Epi|Stem	1.2473	0.4332
IKZF5	Epi|Stem	1.3567	0.3605
IMPDH2	Epi|Stem	2.4680	0.4545
IRF2BP2	Epi|Stem	1.7837	0.3938
ITFG2	Epi|Stem	1.1603	0.3073
KB-431C1.4	Epi|Stem	1.5091	0.2616
KCP	Epi|Stem	2.5686	1.4495
KCTD14	Epi|Stem	1.4987	0.2891
KCTD18	Epi|Stem	1.0975	0.2877
KLHL24	Epi|Stem	1.5143	0.4205
L3MBTL3	Epi|Stem	1.5377	0.3187
LCN12	Epi|Stem	1.5029	0.6977
LEFTY1	Epi|Stem	3.1778	0.4014
LETMD1	Epi|Stem	1.8989	0.6548
LGR5	Epi|Stem	4.6933	2.7160
LGR6	Epi|Stem	2.5438	0.6000
LINC00176	Epi|Stem	4.7818	0.2894
LINC00338	Epi|Stem	1.6570	0.4772
LINC00526	Epi|Stem	1.1505	0.3986
LINC00662	Epi|Stem	1.6925	0.6576
LINC00667	Epi|Stem	1.4002	0.3040
LINC00680	Epi|Stem	1.5275	0.6477
LINC00847	Epi|Stem	1.5075	0.6341
LINC00920	Epi|Stem	2.6378	1.1153
LRIG1	Epi|Stem	2.3187	0.2661
MCF2L-AS1	Epi|Stem	1.5284	0.2597
MED17	Epi|Stem	1.1825	0.4607
METAP1D	Epi|Stem	2.4030	1.1275
METTL16	Epi|Stem	1.3741	0.3103
MKRN2	Epi|Stem	1.3529	0.2962
MNX1-AS1	Epi|Stem	2.4933	0.6882
MST1	Epi|Stem	1.6385	0.3561
MT1A	Epi|Stem	1.8596	0.6145
MTR	Epi|Stem	1.5893	0.2632
MYC	Epi|Stem	2.4147	0.2644
NACA	Epi|Stem	1.7914	0.3226
NARS2	Epi|Stem	1.7591	0.2821
NEIL2	Epi|Stem	1.9696	0.2990
NOB1	Epi|Stem	2.2759	0.5090
NR0B2	Epi|Stem	4.0406	2.3028
NR6A1	Epi|Stem	1.4112	0.6155
OSER1-AS1	Epi|Stem	1.7058	0.5007
OXGR1	Epi|Stem	3.7644	inf
PAAF1	Epi|Stem	1.8196	0.4796
PART1	Epi|Stem	1.6449	0.2572
PCNXL2	Epi|Stem	1.6635	0.6162
PGAP1	Epi|Stem	2.1279	0.3800
PHF20	Epi|Stem	1.6534	0.3618
PHLDA1	Epi|Stem	3.9338	0.3183
PLK1S1	Epi|Stem	1.6968	0.4599
PPM1H	Epi|Stem	2.6285	0.9733
PRDX5	Epi|Stem	1.9951	0.3367
PRKAA2	Epi|Stem	2.0500	0.9113
PRKAG2-AS1	Epi|Stem	2.0930	0.3753
PRKRIR	Epi|Stem	1.4438	0.3253
PROSER1	Epi|Stem	1.2635	0.3225
PRR4	Epi|Stem	1.3203	0.2679
PRSS21	Epi|Stem	2.6177	0.3957
PSTK	Epi|Stem	1.7596	0.5447
PTP4A3	Epi|Stem	3.2321	0.3351
PWAR6	Epi|Stem	2.6500	inf
RBAK	Epi|Stem	1.3319	0.3458
REEP6	Epi|Stem	1.5111	0.3234
RGMB	Epi|Stem	3.8718	1.7509
RNF186	Epi|Stem	1.7933	0.3341
RNF214	Epi|Stem	1.1380	0.2588
RNF43	Epi|Stem	2.0442	0.8179
RP1-74M1.3	Epi|Stem	2.5505	0.5336
RP11-119F19.2	Epi|Stem	1.5849	0.6452
RP11-137L10.6	Epi|Stem	1.1078	0.4567
RP11-150O12.3	Epi|Stem	2.4355	1.0277
RP11-18I14.10	Epi|Stem	1.5287	0.3141
RP11-22C11.2	Epi|Stem	1.1943	0.2930
RP11-258C19.7	Epi|Stem	1.6512	0.6108
RP11-279F6.1	Epi|Stem	2.4921	0.8395
RP11-285F7.2	Epi|Stem	1.8958	0.3775
RP11-332H14.2	Epi|Stem	1.2665	0.3582
RP11-385D13.3	Epi|Stem	2.0598	0.3454
RP11-392P7.6	Epi|Stem	1.6961	0.5730
RP11-403I13.5	Epi|Stem	2.6048	0.7197
RP11-83A24.2	Epi|Stem	1.1838	0.7651
RP11-91K11.2	Epi|Stem	1.9331	0.6357
RP13-401N8.1	Epi|Stem	2.4267	0.8015
RP4-717I23.3	Epi|Stem	1.7234	0.6922
RP5-881L22.5	Epi|Stem	1.6826	0.4411
RP5-886K2.3	Epi|Stem	1.6195	0.2655
RPL14	Epi|Stem	2.0086	0.3143
RPL3	Epi|Stem	2.0542	0.3584
RPL30	Epi|Stem	1.9311	0.2807
RPL34	Epi|Stem	1.6946	0.2759
RPL4	Epi|Stem	2.1582	0.3196
RPL5	Epi|Stem	2.2472	0.4834
RPL7	Epi|Stem	1.9624	0.3448
RPL7L1	Epi|Stem	1.6700	0.2532
RPL9	Epi|Stem	1.8187	0.3439
RPS24	Epi|Stem	1.7894	0.3347
RPS27A	Epi|Stem	1.7646	0.3492
RPS3A	Epi|Stem	1.9403	0.2889
RPS4X	Epi|Stem	2.1243	0.3807
RPS6	Epi|Stem	2.0969	0.3112
RPTOR	Epi|Stem	1.2281	0.2548
RSL1D1	Epi|Stem	2.0143	0.5315
RSL24D1	Epi|Stem	1.7000	0.5762
SCAI	Epi|Stem	1.3039	0.6161
SESN1	Epi|Stem	2.3921	0.7984
SETD6	Epi|Stem	1.6128	0.2732
SLC13A2	Epi|Stem	1.5471	0.3463
SLC25A6	Epi|Stem	1.9447	0.4297
SLC28A3	Epi|Stem	2.7451	0.9169
SLC2A11	Epi|Stem	1.5079	0.3185
SLC39A2	Epi|Stem	3.2651	1.2957
SMIM1	Epi|Stem	2.8848	0.5449
SPEF2	Epi|Stem	1.6364	0.5958
ST13	Epi|Stem	1.7559	0.5003
SUPT3H	Epi|Stem	1.7758	0.3568
SYNE4	Epi|Stem	2.0629	0.7197
TAF4B	Epi|Stem	2.1474	0.4227
TAPT1-AS1	Epi|Stem	1.1294	0.3401
TBPL1	Epi|Stem	1.7873	0.3354
TCEA2	Epi|Stem	2.9570	0.7443
TFAP4	Epi|Stem	1.8055	0.3974
THNSL1	Epi|Stem	2.0265	0.7975
TIMM9	Epi|Stem	1.8971	0.3600
TMEM192	Epi|Stem	1.3389	0.2662
TMEM216	Epi|Stem	1.7009	0.4067
TMEM230	Epi|Stem	1.4954	0.3651
TMEM25	Epi|Stem	3.3931	1.5427
TOP1MT	Epi|Stem	2.3507	0.7068
TRIM16L	Epi|Stem	1.6848	0.2698
TRIM4	Epi|Stem	1.3837	0.2565
TRIM54	Epi|Stem	2.1210	0.4009
TSGA10	Epi|Stem	1.6508	0.8900
TSPYL2	Epi|Stem	1.8070	0.3856
TTC39C	Epi|Stem	2.7522	0.4947
UBE3D	Epi|Stem	1.8298	0.6383
UBE4B	Epi|Stem	1.2709	0.2632
VPS51	Epi|Stem	1.2943	0.2858
VPS9D1-AS1	Epi|Stem	2.8950	0.9193
VSNL1	Epi|Stem	2.0185	0.3698
ZCCHC11	Epi|Stem	1.7123	0.5384
ZFAND1	Epi|Stem	1.4799	0.4650
ZFP36L2	Epi|Stem	1.8689	0.4573
ZFP64	Epi|Stem	1.1792	0.2840
ZHX2	Epi|Stem	2.1037	0.4062
ZNF136	Epi|Stem	1.3674	0.8599
ZNF140	Epi|Stem	1.5170	0.5467
ZNF146	Epi|Stem	1.5006	0.2716
ZNF236	Epi|Stem	1.3384	0.5487
ZNF250	Epi|Stem	1.4193	0.4771
ZNF268	Epi|Stem	1.5569	0.3562
ZNF277	Epi|Stem	1.4552	0.2694
ZNF32	Epi|Stem	1.7693	0.3036
ZNF33B	Epi|Stem	1.6527	0.4311
ZNF362	Epi|Stem	1.9687	0.2970
ZNF420	Epi|Stem	1.5651	0.4779
ZNF426	Epi|Stem	1.9229	0.7417
ZNF444	Epi|Stem	1.8568	0.3372
ZNF485	Epi|Stem	2.2441	0.8359
ZNF503-AS1	Epi|Stem	1.3092	0.2989
ZNF551	Epi|Stem	1.7303	0.3010
ZNF566	Epi|Stem	1.4298	0.5225
ZNF620	Epi|Stem	1.5704	0.4141
ZNF649	Epi|Stem	1.5336	0.4868
ZNF692	Epi|Stem	1.2517	0.2529
ZNF717	Epi|Stem	1.3458	0.3974
ZNF74	Epi|Stem	1.9840	0.4576
ZNF766	Epi|Stem	1.7471	0.7546
ZNF793	Epi|Stem	1.3152	0.2728
ZNF814	Epi|Stem	2.1884	0.6493
ZNRF3	Epi|Stem	2.5441	0.8325
ZSCAN16	Epi|Stem	1.6395	0.3910
REG1B	Epi|TA 1	1.5866	0.6952
RP11-166P13.4	Epi|TA 1	0.8666	0.5116
RP11-46H11.3	Epi|TA 1	0.9169	0.6500
AC011747.4	Epi|TA 2	0.6970	0.3763
AC016586.1	Epi|TA 2	1.0241	0.2631
AC066593.1	Epi|TA 2	1.4586	0.3155
ADH1A	Epi|TA 2	1.7824	0.9209
AGR3	Epi|TA 2	1.0802	0.3016
AP1M2	Epi|TA 2	1.1536	0.3145
APOOL	Epi|TA 2	1.1781	0.3088
ARHGAP39	Epi|TA 2	0.7216	0.4002
ARHGAP44	Epi|TA 2	1.3131	0.6092
ATP13A4	Epi|TA 2	1.6741	inf
ATP7A	Epi|TA 2	1.2677	0.7754
ATP7B	Epi|TA 2	1.2442	0.2690
BAIAP3	Epi|TA 2	1.3482	inf
BRINP3	Epi|TA 2	1.6317	inf
C12orf66	Epi|TA 2	1.3528	0.2939
C17orf97	Epi|TA 2	1.0864	0.2909
C6orf52	Epi|TA 2	1.3041	0.4084
C8orf44	Epi|TA 2	0.5349	0.3114
CDKL1	Epi|TA 2	1.0503	0.9719
CFTR	Epi|TA 2	1.8127	0.6539
CITF22-92A6.1	Epi|TA 2	1.0451	0.2697
CLHC1	Epi|TA 2	0.8986	0.4334
CLYBL	Epi|TA 2	1.2000	0.5035
COL9A1	Epi|TA 2	1.3936	inf
COX6B2	Epi|TA 2	1.6702	1.5379
CTA-363E6.2	Epi|TA 2	1.3693	0.6341
CTC-428G20.3	Epi|TA 2	1.0096	0.4196
CTD-2228K2.7	Epi|TA 2	1.2831	0.7845
CTD-2626G11.2	Epi|TA 2	1.3395	0.2586
CTD-3065J16.9	Epi|TA 2	1.0596	0.4904
CTD-3118D7.1	Epi|TA 2	0.9893	inf
CWH43	Epi|TA 2	1.6754	0.7673
CYP2J2	Epi|TA 2	1.2750	0.5510
DDX26B	Epi|TA 2	1.1333	0.5172
DEGS2	Epi|TA 2	1.5348	0.4731
DMRTA1	Epi|TA 2	1.2627	inf
DPF3	Epi|TA 2	1.4214	0.5867
DPP10	Epi|TA 2	1.5957	0.3351
EFHC2	Epi|TA 2	1.4706	0.2626
EGF	Epi|TA 2	1.4056	inf
EPHA1	Epi|TA 2	1.2675	0.4410
ESRP2	Epi|TA 2	0.8793	0.3591
EXOC8	Epi|TA 2	0.7554	0.3246
FAM189A1	Epi|TA 2	1.1463	0.4220
FRAS1	Epi|TA 2	1.7308	inf
GPD1	Epi|TA 2	1.3324	1.2097
GPR98	Epi|TA 2	1.5188	0.5194
GYS1	Epi|TA 2	1.0568	0.2691
HFE	Epi|TA 2	0.8514	0.7494
HMGA2	Epi|TA 2	1.1698	0.4036
HMGCS2	Epi|TA 2	1.1573	0.2701
HMGXB3	Epi|TA 2	1.2621	0.2530
HOXA6	Epi|TA 2	0.9680	0.6687
HSD17B1	Epi|TA 2	0.6507	0.4063
ICAM3	Epi|TA 2	1.1923	0.3523
KCNJ2-AS1	Epi|TA 2	0.9109	0.4036
KCNK10	Epi|TA 2	1.6069	0.9541
KIAA1324L	Epi|TA 2	1.3605	0.7047
LA16c-380H5.5	Epi|TA 2	1.0385	0.3255
LINC00992	Epi|TA 2	1.2540	0.4862
MIR194-2	Epi|TA 2	1.0411	0.4692
NAPB	Epi|TA 2	0.7713	0.3019
NIPAL1	Epi|TA 2	1.0630	0.3528
NPIPB15	Epi|TA 2	0.5527	0.2646
NPIPB5	Epi|TA 2	0.7616	0.5275
NXPE1	Epi|TA 2	1.3055	0.7971
NXPE2	Epi|TA 2	1.1391	0.2662
PPP1R36	Epi|TA 2	1.3052	0.6130
PRLR	Epi|TA 2	1.3958	0.2958
RGMB-AS1	Epi|TA 2	1.5500	inf
RP1-102H19.8	Epi|TA 2	1.3168	0.8881
RP11-15H20.6	Epi|TA 2	0.9124	0.3248
RP11-20I23.13	Epi|TA 2	0.7542	0.3740
RP11-218M22.1	Epi|TA 2	1.1856	0.5532
RP11-317J10.2	Epi|TA 2	1.3319	0.2726
RP11-379B18.5	Epi|TA 2	1.2038	0.5800
RP11-448A19.1	Epi|TA 2	1.0164	0.3542
RP11-449P15.2	Epi|TA 2	0.8132	0.5239
RP11-470P21.2	Epi|TA 2	1.1286	inf
RP11-475O23.3	Epi|TA 2	0.9976	inf
RP11-835E18.5	Epi|TA 2	1.1369	0.2696
RP11-977G19.11	Epi|TA 2	1.3394	0.4879
RP13-188A5.1	Epi|TA 2	1.0527	0.4509
RP5-1033H22.2	Epi|TA 2	0.9097	0.3021
RP5-1092A3.4	Epi|TA 2	0.8693	0.6485
RP5-1148A21.3	Epi|TA 2	1.0791	inf
RP6-42F4.1	Epi|TA 2	0.5800	0.4718
SGSM1	Epi|TA 2	1.0254	0.3902
SLC39A5	Epi|TA 2	1.1806	0.3002
SLC9A2	Epi|TA 2	1.1895	0.4053
SPTLC3	Epi|TA 2	0.9396	0.2879
SULT1A3	Epi|TA 2	0.7462	0.3387
TLE6	Epi|TA 2	1.6640	inf
TNS4	Epi|TA 2	0.9581	0.4769
TRIM52	Epi|TA 2	0.9074	0.3953
TTC30A	Epi|TA 2	0.8181	0.2961
UFSP1	Epi|TA 2	1.4289	0.3532
UGT2A3	Epi|TA 2	1.5039	0.4619
UGT2B15	Epi|TA 2	1.2532	0.6917
USP9Y	Epi|TA 2	1.4248	inf
VWA8	Epi|TA 2	1.3495	0.7441
ZFP3	Epi|TA 2	1.0335	inf
ZFY	Epi|TA 2	1.2156	0.7771
ZNF554	Epi|TA 2	0.6255	0.2984
ZNF573	Epi|TA 2	1.2175	inf
ZNF606	Epi|TA 2	0.5629	0.2867
ZNF615	Epi|TA 2	1.1237	inf
ZNF75D	Epi|TA 2	0.7927	0.3415
ZNF774	Epi|TA 2	0.7983	0.6646
ZNF785	Epi|TA 2	0.7590	0.5225
ZSCAN5A	Epi|TA 2	1.0615	0.3174
7SK	Epi|Tuft	9.4543	8.5662
AFAP1L2	Epi|Tuft	4.8959	0.5355
ALOX5	Epi|Tuft	8.5131	5.4734
ALOX5AP	Epi|Tuft	8.1481	2.9359
ANXA13	Epi|Tuft	3.9999	1.1955
ASMTL	Epi|Tuft	3.0949	1.2337
ATP2A3	Epi|Tuft	3.7136	1.5646
AVIL	Epi|Tuft	5.6804	3.5079
AZGP1	Epi|Tuft	7.8731	6.9481
B4GALNT4	Epi|Tuft	8.6521	inf
BMX	Epi|Tuft	10.9256	4.5245
C11orf53	Epi|Tuft	4.5000	3.5389
CAMP	Epi|Tuft	10.6621	5.0298
CC2D1A	Epi|Tuft	1.9761	0.9341
CCDC14	Epi|Tuft	1.8289	0.5075
CCDC28B	Epi|Tuft	5.3285	1.7055
CD300LF	Epi|Tuft	9.6000	4.7852
CHD6	Epi|Tuft	2.8590	1.0654
COL27A1	Epi|Tuft	6.4269	2.4117
CRIP1	Epi|Tuft	2.0996	0.5085
DKK3	Epi|Tuft	11.2961	5.5081
DPYSL3	Epi|Tuft	8.9181	4.7194
EIF1B	Epi|Tuft	3.4171	2.0790
FES	Epi|Tuft	5.4914	1.9657
FYB	Epi|Tuft	8.1397	3.1467
GFI1B	Epi|Tuft	5.8659	1.8001
GNAI2	Epi|Tuft	2.9105	0.3822
GNG13	Epi|Tuft	10.9264	inf
GPSM3	Epi|Tuft	3.6185	0.5773
GRASP	Epi|Tuft	8.4837	5.3194
GRK5	Epi|Tuft	7.5717	4.2055
HCK	Epi|Tuft	10.7133	5.9548
HMX2	Epi|Tuft	7.2963	inf
HOTAIRM1	Epi|Tuft	4.4958	2.3532
HPGDS	Epi|Tuft	10.8355	0.5860
HTR3C	Epi|Tuft	11.0738	inf
HTR3E	Epi|Tuft	10.6912	inf
IFI6	Epi|Tuft	5.5536	2.0345
IL17RB	Epi|Tuft	5.7518	4.0930
INPP5D	Epi|Tuft	5.2221	2.7884
ITPR2	Epi|Tuft	3.3239	1.1212
KLK11	Epi|Tuft	5.5775	3.0963
KREMEN2	Epi|Tuft	5.1910	inf
LRMP	Epi|Tuft	10.7141	5.3487
LUC7L3	Epi|Tuft	2.1568	0.8298
MATK	Epi|Tuft	9.9396	4.7408
NAV2	Epi|Tuft	3.9008	0.7448
NCMAP	Epi|Tuft	6.3408	4.8572
OBSL1	Epi|Tuft	5.0715	1.6656
OGDHL	Epi|Tuft	8.1277	inf
PAK3	Epi|Tuft	6.6992	inf
PBXIP1	Epi|Tuft	5.0806	2.5358
PCP4	Epi|Tuft	7.7045	inf
PIK3CG	Epi|Tuft	8.4615	6.4692
PLCB2	Epi|Tuft	6.2094	3.3458
PLCG2	Epi|Tuft	9.7183	6.6246
POU2F3	Epi|Tuft	8.2275	inf
PSTPIP2	Epi|Tuft	8.0710	4.6166
PTGS1	Epi|Tuft	9.5697	4.7827
PTPN18	Epi|Tuft	3.8276	0.9005
RAB37	Epi|Tuft	4.5824	0.5490
RASSF6	Epi|Tuft	3.4960	0.7317
RBM38	Epi|Tuft	3.3536	0.7341
RGS13	Epi|Tuft	9.3335	2.9542
RICTOR	Epi|Tuft	2.5227	0.9523
RP11-93B14.5	Epi|Tuft	6.2923	3.6809
RUNX1	Epi|Tuft	2.8253	0.2883
SH2D6	Epi|Tuft	10.9584	inf
SH2D7	Epi|Tuft	10.4434	inf
TAS1R3	Epi|Tuft	9.8261	5.1271
TLE4	Epi|Tuft	2.7905	1.2659
TMEM198	Epi|Tuft	6.9511	4.6129
TREH	Epi|Tuft	6.1566	inf
TRPM5	Epi|Tuft	9.2342	inf
TUBA1A	Epi|Tuft	5.8882	0.3047
VAV1	Epi|Tuft	5.7778	3.6536
ZFHX3	Epi|Tuft	3.4629	0.9049
ZNF428	Epi|Tuft	2.5506	0.6560
AC016629.8	LP|CD4+ Activated Fos-hi	1.6839	0.8206
C10orf35	LP|CD4+ Activated Fos-hi	2.4521	0.4165
C12orf68	LP|CD4+ Activated Fos-hi	2.8317	0.6039
CISH	LP|CD4+ Activated Fos-hi	1.9251	0.5879
CPNE7	LP|CD4+ Activated Fos-hi	2.6903	inf
FAM122C	LP|CD4+ Activated Fos-hi	1.7193	inf
IL23A	LP|CD4+ Activated Fos-hi	1.6533	0.3579
KIF5C	LP|CD4+ Activated Fos-hi	2.7441	0.2804
RP11-356I2.4	LP|CD4+ Activated Fos-hi	1.2328	0.5591
SCML4	LP|CD4+ Activated Fos-hi	2.5953	0.2669
CTD-2368P22.1	LP|CD4+ Activated Fos-lo	1.3347	0.5055
AC006129.2	LP|CD4+ Memory	1.1443	inf
AC013264.2	LP|CD4+ Memory	3.1213	1.1612
AC084018.1	LP|CD4+ Memory	1.8174	0.2654
AK5	LP|CD4+ Memory	4.5646	0.3745
ANKRD55	LP|CD4+ Memory	4.6982	inf
ATG9B	LP|CD4+ Memory	2.7041	inf
ATXN7	LP|CD4+ Memory	1.6774	0.5518
BCL11B	LP|CD4+ Memory	2.8472	0.8871
C14orf64	LP|CD4+ Memory	3.1920	0.6765
CA5B	LP|CD4+ Memory	1.2580	inf
CAMK4	LP|CD4+ Memory	2.3586	0.4363
CCDC65	LP|CD4+ Memory	2.1091	inf
CCR7	LP|CD4+ Memory	3.3642	0.8621
CTB-31O20.2	LP|CD4+ Memory	1.2542	0.5028
CTC-523E23.11	LP|CD4+ Memory	1.8590	inf
CTD-3184A7.4	LP|CD4+ Memory	1.7196	0.5890
DGKA	LP|CD4+ Memory	2.3104	0.4698
EPHA1-AS1	LP|CD4+ Memory	2.4161	inf
FAM153B	LP|CD4+ Memory	3.2054	inf
FLT3LG	LP|CD4+ Memory	2.1858	0.3015
FXYD7	LP|CD4+ Memory	2.3432	inf
ICA1L	LP|CD4+ Memory	1.6578	inf
INADL	LP|CD4+ Memory	1.4116	0.2919
LAT	LP|CD4+ Memory	2.4559	0.4871
LDLRAP1	LP|CD4+ Memory	2.4277	1.3875
LEF1	LP|CD4+ Memory	3.9682	2.2938
LEF1-AS1	LP|CD4+ Memory	3.5007	inf
LINC00243	LP|CD4+ Memory	2.4353	inf
LINC00954	LP|CD4+ Memory	1.8833	inf
MDS2	LP|CD4+ Memory	3.0421	inf
MPP7	LP|CD4+ Memory	1.9934	0.6369
NELL2	LP|CD4+ Memory	3.9563	2.4146
NOSIP	LP|CD4+ Memory	1.7525	0.3221
PIK3IP1	LP|CD4+ Memory	2.3057	0.5825
PRKCQ-AS1	LP|CD4+ Memory	2.8233	0.4266
RAPGEF6	LP|CD4+ Memory	1.6111	0.7076
RCAN3	LP|CD4+ Memory	2.3336	0.3989
RP1-187B23.1	LP|CD4+ Memory	2.1190	inf
RP11-18H21.1	LP|CD4+ Memory	3.3369	1.6956
RP11-326C3.11	LP|CD4+ Memory	2.3978	inf
RP11-51J9.5	LP|CD4+ Memory	1.9411	0.3650
RP11-544A12.8	LP|CD4+ Memory	1.3306	1.0734
RP11-553L6.2	LP|CD4+ Memory	2.0714	inf
RP11-589C21.6	LP|CD4+ Memory	2.2596	inf
RP11-664D1.1	LP|CD4+ Memory	4.7799	inf
RP13-977J11.2	LP|CD4+ Memory	2.2831	inf
RP3-370M22.8	LP|CD4+ Memory	1.7855	0.7079
RP4-594I10.3	LP|CD4+ Memory	2.5553	0.6862
RP5-1073O3.7	LP|CD4+ Memory	1.6042	inf
RP5-1180E21.5	LP|CD4+ Memory	1.8948	1.3784
SATB1	LP|CD4+ Memory	2.0202	0.2903
SCGB3A1	LP|CD4+ Memory	4.0012	inf
SDR42E2	LP|CD4+ Memory	1.6357	inf
SERINC5	LP|CD4+ Memory	2.5822	1.2104
TNFSF8	LP|CD4+ Memory	2.1186	inf
TRABD2A	LP|CD4+ Memory	3.3117	1.5325
VSIG1	LP|CD4+ Memory	3.4128	inf
BZRAP1-AS1	LP|CD4+ PD1+	3.6778	1.2329
C1orf228	LP|CD4+ PD1+	4.0216	1.1752
C9orf16	LP|CD4+ PD1+	2.2584	0.7782
CD200	LP|CD4+ PD1+	5.1445	1.1133
CHI3L2	LP|CD4+ PD1+	3.5412	1.1907
CORO1B	LP|CD4+ PD1+	3.5136	1.1679
CXCL13	LP|CD4+ PD1+	5.3111	0.6695
CYLD	LP|CD4+ PD1+	1.4917	0.3286
FBLN7	LP|CD4+ PD1+	4.1568	1.3911
FKBP5	LP|CD4+ PD1+	2.7909	0.2969
ICA1	LP|CD4+ PD1+	5.1667	0.3234
KSR2	LP|CD4+ PD1+	5.9208	1.6902
LINC00963	LP|CD4+ PD1+	2.2693	0.5173
MAGEH1	LP|CD4+ PD1+	2.6573	0.6872
NFATC1	LP|CD4+ PD1+	3.5268	1.5823
NMB	LP|CD4+ PD1+	3.3296	1.5241
NR3C1	LP|CD4+ PD1+	2.1656	0.4233
PDCD1	LP|CD4+ PD1+	4.6733	0.6143
RP11-265P11.2	LP|CD4+ PD1+	5.9253	1.4634
RP11-279F6.3	LP|CD4+ PD1+	6.0242	2.4495
RP11-455F5.5	LP|CD4+ PD1+	2.9713	1.3468
RP5-1028K7.2	LP|CD4+ PD1+	6.1245	3.5185
TOX2	LP|CD4+ PD1+	4.7620	1.0561
AC004791.2	LP|CD69+ Mast	9.5876	inf
AC020571.3	LP|CD69+ Mast	5.3412	2.6537
ACOT7	LP|CD69+ Mast	3.8295	0.3406
ADCYAP1	LP|CD69+ Mast	9.0197	inf
ADRB2	LP|CD69+ Mast	4.1816	2.5940
AE000661.37	LP|CD69+ Mast	4.9597	inf
AJ271736.10	LP|CD69+ Mast	2.8751	1.3768
ALS2	LP|CD69+ Mast	3.0418	2.1727
ARHGEF6	LP|CD69+ Mast	2.5561	0.9008
ATP6V0A2	LP|CD69+ Mast	2.9133	0.8088
C5orf30	LP|CD69+ Mast	3.1258	1.5047
CADPS	LP|CD69+ Mast	6.9317	1.2667
CALB2	LP|CD69+ Mast	8.8170	inf
CATSPER1	LP|CD69+ Mast	4.4994	0.5744
CD84	LP|CD69+ Mast	2.4453	0.4850
CDK15	LP|CD69+ Mast	8.5764	inf
CMA1	LP|CD69+ Mast	9.5265	inf
CNRIP1	LP|CD69+ Mast	3.4501	0.3112
CPA3	LP|CD69+ Mast	9.4834	4.0247
CTD-3203P2.2	LP|CD69+ Mast	5.9558	inf
CTNNBL1	LP|CD69+ Mast	2.3537	0.3994
CTSG	LP|CD69+ Mast	10.3044	1.8254
CTTNBP2	LP|CD69+ Mast	4.5401	1.3121
EGR3	LP|CD69+ Mast	2.7105	1.0150
ENPP3	LP|CD69+ Mast	6.2412	4.5173
EXD3	LP|CD69+ Mast	2.6369	0.4930
FAM46A	LP|CD69+ Mast	3.1419	0.4908
FER	LP|CD69+ Mast	3.4041	1.7689
GALC	LP|CD69+ Mast	3.2773	1.2474
GALNT6	LP|CD69+ Mast	3.5467	1.8614
GATA2	LP|CD69+ Mast	7.9440	1.3660
GCSAML	LP|CD69+ Mast	8.6835	inf
GMPR	LP|CD69+ Mast	5.5423	2.2120
HDC	LP|CD69+ Mast	9.5353	2.2915
HPGD	LP|CD69+ Mast	6.8008	3.0306
HS3ST1	LP|CD69+ Mast	4.6646	0.3568
HS6ST1	LP|CD69+ Mast	3.1428	0.3329
IFITM10	LP|CD69+ Mast	3.8281	1.2604
IL13	LP|CD69+ Mast	7.2149	inf
IL1RAPL1	LP|CD69+ Mast	7.8715	inf
IL1RL1	LP|CD69+ Mast	6.9595	4.0994
ITGA2B	LP|CD69+ Mast	5.9974	inf
KIT	LP|CD69+ Mast	7.2916	1.8990
KRT1	LP|CD69+ Mast	9.4825	2.4472
LEO1	LP|CD69+ Mast	3.8713	2.4655
LMOD3	LP|CD69+ Mast	2.4225	inf
MAML1	LP|CD69+ Mast	2.4562	1.2156
MAOB	LP|CD69+ Mast	7.6832	0.6938
MAPK6	LP|CD69+ Mast	3.0360	0.9107
MITF	LP|CD69+ Mast	4.5095	1.3174
MLPH	LP|CD69+ Mast	6.3533	3.2185
MYB	LP|CD69+ Mast	4.1899	0.4934
NFKBIZ	LP|CD69+ Mast	2.7816	0.8782
NTRK1	LP|CD69+ Mast	6.3290	inf
PIK3R6	LP|CD69+ Mast	4.7959	1.3997
PPP1R15A	LP|CD69+ Mast	2.3300	1.0537
PVALB	LP|CD69+ Mast	4.8135	inf
RAB27B	LP|CD69+ Mast	6.1888	5.0993
RP11-354E11.2	LP|CD69+ Mast	9.2770	2.3838
RP11-501J20.5	LP|CD69+ Mast	8.1373	inf
RP11-557H15.4	LP|CD69+ Mast	6.3680	inf
RP11-76E17.3	LP|CD69+ Mast	5.0513	2.4980
RPS6KA5	LP|CD69+ Mast	2.0307	0.6883
SIGLEC8	LP|CD69+ Mast	6.2537	inf
SLC18A2	LP|CD69+ Mast	9.1864	inf
SLC45A3	LP|CD69+ Mast	7.5872	0.2800
SMYD3	LP|CD69+ Mast	2.8676	1.6172
STX3	LP|CD69+ Mast	4.3771	1.7894
STXBP6	LP|CD69+ Mast	5.6997	2.1359
SVOPL	LP|CD69+ Mast	8.5508	inf
TAL1	LP|CD69+ Mast	5.4024	1.1350
TCTEX1D1	LP|CD69+ Mast	4.6196	0.5672
TDRD3	LP|CD69+ Mast	2.0860	0.9754
TESPA1	LP|CD69+ Mast	2.6246	0.2518
TIAM2	LP|CD69+ Mast	3.0792	1.4049
TPSAB1	LP|CD69+ Mast	12.4562	0.7965
TPSG1	LP|CD69+ Mast	6.0749	1.9821
TSC22D2	LP|CD69+ Mast	1.5618	0.3351
UTS2	LP|CD69+ Mast	4.8458	3.8504
VIM-AS1	LP|CD69+ Mast	2.0272	0.3580
BTK	LP|CD69- Mast	5.0619	2.0925
CAPG	LP|CD69- Mast	5.9463	2.1983
CLIC1	LP|CD69- Mast	2.2912	0.2929
GLUL	LP|CD69- Mast	5.0169	0.7966
LTC4S	LP|CD69- Mast	7.7286	1.6406
NFKBIA	LP|CD69- Mast	3.2865	0.3217
NSMCE1	LP|CD69- Mast	4.9882	3.2765
PLIN2	LP|CD69- Mast	3.7577	0.9051
SAMSN1	LP|CD69- Mast	4.5500	1.3405
SRGN	LP|CD69- Mast	2.9973	0.5115
VWA5A	LP|CD69- Mast	6.9910	0.2981
ATP8B4	LP|CD8+ IELs	3.3974	0.2716
KLRC2	LP|CD8+ IELs	6.9737	2.6995
RALGAPA1	LP|CD8+ IELs	1.3693	0.3118
TRGC1	LP|CD8+ IELs	4.9663	0.7197
AC092580.4	LP|CD8+ IL17+	5.1635	1.7266
ACAP1	LP|CD8+ IL17+	2.1040	0.2854
CCNH	LP|CD8+ IL17+	1.8576	0.6858
CD2	LP|CD8+ IL17+	4.2712	0.9616
CD3D	LP|CD8+ IL17+	4.6112	0.8907
CD3E	LP|CD8+ IL17+	4.0504	1.1619
CD3G	LP|CD8+ IL17+	3.2790	0.4009
CD6	LP|CD8+ IL17+	3.1759	0.3839
CHRM3-AS2	LP|CD8+ IL17+	3.2594	0.2525
CKLF	LP|CD8+ IL17+	2.8013	0.5825
CXCR6	LP|CD8+ IL17+	5.6942	1.6103
EVL	LP|CD8+ IL17+	2.8209	0.2525
IL12RB1	LP|CD8+ IL17+	3.4977	0.7991
IL17A	LP|CD8+ IL17+	6.2355	2.1432
IL22	LP|CD8+ IL17+	6.0340	1.4866
LAG3	LP|CD8+ IL17+	4.1435	0.9160
LINC00892	LP|CD8+ IL17+	3.8344	0.3356
MGAT4A	LP|CD8+ IL17+	2.9773	1.0293
NMRK1	LP|CD8+ IL17+	2.2883	1.2108
ODF2L	LP|CD8+ IL17+	2.2020	0.2644
OSTF1	LP|CD8+ IL17+	3.1482	0.8883
P2RY11	LP|CD8+ IL17+	4.1105	0.8769
PDCD4	LP|CD8+ IL17+	1.4733	0.2592
PLEKHF1	LP|CD8+ IL17+	3.4052	0.4923
PRR5	LP|CD8+ IL17+	3.2380	0.3848
RGL4	LP|CD8+ IL17+	3.0403	0.4327
RGS1	LP|CD8+ IL17+	2.5176	0.3300
RNF167	LP|CD8+ IL17+	2.0976	0.2601
RORA	LP|CD8+ IL17+	3.3418	0.7998
SH2D2A	LP|CD8+ IL17+	3.3444	0.5003
SIRPG	LP|CD8+ IL17+	3.8908	0.4120
SKAP1	LP|CD8+ IL17+	2.5683	0.2734
SLAMF1	LP|CD8+ IL17+	3.1299	1.0668
SPOCK2	LP|CD8+ IL17+	3.6102	0.2570
TRAC	LP|CD8+ IL17+	3.9763	0.2522
A2M-AS1	LP|CD8+ LP	3.0846	inf
AC069363.1	LP|CD8+ LP	3.4382	inf
CCL5	LP|CD8+ LP	6.5688	1.2779
CD8A	LP|CD8+ LP	5.5317	2.5115
CD8B	LP|CD8+ LP	5.0011	2.7888
CRTAM	LP|CD8+ LP	4.6865	2.0337
DTHD1	LP|CD8+ LP	3.5682	0.8459
DUSP2	LP|CD8+ LP	2.7879	0.4476
EOMES	LP|CD8+ LP	5.1850	0.7409
GZMH	LP|CD8+ LP	6.1225	1.4731
GZMK	LP|CD8+ LP	6.5207	3.1445
HERPUD2	LP|CD8+ LP	1.0619	0.3379
IFNG	LP|CD8+ LP	4.8839	1.8471
KLRG1	LP|CD8+ LP	3.8804	1.4181
LYAR	LP|CD8+ LP	2.9137	0.5348
PATL2	LP|CD8+ LP	2.4607	0.2902
PPP2R2B	LP|CD8+ LP	3.0882	0.4531
RP11-47L3.1	LP|CD8+ LP	2.2619	inf
SIDT1-AS1	LP|CD8+ LP	1.5271	0.2635
SLFN12L	LP|CD8+ LP	2.2893	inf
TPRG1	LP|CD8+ LP	2.9118	inf
TRGC2	LP|CD8+ LP	4.6030	0.4104
ABHD17B	LP|Cycling B	1.3685	0.2678
AC004381.6	LP|Cycling B	4.0803	1.3357
AC005562.1	LP|Cycling B	1.4915	0.3715
AC009403.2	LP|Cycling B	1.4671	0.5567
ACP1	LP|Cycling B	1.6795	0.2543
ACTR8	LP|Cycling B	1.4583	0.3095
ADAL	LP|Cycling B	1.5660	0.4276
AGBL5	LP|Cycling B	1.8862	0.5628
AHCY	LP|Cycling B	2.4567	0.3406
AICDA	LP|Cycling B	6.7201	0.4283
ALDH5A1	LP|Cycling B	2.3404	0.8881
ALYREF	LP|Cycling B	2.9619	0.3899
ANAPC4	LP|Cycling B	1.4591	0.3357
ANKHD1	LP|Cycling B	1.1010	0.3628
ANKLE1	LP|Cycling B	4.6227	inf
ANP32B	LP|Cycling B	2.9232	0.4296
AP000251.3	LP|Cycling B	6.9568	3.4945
APOM	LP|Cycling B	2.3994	0.3633
ARHGAP19	LP|Cycling B	2.9399	0.5307
ARHGAP33	LP|Cycling B	2.8525	0.2763
ARHGEF39	LP|Cycling B	4.7699	0.3661
ASB6	LP|Cycling B	1.5787	0.7489
ASF1B	LP|Cycling B	6.3178	0.4803
ATAD3A	LP|Cycling B	2.5898	0.4119
AUNIP	LP|Cycling B	5.9129	1.8436
AURKA	LP|Cycling B	4.9279	0.3496
AURKB	LP|Cycling B	7.4855	1.3195
AZIN1	LP|Cycling B	1.3408	0.3250
B3GALNT1	LP|Cycling B	2.4723	0.4391
BCL2L12	LP|Cycling B	3.3532	0.4903
BCOR	LP|Cycling B	1.3417	0.2575
BIRC5	LP|Cycling B	6.9353	0.6286
BLOC1S5	LP|Cycling B	1.4774	0.3381
BMS1P20	LP|Cycling B	1.5082	0.5284
BRAP	LP|Cycling B	1.5724	0.5436
BRIP1	LP|Cycling B	4.4496	1.7977
BTBD1	LP|Cycling B	1.6924	0.4706
BUB1	LP|Cycling B	6.3308	1.0949
BUB1B	LP|Cycling B	6.3265	0.8936
C11orf82	LP|Cycling B	3.9539	0.5394
C11orf84	LP|Cycling B	2.5649	0.4186
C12orf4	LP|Cycling B	1.1632	0.2709
C12orf52	LP|Cycling B	2.0759	0.3947
C12orf73	LP|Cycling B	1.6064	0.3915
C12orf77	LP|Cycling B	4.1994	inf
C14orf142	LP|Cycling B	2.0769	0.3906
C14orf93	LP|Cycling B	1.7217	0.6540
C17orf53	LP|Cycling B	5.3124	1.1173
C17orf80	LP|Cycling B	1.4334	0.4535
C19orf40	LP|Cycling B	2.7686	0.7482
C19orf47	LP|Cycling B	2.0651	0.9055
C19orf48	LP|Cycling B	3.5005	0.8202
C19orf54	LP|Cycling B	2.0236	1.1530
C1D	LP|Cycling B	1.7193	0.3284
C21orf58	LP|Cycling B	4.5220	0.5236
C2orf47	LP|Cycling B	1.6333	0.2815
C3orf67	LP|Cycling B	4.1512	2.2349
C4orf21	LP|Cycling B	3.0111	0.5907
C5orf34	LP|Cycling B	4.2677	1.1760
C5orf63	LP|Cycling B	1.4476	0.7192
C9orf40	LP|Cycling B	3.9412	0.4106
CAAP1	LP|Cycling B	1.6431	0.5393
CBX5	LP|Cycling B	3.2169	0.4560
CCDC138	LP|Cycling B	2.7150	0.8400
CCDC150	LP|Cycling B	2.5446	0.3335
CCDC152	LP|Cycling B	1.7011	inf
CCDC167	LP|Cycling B	2.6047	0.3548
CCDC51	LP|Cycling B	2.2127	0.6275
CCNA2	LP|Cycling B	7.2390	0.9098
CCNB1	LP|Cycling B	5.9461	1.0761
CCNB2	LP|Cycling B	7.1626	1.0916
CCNC	LP|Cycling B	1.6498	0.5874
CCNE1	LP|Cycling B	3.2622	0.4007
CCNE2	LP|Cycling B	4.4322	0.7936
CCP110	LP|Cycling B	1.5679	0.2876
CCT2	LP|Cycling B	2.2150	0.3909
CCT5	LP|Cycling B	2.3485	0.2883
CCT8	LP|Cycling B	2.2687	0.4750
CDC20	LP|Cycling B	6.8928	1.2451
CDC23	LP|Cycling B	1.9159	0.6427
CDC25A	LP|Cycling B	5.5676	2.6283
CDC25C	LP|Cycling B	6.4147	0.3334
CDC45	LP|Cycling B	6.7776	0.8161
CDC6	LP|Cycling B	4.9763	0.6645
CDC7	LP|Cycling B	3.9635	1.0238
CDCA2	LP|Cycling B	6.8247	0.2506
CDCA3	LP|Cycling B	6.9071	1.3139
CDCA4	LP|Cycling B	3.9599	0.2785
CDCA5	LP|Cycling B	6.7121	0.6477
CDCA7	LP|Cycling B	5.7489	1.3416
CDCA7L	LP|Cycling B	3.6719	0.3218
CDCA8	LP|Cycling B	6.6336	0.7171
CDK1	LP|Cycling B	6.9532	0.7541
CDK13	LP|Cycling B	1.1583	0.4276
CDKN3	LP|Cycling B	5.8078	0.7126
CDT1	LP|Cycling B	6.1490	0.5977
CENPA	LP|Cycling B	6.7013	0.5228
CENPI	LP|Cycling B	5.8742	2.2990
CENPM	LP|Cycling B	5.0387	0.4411
CENPQ	LP|Cycling B	2.9053	0.3545
CEP63	LP|Cycling B	1.4888	0.3998
CEP76	LP|Cycling B	2.1392	0.7144
CEP85	LP|Cycling B	2.1917	0.3978
CEP97	LP|Cycling B	1.9942	0.4717
CETN3	LP|Cycling B	2.1875	0.4217
CHAC2	LP|Cycling B	2.5230	0.3416
CHAF1A	LP|Cycling B	4.2953	0.3845
CHAMP1	LP|Cycling B	2.2253	0.4482
CHD1L	LP|Cycling B	1.9842	0.2992
CHEK1	LP|Cycling B	4.7818	0.3329
CHRAC1	LP|Cycling B	1.8409	0.3059
CKS2	LP|Cycling B	3.2374	0.2727
CMTR1	LP|Cycling B	1.3100	0.3593
COCH	LP|Cycling B	2.0940	1.2227
COQ3	LP|Cycling B	2.0684	0.2707
COX17	LP|Cycling B	1.7473	0.3496
CPSF3	LP|Cycling B	2.3875	0.3786
CPSF6	LP|Cycling B	2.0806	0.3541
CPT2	LP|Cycling B	1.6006	0.5955
CRNDE	LP|Cycling B	3.1949	0.8768
CSE1L	LP|Cycling B	2.7546	0.3858
CSTF2	LP|Cycling B	2.7755	0.4373
CTC-260E6.6	LP|Cycling B	3.0905	1.3375
CTPS2	LP|Cycling B	2.4915	1.5151
CXXC1	LP|Cycling B	1.3136	0.2805
DARS2	LP|Cycling B	2.8114	1.1109
DAZAP1	LP|Cycling B	2.4417	0.3070
DCK	LP|Cycling B	3.3545	0.2728
DCLRE1C	LP|Cycling B	2.1482	0.4272
DCPS	LP|Cycling B	2.0580	0.4739
DDX19B	LP|Cycling B	1.6363	0.2934
DDX39A	LP|Cycling B	3.4942	0.4843
DDX41	LP|Cycling B	1.8893	0.6726
DEPDC1	LP|Cycling B	6.4480	0.7750
DEPDC1B	LP|Cycling B	6.4494	0.8704
DEPDC5	LP|Cycling B	2.0438	0.9821
DHFR	LP|Cycling B	5.1866	0.9396
DIAPH3	LP|Cycling B	5.8577	0.4311
DMC1	LP|Cycling B	5.4321	2.2960
DMTF1	LP|Cycling B	1.1686	0.3639
DNA2	LP|Cycling B	4.5795	1.5978
DNMT1	LP|Cycling B	3.4229	0.4717
DONSON	LP|Cycling B	3.5994	0.3971
DSCC1	LP|Cycling B	5.1178	0.5918
DUT	LP|Cycling B	3.4760	0.4468
E2F1	LP|Cycling B	5.3990	0.3381
E2F2	LP|Cycling B	5.0941	0.4127
E2F8	LP|Cycling B	6.9957	3.4226
ECT2	LP|Cycling B	4.1354	0.2521
EED	LP|Cycling B	2.7145	0.5312
EFTUD1	LP|Cycling B	1.8385	0.7689
EIF1AD	LP|Cycling B	1.3958	0.3519
EIF4E	LP|Cycling B	1.3669	0.3462
EIF4ENIF1	LP|Cycling B	1.7003	0.4087
ELAC1	LP|Cycling B	1.3552	0.2825
ELP3	LP|Cycling B	1.9041	0.7703
ELP4	LP|Cycling B	1.8097	0.5662
ELP6	LP|Cycling B	2.1632	0.2650
EME1	LP|Cycling B	5.6987	2.5052
EML6	LP|Cycling B	2.6489	1.3627
ENO2	LP|Cycling B	1.2724	0.7589
EP400NL	LP|Cycling B	1.2880	0.3598
EPT1	LP|Cycling B	1.4238	0.4852
ERAL1	LP|Cycling B	2.2435	0.4425
ERI1	LP|Cycling B	2.8058	0.5412
ESPL1	LP|Cycling B	5.3109	1.3603
EXO1	LP|Cycling B	6.1024	2.2952
EXO5	LP|Cycling B	2.2913	0.6718
EXOSC3	LP|Cycling B	2.5444	0.5110
FAM107B	LP|Cycling B	1.5512	0.3297
FAM207A	LP|Cycling B	2.1569	0.4888
FAM72B	LP|Cycling B	3.1049	inf
FAM72C	LP|Cycling B	6.8873	inf
FAM72D	LP|Cycling B	7.0856	2.5413
FAM81A	LP|Cycling B	6.1030	4.0906
FANCA	LP|Cycling B	3.2963	0.3428
FARSA	LP|Cycling B	1.8327	0.3229
FASTKD3	LP|Cycling B	1.5967	0.5846
FBXO43	LP|Cycling B	4.1620	inf
FBXO5	LP|Cycling B	4.4801	0.3192
FBXW8	LP|Cycling B	2.2076	0.9495
FDPS	LP|Cycling B	2.1133	0.2882
FEN1	LP|Cycling B	4.5525	0.3813
FGFR1OP	LP|Cycling B	2.4049	0.3145
FKBP3	LP|Cycling B	2.0131	0.4556
FOXRED1	LP|Cycling B	2.5024	0.5979
G2E3	LP|Cycling B	2.3076	0.3887
GABPB1	LP|Cycling B	1.8663	0.2703
GALNT14	LP|Cycling B	5.7797	inf
GAPDH	LP|Cycling B	2.9068	0.2673
GARS	LP|Cycling B	1.8094	0.4240
GATC	LP|Cycling B	1.5378	0.6515
GDAP1	LP|Cycling B	1.9778	1.2620
GEMIN2	LP|Cycling B	2.3580	0.5490
GEN1	LP|Cycling B	3.0352	1.2777
GINS1	LP|Cycling B	4.9835	0.3052
GINS2	LP|Cycling B	5.6174	0.5127
GLYCTK	LP|Cycling B	2.1586	0.3593
GMEB2	LP|Cycling B	1.4448	0.5330
GMNN	LP|Cycling B	4.1555	0.5001
GOT2	LP|Cycling B	2.5511	0.5577
GPT2	LP|Cycling B	2.2370	0.3555
GRAMD1C	LP|Cycling B	2.3993	1.3768
GSG2	LP|Cycling B	5.5842	inf
GTF3C2	LP|Cycling B	1.2384	0.2654
GTSE1	LP|Cycling B	6.6643	0.5489
GTSF1	LP|Cycling B	2.6043	0.5973
GUF1	LP|Cycling B	1.4896	0.5179
HAUS1	LP|Cycling B	2.8322	0.3912
HAUS8	LP|Cycling B	4.2226	1.1860
HELLS	LP|Cycling B	4.0864	0.3501
HIST1H1B	LP|Cycling B	5.8647	0.8771
HIST1H2BH	LP|Cycling B	4.4739	2.6788
HIST1H4C	LP|Cycling B	3.7019	0.4077
HJURP	LP|Cycling B	7.2777	1.1715
HMGA1	LP|Cycling B	4.3105	0.5182
HMGB1	LP|Cycling B	3.4181	0.8186
HMGB2	LP|Cycling B	5.4231	0.4271
HMGN2	LP|Cycling B	3.9411	0.4946
HMMR	LP|Cycling B	5.9593	0.5407
HMSD	LP|Cycling B	3.9617	inf
HNRNPA3	LP|Cycling B	2.3511	0.3079
HNRNPC	LP|Cycling B	1.9992	0.2547
HNRNPD	LP|Cycling B	2.3731	0.4913
HNRNPH3	LP|Cycling B	1.7171	0.3882
HYLS1	LP|Cycling B	2.7630	1.3964
IGF2BP3	LP|Cycling B	4.2380	inf
IGHMBP2	LP|Cycling B	1.4996	0.6631
IMP4	LP|Cycling B	2.3099	0.2880
INPP5B	LP|Cycling B	1.6191	1.1890
INTS8	LP|Cycling B	1.2486	0.2685
INTS9	LP|Cycling B	1.7662	0.5017
IPPK	LP|Cycling B	1.4161	0.5485
IQCD	LP|Cycling B	4.2021	0.8371
IZUMO4	LP|Cycling B	1.3086	0.2914
KATNAL1	LP|Cycling B	3.1517	1.1968
KDM1A	LP|Cycling B	2.0875	0.2739
KHDC1	LP|Cycling B	2.7100	1.8854
KHDRBS1	LP|Cycling B	2.0049	0.2724
KIAA0101	LP|Cycling B	7.1416	0.9788
KIF18A	LP|Cycling B	4.2667	0.9037
KIF18B	LP|Cycling B	6.6825	2.1994
KIF20A	LP|Cycling B	6.1479	0.4961
KIF2C	LP|Cycling B	6.8332	0.4396
KLHL14	LP|Cycling B	3.8085	inf
LIAS	LP|Cycling B	1.4340	0.3297
LIN54	LP|Cycling B	1.5306	0.4518
LIN9	LP|Cycling B	3.2328	0.9780
LINC00426	LP|Cycling B	1.8146	inf
LINC00467	LP|Cycling B	2.0742	0.8930
LRR1	LP|Cycling B	3.8162	0.2932
LRRC40	LP|Cycling B	1.9908	0.8767
LRRK1	LP|Cycling B	2.3294	1.2630
LRTOMT	LP|Cycling B	1.3523	0.3012
LRWD1	LP|Cycling B	2.4703	1.4403
LSM5	LP|Cycling B	2.2011	0.4007
MCM4	LP|Cycling B	4.5819	0.3344
MCM7	LP|Cycling B	4.6365	0.3047
MCM8	LP|Cycling B	3.3571	0.8850
MCPH1	LP|Cycling B	1.1118	0.3689
MCTS1	LP|Cycling B	1.9672	0.3152
MDM1	LP|Cycling B	2.0897	0.3851
MDM2	LP|Cycling B	1.3225	0.3528
MED18	LP|Cycling B	1.7829	1.0260
MED20	LP|Cycling B	2.2025	0.3016
MED30	LP|Cycling B	1.9465	0.3886
MED9	LP|Cycling B	1.4333	0.4773
MELK	LP|Cycling B	6.2719	0.5534
METTL2A	LP|Cycling B	1.4502	0.2694
MFSD2A	LP|Cycling B	2.4794	1.0430
MFSD2B	LP|Cycling B	3.6757	1.8523
MGME1	LP|Cycling B	2.8801	0.3698
MIS18A	LP|Cycling B	3.4591	0.5635
MLF1IP	LP|Cycling B	5.6810	0.6325
MLH1	LP|Cycling B	2.3535	0.2577
MND1	LP|Cycling B	7.1259	1.8165
MPC2	LP|Cycling B	1.9683	0.4069
MPP6	LP|Cycling B	2.0790	0.2711
MRPL15	LP|Cycling B	2.4755	0.2941
MRPL35	LP|Cycling B	2.2502	0.3130
MRPL37	LP|Cycling B	2.5670	0.4748
MRPL39	LP|Cycling B	2.4846	0.5728
MRPL4	LP|Cycling B	2.1484	0.5428
MRPL44	LP|Cycling B	1.9453	0.3760
MRPL47	LP|Cycling B	1.8612	0.2543
MRPL49	LP|Cycling B	1.7581	0.3050
MRPL51	LP|Cycling B	2.2539	0.5951
MRPS14	LP|Cycling B	1.6661	0.4237
MRPS15	LP|Cycling B	1.7556	0.2579
MRPS27	LP|Cycling B	2.2783	0.2766
MRS2	LP|Cycling B	1.4932	0.4739
MSH2	LP|Cycling B	3.1193	0.5885
MSH6	LP|Cycling B	3.3210	0.6777
MTA2	LP|Cycling B	1.5791	0.6719
MTL5	LP|Cycling B	2.9238	1.1172
MTMR1	LP|Cycling B	1.2486	0.2964
MTRF1	LP|Cycling B	1.8852	1.0137
MYBL2	LP|Cycling B	5.4422	0.9752
MZT1	LP|Cycling B	2.6346	0.3560
N4BP3	LP|Cycling B	2.5423	1.6155
NAA40	LP|Cycling B	1.7413	0.7317
NAA50	LP|Cycling B	2.5029	0.7182
NAIF1	LP|Cycling B	1.2498	0.8202
NAT1	LP|Cycling B	1.9911	0.2604
NCAPG	LP|Cycling B	6.7904	0.8954
NCAPH	LP|Cycling B	5.8978	0.3550
NCBP1	LP|Cycling B	2.0032	0.5282
NDC1	LP|Cycling B	4.0000	1.4654
NDUFAF6	LP|Cycling B	1.6307	0.4856
NEK2	LP|Cycling B	6.6389	0.5359
NEK4	LP|Cycling B	1.5042	0.2958
NFYA	LP|Cycling B	1.4671	0.3798
NFYB	LP|Cycling B	2.0895	0.4643
NLK	LP|Cycling B	2.5416	0.7509
NLRP2	LP|Cycling B	2.6044	1.5927
NNT	LP|Cycling B	1.3789	0.3104
NSMCE2	LP|Cycling B	1.7017	0.3601
NSUN2	LP|Cycling B	1.6088	0.4881
NUF2	LP|Cycling B	6.4904	0.8260
NUGGC	LP|Cycling B	3.4936	0.9300
NUP37	LP|Cycling B	3.0115	0.8303
NUSAP1	LP|Cycling B	6.5697	0.5296
NUTF2	LP|Cycling B	2.0976	0.3291
NVL	LP|Cycling B	1.7355	0.7750
NXPE3	LP|Cycling B	0.7208	0.2673
NXT2	LP|Cycling B	1.4986	0.4786
ODC1	LP|Cycling B	1.9220	0.4015
OIP5	LP|Cycling B	5.7484	0.3076
ORC1	LP|Cycling B	6.1713	2.7325
ORC2	LP|Cycling B	1.4492	0.5398
ORC3	LP|Cycling B	1.7627	0.4450
ORC6	LP|Cycling B	5.0372	0.9802
PAICS	LP|Cycling B	3.0086	0.6724
PARP11	LP|Cycling B	1.2082	0.3601
PAXIP1	LP|Cycling B	1.6972	0.3364
PBK	LP|Cycling B	7.4302	2.0524
PCCB	LP|Cycling B	1.8453	0.3757
PDHX	LP|Cycling B	1.7486	0.3835
PDSS1	LP|Cycling B	2.6025	1.2956
PEG10	LP|Cycling B	2.8638	inf
PET112	LP|Cycling B	1.9052	0.2967
PEX5	LP|Cycling B	2.5249	0.7639
PGBD2	LP|Cycling B	1.4063	0.3095
PHAX	LP|Cycling B	1.3381	0.3384
PHF7	LP|Cycling B	1.9845	0.7714
PI4K2B	LP|Cycling B	2.0559	0.4090
PIAS4	LP|Cycling B	1.5663	0.3416
PKMYT1	LP|Cycling B	6.7095	0.6553
PLK1	LP|Cycling B	6.5505	0.6790
PLK4	LP|Cycling B	5.9184	0.6756
PM20D2	LP|Cycling B	2.2067	0.2654
PMS2	LP|Cycling B	2.2636	0.9309
POC1A	LP|Cycling B	5.1602	0.2676
POC5	LP|Cycling B	2.0421	0.7594
POLA1	LP|Cycling B	2.8685	0.4913
POLE	LP|Cycling B	2.4095	0.9446
POLH	LP|Cycling B	3.2814	1.7197
POLQ	LP|Cycling B	5.2250	2.4244
POLR2D	LP|Cycling B	2.7039	0.8823
POLR3K	LP|Cycling B	2.7150	0.5050
POP7	LP|Cycling B	2.0298	0.3435
POT1	LP|Cycling B	1.8675	0.3330
PPM1G	LP|Cycling B	2.4510	0.2837
PPP6C	LP|Cycling B	1.5354	0.2970
PRIM2	LP|Cycling B	1.6080	0.3344
PRPF38A	LP|Cycling B	1.8169	0.2717
PSIP1	LP|Cycling B	2.6624	0.2549
PSMA8	LP|Cycling B	3.6281	inf
PSMC3IP	LP|Cycling B	3.9971	0.3032
PSMD12	LP|Cycling B	1.4516	0.2687
PSME3	LP|Cycling B	1.8249	0.2908
PSPC1	LP|Cycling B	1.7444	0.2729
PSRC1	LP|Cycling B	4.8853	0.5943
PTTG1	LP|Cycling B	4.7299	0.6319
PXMP2	LP|Cycling B	3.3435	0.3327
PXMP4	LP|Cycling B	1.8890	0.6008
R3HCC1L	LP|Cycling B	1.5012	0.7078
RAB3IP	LP|Cycling B	1.2434	0.2807
RAD51	LP|Cycling B	6.3964	0.6574
RAD54B	LP|Cycling B	3.7079	0.7885
RAN	LP|Cycling B	2.9854	0.3698
RBBP7	LP|Cycling B	2.5757	0.6664
RBM15	LP|Cycling B	1.8316	0.5633
RCC1	LP|Cycling B	3.1698	0.2517
RCCD1	LP|Cycling B	3.2260	0.7475
RDM1	LP|Cycling B	5.8034	1.9258
RFC2	LP|Cycling B	3.6311	0.5550
RFC3	LP|Cycling B	4.5417	0.8900
RFESD	LP|Cycling B	1.8668	inf
RHEBL1	LP|Cycling B	1.7582	inf
RINT1	LP|Cycling B	1.6560	0.7022
RLN2	LP|Cycling B	2.8751	0.8988
RLTPR	LP|Cycling B	1.5075	inf
RMDN1	LP|Cycling B	2.6598	0.7003
RMI1	LP|Cycling B	3.2528	0.5738
RMI2	LP|Cycling B	6.0125	0.7567
RMND1	LP|Cycling B	1.7271	0.2625
RNASEH1	LP|Cycling B	1.7262	0.3988
RP11-115C21.2	LP|Cycling B	1.5063	0.2985
RP11-215G15.5	LP|Cycling B	2.7490	inf
RP11-22P6.3	LP|Cycling B	3.5063	0.8665
RP11-297D21.4	LP|Cycling B	1.6135	1.1389
RP11-303E16.2	LP|Cycling B	4.3533	1.2517
RP11-356M20.3	LP|Cycling B	2.5539	0.8838
RP11-500C11.3	LP|Cycling B	2.2007	0.6187
RP11-77H9.8	LP|Cycling B	3.1817	0.8993
RP6-65G23.3	LP|Cycling B	3.1218	1.5746
RPA3	LP|Cycling B	3.2014	0.3677
RRM2	LP|Cycling B	7.2692	0.8321
RRM2B	LP|Cycling B	2.3257	0.8345
RRP36	LP|Cycling B	2.2053	0.4576
RRP7A	LP|Cycling B	2.4607	0.4586
RRP8	LP|Cycling B	1.7593	0.4068
S100PBP	LP|Cycling B	1.7874	0.7422
SAAL1	LP|Cycling B	2.9896	0.7990
SCRN3	LP|Cycling B	1.7114	0.2857
SEH1L	LP|Cycling B	2.1794	0.4183
SELRC1	LP|Cycling B	1.5207	0.3010
SENP1	LP|Cycling B	1.7373	0.3651
SET	LP|Cycling B	1.9139	0.2537
SGOL1	LP|Cycling B	5.8004	0.4604
SHCBP1	LP|Cycling B	6.1556	0.8618
SKA1	LP|Cycling B	6.4979	0.7827
SKA3	LP|Cycling B	6.1947	0.2526
SLBP	LP|Cycling B	3.2585	0.5444
SLC25A19	LP|Cycling B	2.2141	0.2701
SLC25A51	LP|Cycling B	1.1205	0.4399
SLC7A6OS	LP|Cycling B	1.2669	0.2736
SLX4	LP|Cycling B	2.7419	1.5940
SMARCA4	LP|Cycling B	2.9841	0.8825
SNIP1	LP|Cycling B	0.9460	0.3100
SNRPD1	LP|Cycling B	2.7855	0.6254
SNRPD3	LP|Cycling B	2.2272	0.3748
SNRPE	LP|Cycling B	2.1860	0.4702
SNRPG	LP|Cycling B	2.2723	0.3567
SPAG5	LP|Cycling B	5.4591	0.3631
SPC25	LP|Cycling B	7.2478	1.2837
SPDL1	LP|Cycling B	4.3261	0.3268
SRPK1	LP|Cycling B	2.1612	0.4668
SRRD	LP|Cycling B	1.7752	0.4195
SRSF9	LP|Cycling B	1.8366	0.2944
STK39	LP|Cycling B	1.8831	0.5459
TADA2A	LP|Cycling B	1.7882	0.3109
TBP	LP|Cycling B	1.4911	0.5070
TCEANC2	LP|Cycling B	2.0268	0.5766
TCF3	LP|Cycling B	2.3420	0.8856
TEX10	LP|Cycling B	2.2110	0.5719
TEX9	LP|Cycling B	2.3312	0.6314
TFB1M	LP|Cycling B	2.1097	0.4473
TFDP1	LP|Cycling B	3.5446	0.4278
TIMELESS	LP|Cycling B	4.1389	0.2635
TK1	LP|Cycling B	6.4634	0.3392
TNKS2-AS1	LP|Cycling B	2.8541	inf
TOE1	LP|Cycling B	2.1924	0.4745
TOMM5	LP|Cycling B	1.9198	0.4011
TOP1	LP|Cycling B	2.3359	0.3962
TOP3B	LP|Cycling B	1.3787	0.5822
TP73	LP|Cycling B	3.6950	inf
TPGS2	LP|Cycling B	2.4490	0.2882
TPX2	LP|Cycling B	6.6330	0.3780
TRAP1	LP|Cycling B	2.0863	0.2666
TRMT10A	LP|Cycling B	2.0511	1.0459
TTC1	LP|Cycling B	1.4943	0.2798
TTC9	LP|Cycling B	2.1601	inf
TTI2	LP|Cycling B	2.1690	0.7501
TTK	LP|Cycling B	6.5177	0.7384
TUBG1	LP|Cycling B	3.0678	0.4157
U2AF1	LP|Cycling B	1.8858	0.2500
UBA6-AS1	LP|Cycling B	1.3152	0.7160
UBAC2-AS1	LP|Cycling B	2.8534	1.8797
UBE2C	LP|Cycling B	7.2439	0.6000
UBR7	LP|Cycling B	2.7241	0.3179
UHRF1	LP|Cycling B	6.2765	0.4808
UPF3B	LP|Cycling B	1.8996	0.3882
UPK3B	LP|Cycling B	1.9750	0.6866
VAMP1	LP|Cycling B	1.5873	inf
VDAC1	LP|Cycling B	2.2202	0.3838
VTA1	LP|Cycling B	1.7261	0.3638
WDR4	LP|Cycling B	2.9779	1.1691
WDR62	LP|Cycling B	3.8591	1.3080
WDR76	LP|Cycling B	4.6380	0.5803
WEE1	LP|Cycling B	3.8468	0.2630
YTHDF3-AS1	LP|Cycling B	1.9800	1.1118
ZBTB14	LP|Cycling B	1.8062	0.3797
ZBTB8OS	LP|Cycling B	1.6764	0.6180
ZC3H3	LP|Cycling B	1.1056	0.3033
ZC3H4	LP|Cycling B	1.3281	0.4049
ZMYND19	LP|Cycling B	2.2072	0.3844
ZNF257	LP|Cycling B	2.7291	inf
ZNF273	LP|Cycling B	2.1779	0.5054
ZNF431	LP|Cycling B	1.2634	0.3366
ZNF669	LP|Cycling B	1.0738	0.5268
ZNF670	LP|Cycling B	2.6806	1.3149
ZNF675	LP|Cycling B	1.3208	1.1757
ZNF714	LP|Cycling B	2.3606	0.8393
ZNF726	LP|Cycling B	2.6992	1.7303
ZNF85	LP|Cycling B	2.2750	0.3793
ZRANB3	LP|Cycling B	2.3806	0.8094
hsa-mir-8072	LP|Cycling B	1.2882	0.5421
ABHD11	LP|Cycling Monocytes	1.9577	0.7365
ABHD12	LP|Cycling Monocytes	2.7866	0.8593
AC009005.2	LP|Cycling Monocytes	4.5568	2.8719
AC009501.4	LP|Cycling Monocytes	2.6792	0.7350
AC093627.10	LP|Cycling Monocytes	3.6895	0.5265
AC109826.1	LP|Cycling Monocytes	3.7585	0.9297
ACP5	LP|Cycling Monocytes	3.8683	1.0052
ADCK2	LP|Cycling Monocytes	2.1052	0.2591
AFG3L2	LP|Cycling Monocytes	1.7912	0.4179
AGPAT3	LP|Cycling Monocytes	2.3097	0.3283
AIMP2	LP|Cycling Monocytes	2.5197	0.5381
AKR1A1	LP|Cycling Monocytes	2.1060	0.7797
AKT1	LP|Cycling Monocytes	2.0035	0.4110
ALDH16A1	LP|Cycling Monocytes	2.0052	0.3112
AMDHD2	LP|Cycling Monocytes	1.9165	0.4562
ANAPC11	LP|Cycling Monocytes	2.2107	0.5800
ANKFY1	LP|Cycling Monocytes	1.7938	0.5268
ANKH	LP|Cycling Monocytes	1.9274	0.3998
ANLN	LP|Cycling Monocytes	6.6177	1.1614
AP006222.2	LP|Cycling Monocytes	2.2949	0.3006
AP1B1	LP|Cycling Monocytes	3.4256	0.5281
AP2S1	LP|Cycling Monocytes	3.7269	1.0675
AP4E1	LP|Cycling Monocytes	2.8655	2.2558
APITD1	LP|Cycling Monocytes	3.6407	0.2793
APOO	LP|Cycling Monocytes	2.0653	0.4130
AQR	LP|Cycling Monocytes	1.5882	0.2514
ARHGAP4	LP|Cycling Monocytes	1.9499	0.4912
ARL6IP1	LP|Cycling Monocytes	2.5020	0.4853
ATP5H	LP|Cycling Monocytes	1.8454	0.3788
ATP6V0B	LP|Cycling Monocytes	2.6002	0.7584
ATP6V1C1	LP|Cycling Monocytes	2.0959	0.4983
ATP6V1F	LP|Cycling Monocytes	2.2970	0.6875
BAIAP2	LP|Cycling Monocytes	2.5103	0.3203
BLOC1S1	LP|Cycling Monocytes	2.2161	0.4679
BLVRA	LP|Cycling Monocytes	2.9834	0.8442
BLVRB	LP|Cycling Monocytes	2.8558	0.4196
C10orf76	LP|Cycling Monocytes	1.9735	0.8320
C15orf38	LP|Cycling Monocytes	3.9377	1.0244
C1QA	LP|Cycling Monocytes	7.1747	0.6593
C1QB	LP|Cycling Monocytes	7.1857	0.5899
C1QC	LP|Cycling Monocytes	7.1692	0.6050
C3AR1	LP|Cycling Monocytes	3.6982	0.4361
C9orf156	LP|Cycling Monocytes	1.3102	0.4253
CAMK1	LP|Cycling Monocytes	4.1365	0.6643
CBWD1	LP|Cycling Monocytes	1.5087	0.3149
CCDC112	LP|Cycling Monocytes	2.2084	0.2992
CCHCR1	LP|Cycling Monocytes	2.0284	0.5872
CCL3	LP|Cycling Monocytes	4.4833	1.1847
CCL3L1	LP|Cycling Monocytes	4.7799	0.2639
CD101	LP|Cycling Monocytes	4.0505	0.5373
CDK5	LP|Cycling Monocytes	1.8319	0.3295
CEP152	LP|Cycling Monocytes	3.1949	0.3064
CISD3	LP|Cycling Monocytes	2.1342	0.4118
CKAP5	LP|Cycling Monocytes	3.2385	0.6266
CKS1B	LP|Cycling Monocytes	4.4330	0.4676
CLDN7	LP|Cycling Monocytes	3.1464	0.8923
CLTA	LP|Cycling Monocytes	2.7585	0.5297
CNOT1	LP|Cycling Monocytes	1.7446	0.2951
COLGALT1	LP|Cycling Monocytes	2.7895	0.4900
COMMD4	LP|Cycling Monocytes	2.8952	0.8725
COQ2	LP|Cycling Monocytes	3.9928	2.1801
COX14	LP|Cycling Monocytes	1.4764	0.3918
CREG1	LP|Cycling Monocytes	3.5469	0.8493
CTSB	LP|Cycling Monocytes	4.2557	0.6128
CTSD	LP|Cycling Monocytes	3.8859	0.5353
CTSZ	LP|Cycling Monocytes	3.9420	0.5007
DNAJC5	LP|Cycling Monocytes	2.2704	0.4207
DPP9	LP|Cycling Monocytes	1.9934	0.5725
DTYMK	LP|Cycling Monocytes	3.9743	0.4374
ECHS1	LP|Cycling Monocytes	1.9694	0.3033
EEPD1	LP|Cycling Monocytes	2.7676	0.4616
EFCAB11	LP|Cycling Monocytes	2.9483	0.5190
EIF4EBP1	LP|Cycling Monocytes	2.9767	0.8204
ENTPD3-AS1	LP|Cycling Monocytes	1.8970	1.0184
ERI2	LP|Cycling Monocytes	3.9035	1.2178
ERP29	LP|Cycling Monocytes	1.7433	0.5657
ETFB	LP|Cycling Monocytes	1.7858	0.2503
ETV5	LP|Cycling Monocytes	3.9803	0.9065
FCGRT	LP|Cycling Monocytes	4.1231	1.2693
FIBP	LP|Cycling Monocytes	2.1311	0.3391
FOXRED2	LP|Cycling Monocytes	2.9412	0.6501
GAA	LP|Cycling Monocytes	2.6962	0.3596
GABARAP	LP|Cycling Monocytes	2.1957	0.2891
GAL3ST4	LP|Cycling Monocytes	3.4256	0.5463
GGCT	LP|Cycling Monocytes	2.6843	0.4414
GGH	LP|Cycling Monocytes	3.6521	1.2261
GNPDA1	LP|Cycling Monocytes	3.0549	0.6153
GPR35	LP|Cycling Monocytes	3.3461	0.2578
GPX1	LP|Cycling Monocytes	3.9006	0.4617
GRAMD4	LP|Cycling Monocytes	2.2296	0.3784
GRN	LP|Cycling Monocytes	3.9476	0.4990
GSTO1	LP|Cycling Monocytes	2.6923	0.3134
GUSB	LP|Cycling Monocytes	2.2553	0.9399
H2AFZ	LP|Cycling Monocytes	3.5687	0.2807
HAGHL	LP|Cycling Monocytes	2.1360	0.3112
HAUS4	LP|Cycling Monocytes	2.9978	1.1881
HAUS7	LP|Cycling Monocytes	2.4316	0.4039
HCFC1	LP|Cycling Monocytes	2.2368	0.5600
HERC5	LP|Cycling Monocytes	1.6967	0.3546
HEXA	LP|Cycling Monocytes	2.5629	0.2514
HEXB	LP|Cycling Monocytes	2.5435	0.6013
HMGB3	LP|Cycling Monocytes	5.0191	0.6248
HNRNPUL2	LP|Cycling Monocytes	1.9591	0.3634
IDH2	LP|Cycling Monocytes	3.0184	0.5198
IL10RB-AS1	LP|Cycling Monocytes	2.4274	0.3629
ITGB7	LP|Cycling Monocytes	1.7780	0.4883
KCNJ3	LP|Cycling Monocytes	2.8143	0.5213
KCTD5	LP|Cycling Monocytes	2.2019	0.6006
KHSRP	LP|Cycling Monocytes	2.4760	0.8344
LAIR1	LP|Cycling Monocytes	3.2896	0.9897
LAMTOR2	LP|Cycling Monocytes	2.3314	0.2619
LCORL	LP|Cycling Monocytes	1.5042	0.3822
LGMN	LP|Cycling Monocytes	3.8628	0.4184
LINC00996	LP|Cycling Monocytes	3.4811	0.7007
LRRC69	LP|Cycling Monocytes	2.4049	1.6868
LSM4	LP|Cycling Monocytes	3.0670	0.5924
LZIC	LP|Cycling Monocytes	2.0592	0.5099
MADD	LP|Cycling Monocytes	1.7635	0.5266
MCOLN1	LP|Cycling Monocytes	2.2661	0.4053
MFN2	LP|Cycling Monocytes	2.0822	0.4398
MKKS	LP|Cycling Monocytes	1.6074	0.3235
MKNK1	LP|Cycling Monocytes	2.4378	0.3437
MROH1	LP|Cycling Monocytes	2.3434	1.0480
MTHFD1L	LP|Cycling Monocytes	2.8255	0.2763
MTMR6	LP|Cycling Monocytes	1.2455	0.3198
NCAPD2	LP|Cycling Monocytes	3.8995	0.2572
NDUFS7	LP|Cycling Monocytes	1.8662	0.4775
NDUFS8	LP|Cycling Monocytes	1.8309	0.3191
NINJ1	LP|Cycling Monocytes	2.8824	0.6232
NIT2	LP|Cycling Monocytes	1.8876	0.2555
NPC2	LP|Cycling Monocytes	3.8216	0.3195
NQO2	LP|Cycling Monocytes	2.5779	0.6106
NUP205	LP|Cycling Monocytes	2.2809	0.4188
ORMDL2	LP|Cycling Monocytes	1.6749	0.4359
PALD1	LP|Cycling Monocytes	3.1520	0.3083
PCBD1	LP|Cycling Monocytes	2.6108	1.0141
PDE6D	LP|Cycling Monocytes	1.8114	0.2671
PECR	LP|Cycling Monocytes	2.2216	1.0183
PFKL	LP|Cycling Monocytes	2.1422	0.3408
PGP	LP|Cycling Monocytes	2.4655	0.3271
PI4K2A	LP|Cycling Monocytes	2.3213	0.4364
PI4KA	LP|Cycling Monocytes	1.8901	0.4758
PLA2G15	LP|Cycling Monocytes	2.6713	0.3934
PLD3	LP|Cycling Monocytes	2.8672	0.9296
PPM1N	LP|Cycling Monocytes	2.0843	0.8618
PPP1R21	LP|Cycling Monocytes	1.6958	0.4987
PRADC1	LP|Cycling Monocytes	1.8667	0.6083
PSAP	LP|Cycling Monocytes	3.7460	0.3262
PSME4	LP|Cycling Monocytes	1.4554	0.3125
PTPMT1	LP|Cycling Monocytes	2.4450	0.6774
RAB20	LP|Cycling Monocytes	4.1119	0.6141
RAC1	LP|Cycling Monocytes	3.1509	0.4388
RB1	LP|Cycling Monocytes	3.5675	0.6070
RHEB	LP|Cycling Monocytes	2.1059	0.3802
RNASE6	LP|Cycling Monocytes	4.1752	0.3163
RNF130	LP|Cycling Monocytes	3.9992	0.3211
RNF135	LP|Cycling Monocytes	2.0625	0.3934
RNF220	LP|Cycling Monocytes	1.5085	0.3190
RNPEP	LP|Cycling Monocytes	3.1736	0.9126
RP11-54O7.17	LP|Cycling Monocytes	3.4631	0.4178
RP11-65J3.1	LP|Cycling Monocytes	3.5670	0.4284
RPE	LP|Cycling Monocytes	2.3680	0.5140
RPP25	LP|Cycling Monocytes	2.9707	1.3628
RTCB	LP|Cycling Monocytes	2.1118	0.3096
RTN3	LP|Cycling Monocytes	2.0401	0.7739
RUFY1	LP|Cycling Monocytes	1.8512	0.2980
SAMD1	LP|Cycling Monocytes	3.1326	0.8849
SCAMP2	LP|Cycling Monocytes	1.8735	0.6580
SCN4B	LP|Cycling Monocytes	4.7156	0.5584
SDHB	LP|Cycling Monocytes	2.0538	0.4042
SDSL	LP|Cycling Monocytes	4.5222	0.9606
SETD9	LP|Cycling Monocytes	1.4703	0.3114
SFMBT2	LP|Cycling Monocytes	2.3095	0.4515
SLC19A1	LP|Cycling Monocytes	2.6905	0.7096
SLC20A1	LP|Cycling Monocytes	2.4735	0.4129
SLC25A39	LP|Cycling Monocytes	2.0119	0.4758
SLC25A5	LP|Cycling Monocytes	3.3563	0.3467
SLC2A8	LP|Cycling Monocytes	2.4691	0.5960
SLC37A4	LP|Cycling Monocytes	2.9112	0.6281
SLC38A6	LP|Cycling Monocytes	2.9056	0.4603
SLC39A3	LP|Cycling Monocytes	1.8809	0.5782
SLC39A4	LP|Cycling Monocytes	1.6718	0.5005
SLC46A1	LP|Cycling Monocytes	3.4057	0.3481
SLC8B1	LP|Cycling Monocytes	2.1525	0.3173
SMIM4	LP|Cycling Monocytes	2.4596	0.8014
SMS	LP|Cycling Monocytes	3.0206	0.5148
SNAP29	LP|Cycling Monocytes	1.9649	0.3101
SNORA67	LP|Cycling Monocytes	2.0643	0.4962
SOGA1	LP|Cycling Monocytes	3.0808	0.6476
SRD5A3	LP|Cycling Monocytes	2.8077	1.0323
ST14	LP|Cycling Monocytes	4.0428	0.7162
STAC3	LP|Cycling Monocytes	4.3756	0.6413
STIL	LP|Cycling Monocytes	4.6114	0.4215
STRA13	LP|Cycling Monocytes	2.7340	0.3537
STX6	LP|Cycling Monocytes	2.1878	0.3003
STYXL1	LP|Cycling Monocytes	1.7115	0.3894
SUGP2	LP|Cycling Monocytes	2.0249	0.2804
SUMO3	LP|Cycling Monocytes	2.4013	0.7843
TALDO1	LP|Cycling Monocytes	2.4463	0.4320
TBC1D10B	LP|Cycling Monocytes	2.2141	0.3783
TELO2	LP|Cycling Monocytes	2.2484	0.5442
TESK1	LP|Cycling Monocytes	2.2499	0.6924
TFPT	LP|Cycling Monocytes	2.6616	0.6822
TIMM21	LP|Cycling Monocytes	2.0762	0.5892
TK2	LP|Cycling Monocytes	2.1421	0.3912
TM6SF1	LP|Cycling Monocytes	3.5616	0.2909
TMEM138	LP|Cycling Monocytes	1.7720	0.4105
TMEM14B	LP|Cycling Monocytes	1.7715	0.3994
TMEM160	LP|Cycling Monocytes	1.7706	0.4038
TMEM180	LP|Cycling Monocytes	2.7917	0.7171
TMEM251	LP|Cycling Monocytes	2.1216	0.7239
TMEM53	LP|Cycling Monocytes	2.5501	0.8536
TMEM70	LP|Cycling Monocytes	1.4437	0.2843
TOPBP1	LP|Cycling Monocytes	2.7891	0.2748
TOR2A	LP|Cycling Monocytes	2.4572	0.3699
TPCN1	LP|Cycling Monocytes	2.4080	0.3680
TPK1	LP|Cycling Monocytes	2.3278	0.4191
TRIM14	LP|Cycling Monocytes	2.8240	0.6216
TRPM2	LP|Cycling Monocytes	4.2879	0.6315
TUBA1B	LP|Cycling Monocytes	4.7959	0.7417
TUBA1C	LP|Cycling Monocytes	3.3558	0.5290
TUBGCP3	LP|Cycling Monocytes	2.1984	0.6433
UBAC1	LP|Cycling Monocytes	2.3660	0.6540
UQCC2	LP|Cycling Monocytes	2.2220	0.4766
UQCR10	LP|Cycling Monocytes	2.0227	0.6309
VAMP8	LP|Cycling Monocytes	3.6781	1.0375
VEGFB	LP|Cycling Monocytes	2.0663	0.3798
VMA21	LP|Cycling Monocytes	2.6900	0.6903
VPS29	LP|Cycling Monocytes	2.2873	0.5102
VTI1B	LP|Cycling Monocytes	1.5995	0.2664
WDFY2	LP|Cycling Monocytes	2.6922	0.3535
WDR81	LP|Cycling Monocytes	2.4718	0.5028
YBX1	LP|Cycling Monocytes	2.2913	0.4182
YIF1B	LP|Cycling Monocytes	3.0186	0.5165
YWHAH	LP|Cycling Monocytes	3.5608	1.2449
ZDHHC12	LP|Cycling Monocytes	2.6758	0.3486
ZFYVE19	LP|Cycling Monocytes	2.1162	0.2543
ZNF200	LP|Cycling Monocytes	1.9755	0.3582
ZNF592	LP|Cycling Monocytes	1.9977	0.9190
ZNF609	LP|Cycling Monocytes	1.7773	0.3976
ZNF706	LP|Cycling Monocytes	1.6720	0.4018
ZNF780A	LP|Cycling Monocytes	2.0390	0.9210
AAGAB	LP|Cycling T	2.0509	0.4677
AATF	LP|Cycling T	1.8960	0.2500
ABCF2	LP|Cycling T	1.9862	0.2711
AC104820.2	LP|Cycling T	2.5964	0.7816
ACAT2	LP|Cycling T	3.0426	0.4097
ACYP1	LP|Cycling T	2.7477	0.5394
ADSS	LP|Cycling T	1.5326	0.2560
AGFG2	LP|Cycling T	2.5442	0.4794
ANKRD32	LP|Cycling T	2.7489	0.8456
ANKRD54	LP|Cycling T	1.8652	0.5366
AP5S1	LP|Cycling T	1.9986	0.7154
APEX2	LP|Cycling T	2.6222	0.3106
API5	LP|Cycling T	1.5408	0.2850
APOBEC3H	LP|Cycling T	3.4786	0.5714
ARHGAP11B	LP|Cycling T	4.4968	0.4480
ARHGDIA	LP|Cycling T	2.1039	0.5799
ARL6IP6	LP|Cycling T	2.2022	0.3460
ARMC7	LP|Cycling T	2.0456	0.6441
ARPP19	LP|Cycling T	1.8519	0.3241
ASB8	LP|Cycling T	1.3152	0.3635
ASF1A	LP|Cycling T	1.8624	0.2986
ASPM	LP|Cycling T	6.6716	0.7843
ASUN	LP|Cycling T	1.9617	0.4026
ATAD2	LP|Cycling T	4.2750	0.3992
ATAD5	LP|Cycling T	3.9924	0.3583
BAK1	LP|Cycling T	2.0956	0.6723
BCL7B	LP|Cycling T	1.6557	0.4181
BDH1	LP|Cycling T	2.4120	0.2613
BNIP1	LP|Cycling T	2.0793	0.6957
BOLA3	LP|Cycling T	1.8300	0.2575
BRD7	LP|Cycling T	1.8515	0.2552
BTG3	LP|Cycling T	2.0315	0.2879
BUD13	LP|Cycling T	2.4556	0.2931
C14orf1	LP|Cycling T	1.5940	0.3680
C14orf80	LP|Cycling T	3.2413	0.2712
C15orf40	LP|Cycling T	1.2793	0.2527
C19orf25	LP|Cycling T	1.4097	0.5256
C1GALT1	LP|Cycling T	1.5704	0.3531
C1orf131	LP|Cycling T	1.8610	0.3163
C1orf35	LP|Cycling T	2.1687	0.3443
C1orf50	LP|Cycling T	1.4508	0.3929
C21orf91	LP|Cycling T	1.5051	0.6220
C9orf114	LP|Cycling T	1.8986	0.4756
C9orf78	LP|Cycling T	1.5346	0.3679
CABIN1	LP|Cycling T	1.6431	0.2946
CALM3	LP|Cycling T	2.8905	0.4475
CAND1	LP|Cycling T	1.3812	0.3571
CASP8AP2	LP|Cycling T	1.7848	0.3684
CCAR2	LP|Cycling T	2.0423	0.6773
CCDC137	LP|Cycling T	1.9809	0.4013
CCDC28A	LP|Cycling T	1.3591	0.2847
CCDC97	LP|Cycling T	1.3548	0.3683
CCNDBP1	LP|Cycling T	1.4743	0.2636
CCNF	LP|Cycling T	5.2335	0.3736
CCR5	LP|Cycling T	3.0393	0.2761
CD58	LP|Cycling T	2.2783	0.2771
CD70	LP|Cycling T	2.6490	0.4104
CDC25B	LP|Cycling T	3.0191	0.3532
CDKN2A	LP|Cycling T	3.3972	1.4243
CENPC	LP|Cycling T	1.3513	0.3265
CENPF	LP|Cycling T	6.2183	0.5363
CENPL	LP|Cycling T	3.2619	0.8105
CENPO	LP|Cycling T	4.4679	0.4105
CENPV	LP|Cycling T	2.3750	0.3460
CERK	LP|Cycling T	1.5594	0.2765
CFL1	LP|Cycling T	2.5408	0.2602
CHMP1A	LP|Cycling T	2.0400	0.4902
CHST11	LP|Cycling T	1.6859	0.4313
CLDND1	LP|Cycling T	1.6213	0.4537
CSNK1G2	LP|Cycling T	1.8754	0.3601
CTR9	LP|Cycling T	1.2296	0.2865
CWC25	LP|Cycling T	1.2718	0.3685
DCAF15	LP|Cycling T	2.4607	0.4806
DCTN3	LP|Cycling T	1.8465	0.3742
DDB2	LP|Cycling T	3.1919	0.9902
DDX11	LP|Cycling T	2.5532	0.4376
DDX23	LP|Cycling T	1.5432	0.3018
DDX59	LP|Cycling T	1.6563	0.4129
DEF6	LP|Cycling T	2.2633	0.7068
DENR	LP|Cycling T	1.7207	0.2732
DLD	LP|Cycling T	2.1195	0.3131
DLEU1	LP|Cycling T	1.8787	0.3131
DLEU2	LP|Cycling T	3.2139	0.2730
DNAJC9	LP|Cycling T	3.6436	0.4627
DPP3	LP|Cycling T	2.8511	0.5217
DR1	LP|Cycling T	1.8262	0.3821
E2F3	LP|Cycling T	2.1973	0.6526
EBP	LP|Cycling T	2.8446	0.7832
ELK1	LP|Cycling T	1.9887	0.4647
ENO1	LP|Cycling T	2.8020	0.5540
ESYT1	LP|Cycling T	2.0824	0.4232
FADD	LP|Cycling T	2.2449	0.4011
FAM104A	LP|Cycling T	2.3177	0.8051
FAM122B	LP|Cycling T	1.7260	0.2541
FAM78A	LP|Cycling T	1.6446	0.6059
FANCD2	LP|Cycling T	3.9444	0.4004
FBXL6	LP|Cycling T	2.1373	0.8065
FBXO25	LP|Cycling T	1.2882	0.2825
FBXO33	LP|Cycling T	1.2951	0.4028
FDXR	LP|Cycling T	3.4602	1.7038
FN3KRP	LP|Cycling T	2.0325	0.3180
FOXM1	LP|Cycling T	5.5519	0.2745
FUT7	LP|Cycling T	3.4129	0.9952
GINS3	LP|Cycling T	3.9166	0.4005
GLMN	LP|Cycling T	1.8323	0.5832
GMCL1	LP|Cycling T	1.9523	0.7658
GMPS	LP|Cycling T	2.2978	0.3702
GPI	LP|Cycling T	2.2847	0.8579
GPN1	LP|Cycling T	2.1315	0.7046
GPS1	LP|Cycling T	1.6796	0.2856
GPSM2	LP|Cycling T	3.7430	0.4122
GRIPAP1	LP|Cycling T	1.4943	0.2715
GTPBP8	LP|Cycling T	1.6058	0.2905
HAUS3	LP|Cycling T	2.0388	0.6325
HAUS6	LP|Cycling T	2.3727	0.4290
HDGF	LP|Cycling T	2.4472	0.5437
HENMT1	LP|Cycling T	2.7707	0.4903
HIF1AN	LP|Cycling T	1.5499	0.3393
HIRIP3	LP|Cycling T	2.9754	0.6229
HIST1H1E	LP|Cycling T	3.0439	0.6178
HIST2H2AC	LP|Cycling T	2.7417	0.2790
HMGXB4	LP|Cycling T	2.0587	0.4550
HNRNPLL	LP|Cycling T	2.4339	0.3728
HNRNPR	LP|Cycling T	2.1392	0.2653
HTATSF1	LP|Cycling T	2.0454	0.5552
ICMT	LP|Cycling T	2.3822	0.4097
IFI27L1	LP|Cycling T	2.0807	0.3385
IMMT	LP|Cycling T	2.3001	0.4467
IRAK4	LP|Cycling T	1.4061	0.4858
ISY1	LP|Cycling T	1.7560	0.2887
KANSL1-AS1	LP|Cycling T	1.1914	0.3200
KATNB1	LP|Cycling T	2.0899	0.7680
KIF14	LP|Cycling T	5.6807	0.5675
KIF15	LP|Cycling T	6.4349	0.5964
KIF20B	LP|Cycling T	3.7766	0.2598
KIF21A	LP|Cycling T	1.8299	0.5832
KIF23	LP|Cycling T	5.7686	0.3034
KIF2A	LP|Cycling T	2.0541	0.4327
KRI1	LP|Cycling T	1.9834	0.5781
LCMT1	LP|Cycling T	1.4913	0.2957
LEMD2	LP|Cycling T	1.9566	0.9401
LMNB2	LP|Cycling T	3.2923	0.3670
LOH12CR1	LP|Cycling T	1.4577	0.5322
LSM1	LP|Cycling T	1.4526	0.2853
LYPLA2	LP|Cycling T	2.0271	0.4689
MAGOHB	LP|Cycling T	2.1925	0.3204
MAP2K7	LP|Cycling T	1.0695	0.2821
MASTL	LP|Cycling T	3.3775	0.3502
MBD1	LP|Cycling T	1.3277	0.3572
MECP2	LP|Cycling T	1.3473	0.5294
METAP1	LP|Cycling T	1.9344	0.3134
METTL18	LP|Cycling T	1.6767	0.4115
MICB	LP|Cycling T	3.1953	0.4775
MPHOSPH9	LP|Cycling T	2.2096	0.3050
MRE11A	LP|Cycling T	2.2346	0.2969
MRGBP	LP|Cycling T	2.1932	0.4786
MRPL10	LP|Cycling T	1.9398	0.3778
MTHFD1	LP|Cycling T	3.1433	0.4266
NABP2	LP|Cycling T	2.3926	0.3352
NAP1L4	LP|Cycling T	2.2252	0.7590
NCAPD3	LP|Cycling T	3.4049	0.2685
NCOR1	LP|Cycling T	1.3244	0.2887
NEIL3	LP|Cycling T	6.7073	0.7081
NELFB	LP|Cycling T	1.7784	0.3101
NF2	LP|Cycling T	1.6243	0.2638
NFKBIB	LP|Cycling T	1.5002	0.4496
NRD1	LP|Cycling T	1.3621	0.4663
NUDT16L1	LP|Cycling T	1.4519	0.4208
NUP188	LP|Cycling T	2.2911	0.5280
NUP50	LP|Cycling T	2.0697	0.2573
ODF2	LP|Cycling T	2.8950	0.6616
OGDH	LP|Cycling T	1.9275	0.4024
OPA1	LP|Cycling T	1.7402	0.5824
PA2G4	LP|Cycling T	2.4006	0.3830
PAF1	LP|Cycling T	1.6136	0.3269
PBRM1	LP|Cycling T	1.4174	0.2661
PCBD2	LP|Cycling T	2.3375	0.8142
PCK2	LP|Cycling T	2.0199	0.6778
PCYT2	LP|Cycling T	1.9511	0.5611
PDK3	LP|Cycling T	2.2987	0.2787
PFKP	LP|Cycling T	2.7626	0.4652
PFN1	LP|Cycling T	2.8558	0.3005
PGAM1	LP|Cycling T	2.5248	0.4278
PGK1	LP|Cycling T	1.9946	0.3253
PIDD	LP|Cycling T	3.1251	0.2860
PIN1	LP|Cycling T	2.0394	0.3215
PMF1	LP|Cycling T	1.9122	0.2862
PMVK	LP|Cycling T	2.3213	0.3781
POLD3	LP|Cycling T	3.1413	0.4014
POLR2G	LP|Cycling T	2.1315	0.3519
POP4	LP|Cycling T	2.1956	0.6812
PPIL2	LP|Cycling T	1.4024	0.4433
PPM1B	LP|Cycling T	1.4123	0.3004
PPP1CA	LP|Cycling T	2.5202	0.2900
PPP1R18	LP|Cycling T	2.6480	0.3792
PPP2R1B	LP|Cycling T	2.5526	0.8947
PPP2R2D	LP|Cycling T	1.5703	0.6828
PPP2R5D	LP|Cycling T	2.6335	1.2282
PPP5C	LP|Cycling T	2.1437	0.2617
PPP6R2	LP|Cycling T	1.4367	0.3627
PREP	LP|Cycling T	1.9192	0.6748
PRKCQ	LP|Cycling T	2.6512	0.5057
PRRC2C	LP|Cycling T	1.3825	0.3307
PSMA5	LP|Cycling T	2.1067	0.3571
PSMB8	LP|Cycling T	2.1681	0.3388
PSMD5	LP|Cycling T	1.8633	0.5744
PUF60	LP|Cycling T	1.8186	0.3163
PYGO2	LP|Cycling T	1.7314	0.4612
RAB33A	LP|Cycling T	3.3728	0.9279
RABIF	LP|Cycling T	1.8783	0.2742
RAC2	LP|Cycling T	2.6507	0.5104
RAD21	LP|Cycling T	2.7053	0.2859
RAF1	LP|Cycling T	1.0466	0.2684
RALY	LP|Cycling T	2.1143	0.3539
RANGAP1	LP|Cycling T	2.7621	0.4770
RBBP5	LP|Cycling T	1.4436	0.4448
RBCK1	LP|Cycling T	1.4213	0.3534
RBM10	LP|Cycling T	2.0522	0.2922
RHNO1	LP|Cycling T	2.5222	0.3643
RIC8A	LP|Cycling T	1.8698	0.2754
RNF187	LP|Cycling T	1.8969	0.3633
RNF4	LP|Cycling T	1.6829	0.3125
RNPS1	LP|Cycling T	1.7699	0.3270
ROCK1	LP|Cycling T	1.6216	0.3887
RP11-545E17.3	LP|Cycling T	3.3602	0.4103
RPA1	LP|Cycling T	2.5899	0.3521
RWDD4	LP|Cycling T	1.5349	0.4625
S1PR4	LP|Cycling T	2.3898	0.8051
SERGEF	LP|Cycling T	1.5061	0.2857
SF3A2	LP|Cycling T	2.0600	0.4778
SGOL2	LP|Cycling T	4.4621	0.2535
SH3BP1	LP|Cycling T	2.4454	0.3162
SIT1	LP|Cycling T	2.7689	0.3190
SLC27A2	LP|Cycling T	4.1446	2.7159
SLC2A1	LP|Cycling T	2.2864	0.2850
SLC2A4RG	LP|Cycling T	2.2530	0.4675
SMC2	LP|Cycling T	4.4003	0.4396
SMC3	LP|Cycling T	2.6366	0.5563
SMPD4	LP|Cycling T	2.1748	0.3259
SNRNP40	LP|Cycling T	2.1667	0.2514
SNW1	LP|Cycling T	1.7902	0.4855
SNX6	LP|Cycling T	1.6359	0.2691
SPSB2	LP|Cycling T	2.0869	0.7117
SRRT	LP|Cycling T	2.0991	0.3090
STAG1	LP|Cycling T	1.4649	0.5842
SUPT16H	LP|Cycling T	2.4261	0.5629
SUV39H1	LP|Cycling T	3.7993	0.2584
SUV39H2	LP|Cycling T	3.7122	0.3930
TADA3	LP|Cycling T	2.1263	0.3299
TAF12	LP|Cycling T	1.5519	0.2659
TAF15	LP|Cycling T	2.1651	0.4450
TAMM41	LP|Cycling T	1.7368	0.4703
TARBP2	LP|Cycling T	1.7203	0.3318
TBC1D10C	LP|Cycling T	2.5085	0.2784
TBC1D31	LP|Cycling T	2.7224	0.4768
TCEB3	LP|Cycling T	1.3912	0.2986
TCF19	LP|Cycling T	3.9793	0.2720
TCTEX1D2	LP|Cycling T	3.3847	0.4117
TMPO	LP|Cycling T	3.5465	0.2909
TMUB1	LP|Cycling T	1.8093	0.4922
TOR1A	LP|Cycling T	1.9602	0.3919
TRAF2	LP|Cycling T	2.5735	0.4209
TRAIP	LP|Cycling T	5.3409	0.6858
TRIM11	LP|Cycling T	1.7328	0.3949
TSPAN17	LP|Cycling T	2.0739	0.2693
TSTA3	LP|Cycling T	1.9393	0.2585
TTF2	LP|Cycling T	2.9459	0.7787
TXNL4B	LP|Cycling T	2.0537	0.7315
U2AF2	LP|Cycling T	2.2886	0.3050
UBA6	LP|Cycling T	1.1986	0.5288
UBE2J2	LP|Cycling T	1.6304	0.3188
UBL4A	LP|Cycling T	1.8247	0.2517
ULK3	LP|Cycling T	1.6456	0.4337
UNG	LP|Cycling T	2.6568	0.2785
USB1	LP|Cycling T	2.0055	0.3277
USP1	LP|Cycling T	2.8863	0.4389
USP39	LP|Cycling T	2.4064	0.3407
USP5	LP|Cycling T	2.1666	0.4586
UXS1	LP|Cycling T	2.0752	0.4820
VDAC3	LP|Cycling T	2.3275	0.3475
VPS26B	LP|Cycling T	1.9011	0.6858
VPS4B	LP|Cycling T	1.4504	0.3029
VRK3	LP|Cycling T	1.5023	0.3087
WDR1	LP|Cycling T	2.6886	0.4562
WDR82	LP|Cycling T	1.5270	0.4682
WIBG	LP|Cycling T	1.8384	0.4963
WNK1	LP|Cycling T	1.6348	0.3406
XRCC2	LP|Cycling T	4.9717	0.7427
XRCC3	LP|Cycling T	3.9249	0.6456
XRCC6BP1	LP|Cycling T	2.2292	0.2939
ZBTB2	LP|Cycling T	2.0820	0.7037
ZC3H18	LP|Cycling T	1.6543	0.3612
ZNF101	LP|Cycling T	2.1661	0.4295
ZNF76	LP|Cycling T	1.4958	0.2667
AC093673.5	LP|DC1	3.0948	1.1603
ACSL5	LP|DC1	2.2919	0.3370
ACSS2	LP|DC1	2.0102	0.5428
ACTB	LP|DC1	3.2337	0.3194
ADAM19	LP|DC1	2.8566	0.8479
AGPAT1	LP|DC1	2.8096	1.0958
AP1S3	LP|DC1	2.6635	0.6425
AP3D1	LP|DC1	1.9000	0.4209
APOBR	LP|DC1	3.4087	0.2810
APOL3	LP|DC1	2.6914	0.3490
ARRDC1	LP|DC1	1.9421	0.2594
ASAP1	LP|DC1	3.1814	1.0296
ASB2	LP|DC1	4.1037	0.8177
ASPHD2	LP|DC1	2.3265	0.9706
ATG3	LP|DC1	3.2498	0.6734
ATP1A1	LP|DC1	2.5866	1.1071
ATP6V1D	LP|DC1	1.8748	0.4834
ATP6V1H	LP|DC1	2.2181	0.6761
ATPAF2	LP|DC1	2.3278	0.2519
B3GNTL1	LP|DC1	3.2799	0.4006
BATF3	LP|DC1	6.1807	2.6555
BCL2L14	LP|DC1	5.1964	4.3547
BID	LP|DC1	3.9349	0.7188
BTLA	LP|DC1	3.1101	1.1973
C12orf5	LP|DC1	3.1788	0.3565
C15orf48	LP|DC1	4.2477	0.5892
C1orf54	LP|DC1	6.4012	2.2608
C20orf27	LP|DC1	4.0412	0.5039
C8orf47	LP|DC1	7.7440	6.5337
CADM1	LP|DC1	3.7137	0.2869
CAMK2D	LP|DC1	3.4382	1.4833
CASP9	LP|DC1	2.8149	1.0644
CBL	LP|DC1	2.4409	0.3217
CCND1	LP|DC1	5.1269	0.6326
CD226	LP|DC1	2.4629	0.3459
CD74	LP|DC1	5.5286	0.6759
CDH17	LP|DC1	4.1383	0.5252
CEP164	LP|DC1	1.9163	0.4221
CHFR	LP|DC1	1.6248	0.4490
CHN2	LP|DC1	3.7151	0.2738
CLCN4	LP|DC1	5.7915	inf
CLEC9A	LP|DC1	9.5632	5.0859
CLNK	LP|DC1	5.6431	0.6580
CNFN	LP|DC1	3.8171	0.8376
CORO7	LP|DC1	1.7577	0.4988
CPNE3	LP|DC1	4.3592	2.4440
CPVL	LP|DC1	7.4093	1.5631
CST3	LP|DC1	6.8969	0.9876
CTB-89H12.4	LP|DC1	1.9392	0.3515
CTC-524C5.2	LP|DC1	2.2344	0.6022
CTD-2319I12.1	LP|DC1	8.6697	4.1092
CXCL16	LP|DC1	4.0819	0.4821
CYP2S1	LP|DC1	5.1482	0.3737
DAPK1-IT1	LP|DC1	4.7515	0.4563
DAPK2	LP|DC1	4.2804	2.9137
DCTPP1	LP|DC1	2.9611	0.4900
DCUN1D1	LP|DC1	1.9592	0.4516
DENND1B	LP|DC1	2.8249	1.2408
DESI1	LP|DC1	1.8265	0.3945
DGAT2	LP|DC1	5.7934	2.7620
DHTKD1	LP|DC1	1.7291	0.2969
DNAJA4	LP|DC1	2.3837	0.3391
DNASE1L3	LP|DC1	6.8562	0.9030
DSE	LP|DC1	3.7639	0.7347
DUSP18	LP|DC1	2.2423	0.7573
EHF	LP|DC1	5.5228	1.5559
EIF6	LP|DC1	2.4438	0.5639
ENPP1	LP|DC1	6.1077	3.5236
ENSA	LP|DC1	2.2667	0.5321
ETV6	LP|DC1	3.1397	0.7746
EVI2A	LP|DC1	1.5514	0.3269
FAH	LP|DC1	2.8837	0.6521
FAM135A	LP|DC1	2.7882	0.9408
FAM160A2	LP|DC1	1.8685	0.2531
FAM221A	LP|DC1	2.2099	0.4911
FAM3B	LP|DC1	5.9814	5.0605
FARP2	LP|DC1	2.6707	1.1591
FARS2	LP|DC1	1.9888	0.4202
FBXO27	LP|DC1	5.6333	inf
FKBP1B	LP|DC1	5.2747	2.1053
FLOT2	LP|DC1	2.5228	0.9294
FLT3	LP|DC1	6.7038	1.5735
FNIP2	LP|DC1	4.6095	1.0889
FOXN2	LP|DC1	2.1979	0.3553
GNA15	LP|DC1	3.9627	0.4126
GNAO1	LP|DC1	3.9622	inf
GPR137B	LP|DC1	2.7678	0.6402
GPR157	LP|DC1	4.1755	0.3467
GSTM4	LP|DC1	2.9820	0.9181
GSTP1	LP|DC1	3.0311	0.7231
H2AFY	LP|DC1	3.3491	0.3203
HAVCR2	LP|DC1	3.9951	0.2505
HLA-DOB	LP|DC1	4.0048	0.5763
HLA-DPA1	LP|DC1	6.4190	0.6584
HLA-DPB1	LP|DC1	6.8808	0.6807
HLA-DQA1	LP|DC1	6.0903	0.4765
HLA-DQB1	LP|DC1	5.7679	0.4415
HLA-DQB2	LP|DC1	5.2768	0.5676
HLA-DRB1	LP|DC1	6.2912	0.3359
HPS5	LP|DC1	3.1596	0.4631
HSDL2	LP|DC1	2.6393	0.8638
IDH3A	LP|DC1	2.4469	0.4881
IDO1	LP|DC1	8.2049	3.3053
IDO2	LP|DC1	7.1771	inf
IER5	LP|DC1	2.6617	0.4613
IFT20	LP|DC1	2.0735	0.7084
INPP5F	LP|DC1	3.2854	0.9283
IQCE	LP|DC1	2.8132	1.4118
IRAK2	LP|DC1	3.1428	inf
IRF8	LP|DC1	5.3077	0.4977
KCNK6	LP|DC1	3.1144	0.5272
KIAA0226L	LP|DC1	4.9663	0.6024
KIAA1598	LP|DC1	6.0468	2.0578
KIF16B	LP|DC1	3.3400	1.7187
LDLRAD4	LP|DC1	3.0527	0.3436
LGALS2	LP|DC1	7.1314	1.0545
LRRCC1	LP|DC1	3.3839	0.7064
LSM6	LP|DC1	2.5646	0.2949
LSP1	LP|DC1	3.3721	0.9610
LY75	LP|DC1	2.9484	1.0215
MAP2K6	LP|DC1	3.2165	0.9676
MAP3K14	LP|DC1	2.6915	0.5792
MAPK9	LP|DC1	2.1172	0.5443
MBD6	LP|DC1	1.3743	0.3499
MCOLN2	LP|DC1	4.3589	0.5804
MICAL1	LP|DC1	2.6549	0.3610
MSL3	LP|DC1	2.1143	1.0895
MTERFD3	LP|DC1	2.9900	1.4666
MTMR10	LP|DC1	2.6427	0.8349
MVB12B	LP|DC1	3.0122	0.3240
MYCL	LP|DC1	5.0429	0.3014
N4BP2	LP|DC1	2.1414	0.9331
NAAA	LP|DC1	4.1832	1.7579
NABP1	LP|DC1	2.6719	0.3497
NAPSA	LP|DC1	4.1880	2.0103
NBEAL2	LP|DC1	2.8005	1.0802
NDEL1	LP|DC1	1.8501	0.7173
NET1	LP|DC1	4.5635	1.8325
NKRF	LP|DC1	1.9245	0.5420
NUBPL	LP|DC1	3.1589	1.7599
OXSR1	LP|DC1	2.5507	0.3907
PACSIN2	LP|DC1	2.9656	0.4875
PARVG	LP|DC1	3.2250	0.4640
PDE6G	LP|DC1	3.7223	0.6945
PDPK1	LP|DC1	2.2007	0.5807
PFDN2	LP|DC1	2.1249	0.3486
PIK3CB	LP|DC1	3.3507	1.5029
PITPNM1	LP|DC1	1.7611	0.2801
PLCD1	LP|DC1	5.1873	3.1539
PLEK	LP|DC1	3.7230	0.4747
PLEKHO2	LP|DC1	2.2587	0.3190
PNMA1	LP|DC1	3.2056	0.6419
PPM1J	LP|DC1	7.0910	inf
PPM1M	LP|DC1	3.0301	1.0826
PPP1R14B	LP|DC1	2.4208	0.4342
PPT1	LP|DC1	4.1543	1.0319
PQLC2	LP|DC1	3.3614	0.7505
PRR14L	LP|DC1	2.0764	0.7044
PTGES2	LP|DC1	2.3348	0.9057
PTP4A2	LP|DC1	2.3089	0.4532
PTRHD1	LP|DC1	2.6090	0.3857
RAB10	LP|DC1	1.9024	0.4773
RAB11FIP1	LP|DC1	2.8283	0.6584
RAB32	LP|DC1	4.8491	1.0215
RAB5A	LP|DC1	1.9488	0.3138
RAB7L1	LP|DC1	2.5713	0.7816
RAB8B	LP|DC1	2.0037	0.3423
REC8	LP|DC1	3.8921	1.4406
REPIN1	LP|DC1	2.9334	1.0990
RGS10	LP|DC1	3.6780	0.5874
RNH1	LP|DC1	2.3166	0.4043
ROGDI	LP|DC1	3.6225	0.8992
RP11-389C8.2	LP|DC1	5.7736	0.9279
SCML1	LP|DC1	3.0334	0.6731
SCNM1	LP|DC1	2.3232	0.4860
SELPLG	LP|DC1	2.8081	0.8677
SERPINB1	LP|DC1	3.4499	0.8119
SERPINB9	LP|DC1	3.1385	0.8295
SERPINF2	LP|DC1	6.9356	1.3630
SERTAD2	LP|DC1	2.0337	0.4492
SFT2D2	LP|DC1	2.6774	0.5533
SGK1	LP|DC1	4.0147	0.2586
SH3D21	LP|DC1	3.2040	0.4266
SIGLEC10	LP|DC1	4.2963	1.1644
SLAMF8	LP|DC1	4.9751	0.6717
SLC12A9	LP|DC1	3.0094	0.2833
SLC24A4	LP|DC1	5.3682	0.4661
SLC25A29	LP|DC1	3.3169	1.0345
SLC25A33	LP|DC1	2.6731	0.5180
SLC46A3	LP|DC1	3.1163	1.0396
SLCO5A1	LP|DC1	4.2773	2.0852
SMARCA5	LP|DC1	1.7234	0.4983
SMCO4	LP|DC1	3.9454	1.0935
SNX3	LP|DC1	4.0999	1.9334
SPIDR	LP|DC1	2.4399	0.5065
SPPL3	LP|DC1	2.1719	0.7873
SRP19	LP|DC1	1.7367	0.3291
ST3GAL2	LP|DC1	1.9198	0.5181
ST3GAL5	LP|DC1	2.4408	0.6779
ST7	LP|DC1	2.1443	0.3590
STK32C	LP|DC1	2.8290	0.3730
STRADB	LP|DC1	1.7409	0.7033
STX18	LP|DC1	2.0867	0.5814
SUSD3	LP|DC1	3.1405	0.5309
TACSTD2	LP|DC1	6.9867	1.1131
TAP1	LP|DC1	3.0410	0.9410
TAP2	LP|DC1	2.8394	0.6730
THAP9-AS1	LP|DC1	2.1206	0.5506
TIFAB	LP|DC1	4.9680	0.4074
TMEM14A	LP|DC1	2.6254	0.4097
TMEM191A	LP|DC1	2.9782	1.6706
TMEM229B	LP|DC1	2.7930	0.8840
TMSB4X	LP|DC1	2.6604	0.3543
TNNI2	LP|DC1	4.4290	1.5237
TOMM34	LP|DC1	3.1194	1.2136
TP53BP2	LP|DC1	2.1846	0.7455
TPMT	LP|DC1	3.0998	0.6552
TRAK1	LP|DC1	2.2782	0.4404
TRIO	LP|DC1	2.9088	0.2809
TRIT1	LP|DC1	2.6926	0.6301
TRPV2	LP|DC1	2.4672	0.8240
TSPAN33	LP|DC1	3.4891	0.5514
TVP23A	LP|DC1	5.0769	0.7356
TWF2	LP|DC1	2.5830	0.6637
TXN	LP|DC1	2.8622	1.0018
UCHL3	LP|DC1	2.1330	0.3728
UHRF1BP1L	LP|DC1	2.3008	0.5691
UNC119	LP|DC1	2.6453	0.5411
VAC14	LP|DC1	4.3521	2.6070
VCPIP1	LP|DC1	1.6858	0.5213
VMO1	LP|DC1	4.8646	0.5823
WDFY4	LP|DC1	6.1247	2.4657
WHAMM	LP|DC1	1.1281	0.3822
XCR1	LP|DC1	9.2915	inf
ZBED3	LP|DC1	3.6766	1.1213
ZBTB46	LP|DC1	3.7674	0.7381
ZBTB48	LP|DC1	2.0953	0.7698
ZC3H12C	LP|DC1	3.8380	0.4546
ZDHHC18	LP|DC1	2.1432	0.6568
ZMYND15	LP|DC1	4.7559	1.0048
ZNF366	LP|DC1	6.1389	0.9472
ZNF516	LP|DC1	3.1059	0.5551
ZNF880	LP|DC1	1.4139	0.3375
ZYX	LP|DC1	3.2168	0.8669
ABHD6	LP|DC2	3.1153	0.6046
AC000003.2	LP|DC2	4.2820	inf
AC092620.2	LP|DC2	2.4420	inf
AC144521.1	LP|DC2	3.9246	1.7598
ACAA1	LP|DC2	2.3699	0.2677
ADAP1	LP|DC2	3.0953	0.2881
AGPAT9	LP|DC2	4.8941	1.2123
AMICA1	LP|DC2	4.8796	1.0359
AOAH	LP|DC2	3.9863	0.4771
AP001055.6	LP|DC2	1.9468	0.3787
AP003733.1	LP|DC2	2.3000	0.3728
AP003774.6	LP|DC2	4.5393	inf
APAF1	LP|DC2	2.9829	0.4352
ARHGAP22	LP|DC2	4.6924	1.0617
ARRB2	LP|DC2	2.9429	0.2923
ASGR2	LP|DC2	5.4847	0.9679
ATAD2B	LP|DC2	2.0656	1.5151
AVPI1	LP|DC2	2.4353	0.8563
B3GNT5	LP|DC2	3.8620	0.4280
BCL2L13	LP|DC2	1.6004	0.3435
BTAF1	LP|DC2	1.0527	0.3360
C17orf107	LP|DC2	1.6330	0.3855
C17orf49	LP|DC2	1.7501	0.4454
C4orf33	LP|DC2	1.4961	0.5152
CACNA2D3	LP|DC2	6.2739	2.0183
CACUL1	LP|DC2	1.8798	0.6208
CASS4	LP|DC2	3.4196	1.4472
CCL22	LP|DC2	4.7009	inf
CCZ1B	LP|DC2	1.5776	0.4678
CD1C	LP|DC2	6.0852	2.5177
CD1D	LP|DC2	4.6990	1.3271
CD1E	LP|DC2	7.6138	3.3020
CD300C	LP|DC2	4.4401	0.3875
CD33	LP|DC2	4.9142	0.8953
CD80	LP|DC2	3.7858	0.7609
CD86	LP|DC2	4.1293	0.5804
CEACAM4	LP|DC2	4.9733	0.3177
CERS6	LP|DC2	2.4527	0.4372
CFP	LP|DC2	5.6120	0.6256
CHML	LP|DC2	2.2197	1.1672
CHMP1B	LP|DC2	2.5662	0.3962
CHRNE	LP|DC2	3.0371	inf
CLEC10A	LP|DC2	7.5178	2.7992
COL9A2	LP|DC2	2.0197	0.2514
CPPED1	LP|DC2	3.6536	0.3614
CRIP3	LP|DC2	4.1214	inf
CSF2RA	LP|DC2	5.1871	0.4294
CXorf21	LP|DC2	2.3355	0.2875
DDX21	LP|DC2	1.9044	0.3347
DENND4B	LP|DC2	1.7584	0.4395
DLGAP3	LP|DC2	3.1905	inf
DOT1L	LP|DC2	1.7039	0.6618
DUOX1	LP|DC2	1.6744	1.4052
ELAVL4	LP|DC2	5.4917	1.4543
ELF4	LP|DC2	2.2292	0.3345
EP300	LP|DC2	1.4655	0.3914
FAM110A	LP|DC2	3.8984	0.4671
FBP1	LP|DC2	2.7707	0.9474
FBXO6	LP|DC2	2.2961	0.5721
FCER1A	LP|DC2	6.9094	0.9843
FIG4	LP|DC2	1.4406	0.3759
FTCDNL1	LP|DC2	3.7290	1.0246
GAB3	LP|DC2	2.2026	0.7293
GANC	LP|DC2	1.5408	0.4353
GDAP2	LP|DC2	1.0944	0.2536
GHRL	LP|DC2	2.8066	inf
GIPR	LP|DC2	2.9167	1.3121
GLIPR1	LP|DC2	2.5238	0.3149
GPR183	LP|DC2	2.6850	0.3440
GRIP1	LP|DC2	4.7631	inf
GZF1	LP|DC2	2.8943	0.2849
H3F3C	LP|DC2	1.2387	0.4923
HCAR2	LP|DC2	5.0405	1.1605
HDAC10	LP|DC2	1.1410	0.3057
HEATR5B	LP|DC2	1.5323	0.7837
HOMER2	LP|DC2	2.0401	0.4448
HRH2	LP|DC2	3.9908	0.4181
IFI30	LP|DC2	4.6676	0.9477
IFNGR1	LP|DC2	2.7325	0.2890
IL10RA	LP|DC2	1.1982	0.3265
IL13RA1	LP|DC2	3.2901	0.4161
IL1RL2	LP|DC2	4.3458	2.7722
INSIG1	LP|DC2	2.7562	0.7670
IRF5	LP|DC2	2.7575	0.2807
ITGAX	LP|DC2	4.4667	0.6319
JHDM1D-AS1	LP|DC2	2.9646	1.2486
JMJD1C	LP|DC2	1.6962	0.2797
KCNQ1	LP|DC2	2.3958	0.8102
KDM2B	LP|DC2	2.2503	0.2938
KDM6B	LP|DC2	2.1404	0.3543
KLF4	LP|DC2	3.7081	0.7492
KLHL15	LP|DC2	1.8276	0.5536
KMT2C	LP|DC2	1.2373	0.3225
LAD1	LP|DC2	3.5596	2.4632
LAMP3	LP|DC2	4.2177	0.5211
LCP2	LP|DC2	2.3676	0.2653
MAML3	LP|DC2	2.8012	0.8248
MB21D2	LP|DC2	1.8260	0.4801
MBOAT7	LP|DC2	2.9691	0.4604
MEMO1	LP|DC2	1.3380	0.4883
METRNL	LP|DC2	2.8574	0.3322
MIR29B1	LP|DC2	1.7303	0.8402
MOB3B	LP|DC2	2.7771	0.4465
MPND	LP|DC2	1.5776	0.3406
MYLPF	LP|DC2	2.7116	inf
MYPOP	LP|DC2	1.9669	0.7110
NAF1	LP|DC2	1.5743	0.3058
NOD2	LP|DC2	2.7168	inf
NR4A3	LP|DC2	3.1615	0.6106
NRROS	LP|DC2	2.0489	0.7469
NUDT19	LP|DC2	1.4159	0.3553
NUFIP2	LP|DC2	1.3158	0.2890
OPN3	LP|DC2	2.7781	0.3416
P2RY2	LP|DC2	3.5735	1.7191
PABPC3	LP|DC2	1.7622	0.5605
PAK1	LP|DC2	4.0449	0.3491
PHACTR1	LP|DC2	3.1679	0.7195
PHLDA2	LP|DC2	2.7487	0.4636
PID1	LP|DC2	4.5038	1.0141
PKIB	LP|DC2	5.6758	1.2323
PLAUR	LP|DC2	4.4811	0.2859
PLB1	LP|DC2	4.1506	0.9629
PLCXD1	LP|DC2	1.7092	0.2861
PLD4	LP|DC2	5.2766	1.1794
PWWP2B	LP|DC2	1.4514	0.4953
RAB24	LP|DC2	2.2946	0.3814
RHOG	LP|DC2	2.7035	0.3049
RLF	LP|DC2	1.2063	0.4547
RN7SL368P	LP|DC2	4.6094	0.5027
RNA5SP151	LP|DC2	4.0368	1.8034
RNF111	LP|DC2	1.2880	0.3757
RNF2	LP|DC2	1.7145	0.6954
RP11-108P20.1	LP|DC2	2.4438	1.0648
RP11-190C22.9	LP|DC2	4.4440	inf
RP11-192H23.6	LP|DC2	1.4614	inf
RP11-196G11.2	LP|DC2	4.0116	inf
RP11-22N19.2	LP|DC2	2.7542	0.5436
RP11-242C19.2	LP|DC2	3.3412	0.6033
RP11-365O16.3	LP|DC2	5.7178	1.6157
RP11-373D23.3	LP|DC2	2.7897	1.7190
RP11-404O13.5	LP|DC2	5.7813	inf
RP11-426C22.5	LP|DC2	4.4228	1.0196
RP11-44N11.1	LP|DC2	1.2203	inf
RP11-863P13.3	LP|DC2	4.3521	inf
RP13-270P17.3	LP|DC2	2.1989	1.5729
RP6-91H8.3	LP|DC2	3.9267	inf
RPS6KC1	LP|DC2	1.7464	0.3387
RRP12	LP|DC2	1.8882	0.3256
RTN1	LP|DC2	4.9683	0.6842
RYR1	LP|DC2	4.1337	inf
S100Z	LP|DC2	3.2663	0.3549
SCAMP4	LP|DC2	1.4458	0.2714
SLC31A2	LP|DC2	3.5336	0.7389
SLC7A11	LP|DC2	2.3213	1.3115
SPNS1	LP|DC2	1.6188	inf
SPOPL	LP|DC2	2.3453	0.2574
STK11IP	LP|DC2	2.0027	0.4222
STK38L	LP|DC2	2.0274	0.6463
SYAP1	LP|DC2	1.5501	0.3839
TBC1D9	LP|DC2	2.5609	0.6905
TFCP2	LP|DC2	1.5503	0.3134
THEMIS2	LP|DC2	2.7879	0.6890
TLR1	LP|DC2	2.6331	0.3865
TMEM8B	LP|DC2	3.1062	1.8012
TNFAIP8L2	LP|DC2	3.6994	0.3532
TOP3A	LP|DC2	1.7858	0.6045
TRAPPC8	LP|DC2	1.3082	0.2584
UBE4A	LP|DC2	1.3042	0.4048
UPK3A	LP|DC2	5.3793	0.8503
VPS35	LP|DC2	2.1192	0.3451
VPS41	LP|DC2	1.5046	0.2753
XYLT1	LP|DC2	2.2317	0.2980
ZBTB33	LP|DC2	1.9966	0.8877
ZFYVE16	LP|DC2	2.5504	0.4804
ZNF124	LP|DC2	1.6284	0.2761
ZNF385A	LP|DC2	3.9759	0.7959
ZNF641	LP|DC2	1.8393	1.1333
ZNF789	LP|DC2	1.7450	0.5100
ACACB	LP|Endothelial	3.1048	0.2646
AIF1L	LP|Endothelial	6.8863	1.5603
ALPL	LP|Endothelial	5.9445	2.0883
ANKRD29	LP|Endothelial	6.0816	0.5475
AQP1	LP|Endothelial	7.4787	2.1802
AQP7	LP|Endothelial	7.5472	3.6245
ARL15	LP|Endothelial	4.5936	2.0724
ASS1	LP|Endothelial	4.2230	0.8838
BTNL9	LP|Endothelial	5.5702	1.1711
C10orf10	LP|Endothelial	4.8244	0.9146
CDH24	LP|Endothelial	5.0602	0.8166
CDH5	LP|Endothelial	6.5799	0.2610
CDR2L	LP|Endothelial	3.9449	0.2773
CPNE8	LP|Endothelial	3.5366	0.2875
CSGALNACT1	LP|Endothelial	3.1188	0.4408
CTD-2135D7.5	LP|Endothelial	5.4664	inf
CTTNBP2NL	LP|Endothelial	3.6512	0.2935
CYYR1	LP|Endothelial	6.7791	0.3776
DMTN	LP|Endothelial	3.4883	0.3085
DOCK9	LP|Endothelial	4.4260	0.3517
DUSP7	LP|Endothelial	2.3176	0.4798
EDN1	LP|Endothelial	6.5628	2.3267
EFNB2	LP|Endothelial	5.7010	1.7385
EPHA4	LP|Endothelial	4.5689	0.6959
ERC1	LP|Endothelial	2.0636	0.6196
FAM107A	LP|Endothelial	5.9352	0.7721
FAM124B	LP|Endothelial	5.0210	0.6756
FAM212B	LP|Endothelial	2.6030	inf
FBXO31	LP|Endothelial	2.5231	0.7664
FCN3	LP|Endothelial	8.2195	3.6274
GJA5	LP|Endothelial	9.3995	inf
GPIHBP1	LP|Endothelial	8.1256	inf
GPR116	LP|Endothelial	7.1314	1.3731
GPRC5B	LP|Endothelial	6.0181	0.3686
H19	LP|Endothelial	7.7675	inf
HECW2	LP|Endothelial	4.8048	0.7753
HEG1	LP|Endothelial	5.1463	0.3107
HEY1	LP|Endothelial	5.7284	1.9737
HSPA12B	LP|Endothelial	6.1913	0.3821
ID1	LP|Endothelial	4.6470	0.2865
IFI27	LP|Endothelial	6.9537	0.3473
IGF2	LP|Endothelial	4.8778	inf
INHBB	LP|Endothelial	6.6439	0.3690
INPP5A	LP|Endothelial	3.1624	1.6111
JAG2	LP|Endothelial	6.6916	1.4434
KIF13A	LP|Endothelial	2.9857	0.3824
KIF17	LP|Endothelial	4.7483	0.2897
KIF26A	LP|Endothelial	5.5080	0.7029
KL	LP|Endothelial	6.0892	0.3049
MECOM	LP|Endothelial	6.0586	0.6300
MET	LP|Endothelial	5.1879	0.4856
MMP15	LP|Endothelial	4.7377	0.3249
MSX1	LP|Endothelial	4.3227	0.8361
NOV	LP|Endothelial	6.2406	1.1132
NOVA2	LP|Endothelial	6.4014	0.5189
PALMD	LP|Endothelial	6.5776	0.4388
PCDH1	LP|Endothelial	5.4328	0.6702
PCSK5	LP|Endothelial	3.5182	0.3399
PITPNM2	LP|Endothelial	3.4348	2.3455
PKN3	LP|Endothelial	5.6517	0.7995
PLCB1	LP|Endothelial	5.1148	0.2674
PLEKHG5	LP|Endothelial	4.3068	0.5596
PPT2	LP|Endothelial	3.3531	0.8909
PRODH	LP|Endothelial	6.4306	1.6309
PROSER2	LP|Endothelial	5.0668	1.1280
PTBP2	LP|Endothelial	3.1551	0.3205
RASGRF2	LP|Endothelial	4.4362	0.8044
RAVER2	LP|Endothelial	3.5454	0.8256
RBP7	LP|Endothelial	6.1372	0.7472
RIMKLB	LP|Endothelial	3.1040	0.2658
RNF152	LP|Endothelial	4.7810	2.9696
RP11-251M1.1	LP|Endothelial	6.5974	1.0670
RUNDC3B	LP|Endothelial	6.4837	1.4452
SEMA3G	LP|Endothelial	8.1152	inf
SHROOM4	LP|Endothelial	5.2524	0.3133
SLC16A14	LP|Endothelial	4.0851	1.2763
SLC48A1	LP|Endothelial	2.0336	0.2769
SLC6A6	LP|Endothelial	3.6586	0.9112
SLCO4A1	LP|Endothelial	2.3025	0.3989
SOS1	LP|Endothelial	2.6487	0.6672
SOX13	LP|Endothelial	3.9864	1.1384
SOX17	LP|Endothelial	7.4077	2.0937
SOX18	LP|Endothelial	6.6839	0.4206
SOX7	LP|Endothelial	6.0767	0.6881
SPEN	LP|Endothelial	1.2056	0.3019
SRP14	LP|Endothelial	2.3133	0.3225
SSUH2	LP|Endothelial	7.4143	3.4021
ST6GALNAC3	LP|Endothelial	4.5434	0.2592
SYNJ2	LP|Endothelial	3.1888	0.6249
TAF1C	LP|Endothelial	2.8498	0.5254
THSD1	LP|Endothelial	5.9874	0.5138
THSD7A	LP|Endothelial	6.4503	0.4621
TMC7	LP|Endothelial	4.2760	3.1066
TMTC1	LP|Endothelial	4.8040	0.4896
TRIM16	LP|Endothelial	3.0578	0.2938
WWC2	LP|Endothelial	3.3342	0.4322
XPR1	LP|Endothelial	2.0465	0.7714
hsa-mir-6080	LP|Endothelial	2.9049	0.3144
ABCB4	LP|Follicular	4.4271	inf
AC079767.4	LP|Follicular	5.6594	1.5654
AMN1	LP|Follicular	1.5385	0.3449
ARHGAP24	LP|Follicular	4.0737	1.1120
BANK1	LP|Follicular	5.4939	2.3751
BCL11A	LP|Follicular	4.8748	0.7234
CD72	LP|Follicular	5.0019	0.6136
CDK5R1	LP|Follicular	3.1514	inf
CMTR2	LP|Follicular	1.1255	0.4372
CNR2	LP|Follicular	4.4283	0.6015
COL19A1	LP|Follicular	5.0387	inf
CR1	LP|Follicular	3.4837	0.4859
CTA-250D10.23	LP|Follicular	5.1196	0.9706
CTC-265F19.1	LP|Follicular	2.2908	1.3093
CTC-378H22.1	LP|Follicular	2.7358	inf
DOPEY2	LP|Follicular	1.7803	0.6528
DRAM2	LP|Follicular	1.9252	0.3699
FAIM3	LP|Follicular	2.7298	0.8123
FAM117B	LP|Follicular	1.7883	0.2881
FAM129C	LP|Follicular	5.4809	2.3903
FAM159A	LP|Follicular	2.3290	1.4136
FAM177B	LP|Follicular	5.7869	1.0700
FAM65B	LP|Follicular	2.1881	0.3812
FCER2	LP|Follicular	5.6259	2.1139
FCRL1	LP|Follicular	5.7070	2.2268
FCRL3	LP|Follicular	3.8730	0.2556
FCRL4	LP|Follicular	3.7289	inf
GAPT	LP|Follicular	4.2694	1.6347
GUCY2C	LP|Follicular	4.1216	2.2542
GYLTL1B	LP|Follicular	4.7813	0.9397
IGHD	LP|Follicular	6.5900	4.1674
IGHE	LP|Follicular	2.5694	inf
KCNG1	LP|Follicular	5.0181	2.6911
KDM4B	LP|Follicular	2.5756	0.3210
KIAA1407	LP|Follicular	2.2669	1.3115
LINC00926	LP|Follicular	6.2622	3.7727
MACROD2	LP|Follicular	4.4163	0.6887
MARCH1	LP|Follicular	3.6860	0.8480
MS4A1	LP|Follicular	6.8887	0.9962
OSBPL10-AS1	LP|Follicular	3.1958	inf
PARP15	LP|Follicular	2.9703	inf
PAX5	LP|Follicular	5.1791	0.9986
POLM	LP|Follicular	1.4409	0.6981
RALGPS2	LP|Follicular	2.9468	0.9774
RASGRP2	LP|Follicular	2.5135	0.3279
RIC3	LP|Follicular	1.9141	0.6935
RP11-1149O23.3	LP|Follicular	1.8097	0.4913
RP11-16E23.3	LP|Follicular	1.5041	0.4251
RP11-297B17.3	LP|Follicular	5.2137	1.5730
RP11-693J15.5	LP|Follicular	5.1178	2.8526
RP11-861A13.4	LP|Follicular	3.4375	0.2545
RP5-887A10.1	LP|Follicular	3.4664	2.6506
SIDT1	LP|Follicular	3.2860	2.1997
TLR10	LP|Follicular	4.6610	0.5347
TMEM154	LP|Follicular	2.0476	0.3876
TNFRSF13C	LP|Follicular	3.6157	0.2537
TTC21A	LP|Follicular	2.4694	inf
VPREB3	LP|Follicular	5.7645	1.1599
ZNF274	LP|Follicular	1.1206	0.2596
ZNF350	LP|Follicular	1.1118	0.4810
ZNF439	LP|Follicular	1.7774	0.4108
ZNF506	LP|Follicular	0.9805	0.3231
ZNF860	LP|Follicular	4.0515	inf
ABI1	LP|GC	2.0136	0.6697
AC010226.4	LP|GC	2.0416	0.6623
AC023590.1	LP|GC	5.2373	1.2209
AC074289.1	LP|GC	3.2368	1.7897
AC096559.1	LP|GC	6.0973	1.3847
AC104653.1	LP|GC	4.6612	1.0292
ACSF3	LP|GC	2.1911	0.4745
ACTG1	LP|GC	3.1549	0.3986
ACTR3	LP|GC	2.9790	0.5287
ACY3	LP|GC	6.1531	1.0575
ACYP2	LP|GC	1.7120	0.4827
AFTPH	LP|GC	1.9386	0.4405
AIM2	LP|GC	3.5985	0.3064
AMFR	LP|GC	2.9484	1.3807
ANK1	LP|GC	3.6821	1.5745
ANKRD13A	LP|GC	3.0640	0.8082
AP1G2	LP|GC	2.0128	0.2565
ARGLU1	LP|GC	1.5549	0.2826
ARL11	LP|GC	3.4884	0.2642
ARL14EP	LP|GC	1.6711	0.2500
ARPC5L	LP|GC	2.6816	0.5276
ASB13	LP|GC	4.6713	0.6498
ATP5L	LP|GC	1.9859	0.4856
ATP6V0A1	LP|GC	1.9480	0.4381
ATP6V1G1	LP|GC	1.7614	0.7415
BACH2	LP|GC	3.8882	0.3876
BASP1	LP|GC	4.2225	0.5053
BCAR3	LP|GC	4.2437	1.4259
BCAS4	LP|GC	4.8886	0.9744
BCL7A	LP|GC	5.2580	0.8470
BFSP2	LP|GC	4.3743	1.0332
BLCAP	LP|GC	2.1416	0.9939
BLNK	LP|GC	2.9286	0.6537
BLOC1S2	LP|GC	2.4357	0.8010
BPNT1	LP|GC	3.3472	0.5331
BRWD1	LP|GC	2.5240	0.7781
BTN2A2	LP|GC	2.7580	0.4800
C12orf49	LP|GC	2.7744	0.5439
C17orf62	LP|GC	2.1360	0.5863
C6orf120	LP|GC	1.6923	0.4354
C7orf10	LP|GC	7.3386	1.7664
CCDC12	LP|GC	1.5206	0.2565
CCDC144A	LP|GC	4.7850	2.3099
CCDC69	LP|GC	2.5809	0.4610
CCNG2	LP|GC	2.8484	0.6504
CD180	LP|GC	4.3462	1.4105
CD19	LP|GC	4.3492	0.3203
CD22	LP|GC	5.9011	0.7610
CD40	LP|GC	4.3150	1.4040
CD53	LP|GC	3.3460	1.6198
CD79B	LP|GC	5.0862	1.2215
CDC40	LP|GC	1.6598	0.4906
CERS4	LP|GC	2.9805	0.3368
CHIC2	LP|GC	2.3381	0.3986
CHMP7	LP|GC	2.1370	0.8859
CLK3	LP|GC	1.4362	0.3461
CNN2	LP|GC	2.6454	0.2729
CSK	LP|GC	3.2022	1.0075
CTD-2369P2.2	LP|GC	3.9777	0.7833
CUL3	LP|GC	1.6523	0.4260
CXCR5	LP|GC	4.6216	0.3488
CYB561A3	LP|GC	3.9813	1.4773
CYTIP	LP|GC	1.8693	0.3296
DAAM1	LP|GC	3.3373	0.5612
DAXX	LP|GC	2.2594	0.3145
DBNDD1	LP|GC	5.3918	inf
DBNL	LP|GC	2.6648	0.3948
DDX27	LP|GC	1.6005	0.2593
DEF8	LP|GC	3.2561	0.5705
DENND3	LP|GC	2.9291	0.6761
DHRS9	LP|GC	5.2123	1.6301
DLAT	LP|GC	2.4749	0.7288
DNAJC10	LP|GC	2.3477	0.4708
DNAJC5B	LP|GC	3.4007	1.2370
DNASE1	LP|GC	2.4678	0.7005
DTX1	LP|GC	4.3055	0.2594
DUS2	LP|GC	3.3187	1.2111
E2F5	LP|GC	3.8529	0.8280
EHMT1	LP|GC	1.8903	0.5047
EIF2S3	LP|GC	1.8515	0.4442
ELMSAN1	LP|GC	1.9236	0.4720
ELOVL5	LP|GC	2.4964	0.4076
EPS15	LP|GC	2.2531	0.4888
EPS15L1	LP|GC	1.9357	0.3752
EYA3	LP|GC	3.0106	0.9546
EZR	LP|GC	2.4220	0.2855
FAM105B	LP|GC	2.8641	0.6574
FAM13B	LP|GC	1.7112	0.7995
FAM58A	LP|GC	1.7839	0.5258
FAM60A	LP|GC	2.3500	0.7146
FAM76B	LP|GC	3.6826	0.3109
FCHSD2	LP|GC	2.0505	0.5410
FCRLA	LP|GC	4.6962	1.2192
FERMT3	LP|GC	3.1339	0.6520
FGD6	LP|GC	4.5696	1.1237
FYTTD1	LP|GC	1.8457	0.9448
GCNT2	LP|GC	4.1467	2.0410
GGA2	LP|GC	4.1889	0.9999
GMDS	LP|GC	3.4775	1.0488
GMFB	LP|GC	1.7572	0.5813
GNB5	LP|GC	1.9056	0.2994
GPR114	LP|GC	3.1971	0.8919
GPR18	LP|GC	5.0646	1.6402
GRAP	LP|GC	3.2547	0.5679
GRB2	LP|GC	2.1148	0.4589
GRHPR	LP|GC	2.9769	0.4310
HCLS1	LP|GC	2.3706	0.3748
HMCES	LP|GC	3.9550	0.7547
HRK	LP|GC	6.3460	1.4393
HS2ST1	LP|GC	2.2117	0.7227
HSH2D	LP|GC	2.3932	0.5205
HSPA4	LP|GC	2.6523	0.3793
HTR3A	LP|GC	7.8695	2.4676
IGSF10	LP|GC	6.4077	inf
IKBKE	LP|GC	2.1651	0.3673
IL16	LP|GC	2.0591	0.6811
IL21R	LP|GC	4.0080	1.2557
IL4R	LP|GC	3.3580	1.2278
ING3	LP|GC	1.4262	0.4189
ITSN2	LP|GC	2.9389	0.9804
KBTBD8	LP|GC	3.5488	1.0228
KCNN4	LP|GC	2.6616	0.3799
KIAA0922	LP|GC	3.5298	0.5947
KLF12	LP|GC	1.9055	0.4971
KLHL6	LP|GC	2.9335	0.8301
KRCC1	LP|GC	1.5364	0.3374
LAPTM5	LP|GC	3.9261	1.3645
LAT2	LP|GC	4.4315	1.6495
LILRB1	LP|GC	3.0533	0.6289
LIMD2	LP|GC	3.9355	1.4438
LIMK1	LP|GC	2.3560	0.3093
LINC00877	LP|GC	3.8370	0.5599
LMO2	LP|GC	5.2284	0.4762
LPIN1	LP|GC	2.1289	0.2809
LRCH3	LP|GC	2.0314	0.8051
LSM10	LP|GC	2.2487	0.3927
LTA	LP|GC	4.0463	0.5188
LYL1	LP|GC	3.6813	0.7218
LYPLA1	LP|GC	2.6988	0.4741
LYPLAL1	LP|GC	3.7171	0.9966
LYRM1	LP|GC	1.8998	0.4047
LYSMD2	LP|GC	2.9875	1.0845
MAP3K7CL	LP|GC	5.0636	0.7983
MAP4K1	LP|GC	2.9447	0.3806
MAP4K4	LP|GC	2.4374	0.4300
MAPK1IP1L	LP|GC	1.6275	0.4375
MARCKSL1	LP|GC	4.9947	1.9745
MBD4	LP|GC	3.2412	0.7726
MCTP2	LP|GC	3.4175	0.5953
MDM4	LP|GC	1.8417	0.4101
MED12L	LP|GC	6.9847	2.2907
MEF2BNB-MEF2B	LP|GC	5.4323	inf
MEN1	LP|GC	2.2083	0.4054
METAP2	LP|GC	2.8193	0.4632
MGEA5	LP|GC	1.6243	0.4611
MICAL3	LP|GC	3.6055	1.3104
MIOS	LP|GC	2.4895	0.7620
MOAP1	LP|GC	1.7801	0.3693
MOB1A	LP|GC	2.5149	0.3624
MOB3A	LP|GC	2.5288	0.9223
MSMO1	LP|GC	2.3864	0.5052
MTERFD2	LP|GC	2.1662	1.0627
MTF2	LP|GC	2.9467	0.6876
MTMR14	LP|GC	3.6976	1.2428
MX1	LP|GC	3.3211	0.9578
MYO1E	LP|GC	4.4313	1.4900
NCF1	LP|GC	3.1648	1.1355
NEIL1	LP|GC	5.8629	2.2504
NEK6	LP|GC	3.3706	0.8667
NEK8	LP|GC	2.0286	0.6979
NIN	LP|GC	2.4132	0.9130
NRBF2	LP|GC	1.7959	0.4143
NUBP1	LP|GC	2.2792	0.2564
OGG1	LP|GC	4.3171	0.9566
OSBPL10	LP|GC	2.4612	0.6397
OSER1	LP|GC	1.7894	0.2921
P2RX5	LP|GC	4.4650	1.0532
P2RY8	LP|GC	2.4039	0.6311
PACS1	LP|GC	2.0182	0.7866
PAG1	LP|GC	2.8307	0.4763
PARN	LP|GC	2.2906	0.3458
PARP1	LP|GC	3.0503	0.3895
PCED1B	LP|GC	2.3702	0.5533
PEX16	LP|GC	1.4664	0.4340
PHF6	LP|GC	2.8927	0.7480
PISD	LP|GC	2.1490	0.6960
PLEKHA2	LP|GC	2.8511	0.8934
PLEKHF2	LP|GC	4.2693	1.0861
PMAIP1	LP|GC	2.6457	1.1819
POU2F2	LP|GC	3.2926	0.6112
PPAN	LP|GC	1.9834	0.4299
PPP3CC	LP|GC	1.6473	0.3545
PRKCD	LP|GC	3.2084	0.3752
PRKD3	LP|GC	2.5675	0.8691
PRPSAP2	LP|GC	3.5894	0.7720
PTDSS1	LP|GC	2.1927	0.4419
PTPRCAP	LP|GC	3.2165	0.8139
PUS10	LP|GC	4.1279	1.2530
PXK	LP|GC	3.4261	0.5603
R3HDM4	LP|GC	1.8081	0.2645
RAB14	LP|GC	1.7272	0.3018
RAB30-AS1	LP|GC	1.5970	0.5609
RAB4B	LP|GC	2.4123	0.3686
RABEP1	LP|GC	1.9301	0.3808
RABEP2	LP|GC	2.6238	0.7800
RABGGTB	LP|GC	1.6271	0.4471
RANBP2	LP|GC	2.7668	1.0462
RASGRP3	LP|GC	2.7470	0.4425
RBM23	LP|GC	1.3177	0.4209
RBM6	LP|GC	2.0361	0.4223
RC3H2	LP|GC	1.8549	0.5466
RCSD1	LP|GC	2.3515	0.7632
RFTN1	LP|GC	4.1828	1.1656
RFX5	LP|GC	2.3365	0.5241
RHBDF2	LP|GC	2.1297	0.5708
RHOH	LP|GC	3.1507	1.1856
RNF41	LP|GC	1.8113	0.3954
RNGTT	LP|GC	3.2068	0.6632
RP11-126K1.6	LP|GC	3.8980	0.9972
RP11-164H13.1	LP|GC	5.1959	0.5021
RP11-220I1.1	LP|GC	1.8299	0.5221
RP11-413H22.2	LP|GC	3.3150	1.2924
RP11-542M13.3	LP|GC	3.7486	1.1742
RP11-960L18.1	LP|GC	3.5507	1.3514
RP3-477O4.14	LP|GC	1.8553	0.7756
RPAP3	LP|GC	2.6643	0.3367
RPRD1B	LP|GC	4.4163	1.1121
RPS26	LP|GC	1.4352	0.3044
RRAS2	LP|GC	4.3335	1.4233
RTN4IP1	LP|GC	3.1236	0.3508
SASH3	LP|GC	2.8799	0.2751
SCAF4	LP|GC	1.4009	0.3040
SCIMP	LP|GC	4.3897	0.8496
SELT	LP|GC	2.0559	0.6925
SEMA4A	LP|GC	2.7204	0.4573
SEMA7A	LP|GC	3.7921	1.4163
SEPT6	LP|GC	2.5486	0.5338
SERF2	LP|GC	1.5429	0.4313
SETD2	LP|GC	1.4392	0.5814
SETDB2	LP|GC	2.2468	0.4698
SFT2D1	LP|GC	1.5532	0.3562
SGMS1	LP|GC	3.1411	1.3638
SH3KBP1	LP|GC	2.3250	0.4576
SHOC2	LP|GC	1.5449	0.3225
SIAH2	LP|GC	2.4708	1.0467
SKAP2	LP|GC	3.1289	1.0647
SLC25A38	LP|GC	1.7943	0.6382
SLC25A45	LP|GC	1.4967	0.2945
SMARCB1	LP|GC	2.5842	0.3625
SMDT1	LP|GC	1.6567	0.4427
SMIM14	LP|GC	5.4465	2.1417
SMIM20	LP|GC	2.3114	0.4872
SMPD2	LP|GC	2.1092	0.7385
SNAP23	LP|GC	2.7071	0.5811
SNHG5	LP|GC	2.5302	0.6435
SNX11	LP|GC	2.4828	0.9529
SNX22	LP|GC	3.6473	0.6680
SNX29	LP|GC	2.7049	1.1222
SNX29P2	LP|GC	4.9206	1.7131
SNX8	LP|GC	3.4293	0.9490
SP140	LP|GC	2.7459	0.4861
SREBF2	LP|GC	2.3940	0.4863
SS18	LP|GC	2.2132	0.3121
ST20	LP|GC	2.7724	0.4847
ST6GAL1	LP|GC	2.4942	0.4586
STAG3	LP|GC	3.8835	0.6474
STAP1	LP|GC	3.6272	0.6941
STAT6	LP|GC	2.0744	0.3418
STK17A	LP|GC	3.0753	0.7823
STX7	LP|GC	3.1932	0.5543
SWAP70	LP|GC	4.5249	1.2366
SYBU	LP|GC	5.6164	1.4802
SYNGR2	LP|GC	2.7625	0.6906
SYPL1	LP|GC	3.5741	1.1514
SYT17	LP|GC	3.9694	1.2604
SYVN1	LP|GC	2.6377	0.6931
TAF1D	LP|GC	1.7668	0.4604
TAF7	LP|GC	1.5426	0.3751
TBC1D22A	LP|GC	2.4729	0.7021
TCEA1	LP|GC	2.9498	0.4922
TCL1A	LP|GC	6.3407	1.0125
TERF2	LP|GC	3.8785	0.3672
TERF2IP	LP|GC	2.6144	1.1762
TFEB	LP|GC	3.3036	0.7333
TINF2	LP|GC	1.5428	0.4234
TMED8	LP|GC	4.0041	1.2802
TMEM123	LP|GC	2.1888	0.4590
TMEM129	LP|GC	1.7836	0.4803
TMEM156	LP|GC	2.6105	0.9599
TMEM206	LP|GC	2.4642	0.2974
TMEM243	LP|GC	2.1263	0.3938
TNFAIP8	LP|GC	2.2994	0.5059
TRAF4	LP|GC	3.1996	0.9492
TRAF5	LP|GC	2.3756	0.2909
TRAPPC2	LP|GC	2.0357	0.5261
TRIM38	LP|GC	2.4286	0.5061
UBQLN1	LP|GC	1.8352	0.3915
UBR5	LP|GC	1.7065	0.6194
UGT8	LP|GC	3.8640	0.4867
UIMC1	LP|GC	2.1317	0.3296
USF2	LP|GC	2.1273	0.6834
USP12	LP|GC	1.9931	0.4866
USP6NL	LP|GC	3.0565	0.6436
UTP6	LP|GC	2.3168	0.3331
VCPKMT	LP|GC	3.0429	1.3996
VEZT	LP|GC	2.1465	0.4909
VHL	LP|GC	1.9874	0.4397
VNN2	LP|GC	4.2836	0.9128
WDR66	LP|GC	4.6321	0.3489
WDR77	LP|GC	2.2254	0.3895
WIPF1	LP|GC	2.4886	0.6931
XKR6	LP|GC	3.3866	0.6803
YBEY	LP|GC	1.7963	0.6655
YTHDC2	LP|GC	1.6690	0.3374
YWHAB	LP|GC	2.2446	0.4839
ZBTB43	LP|GC	1.5153	0.5936
ZCCHC10	LP|GC	1.9408	0.3313
ZCCHC6	LP|GC	1.9606	1.1039
ZCCHC7	LP|GC	3.4144	0.6890
ZFAND4	LP|GC	3.4344	0.8610
ZFAND6	LP|GC	2.6005	1.0167
ZFX	LP|GC	1.3103	0.3089
ZNF143	LP|GC	1.9105	0.5587
ZNF318	LP|GC	3.1826	1.1935
ZNF394	LP|GC	1.4434	0.4133
ZNF430	LP|GC	1.8929	0.5882
ZNF581	LP|GC	3.1665	1.3620
ZNF595	LP|GC	3.1776	0.9566
ZNF608	LP|GC	3.4151	0.4726
ZNF721	LP|GC	1.6585	0.4007
ZNF75A	LP|GC	1.4173	0.2781
ZNF821	LP|GC	2.3156	0.2832
ZNF827	LP|GC	3.5004	1.5175
ZRSR2	LP|GC	2.1806	1.3256
ZUFSP	LP|GC	2.2547	0.2788
AATK	LP|Glia	5.5415	3.9600
ABCD3	LP|Glia	2.8183	1.2841
ABL2	LP|Glia	2.9995	0.2595
ADK	LP|Glia	2.9024	1.0102
AK1	LP|Glia	3.6177	0.4182
ALCAM	LP|Glia	3.3774	0.7468
ALDH1A1	LP|Glia	8.0781	3.7743
ALDH3A2	LP|Glia	2.5294	0.6325
ALDH6A1	LP|Glia	2.6513	0.7845
ANK2	LP|Glia	4.7384	0.6346
ANK3	LP|Glia	5.8254	3.6736
ANXA2	LP|Glia	4.6213	1.6153
ANXA3	LP|Glia	5.9977	4.5623
AP000688.8	LP|Glia	5.2364	1.0210
ARHGAP12	LP|Glia	3.3651	1.4110
ARHGAP15	LP|Glia	3.9015	1.8354
ARHGEF26	LP|Glia	3.2120	2.1632
ARMCX1	LP|Glia	3.7162	0.6473
ARSE	LP|Glia	7.1413	5.1751
ART3	LP|Glia	8.4565	5.4224
ASAP2	LP|Glia	5.0200	0.8718
ASPA	LP|Glia	6.1672	3.1531
ATL1	LP|Glia	4.6731	2.0288
ATP1A2	LP|Glia	6.2328	inf
B4GALNT1	LP|Glia	7.1469	inf
BAI3	LP|Glia	7.0058	inf
BBS2	LP|Glia	2.6379	0.8971
BEX1	LP|Glia	5.7357	4.3265
BMP8B	LP|Glia	4.0562	1.0112
BPGM	LP|Glia	2.4860	0.4998
C15orf52	LP|Glia	5.5323	3.6478
C1orf198	LP|Glia	5.3652	2.0167
C2orf88	LP|Glia	3.4024	0.5049
CAB39L	LP|Glia	5.7835	3.2999
CADM2	LP|Glia	10.6118	inf
CADM3	LP|Glia	6.9527	2.4257
CADM4	LP|Glia	7.2785	inf
CALM2	LP|Glia	3.1222	0.8302
CAPS	LP|Glia	5.9388	4.0043
CBR1	LP|Glia	3.8626	1.5526
CBS	LP|Glia	4.2305	1.3551
CD9	LP|Glia	6.6256	1.1135
CDC42EP4	LP|Glia	3.8544	0.9642
CDH19	LP|Glia	11.9549	inf
CDH2	LP|Glia	11.0128	inf
CHADL	LP|Glia	5.7540	inf
CLU	LP|Glia	8.3697	2.0452
CMTM5	LP|Glia	7.7225	inf
CNN3	LP|Glia	5.2830	0.9146
CNP	LP|Glia	3.6329	1.5771
COBL	LP|Glia	7.3282	5.7541
COL21A1	LP|Glia	6.9493	2.5794
COL28A1	LP|Glia	10.5611	inf
COL9A3	LP|Glia	5.1511	2.7370
COMT	LP|Glia	4.3245	2.0917
CRYAB	LP|Glia	10.5337	6.6317
CRYL1	LP|Glia	1.9778	0.2713
CUEDC1	LP|Glia	3.7202	1.0352
CYP27A1	LP|Glia	4.1402	0.8237
CYR61	LP|Glia	6.7371	1.7543
CYTL1	LP|Glia	5.6049	0.9100
DAG1	LP|Glia	4.4186	1.7923
DDR1	LP|Glia	4.5952	3.4851
DEPDC7	LP|Glia	6.2731	2.8185
DHRS3	LP|Glia	3.9863	1.0548
DLX2	LP|Glia	5.4946	4.3991
DOCK5	LP|Glia	3.7212	0.5958
DST	LP|Glia	4.0834	0.5427
EFS	LP|Glia	4.5996	0.7522
EHBP1	LP|Glia	4.0484	2.0978
ENDOD1	LP|Glia	4.3039	1.0340
ENTPD2	LP|Glia	7.9528	6.9546
EPDR1	LP|Glia	4.9443	1.2801
ERBB2	LP|Glia	4.0333	0.6898
ERBB3	LP|Glia	7.2028	5.2626
EVI5	LP|Glia	1.9764	0.2515
FADS3	LP|Glia	3.9808	1.5690
FAM129A	LP|Glia	2.8696	0.2706
FAM133B	LP|Glia	1.1877	0.4430
FAM134B	LP|Glia	3.6184	1.2191
FAM210B	LP|Glia	3.0728	0.9886
FBLN2	LP|Glia	6.0803	1.8768
FBXL3	LP|Glia	1.5965	0.3143
FEZ1	LP|Glia	5.3520	1.5336
FGF2	LP|Glia	4.5160	0.5624
FIBIN	LP|Glia	5.9794	0.3685
FIGN	LP|Glia	5.0041	1.1597
FLRT3	LP|Glia	8.3247	6.4944
FOXD3	LP|Glia	11.5558	inf
FRMD4A	LP|Glia	4.4058	0.9167
FST	LP|Glia	6.9117	2.1099
FSTL3	LP|Glia	5.3154	2.0170
FXYD1	LP|Glia	6.0158	1.9156
FXYD3	LP|Glia	4.0139	1.6115
GALNT2	LP|Glia	2.5211	0.8117
GAS2L3	LP|Glia	5.1343	0.6260
GAS7	LP|Glia	4.4835	1.6143
GATM	LP|Glia	4.1927	0.7468
GDI1	LP|Glia	1.7518	0.3400
GFRA1	LP|Glia	5.1010	0.8409
GFRA3	LP|Glia	10.4503	7.5770
GPM6B	LP|Glia	7.7193	6.1563
GPR155	LP|Glia	3.9854	2.8961
GRAMD3	LP|Glia	4.5245	1.9558
GTF2H5	LP|Glia	1.8454	0.4012
HAND2	LP|Glia	8.9451	inf
HAND2-AS1	LP|Glia	6.9325	inf
HDAC11	LP|Glia	3.7403	1.4006
HES6	LP|Glia	3.7182	1.3137
HEXIM1	LP|Glia	2.2031	0.6000
HSPA12A	LP|Glia	5.5399	2.2171
HSPA2	LP|Glia	4.4917	1.1648
HSPB2	LP|Glia	5.2861	0.9002
IER3	LP|Glia	3.2059	0.4097
IFI35	LP|Glia	1.9061	0.3636
IFIT2	LP|Glia	3.6491	0.5685
IFIT3	LP|Glia	4.1207	0.5363
IFRD1	LP|Glia	1.5986	0.5616
IGSF8	LP|Glia	1.9354	0.7228
IL11RA	LP|Glia	5.0784	1.2612
ING1	LP|Glia	2.2315	0.3947
IQGAP2	LP|Glia	2.2052	0.4361
ITGB1BP1	LP|Glia	2.4703	0.4665
ITGB8	LP|Glia	4.3095	0.7334
ITPR1	LP|Glia	4.0102	1.7913
JOSD2	LP|Glia	2.1617	0.3288
JUN	LP|Glia	2.5975	0.4826
KCNK5	LP|Glia	4.4609	2.3822
KCNMB4	LP|Glia	6.4585	4.2781
KCTD1	LP|Glia	5.1380	3.9608
KDSR	LP|Glia	2.5994	0.7760
KHDRBS3	LP|Glia	4.0987	0.4122
L1CAM	LP|Glia	10.5041	inf
LAMP1	LP|Glia	2.5233	0.3795
LAMP5	LP|Glia	3.6905	1.0406
LEPREL1	LP|Glia	5.9346	3.4845
LGI4	LP|Glia	10.2548	4.6420
LHPP	LP|Glia	2.0745	0.6787
LINC00511	LP|Glia	4.7755	1.3704
LINC00632	LP|Glia	7.4697	inf
LOXL3	LP|Glia	5.3177	2.3198
LRRC4C	LP|Glia	8.6292	inf
LRRTM1	LP|Glia	12.4749	inf
MAB21L1	LP|Glia	6.9180	inf
MAL	LP|Glia	5.0305	1.8010
MAN2A2	LP|Glia	2.8987	1.1193
MAP4	LP|Glia	2.5686	0.2710
MAP4K5	LP|Glia	1.9402	0.2871
MAPRE2	LP|Glia	2.6905	1.0647
MARCKS	LP|Glia	3.0905	0.4387
MARVELD1	LP|Glia	4.0545	0.9892
MATN2	LP|Glia	6.1080	1.4940
MBNL2	LP|Glia	2.0103	0.7584
MBOAT2	LP|Glia	3.8706	1.0203
MEGF6	LP|Glia	4.8438	inf
METRN	LP|Glia	3.0306	1.5482
MGAT4C	LP|Glia	12.1110	inf
MIA	LP|Glia	9.5907	1.9546
MID1IP1	LP|Glia	2.1557	0.2880
MMP17	LP|Glia	4.3694	inf
MOXD1	LP|Glia	3.5912	0.5613
MPZ	LP|Glia	10.1341	inf
MT1E	LP|Glia	3.6236	0.9655
MT1M	LP|Glia	5.0385	3.0207
MT2A	LP|Glia	3.6079	0.5877
MYOT	LP|Glia	11.5331	inf
NCAM1	LP|Glia	5.2652	1.5021
NDRG2	LP|Glia	5.1270	1.5325
NGFR	LP|Glia	8.7534	inf
NKAIN3	LP|Glia	8.6757	inf
NLGN4X	LP|Glia	6.6692	3.5933
NPTX2	LP|Glia	4.8298	3.0543
NRBP2	LP|Glia	3.6412	1.3820
NRN1	LP|Glia	6.7292	0.8288
NRXN1	LP|Glia	12.1923	inf
NRXN3	LP|Glia	8.9341	inf
NTM	LP|Glia	9.0637	5.5587
OLFML2A	LP|Glia	6.3154	2.1086
PACSIN3	LP|Glia	3.8087	0.3823
PAQR8	LP|Glia	2.5531	0.2857
PCBP4	LP|Glia	3.6839	2.0470
PCDH9	LP|Glia	6.3761	1.1466
PCSK2	LP|Glia	11.2966	inf
PDK4	LP|Glia	4.1219	0.9354
PEBP1	LP|Glia	3.3967	1.4143
PHLDA3	LP|Glia	4.8803	1.2226
PHLDB1	LP|Glia	3.3704	0.4708
PLP1	LP|Glia	12.6339	inf
PLSCR4	LP|Glia	4.8756	1.1685
PMEPA1	LP|Glia	5.0484	2.0878
PMP2	LP|Glia	10.4809	inf
PMP22	LP|Glia	6.6280	1.5653
POLR2F	LP|Glia	2.1712	0.6219
PON2	LP|Glia	3.9896	0.5345
PPDPF	LP|Glia	1.8280	0.4440
PPP1R16A	LP|Glia	3.0066	1.0807
PRIMA1	LP|Glia	7.7349	inf
PRNP	LP|Glia	5.4265	1.5809
PTPRF	LP|Glia	4.0797	2.7245
PTPRZ1	LP|Glia	10.3256	inf
RAB40B	LP|Glia	2.0649	0.6780
RASSF4	LP|Glia	4.7500	0.8163
RCAN1	LP|Glia	4.9246	0.9724
RFTN2	LP|Glia	4.3368	0.4416
RGS11	LP|Glia	5.0520	1.7093
RGS16	LP|Glia	5.5196	1.3574
RHOB	LP|Glia	3.2228	0.8959
RNF180	LP|Glia	4.7535	1.3746
RP3-525N10.2	LP|Glia	5.4823	inf
RP4-792G4.2	LP|Glia	11.4498	inf
RTKN	LP|Glia	3.9047	1.5419
RXRG	LP|Glia	6.3009	1.2339
S100A1	LP|Glia	10.1939	8.9444
S100A10	LP|Glia	3.9550	1.1977
S100B	LP|Glia	8.7326	3.3730
SBDS	LP|Glia	2.0963	0.3832
SBSPON	LP|Glia	10.4464	inf
SCARA3	LP|Glia	4.8348	0.3294
SCCPDH	LP|Glia	4.6446	2.1886
SCD	LP|Glia	4.1336	0.4885
SCN7A	LP|Glia	7.9052	4.2930
SCN9A	LP|Glia	6.6859	5.3417
SECISBP2L	LP|Glia	2.9536	1.3197
SEMA3B	LP|Glia	8.8559	6.3117
SEMA3C	LP|Glia	6.7700	2.1003
SEMA4B	LP|Glia	3.0957	1.3695
SEMA6D	LP|Glia	4.9260	0.5839
SERPINA5	LP|Glia	10.4772	inf
SGCE	LP|Glia	4.3817	0.3098
SH3BGR	LP|Glia	5.8258	inf
SHC4	LP|Glia	8.5635	inf
SHISA9	LP|Glia	7.0297	3.2696
SIAH1	LP|Glia	2.5188	1.0461
SIPA1L2	LP|Glia	5.2916	1.2866
SLC15A3	LP|Glia	3.9960	0.8132
SLC22A17	LP|Glia	4.6148	2.2009
SLC27A1	LP|Glia	3.1246	0.9259
SLC35F1	LP|Glia	8.5166	inf
SLC44A1	LP|Glia	1.8423	0.3197
SLITRK6	LP|Glia	5.0434	0.3553
SMIM5	LP|Glia	7.5992	4.5548
SNCA	LP|Glia	6.0934	1.8913
SOD1	LP|Glia	1.8478	0.3424
SORBS2	LP|Glia	6.3864	1.1585
SORCS1	LP|Glia	8.3835	inf
SOWAHC	LP|Glia	4.6191	1.7896
SOX10	LP|Glia	11.4200	inf
SOX2	LP|Glia	10.2904	inf
SPARC	LP|Glia	6.3986	0.7528
SPATA6	LP|Glia	3.8514	0.4728
SPP1	LP|Glia	9.3672	5.1137
SREBF1	LP|Glia	3.9402	2.2812
ST3GAL4	LP|Glia	3.6388	0.3950
ST3GAL6	LP|Glia	3.4333	0.6524
ST6GALNAC2	LP|Glia	7.6613	inf
ST6GALNAC5	LP|Glia	6.5846	inf
STARD13	LP|Glia	4.5986	0.4876
STEAP1B	LP|Glia	5.4289	inf
SYNGR1	LP|Glia	2.2107	0.5581
SYNM	LP|Glia	5.3646	inf
SYT11	LP|Glia	3.6654	1.3760
TENM3	LP|Glia	7.8975	2.7296
TFAP2A	LP|Glia	9.7278	inf
THNSL2	LP|Glia	3.4925	0.3641
TIMP3	LP|Glia	5.3183	1.3599
TIMP4	LP|Glia	6.5671	2.9942
TMEM178A	LP|Glia	7.3677	inf
TMEM59L	LP|Glia	7.7961	inf
TMEM67	LP|Glia	2.7202	1.2295
TMEM71	LP|Glia	3.3316	1.1973
TMOD2	LP|Glia	5.0010	2.7936
TNS3	LP|Glia	3.3393	0.5618
TOB1	LP|Glia	1.5457	0.5519
TPT1-AS1	LP|Glia	2.9678	1.9295
TRIM58	LP|Glia	4.4916	inf
TSPAN11	LP|Glia	6.6274	2.3868
TSPAN15	LP|Glia	5.5008	1.0837
TTR	LP|Glia	10.7882	1.9112
TTYH1	LP|Glia	7.1806	inf
TUBB2A	LP|Glia	3.7098	0.3105
TUBB2B	LP|Glia	8.4713	4.1875
TULP3	LP|Glia	3.2605	0.5099
TXNRD2	LP|Glia	2.7625	0.7878
UCHL1	LP|Glia	4.0990	0.2600
USP11	LP|Glia	1.9276	0.6268
VAPB	LP|Glia	1.8326	0.3747
VPS13D	LP|Glia	3.1521	1.9031
WDR86	LP|Glia	5.6624	2.3127
WISP2	LP|Glia	9.1328	inf
WNT6	LP|Glia	5.3285	inf
WRB	LP|Glia	2.3823	0.5967
XKR4	LP|Glia	8.8209	inf
ZBTB20	LP|Glia	2.1259	0.5301
ZNF397	LP|Glia	2.3787	0.6501
ZNF462	LP|Glia	4.0769	0.6472
ZNF536	LP|Glia	4.8936	0.4675
ZSWIM6	LP|Glia	2.9522	0.3137
ADAM10	LP|ILCs	2.2420	0.4407
AL031602.1	LP|ILCs	4.7293	2.0965
ALDOC	LP|ILCs	4.6563	2.2187
AREG	LP|ILCs	4.6627	1.5808
ARL4A	LP|ILCs	2.6739	0.6130
ARL5B	LP|ILCs	2.8508	0.3363
BCAS1	LP|ILCs	5.7037	2.6672
BHLHE40	LP|ILCs	2.8635	0.5544
BZW1	LP|ILCs	1.9975	0.3626
C1orf63	LP|ILCs	1.8178	0.6275
CA2	LP|ILCs	4.3074	0.4866
CASP3	LP|ILCs	3.6235	1.7606
CSF2	LP|ILCs	6.3106	2.5481
CYCS	LP|ILCs	1.9311	0.6407
DCAF11	LP|ILCs	2.1830	0.3138
DDX3X	LP|ILCs	1.6557	0.5263
DLL1	LP|ILCs	4.5125	0.3779
DYNLT3	LP|ILCs	2.1565	0.6909
EML4	LP|ILCs	2.0036	0.2628
FOSB	LP|ILCs	2.1195	0.5647
FXYD5	LP|ILCs	2.5260	0.3667
GPR65	LP|ILCs	3.2590	0.4334
HOXA7	LP|ILCs	3.6229	0.3079
IL23R	LP|ILCs	5.8211	2.3273
IL4I1	LP|ILCs	5.6351	2.2330
JMY	LP|ILCs	2.2414	0.5868
KIAA1324	LP|ILCs	4.1868	2.1458
KMT2E	LP|ILCs	1.3924	0.4069
KRT81	LP|ILCs	8.9729	3.1826
KRT86	LP|ILCs	9.5221	4.2026
LIF	LP|ILCs	6.2746	0.3156
MAFF	LP|ILCs	3.8669	1.4808
MAP3K8	LP|ILCs	2.9078	1.1197
METTL15	LP|ILCs	3.1380	1.7295
MIR24-2	LP|ILCs	2.5818	0.5813
NR4A2	LP|ILCs	2.4026	0.3744
OTUD5	LP|ILCs	2.2936	1.0059
PDE4A	LP|ILCs	2.3963	0.5366
PRMT10	LP|ILCs	4.2302	2.0423
PRPF6	LP|ILCs	1.5663	0.2766
RNF139	LP|ILCs	2.2334	0.7955
RNF168	LP|ILCs	1.8909	0.6076
RORC	LP|ILCs	5.0565	2.0307
RP1-313I6.12	LP|ILCs	2.2701	1.1510
RRAD	LP|ILCs	2.5540	0.4525
SKIL	LP|ILCs	2.4132	0.5095
SMAP1	LP|ILCs	1.7041	0.4878
SPG20	LP|ILCs	2.5943	0.5661
SPINK2	LP|ILCs	3.7547	0.8741
SRSF2	LP|ILCs	1.8092	0.2560
ST3GAL1	LP|ILCs	1.8193	0.3831
TEX30	LP|ILCs	3.0900	0.3294
TIPARP	LP|ILCs	3.3453	1.6548
TLE1	LP|ILCs	3.5619	0.4977
TMIGD2	LP|ILCs	4.9147	0.5971
TNFRSF25	LP|ILCs	3.9480	0.3362
TNFSF11	LP|ILCs	5.6899	0.3925
YME1L1	LP|ILCs	1.5937	0.5160
ZFP36	LP|ILCs	2.5372	0.3694
ZNF131	LP|ILCs	1.7083	0.5367
ZNF331	LP|ILCs	3.0360	0.4546
AAMP	LP|Inflammatory Fibroblasts	1.8618	0.2755
ABCC1	LP|Inflammatory Fibroblasts	2.0775	0.7209
ABCC3	LP|Inflammatory Fibroblasts	3.5044	0.5270
ABCF3	LP|Inflammatory Fibroblasts	1.6379	0.7054
ABHD17C	LP|Inflammatory Fibroblasts	3.9713	0.9098
ABHD5	LP|Inflammatory Fibroblasts	1.9909	0.5386
ABL1	LP|Inflammatory Fibroblasts	3.3393	1.3462
AC004538.3	LP|Inflammatory Fibroblasts	4.8215	inf
AC005540.3	LP|Inflammatory Fibroblasts	3.3380	inf
AC016683.6	LP|Inflammatory Fibroblasts	1.9722	0.5704
AC083884.8	LP|Inflammatory Fibroblasts	6.3624	inf
AC090186.1	LP|Inflammatory Fibroblasts	1.0766	0.7195
AC113189.5	LP|Inflammatory Fibroblasts	1.5463	0.5726
ACAD8	LP|Inflammatory Fibroblasts	1.7814	0.4254
ACADVL	LP|Inflammatory Fibroblasts	1.7377	0.3509
ACBD3	LP|Inflammatory Fibroblasts	1.2769	0.3118
ACKR3	LP|Inflammatory Fibroblasts	3.9670	0.3822
ACKR4	LP|Inflammatory Fibroblasts	7.7613	inf
ACO1	LP|Inflammatory Fibroblasts	3.6385	1.4015
ACOT2	LP|Inflammatory Fibroblasts	2.3830	1.4176
ACOX3	LP|Inflammatory Fibroblasts	1.3070	0.3255
ACP2	LP|Inflammatory Fibroblasts	2.3179	0.3915
ACSL3	LP|Inflammatory Fibroblasts	1.9930	0.3292
ACSL4	LP|Inflammatory Fibroblasts	4.0912	1.0721
ACVR1	LP|Inflammatory Fibroblasts	2.7978	0.2663
ADAM12	LP|Inflammatory Fibroblasts	3.7950	0.3761
ADAM9	LP|Inflammatory Fibroblasts	3.2169	0.4625
ADAMTS2	LP|Inflammatory Fibroblasts	4.9133	0.7554
ADCK4	LP|Inflammatory Fibroblasts	1.8125	0.3399
ADCY6	LP|Inflammatory Fibroblasts	3.0778	2.2145
ADORA2B	LP|Inflammatory Fibroblasts	5.4581	3.8357
AEBP1	LP|Inflammatory Fibroblasts	4.5348	0.6202
AGAP2-AS1	LP|Inflammatory Fibroblasts	3.9263	0.7706
AGPAT4	LP|Inflammatory Fibroblasts	3.9499	1.5121
AHCYL1	LP|Inflammatory Fibroblasts	2.3361	0.3626
AHSA2	LP|Inflammatory Fibroblasts	1.3627	0.4860
AKAP11	LP|Inflammatory Fibroblasts	1.5167	0.2729
AKR1C1	LP|Inflammatory Fibroblasts	6.4098	2.5927
AKT1S1	LP|Inflammatory Fibroblasts	2.1489	0.6048
AL132709.5	LP|Inflammatory Fibroblasts	3.6220	0.2615
ALAS1	LP|Inflammatory Fibroblasts	2.5469	0.5433
ALG1	LP|Inflammatory Fibroblasts	1.8284	0.5726
ALG2	LP|Inflammatory Fibroblasts	1.6399	0.5890
ALG3	LP|Inflammatory Fibroblasts	1.8329	0.4505
AMMECR1L	LP|Inflammatory Fibroblasts	1.7589	0.7474
AMPH	LP|Inflammatory Fibroblasts	3.6685	inf
ANGPTL2	LP|Inflammatory Fibroblasts	5.4380	1.9270
ANKRD16	LP|Inflammatory Fibroblasts	2.7207	1.1389
ANKRD52	LP|Inflammatory Fibroblasts	1.8147	0.7669
ANKS3	LP|Inflammatory Fibroblasts	1.9750	0.2935
ANKS6	LP|Inflammatory Fibroblasts	3.0141	1.4645
ANTXR1	LP|Inflammatory Fibroblasts	4.3245	0.3459
AOX1	LP|Inflammatory Fibroblasts	7.5651	inf
AP2M1	LP|Inflammatory Fibroblasts	2.3008	0.3864
AP3S1	LP|Inflammatory Fibroblasts	1.7972	0.6797
AP4S1	LP|Inflammatory Fibroblasts	1.1368	0.3793
APBB1	LP|Inflammatory Fibroblasts	2.0599	0.2728
APH1B	LP|Inflammatory Fibroblasts	1.6448	0.2538
ARCN1	LP|Inflammatory Fibroblasts	1.3062	0.5239
ARF4	LP|Inflammatory Fibroblasts	1.5843	0.3621
ARFGAP1	LP|Inflammatory Fibroblasts	1.4379	0.4793
ARFIP2	LP|Inflammatory Fibroblasts	1.6187	0.7174
ARFRP1	LP|Inflammatory Fibroblasts	1.6729	0.2680
ARHGAP21	LP|Inflammatory Fibroblasts	2.5074	0.4842
ARL1	LP|Inflammatory Fibroblasts	2.0890	0.7171
ARL3	LP|Inflammatory Fibroblasts	2.7555	0.3137
ARMC9	LP|Inflammatory Fibroblasts	3.2570	0.7756
ARNTL2	LP|Inflammatory Fibroblasts	2.6994	0.3009
ARSG	LP|Inflammatory Fibroblasts	1.8318	0.6510
ASL	LP|Inflammatory Fibroblasts	3.4480	1.1748
ASPHD1	LP|Inflammatory Fibroblasts	6.5951	4.8318
ATMIN	LP|Inflammatory Fibroblasts	1.4941	0.3551
ATP2A2	LP|Inflammatory Fibroblasts	2.6152	0.8551
AUH	LP|Inflammatory Fibroblasts	1.2976	0.2554
AZI2	LP|Inflammatory Fibroblasts	1.8980	0.2593
B3GALTL	LP|Inflammatory Fibroblasts	1.8619	0.6015
B4GALT2	LP|Inflammatory Fibroblasts	2.6082	0.5563
BAD	LP|Inflammatory Fibroblasts	2.1379	0.3524
BBS12	LP|Inflammatory Fibroblasts	2.3272	inf
BDKRB1	LP|Inflammatory Fibroblasts	5.3382	1.3271
BDKRB2	LP|Inflammatory Fibroblasts	4.5279	0.2908
BDNF	LP|Inflammatory Fibroblasts	6.2112	inf
BEST1	LP|Inflammatory Fibroblasts	1.5380	0.3458
BHLHE22	LP|Inflammatory Fibroblasts	5.0141	inf
BHMT2	LP|Inflammatory Fibroblasts	4.4968	inf
BICC1	LP|Inflammatory Fibroblasts	4.8842	1.1415
BLOC1S4	LP|Inflammatory Fibroblasts	1.4106	0.3852
BMP1	LP|Inflammatory Fibroblasts	4.6676	1.5505
BNC2	LP|Inflammatory Fibroblasts	4.3589	0.3905
BRPF3	LP|Inflammatory Fibroblasts	1.4766	0.4128
BSDC1	LP|Inflammatory Fibroblasts	1.0817	0.2557
BTBD19	LP|Inflammatory Fibroblasts	2.1511	inf
BTRC	LP|Inflammatory Fibroblasts	1.5074	0.6540
C11orf70	LP|Inflammatory Fibroblasts	4.1459	inf
C12orf44	LP|Inflammatory Fibroblasts	1.7305	0.7554
C17orf51	LP|Inflammatory Fibroblasts	3.0975	inf
C17orf58	LP|Inflammatory Fibroblasts	3.0789	1.1447
C17orf70	LP|Inflammatory Fibroblasts	1.6810	0.5844
C19orf55	LP|Inflammatory Fibroblasts	1.4622	0.5596
C19orf82	LP|Inflammatory Fibroblasts	1.6452	0.8118
C1GALT1C1	LP|Inflammatory Fibroblasts	2.1781	0.5005
C1QTNF6	LP|Inflammatory Fibroblasts	3.9893	1.1959
C1orf122	LP|Inflammatory Fibroblasts	2.3141	0.6308
C1orf216	LP|Inflammatory Fibroblasts	2.2827	0.8095
C1orf85	LP|Inflammatory Fibroblasts	2.3229	0.3684
C2	LP|Inflammatory Fibroblasts	4.1452	0.3010
C2orf27A	LP|Inflammatory Fibroblasts	2.9465	inf
C2orf81	LP|Inflammatory Fibroblasts	2.6073	0.2682
C3orf17	LP|Inflammatory Fibroblasts	1.3783	0.2836
C5orf55	LP|Inflammatory Fibroblasts	1.4464	0.4648
C6orf47	LP|Inflammatory Fibroblasts	1.5463	0.4868
C7orf60	LP|Inflammatory Fibroblasts	1.1811	inf
C7orf63	LP|Inflammatory Fibroblasts	4.4534	inf
C7orf73	LP|Inflammatory Fibroblasts	1.9507	0.3259
C8orf82	LP|Inflammatory Fibroblasts	1.5870	0.3873
C9orf64	LP|Inflammatory Fibroblasts	2.1444	0.7512
CA12	LP|Inflammatory Fibroblasts	6.4874	4.8921
CACFD1	LP|Inflammatory Fibroblasts	1.7285	0.3183
CACNA1C	LP|Inflammatory Fibroblasts	4.5588	0.6460
CACNB3	LP|Inflammatory Fibroblasts	3.3741	0.4018
CALR	LP|Inflammatory Fibroblasts	1.7590	0.2517
CALU	LP|Inflammatory Fibroblasts	3.2194	0.5123
CAMKK2	LP|Inflammatory Fibroblasts	1.7514	0.6537
CAMTA2	LP|Inflammatory Fibroblasts	2.3855	1.2600
CAPN2	LP|Inflammatory Fibroblasts	2.3711	0.3748
CCBE1	LP|Inflammatory Fibroblasts	3.3444	inf
CCDC102A	LP|Inflammatory Fibroblasts	1.9772	0.4389
CCDC176	LP|Inflammatory Fibroblasts	2.6538	inf
CCDC71	LP|Inflammatory Fibroblasts	2.0933	0.3992
CCDC71L	LP|Inflammatory Fibroblasts	3.3484	1.0506
CD151	LP|Inflammatory Fibroblasts	3.7515	0.2663
CD276	LP|Inflammatory Fibroblasts	3.8435	0.9442
CD82	LP|Inflammatory Fibroblasts	3.4158	1.3131
CDC14B	LP|Inflammatory Fibroblasts	2.2468	0.4110
CDC16	LP|Inflammatory Fibroblasts	1.6531	0.4018
CDC37L1	LP|Inflammatory Fibroblasts	1.6431	0.5619
CDC42EP5	LP|Inflammatory Fibroblasts	3.6237	0.3039
CDH11	LP|Inflammatory Fibroblasts	4.3211	0.3468
CDK2AP1	LP|Inflammatory Fibroblasts	3.4994	2.3130
CDKN2B	LP|Inflammatory Fibroblasts	3.1853	0.4503
CDX1	LP|Inflammatory Fibroblasts	1.7990	0.6456
CEBPB	LP|Inflammatory Fibroblasts	3.1404	0.6970
CEP170B	LP|Inflammatory Fibroblasts	2.9995	1.7231
CERCAM	LP|Inflammatory Fibroblasts	3.3258	0.4773
CERS5	LP|Inflammatory Fibroblasts	1.8380	0.3070
CFB	LP|Inflammatory Fibroblasts	5.7482	2.7171
CHD3	LP|Inflammatory Fibroblasts	2.2032	0.3522
CHI3L1	LP|Inflammatory Fibroblasts	8.2184	4.8121
CHPF2	LP|Inflammatory Fibroblasts	1.8269	0.8707
CHRDL2	LP|Inflammatory Fibroblasts	6.1904	inf
CHST15	LP|Inflammatory Fibroblasts	2.3178	1.0058
CHST3	LP|Inflammatory Fibroblasts	3.8555	inf
CISD1	LP|Inflammatory Fibroblasts	2.7054	0.4098
CIZ1	LP|Inflammatory Fibroblasts	1.5403	0.2531
CLCF1	LP|Inflammatory Fibroblasts	2.2863	1.8622
CLIC6	LP|Inflammatory Fibroblasts	4.7676	1.0563
CLIP2	LP|Inflammatory Fibroblasts	3.0513	0.4452
CLIP3	LP|Inflammatory Fibroblasts	3.8928	0.2923
CLIP4	LP|Inflammatory Fibroblasts	1.2683	inf
CLMP	LP|Inflammatory Fibroblasts	4.4699	0.6051
CNIH4	LP|Inflammatory Fibroblasts	2.3628	0.5604
COG1	LP|Inflammatory Fibroblasts	1.3168	0.4045
COL12A1	LP|Inflammatory Fibroblasts	5.8034	2.2776
COL1A1	LP|Inflammatory Fibroblasts	6.2209	1.2387
COL1A2	LP|Inflammatory Fibroblasts	6.2907	0.6434
COL23A1	LP|Inflammatory Fibroblasts	4.7121	0.5747
COL5A1	LP|Inflammatory Fibroblasts	4.3483	0.4435
COL5A2	LP|Inflammatory Fibroblasts	4.9000	1.0396
COL6A3	LP|Inflammatory Fibroblasts	5.8492	1.9528
COL7A1	LP|Inflammatory Fibroblasts	6.4638	3.4681
COLCA2	LP|Inflammatory Fibroblasts	2.8283	1.4411
COPA	LP|Inflammatory Fibroblasts	1.5194	0.4881
COPB1	LP|Inflammatory Fibroblasts	1.3548	0.3259
COPB2	LP|Inflammatory Fibroblasts	1.8890	0.5847
COPG1	LP|Inflammatory Fibroblasts	1.7158	0.7544
COPG2	LP|Inflammatory Fibroblasts	1.7502	0.5944
COPS6	LP|Inflammatory Fibroblasts	1.9252	0.3675
COPS7A	LP|Inflammatory Fibroblasts	2.2093	0.4143
COQ4	LP|Inflammatory Fibroblasts	1.4697	0.4417
COQ9	LP|Inflammatory Fibroblasts	2.0126	0.4047
CPXM1	LP|Inflammatory Fibroblasts	5.3069	1.9654
CRADD	LP|Inflammatory Fibroblasts	2.5022	1.4303
CRAT	LP|Inflammatory Fibroblasts	2.2059	0.5229
CREB3	LP|Inflammatory Fibroblasts	1.8752	0.7207
CRTC1	LP|Inflammatory Fibroblasts	2.0877	0.9691
CRY1	LP|Inflammatory Fibroblasts	1.9801	0.2743
CSDC2	LP|Inflammatory Fibroblasts	5.4049	inf
CSF3	LP|Inflammatory Fibroblasts	6.6604	1.1093
CSMD2	LP|Inflammatory Fibroblasts	3.7053	inf
CTA-217C2.1	LP|Inflammatory Fibroblasts	1.8034	0.4788
CTC-503J8.6	LP|Inflammatory Fibroblasts	1.8559	0.2995
CTD-2017D11.1	LP|Inflammatory Fibroblasts	1.4472	0.9797
CTD-2270L9.4	LP|Inflammatory Fibroblasts	2.8790	1.0902
CTD-2314B22.3	LP|Inflammatory Fibroblasts	4.1603	inf
CTD-3099C6.9	LP|Inflammatory Fibroblasts	2.2970	0.8625
CTD-3138B18.5	LP|Inflammatory Fibroblasts	1.7876	0.8331
CTHRC1	LP|Inflammatory Fibroblasts	4.9861	1.3484
CTNS	LP|Inflammatory Fibroblasts	1.4641	0.7334
CTSK	LP|Inflammatory Fibroblasts	5.8530	1.1624
CTSL	LP|Inflammatory Fibroblasts	3.7401	0.5978
CTTN	LP|Inflammatory Fibroblasts	3.9398	0.4079
CUL4B	LP|Inflammatory Fibroblasts	2.0242	0.4416
CUL7	LP|Inflammatory Fibroblasts	2.1018	0.8656
CUX1	LP|Inflammatory Fibroblasts	2.0245	0.3047
CXCL1	LP|Inflammatory Fibroblasts	6.6400	2.2266
CXCL5	LP|Inflammatory Fibroblasts	7.9833	inf
CXCL6	LP|Inflammatory Fibroblasts	6.8054	3.0775
CYP26B1	LP|Inflammatory Fibroblasts	7.0796	inf
CYP7B1	LP|Inflammatory Fibroblasts	4.5504	0.9418
DCAF10	LP|Inflammatory Fibroblasts	1.4982	0.2957
DCAF6	LP|Inflammatory Fibroblasts	1.8096	0.4427
DCBLD1	LP|Inflammatory Fibroblasts	4.2057	1.1869
DCBLD2	LP|Inflammatory Fibroblasts	3.5559	0.6572
DCTN2	LP|Inflammatory Fibroblasts	1.8699	0.2503
DDX1	LP|Inflammatory Fibroblasts	1.7797	0.2571
DDX52	LP|Inflammatory Fibroblasts	1.6304	0.2950
DEGS1	LP|Inflammatory Fibroblasts	2.1631	0.3625
DENND2A	LP|Inflammatory Fibroblasts	3.1358	0.6540
DFNA5	LP|Inflammatory Fibroblasts	3.3741	inf
DHRS4L2	LP|Inflammatory Fibroblasts	2.2923	0.2902
DHRSX	LP|Inflammatory Fibroblasts	1.7147	0.2614
DHX32	LP|Inflammatory Fibroblasts	2.1832	0.4765
DIABLO	LP|Inflammatory Fibroblasts	1.5219	0.4089
DIRAS3	LP|Inflammatory Fibroblasts	4.6419	inf
DLG3	LP|Inflammatory Fibroblasts	2.8101	0.6542
DLG4	LP|Inflammatory Fibroblasts	2.8514	inf
DNAH14	LP|Inflammatory Fibroblasts	3.1002	1.7840
DNAJB5	LP|Inflammatory Fibroblasts	2.8301	inf
DNAL1	LP|Inflammatory Fibroblasts	1.7592	0.2559
DNM1	LP|Inflammatory Fibroblasts	4.0840	0.7334
DNPEP	LP|Inflammatory Fibroblasts	1.7324	0.2874
DOCK7	LP|Inflammatory Fibroblasts	2.5038	0.3628
DOLK	LP|Inflammatory Fibroblasts	2.6747	0.2814
DPP4	LP|Inflammatory Fibroblasts	2.8339	0.3221
DPY19L3	LP|Inflammatory Fibroblasts	2.2192	1.2974
DRAM1	LP|Inflammatory Fibroblasts	2.7958	0.4186
DROSHA	LP|Inflammatory Fibroblasts	1.4400	0.5241
DSG2	LP|Inflammatory Fibroblasts	2.2015	0.7576
DTNA	LP|Inflammatory Fibroblasts	4.0924	inf
DTWD1	LP|Inflammatory Fibroblasts	2.5825	0.3310
DVL3	LP|Inflammatory Fibroblasts	1.8817	0.3320
DYRK3	LP|Inflammatory Fibroblasts	2.5604	inf
E2F6	LP|Inflammatory Fibroblasts	1.9862	0.5795
EDF1	LP|Inflammatory Fibroblasts	1.4156	0.4831
EFHC1	LP|Inflammatory Fibroblasts	2.3885	0.3010
EFNA4	LP|Inflammatory Fibroblasts	1.8599	0.3778
EFNB3	LP|Inflammatory Fibroblasts	4.1361	0.4958
EGFR	LP|Inflammatory Fibroblasts	3.9926	0.3478
EID3	LP|Inflammatory Fibroblasts	1.7093	inf
EIF2B4	LP|Inflammatory Fibroblasts	1.6466	0.3397
EIF2B5	LP|Inflammatory Fibroblasts	1.6366	0.3798
ELMOD2	LP|Inflammatory Fibroblasts	1.9136	0.2970
ELOVL6	LP|Inflammatory Fibroblasts	2.3465	0.9769
EMC1	LP|Inflammatory Fibroblasts	2.2144	0.6015
EMC3	LP|Inflammatory Fibroblasts	1.6613	0.3443
EML1	LP|Inflammatory Fibroblasts	4.4564	0.5510
EMR1	LP|Inflammatory Fibroblasts	3.0103	0.4389
ENAH	LP|Inflammatory Fibroblasts	3.7462	0.2842
ENC1	LP|Inflammatory Fibroblasts	3.4069	0.4264
ENTHD2	LP|Inflammatory Fibroblasts	1.1970	0.2631
ERCC3	LP|Inflammatory Fibroblasts	1.7993	0.3932
ERI3	LP|Inflammatory Fibroblasts	2.1052	0.2942
ETAA1	LP|Inflammatory Fibroblasts	2.1627	0.3801
ETV4	LP|Inflammatory Fibroblasts	5.9722	3.6231
EXOSC4	LP|Inflammatory Fibroblasts	1.7578	0.2725
EXT1	LP|Inflammatory Fibroblasts	3.3835	0.5919
EXTL3	LP|Inflammatory Fibroblasts	1.6741	0.6502
FADS2	LP|Inflammatory Fibroblasts	2.9322	0.5199
FAF2	LP|Inflammatory Fibroblasts	1.8067	0.4237
FAM109B	LP|Inflammatory Fibroblasts	3.2181	0.4515
FAM114A1	LP|Inflammatory Fibroblasts	3.6549	0.2900
FAM132B	LP|Inflammatory Fibroblasts	3.6685	inf
FAM134A	LP|Inflammatory Fibroblasts	1.4962	0.2933
FAM167A	LP|Inflammatory Fibroblasts	5.1509	1.4291
FAM168A	LP|Inflammatory Fibroblasts	1.9878	0.4794
FAM168B	LP|Inflammatory Fibroblasts	1.8389	0.3094
FAM173B	LP|Inflammatory Fibroblasts	1.7214	0.3065
FAM20A	LP|Inflammatory Fibroblasts	5.8332	3.1251
FAM20C	LP|Inflammatory Fibroblasts	5.0346	2.0356
FAM211A	LP|Inflammatory Fibroblasts	1.5943	0.6510
FAM26E	LP|Inflammatory Fibroblasts	3.7329	inf
FAM35A	LP|Inflammatory Fibroblasts	1.5455	0.3029
FAM57A	LP|Inflammatory Fibroblasts	3.1337	0.5256
FAM65C	LP|Inflammatory Fibroblasts	4.2534	1.5221
FAP	LP|Inflammatory Fibroblasts	7.1966	4.2576
FBN1	LP|Inflammatory Fibroblasts	4.6904	0.6656
FBXO18	LP|Inflammatory Fibroblasts	2.1862	1.1318
FBXO2	LP|Inflammatory Fibroblasts	1.4363	0.8428
FBXO38	LP|Inflammatory Fibroblasts	1.6638	0.5724
FBXW11	LP|Inflammatory Fibroblasts	1.2133	0.2838
FBXW5	LP|Inflammatory Fibroblasts	1.8030	0.4061
FBXW9	LP|Inflammatory Fibroblasts	2.3923	0.6930
FDCSP	LP|Inflammatory Fibroblasts	5.7013	inf
FEM1B	LP|Inflammatory Fibroblasts	1.8145	0.3899
FGD1	LP|Inflammatory Fibroblasts	3.6933	1.4471
FGF10	LP|Inflammatory Fibroblasts	4.7291	0.4477
FGF7	LP|Inflammatory Fibroblasts	5.8124	1.4221
FJX1	LP|Inflammatory Fibroblasts	4.5177	0.6422
FKBP10	LP|Inflammatory Fibroblasts	4.5085	0.4629
FLJ27365	LP|Inflammatory Fibroblasts	2.6397	0.3760
FMO1	LP|Inflammatory Fibroblasts	6.3079	inf
FNDC4	LP|Inflammatory Fibroblasts	3.9767	0.5461
FNTB	LP|Inflammatory Fibroblasts	2.1417	0.6410
FOXP2	LP|Inflammatory Fibroblasts	3.2005	1.5753
FOXQ1	LP|Inflammatory Fibroblasts	5.2447	inf
FSTL1	LP|Inflammatory Fibroblasts	4.7753	0.7122
FUNDC2	LP|Inflammatory Fibroblasts	1.8620	0.4270
FXYD2	LP|Inflammatory Fibroblasts	2.5255	inf
FZD10	LP|Inflammatory Fibroblasts	6.3205	inf
G6PC3	LP|Inflammatory Fibroblasts	2.4165	0.2914
GALNS	LP|Inflammatory Fibroblasts	2.7412	0.6017
GALNT15	LP|Inflammatory Fibroblasts	5.5847	0.4365
GAP43	LP|Inflammatory Fibroblasts	6.8885	inf
GAREM	LP|Inflammatory Fibroblasts	4.7790	3.2928
GAS1	LP|Inflammatory Fibroblasts	6.3653	inf
GCN1L1	LP|Inflammatory Fibroblasts	1.5579	0.2668
GEMIN8	LP|Inflammatory Fibroblasts	1.6092	0.3702
GFPT1	LP|Inflammatory Fibroblasts	1.7089	0.8288
GFPT2	LP|Inflammatory Fibroblasts	3.3473	0.9036
GGCX	LP|Inflammatory Fibroblasts	1.5949	0.2866
GIGYF1	LP|Inflammatory Fibroblasts	1.4831	0.4453
GJA1	LP|Inflammatory Fibroblasts	4.4310	0.5196
GLG1	LP|Inflammatory Fibroblasts	1.4157	0.3384
GLIS1	LP|Inflammatory Fibroblasts	3.9772	inf
GLIS3	LP|Inflammatory Fibroblasts	5.4510	2.5070
GLUD1	LP|Inflammatory Fibroblasts	1.8514	0.3035
GNA12	LP|Inflammatory Fibroblasts	2.8355	0.8060
GNAI1	LP|Inflammatory Fibroblasts	4.0492	0.3639
GNAL	LP|Inflammatory Fibroblasts	2.9941	inf
GOLGA5	LP|Inflammatory Fibroblasts	1.2707	0.6697
GOLT1B	LP|Inflammatory Fibroblasts	1.2223	0.3065
GORAB	LP|Inflammatory Fibroblasts	2.1766	0.6295
GPR125	LP|Inflammatory Fibroblasts	4.0733	1.4895
GPR161	LP|Inflammatory Fibroblasts	3.6663	inf
GPR176	LP|Inflammatory Fibroblasts	5.2696	2.4909
GPX7	LP|Inflammatory Fibroblasts	2.1166	0.3435
GPX8	LP|Inflammatory Fibroblasts	4.1832	0.2858
GRIP2	LP|Inflammatory Fibroblasts	4.5303	inf
GRK4	LP|Inflammatory Fibroblasts	1.5175	1.0648
GTF2I	LP|Inflammatory Fibroblasts	2.2360	0.6459
GTF2IRD1	LP|Inflammatory Fibroblasts	2.7404	1.0884
GXYLT2	LP|Inflammatory Fibroblasts	4.2437	0.5022
H2AFY2	LP|Inflammatory Fibroblasts	3.2644	0.4467
H6PD	LP|Inflammatory Fibroblasts	3.1792	0.8424
HAS1	LP|Inflammatory Fibroblasts	5.8621	1.1725
HDDC2	LP|Inflammatory Fibroblasts	1.8934	0.2881
HGF	LP|Inflammatory Fibroblasts	5.1259	1.8333
HGS	LP|Inflammatory Fibroblasts	1.7675	0.4784
HIF1A	LP|Inflammatory Fibroblasts	3.4552	1.5341
HIVEP1	LP|Inflammatory Fibroblasts	1.3663	0.4274
HIVEP2	LP|Inflammatory Fibroblasts	1.1162	0.8559
HMCN1	LP|Inflammatory Fibroblasts	4.3767	inf
HNRNPH2	LP|Inflammatory Fibroblasts	1.7906	0.4029
HOMER3	LP|Inflammatory Fibroblasts	1.8844	0.4563
HOXA11-AS	LP|Inflammatory Fibroblasts	3.8278	0.2658
HPS6	LP|Inflammatory Fibroblasts	2.0166	0.5311
HRSP12	LP|Inflammatory Fibroblasts	1.7315	0.3680
HS3ST3A1	LP|Inflammatory Fibroblasts	4.6576	inf
HSBP1L1	LP|Inflammatory Fibroblasts	2.6476	0.5262
HSD11B1	LP|Inflammatory Fibroblasts	4.9043	0.5793
HSD11B1L	LP|Inflammatory Fibroblasts	2.3604	0.3716
HTRA3	LP|Inflammatory Fibroblasts	5.4851	1.5345
IDE	LP|Inflammatory Fibroblasts	1.4266	0.4957
IFT46	LP|Inflammatory Fibroblasts	2.1582	0.4465
IFT81	LP|Inflammatory Fibroblasts	3.2783	0.2937
IGDCC4	LP|Inflammatory Fibroblasts	4.3808	0.4311
IGF1R	LP|Inflammatory Fibroblasts	3.4205	0.3685
IGF2BP2	LP|Inflammatory Fibroblasts	3.3778	0.2656
IGFBP5	LP|Inflammatory Fibroblasts	6.4498	2.0002
IL11	LP|Inflammatory Fibroblasts	8.4076	inf
IL13RA2	LP|Inflammatory Fibroblasts	6.9038	3.5461
IL15RA	LP|Inflammatory Fibroblasts	3.1695	0.3026
IL17RC	LP|Inflammatory Fibroblasts	2.9875	0.4263
IL1R1	LP|Inflammatory Fibroblasts	3.8699	0.4113
IL24	LP|Inflammatory Fibroblasts	7.9592	inf
IMPAD1	LP|Inflammatory Fibroblasts	2.1364	0.4239
INHBA	LP|Inflammatory Fibroblasts	5.5014	2.7151
IPO13	LP|Inflammatory Fibroblasts	1.7074	0.8188
IPO4	LP|Inflammatory Fibroblasts	2.0705	0.2784
IPP	LP|Inflammatory Fibroblasts	1.5875	0.7114
IRF2BPL	LP|Inflammatory Fibroblasts	2.4071	0.5779
ISLR	LP|Inflammatory Fibroblasts	4.3469	0.3018
ISOC2	LP|Inflammatory Fibroblasts	1.9786	0.4907
ITFG3	LP|Inflammatory Fibroblasts	2.6854	0.2864
ITGAV	LP|Inflammatory Fibroblasts	3.8928	0.5696
ITPRIP	LP|Inflammatory Fibroblasts	1.7732	0.9358
ITPRIPL2	LP|Inflammatory Fibroblasts	3.0431	0.6232
JAGN1	LP|Inflammatory Fibroblasts	1.8082	0.5431
JMJD8	LP|Inflammatory Fibroblasts	2.0676	0.4150
KCNF1	LP|Inflammatory Fibroblasts	7.4171	inf
KCTD17	LP|Inflammatory Fibroblasts	2.2806	0.5233
KDELR3	LP|Inflammatory Fibroblasts	2.9579	0.8542
KIAA0196	LP|Inflammatory Fibroblasts	1.7493	0.4340
KIAA0368	LP|Inflammatory Fibroblasts	1.8785	0.2818
KIAA0930	LP|Inflammatory Fibroblasts	2.5669	0.2597
KIAA1199	LP|Inflammatory Fibroblasts	8.0240	inf
KIAA1644	LP|Inflammatory Fibroblasts	4.3584	inf
KIAA1715	LP|Inflammatory Fibroblasts	1.4123	0.2721
KIF26B	LP|Inflammatory Fibroblasts	5.4263	inf
KIRREL	LP|Inflammatory Fibroblasts	3.7962	inf
KLC2	LP|Inflammatory Fibroblasts	1.7958	0.6770
KLHL29	LP|Inflammatory Fibroblasts	3.4906	inf
L3HYPDH	LP|Inflammatory Fibroblasts	2.5835	0.7125
LAMA1	LP|Inflammatory Fibroblasts	5.0678	2.6189
LAMB3	LP|Inflammatory Fibroblasts	3.4148	0.4751
LAMC1	LP|Inflammatory Fibroblasts	3.6866	0.2689
LAMC3	LP|Inflammatory Fibroblasts	5.0712	0.7128
LARP6	LP|Inflammatory Fibroblasts	4.3854	0.9307
LCMT2	LP|Inflammatory Fibroblasts	1.8274	0.2738
LDOC1L	LP|Inflammatory Fibroblasts	2.7289	0.3653
LEPRE1	LP|Inflammatory Fibroblasts	3.0556	0.9428
LEPREL4	LP|Inflammatory Fibroblasts	3.2904	0.4334
LGI2	LP|Inflammatory Fibroblasts	4.9439	inf
LGR4	LP|Inflammatory Fibroblasts	3.2165	1.7452
LHFPL2	LP|Inflammatory Fibroblasts	3.6224	0.9632
LINC00839	LP|Inflammatory Fibroblasts	4.6608	1.3945
LLGL1	LP|Inflammatory Fibroblasts	2.2093	0.7938
LMF2	LP|Inflammatory Fibroblasts	2.0874	0.7560
LOXL1-AS1	LP|Inflammatory Fibroblasts	2.4305	0.3143
LOXL2	LP|Inflammatory Fibroblasts	4.6513	0.7675
LPAR1	LP|Inflammatory Fibroblasts	4.3205	0.3145
LRCH2	LP|Inflammatory Fibroblasts	4.0672	0.4350
LRIG2	LP|Inflammatory Fibroblasts	1.3301	0.4933
LRRC27	LP|Inflammatory Fibroblasts	2.2114	0.3175
LRRC41	LP|Inflammatory Fibroblasts	1.9054	0.5965
LSAMP	LP|Inflammatory Fibroblasts	4.4229	0.3574
LSS	LP|Inflammatory Fibroblasts	2.0536	0.9618
LTBP2	LP|Inflammatory Fibroblasts	4.4893	0.9465
LTBR	LP|Inflammatory Fibroblasts	3.1992	0.3802
LUCAT1	LP|Inflammatory Fibroblasts	2.2022	inf
LYNX1	LP|Inflammatory Fibroblasts	4.0276	inf
MAGED1	LP|Inflammatory Fibroblasts	2.7518	0.7523
MAGEF1	LP|Inflammatory Fibroblasts	2.1435	0.2807
MAN1A1	LP|Inflammatory Fibroblasts	1.7943	0.4074
MAN1B1	LP|Inflammatory Fibroblasts	1.7324	0.3504
MAN2A1	LP|Inflammatory Fibroblasts	1.5535	0.3948
MANBAL	LP|Inflammatory Fibroblasts	2.6795	0.3059
MAP3K5	LP|Inflammatory Fibroblasts	2.0512	0.7718
MAP4K3	LP|Inflammatory Fibroblasts	2.1490	0.4030
MAPK8	LP|Inflammatory Fibroblasts	1.3597	0.3999
MAPK8IP1	LP|Inflammatory Fibroblasts	3.0927	inf
MASP1	LP|Inflammatory Fibroblasts	6.8834	3.4662
MBTPS1	LP|Inflammatory Fibroblasts	1.5906	0.3072
MBTPS2	LP|Inflammatory Fibroblasts	1.6635	0.6822
MCC	LP|Inflammatory Fibroblasts	2.7698	0.3387
MCFD2	LP|Inflammatory Fibroblasts	1.8056	0.3066
MDGA1	LP|Inflammatory Fibroblasts	3.3888	inf
MDP1	LP|Inflammatory Fibroblasts	1.4863	0.6775
MECR	LP|Inflammatory Fibroblasts	1.8881	0.4197
MEDAG	LP|Inflammatory Fibroblasts	6.7371	2.8452
MEGF8	LP|Inflammatory Fibroblasts	2.3920	0.5029
MEIS3	LP|Inflammatory Fibroblasts	4.1451	0.6179
MEX3B	LP|Inflammatory Fibroblasts	2.6833	inf
MFAP2	LP|Inflammatory Fibroblasts	4.3376	0.2931
MFN1	LP|Inflammatory Fibroblasts	1.7980	0.7671
MFSD10	LP|Inflammatory Fibroblasts	2.1203	0.3204
MFSD5	LP|Inflammatory Fibroblasts	1.7564	0.3867
MFSD7	LP|Inflammatory Fibroblasts	2.6946	0.5552
MGST1	LP|Inflammatory Fibroblasts	4.3175	0.7862
MIPEP	LP|Inflammatory Fibroblasts	1.8587	0.4545
MLF2	LP|Inflammatory Fibroblasts	1.9867	0.5352
MME	LP|Inflammatory Fibroblasts	4.9353	1.2859
MMP10	LP|Inflammatory Fibroblasts	5.4836	1.9126
MMP14	LP|Inflammatory Fibroblasts	4.2816	0.9967
MMP19	LP|Inflammatory Fibroblasts	3.9745	0.6989
MMP2	LP|Inflammatory Fibroblasts	5.6354	0.5071
MMP3	LP|Inflammatory Fibroblasts	6.6420	2.5945
MORF4L2	LP|Inflammatory Fibroblasts	1.6338	0.2611
MORN2	LP|Inflammatory Fibroblasts	2.6250	0.4580
MOV10	LP|Inflammatory Fibroblasts	2.3538	0.3696
MPG	LP|Inflammatory Fibroblasts	2.2767	0.4913
MPHOSPH6	LP|Inflammatory Fibroblasts	2.5666	0.5806
MPST	LP|Inflammatory Fibroblasts	2.5229	1.0690
MPZL1	LP|Inflammatory Fibroblasts	2.8389	0.3088
MRAP	LP|Inflammatory Fibroblasts	6.6958	inf
MRC2	LP|Inflammatory Fibroblasts	4.2627	0.5004
MRFAP1	LP|Inflammatory Fibroblasts	2.4011	0.2629
MROH6	LP|Inflammatory Fibroblasts	1.7419	0.7318
MRPL36	LP|Inflammatory Fibroblasts	1.6961	0.3587
MSANTD2	LP|Inflammatory Fibroblasts	1.7999	0.8715
MSANTD3	LP|Inflammatory Fibroblasts	2.8845	0.9112
MT-TV	LP|Inflammatory Fibroblasts	2.7132	0.3740
MTERFD1	LP|Inflammatory Fibroblasts	1.9828	0.3089
MTFR1	LP|Inflammatory Fibroblasts	1.5586	0.4635
MTG2	LP|Inflammatory Fibroblasts	1.3243	0.3890
MYH10	LP|Inflammatory Fibroblasts	3.8711	0.3733
MYO1D	LP|Inflammatory Fibroblasts	2.2691	0.6487
NAB2	LP|Inflammatory Fibroblasts	2.7033	0.3804
NAGLU	LP|Inflammatory Fibroblasts	1.6046	0.6849
NANP	LP|Inflammatory Fibroblasts	2.4418	0.9801
NARS	LP|Inflammatory Fibroblasts	1.5330	0.2837
NAT9	LP|Inflammatory Fibroblasts	1.5882	0.4181
NBN	LP|Inflammatory Fibroblasts	1.6271	0.2606
NCDN	LP|Inflammatory Fibroblasts	1.9005	0.7945
NCOA5	LP|Inflammatory Fibroblasts	1.6533	0.2509
NCOR2	LP|Inflammatory Fibroblasts	2.0256	0.2875
NCS1	LP|Inflammatory Fibroblasts	5.1420	inf
NDUFA11	LP|Inflammatory Fibroblasts	1.5905	0.4211
NDUFS5	LP|Inflammatory Fibroblasts	1.6761	0.2663
NECAB3	LP|Inflammatory Fibroblasts	1.4532	0.3943
NINL	LP|Inflammatory Fibroblasts	3.0648	inf
NLGN2	LP|Inflammatory Fibroblasts	3.9631	0.8344
NLRX1	LP|Inflammatory Fibroblasts	2.1895	0.7854
NME7	LP|Inflammatory Fibroblasts	2.1517	0.5092
NNMT	LP|Inflammatory Fibroblasts	5.4419	0.9804
NOMO1	LP|Inflammatory Fibroblasts	2.0493	1.2346
NOTUM	LP|Inflammatory Fibroblasts	8.9153	inf
NPAS2	LP|Inflammatory Fibroblasts	4.2389	2.7422
NRBP1	LP|Inflammatory Fibroblasts	1.7810	0.3053
NRCAM	LP|Inflammatory Fibroblasts	5.1451	inf
NRSN2	LP|Inflammatory Fibroblasts	3.1941	0.3213
NT5C	LP|Inflammatory Fibroblasts	1.8006	0.2728
NTN1	LP|Inflammatory Fibroblasts	4.8792	0.5188
NUDT11	LP|Inflammatory Fibroblasts	3.6898	0.7229
NXN	LP|Inflammatory Fibroblasts	3.6651	0.3554
OAT	LP|Inflammatory Fibroblasts	2.6219	0.5353
OCRL	LP|Inflammatory Fibroblasts	2.6523	1.7762
OSCP1	LP|Inflammatory Fibroblasts	2.9112	1.8071
OSGIN2	LP|Inflammatory Fibroblasts	2.8649	1.8159
OSMR	LP|Inflammatory Fibroblasts	4.2124	0.9342
OSTC	LP|Inflammatory Fibroblasts	1.6871	0.4797
OXLD1	LP|Inflammatory Fibroblasts	1.2858	0.2998
OXT	LP|Inflammatory Fibroblasts	2.3931	inf
P4HA3	LP|Inflammatory Fibroblasts	5.6769	2.2534
PALM2	LP|Inflammatory Fibroblasts	4.8670	inf
PANX1	LP|Inflammatory Fibroblasts	3.1650	1.2563
PAPPA	LP|Inflammatory Fibroblasts	4.6636	1.0316
PAPSS2	LP|Inflammatory Fibroblasts	3.1902	0.3175
PAQR5	LP|Inflammatory Fibroblasts	3.8530	0.4903
PAQR7	LP|Inflammatory Fibroblasts	3.0699	1.1325
PARP6	LP|Inflammatory Fibroblasts	1.4970	0.5323
PBDC1	LP|Inflammatory Fibroblasts	2.1406	0.3314
PCBP3	LP|Inflammatory Fibroblasts	3.5447	1.1041
PCED1A	LP|Inflammatory Fibroblasts	2.8525	0.9313
PCGF6	LP|Inflammatory Fibroblasts	2.0508	0.3251
PCNX	LP|Inflammatory Fibroblasts	2.1075	1.0793
PCOLCE	LP|Inflammatory Fibroblasts	5.4110	0.8400
PCSK1	LP|Inflammatory Fibroblasts	5.6939	3.2779
PDGFRL	LP|Inflammatory Fibroblasts	4.0424	inf
PDIA3	LP|Inflammatory Fibroblasts	1.9587	0.2985
PDPN	LP|Inflammatory Fibroblasts	6.2072	2.3535
PDXDC1	LP|Inflammatory Fibroblasts	1.5104	0.4789
PES1	LP|Inflammatory Fibroblasts	1.7303	0.2902
PEX6	LP|Inflammatory Fibroblasts	1.5777	0.3762
PFKFB4	LP|Inflammatory Fibroblasts	3.7228	1.0552
PGRMC2	LP|Inflammatory Fibroblasts	2.4950	1.0577
PHC2	LP|Inflammatory Fibroblasts	3.1907	0.4637
PHF13	LP|Inflammatory Fibroblasts	2.4451	1.1941
PHF21A	LP|Inflammatory Fibroblasts	1.8965	0.6735
PHF23	LP|Inflammatory Fibroblasts	2.0678	0.4774
PHOSPHO2	LP|Inflammatory Fibroblasts	1.6071	0.3936
PHPT1	LP|Inflammatory Fibroblasts	2.1261	0.6641
PI15	LP|Inflammatory Fibroblasts	8.9042	inf
PI4KB	LP|Inflammatory Fibroblasts	1.5623	0.6458
PIGN	LP|Inflammatory Fibroblasts	1.6821	0.5523
PIGO	LP|Inflammatory Fibroblasts	1.8506	0.9757
PIGT	LP|Inflammatory Fibroblasts	2.3718	0.5103
PIGW	LP|Inflammatory Fibroblasts	2.0996	0.4390
PIH1D1	LP|Inflammatory Fibroblasts	1.8293	0.3946
PKM	LP|Inflammatory Fibroblasts	3.2277	0.5398
PLA2G2A	LP|Inflammatory Fibroblasts	2.1340	0.8392
PLD1	LP|Inflammatory Fibroblasts	3.5239	1.2956
PLOD1	LP|Inflammatory Fibroblasts	3.0378	0.3864
PLOD2	LP|Inflammatory Fibroblasts	4.1548	0.3241
PLXNA1	LP|Inflammatory Fibroblasts	3.3901	1.1457
PLXNB1	LP|Inflammatory Fibroblasts	3.3291	2.3944
PODNL1	LP|Inflammatory Fibroblasts	5.0123	0.9880
POFUT1	LP|Inflammatory Fibroblasts	2.1752	0.3184
POFUT2	LP|Inflammatory Fibroblasts	1.7695	0.3756
POLR1A	LP|Inflammatory Fibroblasts	1.7890	0.4310
POLR3H	LP|Inflammatory Fibroblasts	1.9444	0.2590
POMGNT1	LP|Inflammatory Fibroblasts	1.6844	0.3304
POPDC3	LP|Inflammatory Fibroblasts	8.3262	inf
PORCN	LP|Inflammatory Fibroblasts	1.5976	0.7420
PPAPDC2	LP|Inflammatory Fibroblasts	1.9165	1.0453
PPIB	LP|Inflammatory Fibroblasts	2.3726	0.7041
PPL	LP|Inflammatory Fibroblasts	2.4181	1.7487
PPME1	LP|Inflammatory Fibroblasts	1.7006	0.2535
PPP1R37	LP|Inflammatory Fibroblasts	1.5416	0.3624
PPP2R1A	LP|Inflammatory Fibroblasts	2.1269	0.2666
PPP2R3A	LP|Inflammatory Fibroblasts	2.6948	0.4545
PRAF2	LP|Inflammatory Fibroblasts	2.4140	0.3045
PRICKLE2	LP|Inflammatory Fibroblasts	3.8981	0.3362
PRKAR1A	LP|Inflammatory Fibroblasts	1.8558	0.2946
PRKCSH	LP|Inflammatory Fibroblasts	1.5525	0.4379
PRMT5	LP|Inflammatory Fibroblasts	1.9967	0.2929
PRR16	LP|Inflammatory Fibroblasts	4.7854	0.6202
PRRC1	LP|Inflammatory Fibroblasts	1.8885	0.5712
PRRG3	LP|Inflammatory Fibroblasts	4.6866	inf
PRRX1	LP|Inflammatory Fibroblasts	5.8608	2.0836
PRRX2	LP|Inflammatory Fibroblasts	5.5351	1.7991
PRSS12	LP|Inflammatory Fibroblasts	4.4717	0.4029
PSD	LP|Inflammatory Fibroblasts	3.4037	inf
PSMB7	LP|Inflammatory Fibroblasts	1.8350	0.3671
PSMD1	LP|Inflammatory Fibroblasts	2.1977	0.4153
PSMG1	LP|Inflammatory Fibroblasts	2.4495	0.5993
PSMG3	LP|Inflammatory Fibroblasts	1.8258	0.3349
PTDSS2	LP|Inflammatory Fibroblasts	2.4418	0.6958
PTGES	LP|Inflammatory Fibroblasts	6.9879	3.7514
PTGFR	LP|Inflammatory Fibroblasts	5.3777	1.1128
PTGFRN	LP|Inflammatory Fibroblasts	3.8274	0.2682
PTHLH	LP|Inflammatory Fibroblasts	5.9663	3.4978
PTOV1	LP|Inflammatory Fibroblasts	2.1024	0.7377
PTPLAD1	LP|Inflammatory Fibroblasts	2.4458	0.3732
PTPN11	LP|Inflammatory Fibroblasts	2.1401	0.4371
PTPN3	LP|Inflammatory Fibroblasts	3.7649	2.7711
PTPRN	LP|Inflammatory Fibroblasts	8.2984	inf
PTPRS	LP|Inflammatory Fibroblasts	2.7444	0.8177
PTRH2	LP|Inflammatory Fibroblasts	1.9080	0.4220
QSER1	LP|Inflammatory Fibroblasts	2.1555	0.3319
QSOX1	LP|Inflammatory Fibroblasts	4.2245	0.2840
RAB18	LP|Inflammatory Fibroblasts	1.7362	0.5249
RAB2A	LP|Inflammatory Fibroblasts	1.6375	0.3016
RABEPK	LP|Inflammatory Fibroblasts	1.7828	0.3984
RABL5	LP|Inflammatory Fibroblasts	2.8782	0.4624
RAMP1	LP|Inflammatory Fibroblasts	5.5968	1.5280
RARRES1	LP|Inflammatory Fibroblasts	4.8509	1.4428
RARRES2	LP|Inflammatory Fibroblasts	6.0839	0.9567
RARS	LP|Inflammatory Fibroblasts	1.9196	0.4379
RASSF8	LP|Inflammatory Fibroblasts	4.4734	1.8196
RASSF8-AS1	LP|Inflammatory Fibroblasts	3.9524	1.5088
RB1CC1	LP|Inflammatory Fibroblasts	1.4105	0.2747
RBM15B	LP|Inflammatory Fibroblasts	1.4725	0.2854
RBM41	LP|Inflammatory Fibroblasts	1.0709	0.3150
RCN3	LP|Inflammatory Fibroblasts	4.7315	1.3466
REEP3	LP|Inflammatory Fibroblasts	2.3759	0.4279
REXO2	LP|Inflammatory Fibroblasts	2.7807	0.6494
RFNG	LP|Inflammatory Fibroblasts	1.3856	0.3562
RGS4	LP|Inflammatory Fibroblasts	7.2958	inf
RHBDD2	LP|Inflammatory Fibroblasts	2.0242	0.3938
RHBDD3	LP|Inflammatory Fibroblasts	2.0736	0.3961
RIC8B	LP|Inflammatory Fibroblasts	1.7036	0.3081
RIN2	LP|Inflammatory Fibroblasts	3.9101	1.1469
RING1	LP|Inflammatory Fibroblasts	1.7867	0.2596
RMDN2	LP|Inflammatory Fibroblasts	1.5955	0.5007
RNF114	LP|Inflammatory Fibroblasts	1.4063	0.2748
RNF24	LP|Inflammatory Fibroblasts	3.1549	0.9234
RNF25	LP|Inflammatory Fibroblasts	1.8629	0.5094
RNF7	LP|Inflammatory Fibroblasts	1.7392	0.3957
ROBO1	LP|Inflammatory Fibroblasts	4.3271	0.7277
ROR2	LP|Inflammatory Fibroblasts	4.5334	1.1306
RP1-79C4.4	LP|Inflammatory Fibroblasts	6.7908	inf
RP1-90J20.8	LP|Inflammatory Fibroblasts	5.3716	inf
RP11-1055B8.7	LP|Inflammatory Fibroblasts	3.4561	0.4601
RP11-125O18.1	LP|Inflammatory Fibroblasts	9.5211	inf
RP11-152P17.2	LP|Inflammatory Fibroblasts	5.3706	inf
RP11-166D19.1	LP|Inflammatory Fibroblasts	4.7616	0.5902
RP11-182L21.5	LP|Inflammatory Fibroblasts	1.5128	0.4704
RP11-204M4.2	LP|Inflammatory Fibroblasts	3.0273	0.7264
RP11-252A24.7	LP|Inflammatory Fibroblasts	2.1297	0.7541
RP11-294J22.6	LP|Inflammatory Fibroblasts	1.3804	0.3353
RP11-298J20.3	LP|Inflammatory Fibroblasts	1.3691	inf
RP11-37B2.1	LP|Inflammatory Fibroblasts	1.7877	inf
RP11-395G23.3	LP|Inflammatory Fibroblasts	2.4745	1.0915
RP11-400F19.6	LP|Inflammatory Fibroblasts	1.3105	0.3771
RP11-400N13.3	LP|Inflammatory Fibroblasts	6.9043	inf
RP11-417E7.1	LP|Inflammatory Fibroblasts	6.7457	inf
RP11-422J8.1	LP|Inflammatory Fibroblasts	2.3385	inf
RP11-47I22.2	LP|Inflammatory Fibroblasts	5.1708	inf
RP11-498E2.9	LP|Inflammatory Fibroblasts	4.7158	inf
RP11-536K7.3	LP|Inflammatory Fibroblasts	3.8785	0.5625
RP3-428L16.2	LP|Inflammatory Fibroblasts	3.7953	inf
RP4-639F20.1	LP|Inflammatory Fibroblasts	2.8681	0.6718
RPGRIP1L	LP|Inflammatory Fibroblasts	2.7362	0.9948
RPS27L	LP|Inflammatory Fibroblasts	1.3429	0.3108
RSPH9	LP|Inflammatory Fibroblasts	3.3366	inf
RSPO1	LP|Inflammatory Fibroblasts	3.2086	2.8281
RSPRY1	LP|Inflammatory Fibroblasts	1.6994	0.2952
RUNX2	LP|Inflammatory Fibroblasts	1.5975	0.6320
S100A13	LP|Inflammatory Fibroblasts	4.5022	0.3674
S100A2	LP|Inflammatory Fibroblasts	4.9921	3.1876
S100A3	LP|Inflammatory Fibroblasts	4.5367	0.4911
SACS	LP|Inflammatory Fibroblasts	1.6861	inf
SAMD4A	LP|Inflammatory Fibroblasts	2.8294	0.4171
SAMD8	LP|Inflammatory Fibroblasts	1.6933	0.4469
SAR1A	LP|Inflammatory Fibroblasts	1.6468	0.4077
SBSN	LP|Inflammatory Fibroblasts	9.5978	inf
SCAF1	LP|Inflammatory Fibroblasts	1.6384	0.4473
SCARB2	LP|Inflammatory Fibroblasts	2.8010	0.4151
SCARF2	LP|Inflammatory Fibroblasts	3.7414	0.4065
SCYL1	LP|Inflammatory Fibroblasts	1.3874	0.4535
SDC4	LP|Inflammatory Fibroblasts	3.0186	0.3742
SDHAF1	LP|Inflammatory Fibroblasts	1.6232	0.4150
SDK1	LP|Inflammatory Fibroblasts	4.9738	0.6939
SEC11A	LP|Inflammatory Fibroblasts	1.8881	0.2979
SEC13	LP|Inflammatory Fibroblasts	1.5906	0.3074
SEC14L2	LP|Inflammatory Fibroblasts	2.1537	0.2751
SEC23A	LP|Inflammatory Fibroblasts	2.2240	0.4907
SEC31A	LP|Inflammatory Fibroblasts	1.8438	0.4655
SENP5	LP|Inflammatory Fibroblasts	1.0990	0.4005
SEP15	LP|Inflammatory Fibroblasts	1.4572	0.3201
SEPT2	LP|Inflammatory Fibroblasts	2.0626	0.2963
SERPINH1	LP|Inflammatory Fibroblasts	4.1144	0.3169
SETD1B	LP|Inflammatory Fibroblasts	1.4006	0.3831
SETD5	LP|Inflammatory Fibroblasts	1.5681	0.2715
SETD7	LP|Inflammatory Fibroblasts	2.2562	0.4156
SEZ6L2	LP|Inflammatory Fibroblasts	4.8589	1.7826
SFRP2	LP|Inflammatory Fibroblasts	6.7182	inf
SFXN5	LP|Inflammatory Fibroblasts	1.6251	0.5782
SGCB	LP|Inflammatory Fibroblasts	4.1303	0.5312
SGIP1	LP|Inflammatory Fibroblasts	5.0859	0.3779
SGMS2	LP|Inflammatory Fibroblasts	2.9046	1.4082
SH3PXD2B	LP|Inflammatory Fibroblasts	3.8642	0.4588
SH3RF3	LP|Inflammatory Fibroblasts	3.5293	0.4469
SKIV2L	LP|Inflammatory Fibroblasts	1.4568	0.5307
SLC11A2	LP|Inflammatory Fibroblasts	1.6763	0.3728
SLC12A4	LP|Inflammatory Fibroblasts	2.6650	0.2881
SLC16A10	LP|Inflammatory Fibroblasts	3.2089	0.7757
SLC16A4	LP|Inflammatory Fibroblasts	4.1185	inf
SLC16A7	LP|Inflammatory Fibroblasts	0.7754	inf
SLC18B1	LP|Inflammatory Fibroblasts	2.5807	0.8302
SLC19A3	LP|Inflammatory Fibroblasts	3.9794	1.9904
SLC1A5	LP|Inflammatory Fibroblasts	1.7876	0.3528
SLC22A4	LP|Inflammatory Fibroblasts	5.2255	3.3800
SLC25A12	LP|Inflammatory Fibroblasts	1.7214	0.2953
SLC25A37	LP|Inflammatory Fibroblasts	2.4762	0.6179
SLC25A43	LP|Inflammatory Fibroblasts	2.4574	0.8379
SLC26A6	LP|Inflammatory Fibroblasts	3.1833	1.7664
SLC29A3	LP|Inflammatory Fibroblasts	2.1043	0.5852
SLC2A10	LP|Inflammatory Fibroblasts	3.9402	0.5787
SLC2A13	LP|Inflammatory Fibroblasts	2.7793	0.8023
SLC2A9	LP|Inflammatory Fibroblasts	2.8253	inf
SLC30A1	LP|Inflammatory Fibroblasts	2.6105	0.8517
SLC35B4	LP|Inflammatory Fibroblasts	1.7264	0.5035
SLC35C1	LP|Inflammatory Fibroblasts	1.6534	0.3873
SLC35C2	LP|Inflammatory Fibroblasts	1.5098	0.5944
SLC35F6	LP|Inflammatory Fibroblasts	2.4077	0.8585
SLC39A1	LP|Inflammatory Fibroblasts	2.7877	0.5632
SLC39A13	LP|Inflammatory Fibroblasts	2.9541	0.3658
SLC39A14	LP|Inflammatory Fibroblasts	3.8826	2.3743
SLC39A6	LP|Inflammatory Fibroblasts	2.7839	0.5978
SLC39A7	LP|Inflammatory Fibroblasts	2.4008	0.9302
SLC52A2	LP|Inflammatory Fibroblasts	1.7320	0.7277
SMCR5	LP|Inflammatory Fibroblasts	1.4658	0.3062
SMKR1	LP|Inflammatory Fibroblasts	2.5097	inf
SMOC1	LP|Inflammatory Fibroblasts	3.4476	0.6529
SMOX	LP|Inflammatory Fibroblasts	3.4586	1.3021
SNAPC1	LP|Inflammatory Fibroblasts	2.0385	0.2666
SNAPC2	LP|Inflammatory Fibroblasts	2.2483	0.5798
SNCAIP	LP|Inflammatory Fibroblasts	5.1089	0.5601
SNED1	LP|Inflammatory Fibroblasts	3.8450	0.6780
SNX33	LP|Inflammatory Fibroblasts	3.0077	0.4419
SNX9	LP|Inflammatory Fibroblasts	2.6347	0.4523
SOD2	LP|Inflammatory Fibroblasts	4.4616	0.6834
SORCS2	LP|Inflammatory Fibroblasts	5.2529	inf
SPA17	LP|Inflammatory Fibroblasts	2.9214	0.2598
SPATA18	LP|Inflammatory Fibroblasts	4.0772	2.5030
SPESP1	LP|Inflammatory Fibroblasts	3.9032	inf
SPON2	LP|Inflammatory Fibroblasts	4.8458	0.7565
SPPL2A	LP|Inflammatory Fibroblasts	2.0163	0.2985
SPPL2B	LP|Inflammatory Fibroblasts	1.6808	0.5144
SPTLC1	LP|Inflammatory Fibroblasts	1.7088	0.5280
SPTSSA	LP|Inflammatory Fibroblasts	2.3389	0.6866
SQRDL	LP|Inflammatory Fibroblasts	2.7712	0.6769
SRGAP1	LP|Inflammatory Fibroblasts	3.3776	0.2978
SRPX2	LP|Inflammatory Fibroblasts	5.5034	1.0972
SRRM3	LP|Inflammatory Fibroblasts	4.3728	0.5874
SSC5D	LP|Inflammatory Fibroblasts	4.1703	0.4038
STAM2	LP|Inflammatory Fibroblasts	1.5855	0.3804
STAMBPL1	LP|Inflammatory Fibroblasts	2.1521	0.6282
STAT2	LP|Inflammatory Fibroblasts	2.2226	0.5551
STAU1	LP|Inflammatory Fibroblasts	1.4816	0.3463
STC1	LP|Inflammatory Fibroblasts	6.2668	0.7686
STEAP1	LP|Inflammatory Fibroblasts	6.1254	2.4705
STEAP2	LP|Inflammatory Fibroblasts	5.7213	2.3544
STEAP3	LP|Inflammatory Fibroblasts	3.9649	2.5105
STK19	LP|Inflammatory Fibroblasts	2.0443	0.3790
STRA6	LP|Inflammatory Fibroblasts	6.7300	inf
STRIP1	LP|Inflammatory Fibroblasts	1.2465	0.3199
STUB1	LP|Inflammatory Fibroblasts	1.2511	0.3023
STX2	LP|Inflammatory Fibroblasts	2.2480	0.4170
STXBP5	LP|Inflammatory Fibroblasts	2.3191	1.5381
SUMF2	LP|Inflammatory Fibroblasts	1.8011	0.4470
SV2A	LP|Inflammatory Fibroblasts	2.9214	inf
SYNGAP1	LP|Inflammatory Fibroblasts	2.1356	0.5405
TAF6	LP|Inflammatory Fibroblasts	1.8118	0.2842
TAF6L	LP|Inflammatory Fibroblasts	1.5511	0.5757
TANC2	LP|Inflammatory Fibroblasts	1.9992	1.6553
TBC1D16	LP|Inflammatory Fibroblasts	3.6551	0.6702
TBC1D17	LP|Inflammatory Fibroblasts	1.5407	0.3321
TBC1D23	LP|Inflammatory Fibroblasts	1.5461	0.4279
TBL2	LP|Inflammatory Fibroblasts	1.6524	0.4545
TDO2	LP|Inflammatory Fibroblasts	5.2877	0.4619
TECPR2	LP|Inflammatory Fibroblasts	1.9748	0.3223
TENM4	LP|Inflammatory Fibroblasts	5.6362	inf
TEX2	LP|Inflammatory Fibroblasts	1.6932	0.7674
TEX29	LP|Inflammatory Fibroblasts	5.2343	inf
TFAP2C	LP|Inflammatory Fibroblasts	5.6508	inf
TFPI2	LP|Inflammatory Fibroblasts	5.7913	1.4737
TGFB3	LP|Inflammatory Fibroblasts	4.7118	inf
TGFBI	LP|Inflammatory Fibroblasts	4.8914	1.3978
THBS2	LP|Inflammatory Fibroblasts	6.6507	3.1885
TIMM13	LP|Inflammatory Fibroblasts	2.3870	0.6755
TIMP1	LP|Inflammatory Fibroblasts	4.6614	1.0796
TLCD1	LP|Inflammatory Fibroblasts	2.8990	1.5394
TM9SF2	LP|Inflammatory Fibroblasts	1.5266	0.3001
TMCO3	LP|Inflammatory Fibroblasts	2.5053	0.3213
TMED1	LP|Inflammatory Fibroblasts	2.7865	0.4054
TMED3	LP|Inflammatory Fibroblasts	2.4558	0.4368
TMED7	LP|Inflammatory Fibroblasts	1.4784	0.5076
TMEM115	LP|Inflammatory Fibroblasts	2.2449	0.6088
TMEM126B	LP|Inflammatory Fibroblasts	1.6481	0.2969
TMEM132A	LP|Inflammatory Fibroblasts	6.1412	4.1843
TMEM161A	LP|Inflammatory Fibroblasts	2.3196	0.5814
TMEM165	LP|Inflammatory Fibroblasts	1.8947	0.5489
TMEM177	LP|Inflammatory Fibroblasts	1.9445	0.8809
TMEM185A	LP|Inflammatory Fibroblasts	1.7819	0.2895
TMEM200C	LP|Inflammatory Fibroblasts	5.2067	inf
TMEM234	LP|Inflammatory Fibroblasts	2.2012	0.5501
TMEM237	LP|Inflammatory Fibroblasts	3.1149	0.2869
TMEM41B	LP|Inflammatory Fibroblasts	1.1225	0.2589
TMEM45A	LP|Inflammatory Fibroblasts	2.8750	0.5783
TMEM63B	LP|Inflammatory Fibroblasts	2.2700	0.7559
TMEM65	LP|Inflammatory Fibroblasts	1.9529	0.4512
TMEM87B	LP|Inflammatory Fibroblasts	1.9462	0.4766
TMOD1	LP|Inflammatory Fibroblasts	3.7070	1.1612
TMX2	LP|Inflammatory Fibroblasts	1.6816	0.2770
TNC	LP|Inflammatory Fibroblasts	5.9817	1.9621
TNFRSF11B	LP|Inflammatory Fibroblasts	8.0129	3.4465
TNFRSF12A	LP|Inflammatory Fibroblasts	4.7084	1.1467
TNFSF15	LP|Inflammatory Fibroblasts	2.9284	0.2837
TOM1	LP|Inflammatory Fibroblasts	2.2282	0.4223
TOM1L1	LP|Inflammatory Fibroblasts	3.8119	2.7558
TPBG	LP|Inflammatory Fibroblasts	4.4100	0.5357
TPCN2	LP|Inflammatory Fibroblasts	1.5094	0.7086
TPGS1	LP|Inflammatory Fibroblasts	2.0446	0.9931
TPM4	LP|Inflammatory Fibroblasts	2.4648	0.4690
TPST1	LP|Inflammatory Fibroblasts	4.4442	0.3969
TRABD2B	LP|Inflammatory Fibroblasts	4.9488	inf
TRAF7	LP|Inflammatory Fibroblasts	2.0168	0.3510
TRAFD1	LP|Inflammatory Fibroblasts	2.3385	0.4041
TRAPPC6B	LP|Inflammatory Fibroblasts	1.0691	0.3050
TRIM3	LP|Inflammatory Fibroblasts	2.5380	0.2789
TRIM61	LP|Inflammatory Fibroblasts	2.0003	1.2693
TRIM9	LP|Inflammatory Fibroblasts	5.6727	inf
TRIP6	LP|Inflammatory Fibroblasts	3.2551	0.2862
TRPC4AP	LP|Inflammatory Fibroblasts	1.5244	0.3745
TRPV4	LP|Inflammatory Fibroblasts	4.4802	inf
TRUB2	LP|Inflammatory Fibroblasts	2.0144	0.4886
TSKU	LP|Inflammatory Fibroblasts	4.3930	0.7083
TSPAN2	LP|Inflammatory Fibroblasts	4.2411	0.7356
TST	LP|Inflammatory Fibroblasts	2.6115	0.3877
TTC8	LP|Inflammatory Fibroblasts	3.2435	0.8818
TTLL4	LP|Inflammatory Fibroblasts	2.1909	0.6973
TUSC1	LP|Inflammatory Fibroblasts	3.8119	1.0277
TUSC3	LP|Inflammatory Fibroblasts	4.1999	0.3467
TWF1	LP|Inflammatory Fibroblasts	1.9900	0.5872
TWIST1	LP|Inflammatory Fibroblasts	6.5090	inf
TWIST2	LP|Inflammatory Fibroblasts	6.9744	inf
TXLNA	LP|Inflammatory Fibroblasts	1.6444	0.3091
UBD	LP|Inflammatory Fibroblasts	5.7519	1.1626
UBFD1	LP|Inflammatory Fibroblasts	2.0934	0.7304
UBR3	LP|Inflammatory Fibroblasts	1.2280	0.2678
UBTD2	LP|Inflammatory Fibroblasts	2.8190	0.6806
UBXN4	LP|Inflammatory Fibroblasts	1.3159	0.2931
UBXN6	LP|Inflammatory Fibroblasts	1.7996	0.7004
UGDH	LP|Inflammatory Fibroblasts	2.1053	0.6116
ULK1	LP|Inflammatory Fibroblasts	1.8124	0.2611
UNKL	LP|Inflammatory Fibroblasts	1.1100	0.3662
USP31	LP|Inflammatory Fibroblasts	2.9492	1.5263
UST	LP|Inflammatory Fibroblasts	2.2859	inf
UTP11L	LP|Inflammatory Fibroblasts	1.9840	0.3036
VASN	LP|Inflammatory Fibroblasts	4.3987	0.4948
VGLL3	LP|Inflammatory Fibroblasts	5.0351	inf
VKORC1L1	LP|Inflammatory Fibroblasts	1.4690	0.2670
VPS16	LP|Inflammatory Fibroblasts	1.9947	0.4983
VPS18	LP|Inflammatory Fibroblasts	1.9677	1.2187
VPS25	LP|Inflammatory Fibroblasts	2.0839	0.4208
VPS37A	LP|Inflammatory Fibroblasts	1.5297	0.2898
VPS9D1	LP|Inflammatory Fibroblasts	1.8242	0.6943
WASL	LP|Inflammatory Fibroblasts	2.8765	0.2939
WBP5	LP|Inflammatory Fibroblasts	4.1697	0.9073
WDR24	LP|Inflammatory Fibroblasts	1.3322	0.3878
WDR25	LP|Inflammatory Fibroblasts	1.8031	0.4815
WDR35	LP|Inflammatory Fibroblasts	2.3576	inf
WDR45	LP|Inflammatory Fibroblasts	1.8869	0.7156
WDR46	LP|Inflammatory Fibroblasts	1.7948	0.4556
WDR75	LP|Inflammatory Fibroblasts	1.7557	0.3591
WDR91	LP|Inflammatory Fibroblasts	1.5203	0.5881
WDYHV1	LP|Inflammatory Fibroblasts	1.8077	0.3283
WISP1	LP|Inflammatory Fibroblasts	7.2566	inf
WNT2	LP|Inflammatory Fibroblasts	8.3026	inf
WNT5A	LP|Inflammatory Fibroblasts	5.8031	1.5650
WNT5A-AS1	LP|Inflammatory Fibroblasts	5.3917	inf
WTAP	LP|Inflammatory Fibroblasts	1.8999	0.5246
XPNPEP1	LP|Inflammatory Fibroblasts	2.2575	0.4826
XYLT2	LP|Inflammatory Fibroblasts	2.6901	1.1619
YAP1	LP|Inflammatory Fibroblasts	4.2539	0.7016
YIF1A	LP|Inflammatory Fibroblasts	2.0206	0.6731
YIPF3	LP|Inflammatory Fibroblasts	2.0090	0.3088
Z83851.1	LP|Inflammatory Fibroblasts	3.9327	0.7853
ZBTB21	LP|Inflammatory Fibroblasts	1.2898	0.2966
ZC3H14	LP|Inflammatory Fibroblasts	1.7005	0.2552
ZCCHC14	LP|Inflammatory Fibroblasts	3.3679	0.7316
ZCCHC17	LP|Inflammatory Fibroblasts	2.3963	0.5681
ZDHHC16	LP|Inflammatory Fibroblasts	1.8038	0.5188
ZDHHC9	LP|Inflammatory Fibroblasts	2.7875	0.5507
ZFYVE1	LP|Inflammatory Fibroblasts	2.1669	0.3816
ZFYVE20	LP|Inflammatory Fibroblasts	1.3985	0.2907
ZNF174	LP|Inflammatory Fibroblasts	1.4659	0.6537
ZNF197	LP|Inflammatory Fibroblasts	1.7932	0.2714
ZNF219	LP|Inflammatory Fibroblasts	2.0119	0.8603
ZNF295-AS1	LP|Inflammatory Fibroblasts	5.7901	inf
ZNF438	LP|Inflammatory Fibroblasts	1.8660	0.9625
ZNF446	LP|Inflammatory Fibroblasts	2.0338	1.0533
ZNF469	LP|Inflammatory Fibroblasts	3.8361	inf
ZNF503-AS2	LP|Inflammatory Fibroblasts	4.2066	inf
ZNF526	LP|Inflammatory Fibroblasts	1.3356	0.3012
ZNF557	LP|Inflammatory Fibroblasts	1.2272	inf
ZNF579	LP|Inflammatory Fibroblasts	2.4173	0.6432
ZNF584	LP|Inflammatory Fibroblasts	2.1491	0.5470
ZNF629	LP|Inflammatory Fibroblasts	2.9438	1.4876
ZNF703	LP|Inflammatory Fibroblasts	3.0758	0.4797
ZNF747	LP|Inflammatory Fibroblasts	1.2616	0.4614
ZNF761	LP|Inflammatory Fibroblasts	1.4372	0.3261
ZNF771	LP|Inflammatory Fibroblasts	2.1464	0.3867
ZRANB1	LP|Inflammatory Fibroblasts	1.9206	0.6520
ZSCAN29	LP|Inflammatory Fibroblasts	1.6358	0.9918
ZSCAN30	LP|Inflammatory Fibroblasts	2.1073	1.1091
ACSL1	LP|Inflammatory Monocytes	3.6218	0.7987
AGFG1	LP|Inflammatory Monocytes	1.9989	0.6159
AGO4	LP|Inflammatory Monocytes	2.5986	0.4121
AGTPBP1	LP|Inflammatory Monocytes	2.8932	1.0911
ANKRD22	LP|Inflammatory Monocytes	4.4007	0.8862
APOBEC3A	LP|Inflammatory Monocytes	5.4463	1.4342
AQP9	LP|Inflammatory Monocytes	5.7629	0.8453
ARHGEF40	LP|Inflammatory Monocytes	3.2094	0.9228
ASGR1	LP|Inflammatory Monocytes	4.7732	0.2997
B4GALT5	LP|Inflammatory Monocytes	2.4898	0.4700
BCL2A1	LP|Inflammatory Monocytes	3.2436	0.2680
BST1	LP|Inflammatory Monocytes	3.7265	0.7108
C14orf2	LP|Inflammatory Monocytes	1.9196	0.4844
C15orf39	LP|Inflammatory Monocytes	2.4654	0.7882
C19orf38	LP|Inflammatory Monocytes	2.6045	0.6123
C9orf72	LP|Inflammatory Monocytes	3.2092	0.6285
CCNY	LP|Inflammatory Monocytes	2.2782	0.2907
CCR2	LP|Inflammatory Monocytes	2.9936	0.6191
CD300E	LP|Inflammatory Monocytes	5.5773	0.6159
CDA	LP|Inflammatory Monocytes	4.8223	0.4895
CDC42	LP|Inflammatory Monocytes	1.8352	0.3650
CLEC4E	LP|Inflammatory Monocytes	5.4630	0.3493
CTSS	LP|Inflammatory Monocytes	4.2436	0.5046
DAZAP2	LP|Inflammatory Monocytes	1.6090	0.5740
DDX60L	LP|Inflammatory Monocytes	2.6232	0.5574
DPYD	LP|Inflammatory Monocytes	2.7671	0.2967
DUSP1	LP|Inflammatory Monocytes	2.2781	0.3278
EAF1	LP|Inflammatory Monocytes	2.3122	0.6635
EMR2	LP|Inflammatory Monocytes	3.8689	0.3347
EREG	LP|Inflammatory Monocytes	5.5268	1.4533
FAM45A	LP|Inflammatory Monocytes	2.0803	0.6746
FBXL5	LP|Inflammatory Monocytes	1.6943	0.2800
FCN1	LP|Inflammatory Monocytes	6.6720	1.2745
FGD4	LP|Inflammatory Monocytes	2.7208	0.3699
FGR	LP|Inflammatory Monocytes	4.4868	0.2556
FPR1	LP|Inflammatory Monocytes	5.7928	1.4454
FPR2	LP|Inflammatory Monocytes	6.0737	1.4026
GCA	LP|Inflammatory Monocytes	3.3835	0.5533
GPCPD1	LP|Inflammatory Monocytes	2.2494	0.7572
HK2	LP|Inflammatory Monocytes	3.1143	0.3955
IL17RA	LP|Inflammatory Monocytes	2.4199	0.3404
IL1RN	LP|Inflammatory Monocytes	5.3690	1.2183
IQGAP1	LP|Inflammatory Monocytes	2.1308	0.2536
IRAK3	LP|Inflammatory Monocytes	3.6228	0.4269
KYNU	LP|Inflammatory Monocytes	4.0267	0.4053
LFNG	LP|Inflammatory Monocytes	2.6754	0.7299
LILRA2	LP|Inflammatory Monocytes	4.7651	0.4601
LILRA3	LP|Inflammatory Monocytes	5.5609	0.5881
LILRA5	LP|Inflammatory Monocytes	5.4583	0.7168
LILRB3	LP|Inflammatory Monocytes	4.2113	0.5667
LINC00936	LP|Inflammatory Monocytes	2.6331	0.5860
LRRK2	LP|Inflammatory Monocytes	3.6252	0.4692
LYST	LP|Inflammatory Monocytes	2.6159	0.4728
MAP3K1	LP|Inflammatory Monocytes	2.1890	0.4897
MTMR11	LP|Inflammatory Monocytes	3.8220	0.8379
NAMPT	LP|Inflammatory Monocytes	3.4136	0.4745
NCF2	LP|Inflammatory Monocytes	4.7014	0.2820
NLRP3	LP|Inflammatory Monocytes	4.4037	0.7366
NRG1	LP|Inflammatory Monocytes	4.1551	0.3171
NRGN	LP|Inflammatory Monocytes	3.9025	0.4123
NUMB	LP|Inflammatory Monocytes	2.2931	1.0128
NUP214	LP|Inflammatory Monocytes	4.0047	0.7167
OLR1	LP|Inflammatory Monocytes	5.1103	0.6436
RAB3D	LP|Inflammatory Monocytes	2.5764	0.7851
RASSF3	LP|Inflammatory Monocytes	2.0363	0.3738
RNVU1-19	LP|Inflammatory Monocytes	3.7011	0.3080
RP11-386I14.4	LP|Inflammatory Monocytes	3.1459	0.4414
RP11-701P16.5	LP|Inflammatory Monocytes	5.0227	inf
RXRA	LP|Inflammatory Monocytes	2.9980	0.3503
S100A11	LP|Inflammatory Monocytes	3.3890	0.3984
S100A4	LP|Inflammatory Monocytes	3.7355	0.3146
S100A8	LP|Inflammatory Monocytes	7.8084	1.5658
S100A9	LP|Inflammatory Monocytes	7.9563	1.4957
SERPINA1	LP|Inflammatory Monocytes	5.7466	0.9049
SLC11A1	LP|Inflammatory Monocytes	4.7005	0.5845
SNORD3D	LP|Inflammatory Monocytes	2.6128	0.3847
STK38	LP|Inflammatory Monocytes	1.7281	0.4189
STXBP2	LP|Inflammatory Monocytes	4.0045	1.3325
TCIRG1	LP|Inflammatory Monocytes	2.0334	0.3442
TKT	LP|Inflammatory Monocytes	2.8954	0.3021
TNFSF13B	LP|Inflammatory Monocytes	3.7916	0.2760
TREM1	LP|Inflammatory Monocytes	5.3219	1.3567
TSPO	LP|Inflammatory Monocytes	2.8065	0.5558
TYMP	LP|Inflammatory Monocytes	3.2012	0.3659
UBE2R2	LP|Inflammatory Monocytes	2.0031	0.3823
UBXN11	LP|Inflammatory Monocytes	2.4729	0.6878
USP3	LP|Inflammatory Monocytes	1.6409	0.4952
VCAN	LP|Inflammatory Monocytes	4.2255	0.3473
ZDHHC1	LP|Inflammatory Monocytes	3.2656	0.7726
MT-CO1	LP|MT-hi	1.8151	0.5221
MT-CO2	LP|MT-hi	1.3468	0.4055
MT-CO3	LP|MT-hi	1.6108	0.5737
MT-CYB	LP|MT-hi	1.8284	0.8423
MT-ND1	LP|MT-hi	1.5611	0.3111
MT-ND2	LP|MT-hi	1.1213	0.2627
MT-ND4	LP|MT-hi	1.3096	0.5318
ABCA1	LP|Macrophages	2.8385	0.7451
ABCA7	LP|Macrophages	1.7954	0.4046
ACOT11	LP|Macrophages	2.4539	1.4358
ADAP2	LP|Macrophages	4.5307	0.3009
ADORA3	LP|Macrophages	5.8737	0.8556
AIF1	LP|Macrophages	6.6639	0.9585
ATP6V0D2	LP|Macrophages	6.9100	2.6190
ATP6V1A	LP|Macrophages	2.4870	0.4246
AURKC	LP|Macrophages	3.4989	inf
C16orf70	LP|Macrophages	1.4126	0.3925
C5AR1	LP|Macrophages	5.2789	0.4067
CCDC170	LP|Macrophages	3.7170	0.5893
CCL18	LP|Macrophages	5.6368	inf
CCR1	LP|Macrophages	4.3007	0.6398
CD14	LP|Macrophages	5.5022	0.7295
CD163	LP|Macrophages	6.5205	2.4803
CD163L1	LP|Macrophages	6.2386	1.7034
CD209	LP|Macrophages	6.4973	2.3900
CD68	LP|Macrophages	4.9387	0.2729
CEBPA	LP|Macrophages	3.8753	0.7286
CLEC12A	LP|Macrophages	4.9514	0.3268
CLEC4G	LP|Macrophages	4.4884	0.8087
CLEC7A	LP|Macrophages	4.9920	0.7411
CMKLR1	LP|Macrophages	4.7841	0.9651
CREB5	LP|Macrophages	4.0432	0.2880
CRHBP	LP|Macrophages	6.3060	2.0119
CSF1R	LP|Macrophages	5.5311	1.0611
CTD-2337J16.1	LP|Macrophages	6.6750	inf
CYBB	LP|Macrophages	4.7521	0.6865
CYFIP1	LP|Macrophages	3.2141	0.2674
DAPK1	LP|Macrophages	4.4711	1.0868
DLEU7	LP|Macrophages	4.7621	inf
DMXL2	LP|Macrophages	4.4318	0.7318
DSC2	LP|Macrophages	3.9461	1.0411
EFCAB2	LP|Macrophages	1.6188	0.4851
EPB41L3	LP|Macrophages	4.3568	1.1484
EPHB2	LP|Macrophages	3.0136	0.8057
F13A1	LP|Macrophages	6.1674	3.8360
FABP3	LP|Macrophages	6.0659	2.4299
FAM91A1	LP|Macrophages	1.9879	0.2857
FCER1G	LP|Macrophages	5.7913	0.3275
FCGR1A	LP|Macrophages	5.1884	0.5274
FCGR2A	LP|Macrophages	4.9057	0.8204
FLVCR2	LP|Macrophages	3.7300	0.3055
FMN1	LP|Macrophages	3.3196	2.2707
FOLR2	LP|Macrophages	4.9155	0.9966
FPR3	LP|Macrophages	5.8810	2.2584
FTL	LP|Macrophages	3.4820	0.3223
FUCA1	LP|Macrophages	4.7131	0.2604
GAB2	LP|Macrophages	2.8418	1.0190
GNS	LP|Macrophages	3.1681	0.4788
GPR84	LP|Macrophages	4.3863	inf
GS1-358P8.4	LP|Macrophages	1.8622	0.7046
GSDMA	LP|Macrophages	5.6995	inf
HEATR3	LP|Macrophages	2.1952	0.3166
HK3	LP|Macrophages	5.4581	inf
HMOX1	LP|Macrophages	4.7667	1.6674
IGSF21	LP|Macrophages	6.3477	inf
IL18BP	LP|Macrophages	3.5168	0.3601
IL1RAP	LP|Macrophages	2.6547	inf
IL8	LP|Macrophages	5.1614	0.5088
KCNE3	LP|Macrophages	4.1712	0.5505
KCNMA1	LP|Macrophages	4.4195	0.8402
LACC1	LP|Macrophages	4.5083	0.4871
LILRB2	LP|Macrophages	5.0629	0.2697
LILRB5	LP|Macrophages	6.7913	2.3746
LINC00937	LP|Macrophages	2.0401	1.3941
LINC00984	LP|Macrophages	2.8438	0.6245
LIPA	LP|Macrophages	3.9976	0.4558
LIPE-AS1	LP|Macrophages	1.9648	0.6701
LRRC25	LP|Macrophages	5.0098	0.8895
LY96	LP|Macrophages	1.9241	0.3489
LYZ	LP|Macrophages	7.7283	0.7929
MAFB	LP|Macrophages	3.8962	0.7463
ME1	LP|Macrophages	3.7021	1.1404
MERTK	LP|Macrophages	4.7339	1.6119
MMP12	LP|Macrophages	6.1354	1.3610
MMP25	LP|Macrophages	3.9737	inf
MMP9	LP|Macrophages	4.9679	1.0546
MOSPD2	LP|Macrophages	1.9708	0.5665
MPEG1	LP|Macrophages	5.1483	0.4926
MRC1L1	LP|Macrophages	5.6163	1.5499
MS4A4A	LP|Macrophages	6.2748	0.8592
MS4A6A	LP|Macrophages	6.2135	0.3908
MS4A7	LP|Macrophages	5.7876	1.0352
MSR1	LP|Macrophages	6.6808	3.3329
MT-TP	LP|Macrophages	3.3347	2.6398
MT1H	LP|Macrophages	3.9673	0.6374
NAIP	LP|Macrophages	3.9703	0.6232
NLRC4	LP|Macrophages	4.8409	inf
NPL	LP|Macrophages	4.6030	0.8889
OSCAR	LP|Macrophages	4.8251	0.3426
OTOA	LP|Macrophages	6.4217	2.5185
PDCD1LG2	LP|Macrophages	2.0849	inf
PDE1B	LP|Macrophages	2.1437	inf
PFKFB2	LP|Macrophages	2.3529	1.1595
PKD2L1	LP|Macrophages	5.9474	0.4323
PLA2G7	LP|Macrophages	5.9848	1.1927
PLXNC1	LP|Macrophages	2.8118	0.5031
PRAM1	LP|Macrophages	4.7033	0.5370
RAB42	LP|Macrophages	4.7172	0.3276
RAP2B	LP|Macrophages	2.5021	0.3157
RBM47	LP|Macrophages	3.0066	0.7323
REPS2	LP|Macrophages	2.3446	0.7083
RGL1	LP|Macrophages	3.7437	1.1253
RGS18	LP|Macrophages	4.4499	0.6594
RN7SL138P	LP|Macrophages	5.1657	inf
RNASE2	LP|Macrophages	5.0610	0.5390
RNU4-2	LP|Macrophages	2.9134	inf
RNVU1-13	LP|Macrophages	3.5639	0.3133
RP11-1143G9.4	LP|Macrophages	5.1641	0.9378
RP11-11N9.4	LP|Macrophages	3.0023	0.3063
RP11-145M9.4	LP|Macrophages	3.0557	0.6644
RP11-340F14.5	LP|Macrophages	3.5503	inf
RP11-390P2.4	LP|Macrophages	3.2817	0.3454
RP11-443B7.1	LP|Macrophages	2.9588	1.6147
RP11-452H21.4	LP|Macrophages	3.4460	inf
RP11-472N13.3	LP|Macrophages	4.6810	0.4711
RP11-63P12.6	LP|Macrophages	2.8533	0.2512
RP11-67L2.2	LP|Macrophages	2.6720	inf
RP11-792D21.2	LP|Macrophages	4.4153	inf
RP11-838N2.4	LP|Macrophages	5.0078	3.1992
RP3-522D1.1	LP|Macrophages	5.8196	0.9984
SDS	LP|Macrophages	5.7927	0.5982
SGTB	LP|Macrophages	1.4709	inf
SIGLEC1	LP|Macrophages	6.4015	2.6610
SLC12A5	LP|Macrophages	4.3527	0.9416
SLC1A3	LP|Macrophages	4.9317	inf
SLC22A18AS	LP|Macrophages	4.1899	1.2149
SLC36A1	LP|Macrophages	3.6940	1.7085
SLC37A2	LP|Macrophages	4.9700	0.8279
SLC40A1	LP|Macrophages	4.8144	1.0132
SLC45A4	LP|Macrophages	2.8118	0.9853
SLC7A8	LP|Macrophages	5.2917	1.6604
SLC9A6	LP|Macrophages	1.5145	0.5215
SLCO2B1	LP|Macrophages	4.7665	1.1131
SNORD3A	LP|Macrophages	2.2744	1.9627
SNORD3B-1	LP|Macrophages	2.3963	inf
SNORD3B-2	LP|Macrophages	2.0796	0.7140
STAB1	LP|Macrophages	5.7687	1.1287
STON2	LP|Macrophages	4.2018	3.2193
SUCNR1	LP|Macrophages	5.5550	inf
TEP1	LP|Macrophages	1.7001	0.5828
TET3	LP|Macrophages	2.9914	0.3733
TFEC	LP|Macrophages	4.0764	0.9511
TFRC	LP|Macrophages	2.2863	0.3758
TLR2	LP|Macrophages	5.0150	0.8790
TLR4	LP|Macrophages	4.5812	0.8062
TLR5	LP|Macrophages	3.4430	inf
TLR6	LP|Macrophages	1.9065	inf
TLR7	LP|Macrophages	2.5074	0.4969
TLR8	LP|Macrophages	5.5135	1.4884
TMEM144	LP|Macrophages	3.6682	2.2503
TMEM170B	LP|Macrophages	4.4323	0.4936
TMEM26	LP|Macrophages	3.8478	inf
TNFRSF21	LP|Macrophages	3.7806	0.4721
TREM2	LP|Macrophages	6.6715	2.1329
TTYH3	LP|Macrophages	4.2922	0.2505
TYROBP	LP|Macrophages	6.7160	0.5058
UHRF1BP1	LP|Macrophages	2.5437	1.3875
WBSCR27	LP|Macrophages	3.0021	1.5735
WDFY3	LP|Macrophages	2.7677	0.2714
WDR7	LP|Macrophages	1.4758	0.4844
WWP1	LP|Macrophages	2.2381	0.4197
ZFYVE26	LP|Macrophages	1.8903	1.0727
ZG16B	LP|Macrophages	2.5270	0.2897
ZGLP1	LP|Macrophages	3.9310	1.2546
ZNF185	LP|Macrophages	3.5407	2.3003
ZNRF2	LP|Macrophages	2.0895	0.6108
AAMDC	LP|Microvascular	3.2442	0.3542
ABCG1	LP|Microvascular	4.0069	0.5973
ABI3	LP|Microvascular	3.6565	0.6133
ABTB1	LP|Microvascular	1.7998	0.4111
AC018737.1	LP|Microvascular	1.8065	0.4036
AC018816.3	LP|Microvascular	3.1921	0.7852
AC124789.1	LP|Microvascular	4.5347	0.7339
ACE	LP|Microvascular	5.6443	1.2486
ACTN4	LP|Microvascular	3.7954	0.8777
ACTR1B	LP|Microvascular	2.2131	0.6644
ACVRL1	LP|Microvascular	5.2565	0.8162
AGAP3	LP|Microvascular	2.9786	0.6988
AGRN	LP|Microvascular	4.0578	0.5270
ANKRD46	LP|Microvascular	2.2889	0.8003
ANKRD65	LP|Microvascular	5.1342	0.7707
ANXA2R	LP|Microvascular	2.1824	0.3480
APLN	LP|Microvascular	6.9774	0.8455
APOLD1	LP|Microvascular	3.2527	0.3648
APP	LP|Microvascular	4.9278	1.0110
ARF1	LP|Microvascular	1.5957	0.4728
ARHGAP18	LP|Microvascular	3.5069	0.8204
ARHGAP29	LP|Microvascular	6.2571	0.3579
ARHGEF10	LP|Microvascular	3.8383	0.4777
ARHGEF12	LP|Microvascular	3.2686	0.4107
ARL2	LP|Microvascular	3.3696	0.3959
ARRB1	LP|Microvascular	3.1214	0.3833
ATOH8	LP|Microvascular	5.1654	0.7931
ATP11A	LP|Microvascular	3.3235	0.3611
ATP13A2	LP|Microvascular	2.3075	0.3634
ATP6V1E1	LP|Microvascular	2.2445	0.5276
ATXN3	LP|Microvascular	2.8333	0.7654
BAALC	LP|Microvascular	7.0528	1.1055
BAG6	LP|Microvascular	1.8656	0.4353
BBS7	LP|Microvascular	2.4616	0.3452
BCAM	LP|Microvascular	6.6335	0.6481
BCAP29	LP|Microvascular	2.8113	0.4659
BCAP31	LP|Microvascular	2.2873	0.5377
BCL2L2	LP|Microvascular	3.1113	0.7081
BCS1L	LP|Microvascular	2.0599	0.2662
BST2	LP|Microvascular	2.8113	0.8273
BTBD3	LP|Microvascular	3.8141	0.5407
BTD	LP|Microvascular	1.7337	0.5636
BTN2A1	LP|Microvascular	1.7847	0.2845
C11orf95	LP|Microvascular	4.9204	1.6578
C16orf62	LP|Microvascular	2.3216	0.5864
C16orf80	LP|Microvascular	4.3598	1.7156
C17orf59	LP|Microvascular	1.8144	0.8087
C1orf43	LP|Microvascular	1.6801	0.3215
C20orf112	LP|Microvascular	2.6332	0.3930
C20orf194	LP|Microvascular	2.4544	0.3604
C6orf1	LP|Microvascular	1.9679	0.2719
CA4	LP|Microvascular	11.0764	5.9438
CABP1	LP|Microvascular	7.6336	3.0341
CALM1	LP|Microvascular	2.2243	0.3065
CAMTA1	LP|Microvascular	2.3306	0.3359
CARHSP1	LP|Microvascular	3.1976	0.3488
CAV2	LP|Microvascular	5.3783	0.4684
CCDC82	LP|Microvascular	1.8061	0.4009
CCDC85B	LP|Microvascular	3.8589	0.7796
CD320	LP|Microvascular	7.2159	1.2841
CD36	LP|Microvascular	7.6205	2.6461
CD46	LP|Microvascular	2.5625	0.5771
CD99L2	LP|Microvascular	2.2874	0.4707
CDC37	LP|Microvascular	3.4865	0.9938
CDC42EP1	LP|Microvascular	4.4674	0.7253
CDK10	LP|Microvascular	1.9149	0.4314
CDS2	LP|Microvascular	2.5291	0.3791
CETP	LP|Microvascular	5.5665	1.1237
CHMP2A	LP|Microvascular	2.1168	0.3022
CHMP5	LP|Microvascular	2.7790	0.6240
CHST7	LP|Microvascular	2.9581	0.6810
CIT	LP|Microvascular	6.0573	1.4345
CLASP1	LP|Microvascular	2.4114	0.6322
CLEC14A	LP|Microvascular	7.1136	0.4222
CLIC2	LP|Microvascular	4.9007	0.4990
CLSTN1	LP|Microvascular	2.2679	0.2875
CNOT8	LP|Microvascular	1.8861	0.3456
COMMD10	LP|Microvascular	1.6204	0.2785
COMMD2	LP|Microvascular	2.0025	0.6697
COPS8	LP|Microvascular	2.0111	0.2803
COX5B	LP|Microvascular	1.6603	0.3504
COX7A1	LP|Microvascular	4.0940	0.2943
CPNE2	LP|Microvascular	4.2006	0.4124
CRELD1	LP|Microvascular	2.5455	0.7922
CRIP2	LP|Microvascular	6.4961	0.4848
CTC-241F20.3	LP|Microvascular	2.7637	0.5984
CTD-2267D19.2	LP|Microvascular	4.0332	0.8195
CYB561	LP|Microvascular	2.4743	0.6145
CYB5A	LP|Microvascular	3.7601	0.5622
CYB5D2	LP|Microvascular	2.9450	0.7420
CYP46A1	LP|Microvascular	3.0942	inf
CYSLTR1	LP|Microvascular	2.1732	0.2945
CYSTM1	LP|Microvascular	3.2905	0.6671
DAB2IP	LP|Microvascular	3.9514	0.2647
DAGLB	LP|Microvascular	3.0105	1.0226
DCAF5	LP|Microvascular	1.4389	0.4388
DCTN6	LP|Microvascular	1.8979	0.3271
DFFA	LP|Microvascular	2.7659	0.4492
DGCR6	LP|Microvascular	2.0441	0.4687
DGKD	LP|Microvascular	1.9786	0.7350
DGKE	LP|Microvascular	3.5479	0.7842
DGKH	LP|Microvascular	3.2371	0.4563
DHRS7B	LP|Microvascular	2.7849	0.4869
DLL4	LP|Microvascular	5.6094	0.6311
DNAJC12	LP|Microvascular	3.8980	0.4774
DOCK6	LP|Microvascular	4.9914	0.6574
DTD1	LP|Microvascular	1.9910	0.3643
DUSP6	LP|Microvascular	3.6737	0.5097
DYSF	LP|Microvascular	5.7993	0.7423
ECH1	LP|Microvascular	1.7711	0.4001
EFCAB4A	LP|Microvascular	3.2349	0.6122
EFNA1	LP|Microvascular	6.4201	0.5124
EGLN3	LP|Microvascular	5.8039	2.1658
EHD4	LP|Microvascular	4.4810	1.3620
ELMO1	LP|Microvascular	2.3275	0.2976
ELTD1	LP|Microvascular	7.1358	0.4781
EMCN	LP|Microvascular	6.8912	0.6499
ENG	LP|Microvascular	6.3493	0.9722
ENPP4	LP|Microvascular	3.0736	0.4285
ESAM	LP|Microvascular	7.5275	0.7919
ETS1	LP|Microvascular	2.6945	0.5206
EXOC3L1	LP|Microvascular	6.0126	0.7780
EXOC3L2	LP|Microvascular	7.4566	1.8814
F2RL3	LP|Microvascular	6.9546	2.9519
FABP5	LP|Microvascular	8.1201	2.9675
FAHD2A	LP|Microvascular	1.6169	0.2853
FAM101B	LP|Microvascular	3.5365	1.0248
FAM132A	LP|Microvascular	5.7163	0.5524
FAM174A	LP|Microvascular	2.3365	0.8695
FAM177A1	LP|Microvascular	1.9294	0.4624
FAM213A	LP|Microvascular	5.3245	0.4407
FAM43A	LP|Microvascular	3.1995	0.3141
FAM96B	LP|Microvascular	1.5765	0.3575
FANCL	LP|Microvascular	2.7824	0.3667
FBXO8	LP|Microvascular	1.8859	0.5017
FCHO2	LP|Microvascular	3.6995	0.7922
FHOD1	LP|Microvascular	2.3710	0.4165
FKBP1A	LP|Microvascular	4.2564	0.2723
FLT1	LP|Microvascular	7.5421	1.0049
FLYWCH2	LP|Microvascular	2.6005	0.5693
FMNL2	LP|Microvascular	3.5452	0.5884
FMNL3	LP|Microvascular	2.7349	0.8320
FRG1B	LP|Microvascular	1.6660	0.6991
FRMD8	LP|Microvascular	2.7406	0.9592
FSCN1	LP|Microvascular	4.6402	1.3809
FUBP3	LP|Microvascular	1.5207	0.5186
FUK	LP|Microvascular	3.9300	0.6764
GABARAPL2	LP|Microvascular	2.7141	0.8451
GALNT18	LP|Microvascular	6.4383	1.2232
GAS2L1	LP|Microvascular	3.5850	0.2800
GAS6	LP|Microvascular	3.5341	1.2282
GCAT	LP|Microvascular	2.9781	0.4988
GFM1	LP|Microvascular	1.7221	0.2996
GHDC	LP|Microvascular	2.0346	0.3124
GIMAP1	LP|Microvascular	3.2332	0.3083
GIMAP6	LP|Microvascular	3.6862	0.3392
GIMAP7	LP|Microvascular	3.8219	0.4813
GLTPD1	LP|Microvascular	1.5425	0.2889
GMPR2	LP|Microvascular	2.0792	0.8304
GNA11	LP|Microvascular	3.6892	0.3112
GNG11	LP|Microvascular	7.0039	0.7368
GOSR2	LP|Microvascular	1.4351	0.3107
GPR4	LP|Microvascular	6.1734	0.3380
GRB10	LP|Microvascular	6.1836	0.9191
GRPEL2	LP|Microvascular	2.5531	0.3274
GSN	LP|Microvascular	6.4230	0.5954
HAGH	LP|Microvascular	1.6311	0.3450
HDAC7	LP|Microvascular	2.9575	0.3617
HIF3A	LP|Microvascular	5.6844	0.5366
HLA-G	LP|Microvascular	2.5029	0.7224
HLX	LP|Microvascular	5.3358	1.4855
HMBOX1	LP|Microvascular	2.1659	0.3140
HMCN2	LP|Microvascular	5.6889	2.5032
HMGCR	LP|Microvascular	2.2433	0.7180
HOXA-AS2	LP|Microvascular	4.3145	0.8063
HOXB5	LP|Microvascular	4.2504	0.8775
HOXB6	LP|Microvascular	5.0447	1.2243
HRAS	LP|Microvascular	2.3533	0.5423
HRCT1	LP|Microvascular	4.7689	0.8001
HSD17B12	LP|Microvascular	2.6698	0.4887
HSF1	LP|Microvascular	1.4968	0.2594
HSPG2	LP|Microvascular	6.5769	1.1520
HTRA1	LP|Microvascular	5.0605	1.0356
IER3IP1	LP|Microvascular	1.7151	0.5000
IER5L	LP|Microvascular	2.2748	0.5970
IFITM1	LP|Microvascular	3.7075	0.8579
IGF2R	LP|Microvascular	2.6117	0.8066
IGFBP4	LP|Microvascular	5.8421	0.5310
IMP3	LP|Microvascular	2.4519	0.9124
INO80C	LP|Microvascular	2.2772	0.2731
INPP5K	LP|Microvascular	2.4292	0.4873
IQSEC1	LP|Microvascular	2.9567	0.9833
IQSEC2	LP|Microvascular	3.0895	0.3910
ITFG1	LP|Microvascular	1.6874	0.3000
ITGA5	LP|Microvascular	4.3117	0.3299
ITGA6	LP|Microvascular	4.4836	0.7933
ITM2B	LP|Microvascular	3.7768	0.8675
ITPKB	LP|Microvascular	2.9450	1.1066
IVNS1ABP	LP|Microvascular	3.3498	1.9401
JAM3	LP|Microvascular	4.9457	1.6318
JUP	LP|Microvascular	5.3411	1.7470
KANK3	LP|Microvascular	6.4842	0.7225
KAT5	LP|Microvascular	1.6538	0.5289
KBTBD4	LP|Microvascular	2.0138	0.8482
KDR	LP|Microvascular	7.7107	0.9226
KHK	LP|Microvascular	2.3128	0.4806
KIAA0195	LP|Microvascular	2.7060	0.8015
KIAA1191	LP|Microvascular	1.4505	0.3526
KIAA1211L	LP|Microvascular	4.9230	0.7078
KIAA1244	LP|Microvascular	4.5377	0.6291
KIAA1671	LP|Microvascular	5.4163	0.8341
KIF19	LP|Microvascular	3.4796	0.4949
KIF5B	LP|Microvascular	1.9074	0.3157
KIFC3	LP|Microvascular	4.6778	1.2171
KLHDC8B	LP|Microvascular	4.7098	1.3873
KLHL20	LP|Microvascular	1.8702	0.3169
KLHL5	LP|Microvascular	2.5899	0.2879
KRBOX4	LP|Microvascular	2.4253	0.2882
LAYN	LP|Microvascular	4.7037	1.1464
LDB2	LP|Microvascular	5.8689	0.3865
LDOC1	LP|Microvascular	3.3787	0.7986
LENG1	LP|Microvascular	1.1612	0.2577
LIMCH1	LP|Microvascular	5.1666	0.6529
LINC00938	LP|Microvascular	1.8922	0.6057
LINC00987	LP|Microvascular	3.4190	0.2625
LIPE	LP|Microvascular	3.4597	1.1878
LNX1	LP|Microvascular	5.4550	1.6373
LRP5	LP|Microvascular	4.6533	1.3072
LRRC57	LP|Microvascular	2.4554	0.6110
LRRC8C	LP|Microvascular	2.8290	0.4616
LXN	LP|Microvascular	4.7096	0.6413
LYRM5	LP|Microvascular	1.5452	0.3921
MAN2C1	LP|Microvascular	2.0507	0.5014
MAP1S	LP|Microvascular	2.9179	0.9344
MAPK3	LP|Microvascular	3.5790	0.6750
MAPKAPK5-AS1	LP|Microvascular	2.7775	1.2842
MCF2L	LP|Microvascular	6.3718	1.1872
ME3	LP|Microvascular	6.8674	2.7661
MEIS2	LP|Microvascular	4.5697	0.7306
MFAP3	LP|Microvascular	3.5844	0.2965
MFNG	LP|Microvascular	2.8094	0.9589
MFSD6	LP|Microvascular	3.7816	0.9483
MGAT1	LP|Microvascular	1.8179	0.3068
MGLL	LP|Microvascular	5.0613	1.0202
MGMT	LP|Microvascular	1.9528	0.2563
MICALL1	LP|Microvascular	3.3406	1.3194
MIER2	LP|Microvascular	4.3368	0.4057
MIR10A	LP|Microvascular	4.5589	3.3947
MLEC	LP|Microvascular	2.6078	0.6329
MLKL	LP|Microvascular	2.4239	0.2812
MOB2	LP|Microvascular	3.0287	0.4709
MPLKIP	LP|Microvascular	1.6483	0.2779
MPZL2	LP|Microvascular	6.0234	0.5877
MSN	LP|Microvascular	3.0157	0.7656
MYBBP1A	LP|Microvascular	3.6341	0.4384
MYL12A	LP|Microvascular	2.7429	0.5790
MYL12B	LP|Microvascular	3.0247	0.8565
MYO1C	LP|Microvascular	3.7239	0.6615
MYO6	LP|Microvascular	3.9940	1.0233
NCBP2-AS2	LP|Microvascular	1.7026	0.3157
NCK1	LP|Microvascular	2.2639	0.3519
NDST1	LP|Microvascular	4.9813	0.7330
NDUFA12	LP|Microvascular	3.0056	1.0903
NDUFA8	LP|Microvascular	2.8626	0.7000
NDUFB4	LP|Microvascular	1.4089	0.3125
NDUFB6	LP|Microvascular	1.7439	0.3429
NDUFC1	LP|Microvascular	2.0564	0.4163
NECAP2	LP|Microvascular	1.9197	0.3335
NES	LP|Microvascular	5.1996	0.4364
NKX2-3	LP|Microvascular	4.7834	0.6681
NLRP1	LP|Microvascular	1.7285	0.3413
NOSTRIN	LP|Microvascular	6.6761	0.2813
NOTCH1	LP|Microvascular	3.1952	0.3303
NPEPL1	LP|Microvascular	2.1237	0.4891
NQO1	LP|Microvascular	6.3539	1.7763
NR1H2	LP|Microvascular	1.6178	0.4554
NRP1	LP|Microvascular	5.1083	0.5368
NRP2	LP|Microvascular	3.9593	0.5194
NUAK1	LP|Microvascular	5.6775	0.3928
NYNRIN	LP|Microvascular	3.8287	0.3182
OSBPL1A	LP|Microvascular	4.2233	0.3269
PASK	LP|Microvascular	5.9211	1.6566
PCDH12	LP|Microvascular	6.7736	1.2047
PCGF2	LP|Microvascular	4.8602	0.9063
PCMTD2	LP|Microvascular	1.8837	0.2755
PDCD6	LP|Microvascular	2.1901	0.6571
PDCL	LP|Microvascular	2.7324	0.9152
PDE1C	LP|Microvascular	5.2826	1.0823
PDE2A	LP|Microvascular	6.1792	0.6672
PDE8A	LP|Microvascular	2.9074	0.6585
PEA15	LP|Microvascular	3.5286	0.9770
PEF1	LP|Microvascular	2.8421	0.4737
PELO	LP|Microvascular	3.7651	0.8454
PGS1	LP|Microvascular	3.3694	1.2003
PIGH	LP|Microvascular	1.5869	0.5527
PIN4	LP|Microvascular	1.6729	0.2697
PINK1	LP|Microvascular	3.1143	1.0991
PITPNC1	LP|Microvascular	2.8483	0.5667
PLCG1	LP|Microvascular	2.9265	0.3214
PLCL2	LP|Microvascular	2.4362	0.4717
PLEKHA1	LP|Microvascular	2.5373	0.4156
PLVAP	LP|Microvascular	10.0324	1.7421
PLXNA2	LP|Microvascular	6.1625	1.1884
PML	LP|Microvascular	2.7154	0.3966
PPAP2A	LP|Microvascular	4.8526	0.4513
PPAP2B	LP|Microvascular	5.4221	0.5882
PPAP2C	LP|Microvascular	3.7205	0.3187
PPFIA3	LP|Microvascular	4.4549	0.3370
PPFIBP1	LP|Microvascular	4.6168	1.1055
PPM1F	LP|Microvascular	3.5828	0.2666
PPP1R11	LP|Microvascular	1.6130	0.3510
PPP1R16B	LP|Microvascular	2.8261	0.7781
PPP1R9B	LP|Microvascular	2.4796	0.6935
PPP2R4	LP|Microvascular	3.0206	0.6998
PRDX1	LP|Microvascular	2.4146	0.4791
PRRC2B	LP|Microvascular	2.0123	0.5141
PRSS23	LP|Microvascular	7.4205	2.4643
PRSS3	LP|Microvascular	4.9401	1.8889
PRX	LP|Microvascular	5.2909	2.5622
PSEN2	LP|Microvascular	2.3424	0.4403
PSMA6	LP|Microvascular	1.7425	0.4698
PSMB5	LP|Microvascular	2.7764	0.2783
PSMC1	LP|Microvascular	2.1252	0.5840
PTPRB	LP|Microvascular	6.5381	0.4209
PTPRG	LP|Microvascular	3.9811	0.2882
PTPRN2	LP|Microvascular	3.3243	0.5875
PVR	LP|Microvascular	3.7106	0.5121
PXN	LP|Microvascular	3.6796	0.4090
RAB5C	LP|Microvascular	2.2425	0.3613
RAB6A	LP|Microvascular	1.6197	0.2994
RABGGTA	LP|Microvascular	1.6114	0.3569
RALA	LP|Microvascular	2.5852	0.6304
RAPGEF2	LP|Microvascular	2.5025	0.3019
RAPGEF4	LP|Microvascular	5.8222	0.7527
RAPGEF5	LP|Microvascular	5.3799	0.3603
RARG	LP|Microvascular	3.9224	1.1954
RASAL2	LP|Microvascular	5.1280	0.3209
RBP5	LP|Microvascular	6.5966	0.8993
RCN2	LP|Microvascular	2.0031	0.2534
RGCC	LP|Microvascular	4.4844	1.6318
RGL2	LP|Microvascular	3.2792	0.4910
RHOBTB1	LP|Microvascular	3.1595	0.2904
RIN1	LP|Microvascular	4.6504	1.4600
RMDN3	LP|Microvascular	2.1869	0.5785
RND1	LP|Microvascular	4.8837	1.1441
RNF181	LP|Microvascular	1.4420	0.2888
ROBO4	LP|Microvascular	6.6469	0.7863
RP11-23P13.7	LP|Microvascular	6.3112	1.1573
RP11-536O18.2	LP|Microvascular	8.0647	2.7598
RPH3AL	LP|Microvascular	4.1651	0.6734
RSU1	LP|Microvascular	2.3629	0.3793
RTN2	LP|Microvascular	3.3710	0.2632
RUVBL1	LP|Microvascular	3.1935	0.4876
RXRB	LP|Microvascular	1.6355	0.3139
SAYSD1	LP|Microvascular	2.1315	0.5397
SCARB1	LP|Microvascular	4.3170	1.2067
SCARF1	LP|Microvascular	5.8493	0.9048
SCP2	LP|Microvascular	1.7972	0.2912
SDCBP2	LP|Microvascular	4.6604	0.9079
SDE2	LP|Microvascular	1.8634	0.3014
SDPR	LP|Microvascular	7.5408	2.2192
SEC14L1	LP|Microvascular	2.8354	0.4784
SEMA3F	LP|Microvascular	6.4591	0.9411
SEPW1	LP|Microvascular	4.2803	0.6008
SERINC3	LP|Microvascular	2.3037	0.3050
SETD3	LP|Microvascular	1.7038	0.2764
SETD4	LP|Microvascular	3.2083	1.5346
SH2D3C	LP|Microvascular	3.6369	0.4433
SH3BGRL2	LP|Microvascular	5.3162	0.4553
SH3BP5	LP|Microvascular	4.2180	0.7904
SHARPIN	LP|Microvascular	1.5066	0.3129
SHC2	LP|Microvascular	5.1796	0.8127
SIN3A	LP|Microvascular	1.5961	0.4527
SIRT2	LP|Microvascular	1.8274	0.5722
SKI	LP|Microvascular	2.4490	0.3855
SLC12A7	LP|Microvascular	3.6847	0.8402
SLC14A1	LP|Microvascular	7.4686	1.2137
SLC25A4	LP|Microvascular	2.5655	0.4718
SLC35A1	LP|Microvascular	1.9529	0.3577
SLC35A5	LP|Microvascular	1.4817	0.4453
SLC35G2	LP|Microvascular	4.4088	0.3849
SLC44A2	LP|Microvascular	3.4306	0.5532
SLC9A3R2	LP|Microvascular	6.6722	0.6882
SLCO2A1	LP|Microvascular	6.8658	0.5091
SLITRK4	LP|Microvascular	2.0115	0.4104
SLU7	LP|Microvascular	1.4292	0.3291
SMAD6	LP|Microvascular	4.4935	0.4583
SMAD7	LP|Microvascular	2.9885	1.1897
SMURF2	LP|Microvascular	2.7626	0.6340
SNAPIN	LP|Microvascular	1.9709	0.3069
SNHG14	LP|Microvascular	1.7546	0.4124
SNRK	LP|Microvascular	3.3492	0.5992
SNX25	LP|Microvascular	3.3518	1.4380
SPARCL1	LP|Microvascular	6.7078	0.3745
SPG7	LP|Microvascular	2.2008	0.9071
SPRY4	LP|Microvascular	4.9090	1.0184
SPRYD3	LP|Microvascular	2.1427	0.8611
SPTBN1	LP|Microvascular	4.7270	0.6257
STARD8	LP|Microvascular	4.9211	0.8434
STAT5B	LP|Microvascular	1.8191	0.2994
STK3	LP|Microvascular	2.5116	0.3523
STRN4	LP|Microvascular	2.9039	0.5876
STT3B	LP|Microvascular	1.6765	0.6906
STXBP1	LP|Microvascular	5.0224	0.7184
SWSAP1	LP|Microvascular	2.0444	0.6985
SYNJ2BP	LP|Microvascular	1.9901	0.3172
TACC1	LP|Microvascular	3.4290	0.7334
TACC2	LP|Microvascular	3.9004	0.5576
TBC1D15	LP|Microvascular	2.5003	0.3016
TBC1D8	LP|Microvascular	4.5335	1.4693
TBCD	LP|Microvascular	4.5183	1.5717
TBXA2R	LP|Microvascular	5.0745	0.9366
TDRP	LP|Microvascular	4.9751	1.5175
TEX264	LP|Microvascular	1.5596	0.2655
THBD	LP|Microvascular	5.1074	0.2543
TM2D1	LP|Microvascular	1.5985	0.3451
TM2D2	LP|Microvascular	3.0260	0.4428
TM4SF18	LP|Microvascular	8.0113	1.2746
TMEM109	LP|Microvascular	2.7349	0.5992
TMEM150A	LP|Microvascular	3.0648	1.1401
TMEM181	LP|Microvascular	2.6485	0.5929
TMEM184B	LP|Microvascular	2.6348	0.6314
TMEM189	LP|Microvascular	2.1775	0.4351
TMEM204	LP|Microvascular	5.6497	1.9314
TMEM223	LP|Microvascular	1.6548	0.2889
TMEM255B	LP|Microvascular	5.6789	0.5562
TMEM39B	LP|Microvascular	2.1851	0.2944
TMEM88	LP|Microvascular	7.5727	0.8953
TMEM91	LP|Microvascular	2.7451	0.6226
TMEM9B	LP|Microvascular	1.4976	0.4394
TNFAIP8L1	LP|Microvascular	3.4589	0.5710
TOR4A	LP|Microvascular	3.0460	1.2363
TP53I11	LP|Microvascular	4.3513	1.6714
TRAF3IP2	LP|Microvascular	2.9853	0.3542
TRAK2	LP|Microvascular	2.2402	0.5107
TRAPPC2P1	LP|Microvascular	1.6439	0.4583
TRAPPC4	LP|Microvascular	2.1235	0.4985
TREX1	LP|Microvascular	2.2224	0.9175
TRIP4	LP|Microvascular	1.6001	0.4112
TRPM4	LP|Microvascular	2.3811	0.4406
TSC22D1	LP|Microvascular	5.1584	0.4159
TSG101	LP|Microvascular	1.8809	0.4395
TSHZ1	LP|Microvascular	2.5949	0.3484
TSPAN12	LP|Microvascular	5.7659	0.6773
TSPAN14	LP|Microvascular	3.2143	0.7630
TSPAN9	LP|Microvascular	4.3668	0.5722
TSR2	LP|Microvascular	1.9424	0.5714
TTC5	LP|Microvascular	2.0383	0.3823
TUBE1	LP|Microvascular	2.1277	0.5482
TUT1	LP|Microvascular	2.1633	0.3497
TXNIP	LP|Microvascular	2.7823	0.2977
UBE2F	LP|Microvascular	2.3192	0.4808
ULBP2	LP|Microvascular	3.8494	1.1841
UNC119B	LP|Microvascular	3.3986	0.5082
UNC5B	LP|Microvascular	3.9149	0.4277
VAMP5	LP|Microvascular	4.4587	0.8138
VAT1	LP|Microvascular	3.8219	0.9630
VPS53	LP|Microvascular	1.3466	0.5142
VWA1	LP|Microvascular	7.4284	2.2009
WBP2	LP|Microvascular	1.7995	0.4291
WDFY1	LP|Microvascular	2.1552	0.3291
WDR20	LP|Microvascular	1.3054	0.3530
WDR60	LP|Microvascular	2.6479	0.5363
WDR61	LP|Microvascular	1.8645	0.2651
WDR86-AS1	LP|Microvascular	3.1103	0.3740
WWTR1	LP|Microvascular	5.1500	1.1949
YES1	LP|Microvascular	3.3469	0.2780
YIPF4	LP|Microvascular	1.4571	0.3761
ZADH2	LP|Microvascular	2.3219	0.5316
ZFPL1	LP|Microvascular	1.7377	0.5087
ZHX3	LP|Microvascular	3.3768	1.2743
ZNF160	LP|Microvascular	1.9403	0.8239
ZNF667-AS1	LP|Microvascular	3.3233	0.3266
ZNF833P	LP|Microvascular	6.4454	1.2695
ZSCAN18	LP|Microvascular	2.1477	0.4240
AARD	LP|Myofibroblasts	4.0217	0.6821
AC007246.3	LP|Myofibroblasts	2.0763	0.4914
AC131025.8	LP|Myofibroblasts	5.8489	1.2088
AC156455.1	LP|Myofibroblasts	4.0872	0.4775
ACTA2	LP|Myofibroblasts	8.9260	2.6629
ACTG2	LP|Myofibroblasts	9.4701	5.5030
ACTN1	LP|Myofibroblasts	4.1268	0.7263
ADAMTS6	LP|Myofibroblasts	4.6463	1.6986
AF131217.1	LP|Myofibroblasts	5.0631	inf
AGL	LP|Myofibroblasts	1.8637	0.3648
AHI1	LP|Myofibroblasts	2.5301	0.5827
AHNAK2	LP|Myofibroblasts	4.6636	0.9066
AKAP1	LP|Myofibroblasts	2.3669	1.0825
ALDH1B1	LP|Myofibroblasts	4.4484	1.3967
AOC3	LP|Myofibroblasts	5.1929	1.0296
APCDD1	LP|Myofibroblasts	5.2720	1.6894
ARHGEF25	LP|Myofibroblasts	4.7942	1.3543
ARMC8	LP|Myofibroblasts	1.9950	0.6846
ARMCX6	LP|Myofibroblasts	1.7701	0.2562
ARSI	LP|Myofibroblasts	4.8130	0.8326
B3GALNT2	LP|Myofibroblasts	2.2051	0.7256
BMPR1A	LP|Myofibroblasts	3.1318	0.4206
BOK	LP|Myofibroblasts	3.8232	0.3067
BZW2	LP|Myofibroblasts	2.1195	0.3383
C3orf70	LP|Myofibroblasts	3.9060	2.7952
CACHD1	LP|Myofibroblasts	4.3054	1.0564
CAP2	LP|Myofibroblasts	6.2564	inf
CCDC107	LP|Myofibroblasts	1.9343	0.5866
CFL2	LP|Myofibroblasts	2.8663	0.8530
CKB	LP|Myofibroblasts	5.0511	2.0321
CMIP	LP|Myofibroblasts	3.0817	0.3268
CNN1	LP|Myofibroblasts	8.1940	3.8608
COL11A1	LP|Myofibroblasts	6.2169	inf
COLCA1	LP|Myofibroblasts	3.4440	1.0027
CORO1C	LP|Myofibroblasts	2.8002	0.4791
CSRP1	LP|Myofibroblasts	4.3886	1.1699
DACT3	LP|Myofibroblasts	4.0352	1.2856
DCLK1	LP|Myofibroblasts	4.6204	0.2745
DCUN1D4	LP|Myofibroblasts	2.1423	0.3162
DES	LP|Myofibroblasts	8.7469	inf
DLG5	LP|Myofibroblasts	3.7347	0.3215
DSTN	LP|Myofibroblasts	3.7710	0.9189
ESF1	LP|Myofibroblasts	1.5382	0.4047
FAM118A	LP|Myofibroblasts	1.7977	0.3910
FAT4	LP|Myofibroblasts	4.8140	1.2178
FBXL22	LP|Myofibroblasts	3.2005	inf
FBXL7	LP|Myofibroblasts	4.2821	0.7649
FBXO30	LP|Myofibroblasts	2.3316	0.8083
FERMT2	LP|Myofibroblasts	4.0612	0.6255
FHL1	LP|Myofibroblasts	5.2867	1.2298
FHL3	LP|Myofibroblasts	3.2987	0.5132
FLNA	LP|Myofibroblasts	4.1931	0.6191
FLNC	LP|Myofibroblasts	4.7419	1.3619
FMO3	LP|Myofibroblasts	4.6402	inf
HHIP	LP|Myofibroblasts	8.1847	4.0851
HHIP-AS1	LP|Myofibroblasts	6.1522	1.2011
HSD17B6	LP|Myofibroblasts	8.4641	inf
ICK	LP|Myofibroblasts	2.1885	0.4648
ILK	LP|Myofibroblasts	3.5354	1.0594
INTU	LP|Myofibroblasts	3.7342	0.8255
IRS1	LP|Myofibroblasts	4.2050	0.6323
KANK1	LP|Myofibroblasts	3.1169	0.9430
KCNH2	LP|Myofibroblasts	5.1772	1.5387
KCNMB1	LP|Myofibroblasts	6.3010	2.3320
KLHL23	LP|Myofibroblasts	4.3148	1.7865
KLHL42	LP|Myofibroblasts	2.8368	0.5766
LMOD1	LP|Myofibroblasts	6.5538	2.7362
LPP	LP|Myofibroblasts	4.7756	1.7515
LRP12	LP|Myofibroblasts	3.0211	0.2895
LRRC17	LP|Myofibroblasts	5.4674	1.6414
LTBP1	LP|Myofibroblasts	5.7701	1.3415
MAMDC2	LP|Myofibroblasts	4.3554	0.3261
MCU	LP|Myofibroblasts	2.4503	0.4908
MFAP5	LP|Myofibroblasts	8.1536	3.0081
MICU1	LP|Myofibroblasts	1.9230	0.4681
MIR143HG	LP|Myofibroblasts	5.5388	0.9233
MIR145	LP|Myofibroblasts	5.6264	0.8306
MIR503HG	LP|Myofibroblasts	4.2505	0.9994
MSRB3	LP|Myofibroblasts	4.4228	1.3519
MYH11	LP|Myofibroblasts	8.5672	4.8810
MYL6	LP|Myofibroblasts	3.2130	1.3572
MYL9	LP|Myofibroblasts	7.0848	0.8984
MYLK	LP|Myofibroblasts	7.3539	3.2984
MYOCD	LP|Myofibroblasts	8.1588	inf
NBPF1	LP|Myofibroblasts	3.0317	0.3217
NDUFA4	LP|Myofibroblasts	2.9911	1.5025
NDUFAF5	LP|Myofibroblasts	2.2721	0.7737
NEO1	LP|Myofibroblasts	4.4887	1.4304
NEXN	LP|Myofibroblasts	5.6489	2.0496
NID1	LP|Myofibroblasts	4.3053	0.3110
NPNT	LP|Myofibroblasts	8.8878	7.6531
OSBPL6	LP|Myofibroblasts	4.5213	inf
PARVA	LP|Myofibroblasts	4.1322	0.3967
PCDH7	LP|Myofibroblasts	5.1686	0.9943
PDE7B	LP|Myofibroblasts	3.5921	0.2784
PDGFC	LP|Myofibroblasts	4.9468	0.6900
PDIA5	LP|Myofibroblasts	3.3543	0.7296
PDLIM3	LP|Myofibroblasts	6.4224	2.7178
PELI2	LP|Myofibroblasts	3.0853	0.6514
PER3	LP|Myofibroblasts	2.5308	0.2922
PHC1	LP|Myofibroblasts	2.2180	0.4515
PLN	LP|Myofibroblasts	8.7860	inf
PPARGC1B	LP|Myofibroblasts	2.6041	1.4143
PPP1R12B	LP|Myofibroblasts	4.5145	1.2836
PRDM6	LP|Myofibroblasts	4.6614	0.4020
PRKCDBP	LP|Myofibroblasts	4.6275	0.3530
PRRT2	LP|Myofibroblasts	3.2916	0.3818
PRUNE2	LP|Myofibroblasts	5.1099	2.3112
PSD3	LP|Myofibroblasts	4.1822	0.4780
PTCH1	LP|Myofibroblasts	4.5230	0.4883
PVRL3	LP|Myofibroblasts	3.2901	0.4774
RAB23	LP|Myofibroblasts	4.0360	0.3254
RABGAP1	LP|Myofibroblasts	2.5935	1.0587
RBPMS2	LP|Myofibroblasts	4.0912	0.5890
ROBO2	LP|Myofibroblasts	5.4967	inf
RP11-344E13.3	LP|Myofibroblasts	6.8768	inf
SEMA3D	LP|Myofibroblasts	4.7584	1.0059
SETBP1	LP|Myofibroblasts	2.2428	0.5669
SETMAR	LP|Myofibroblasts	2.8540	0.7851
SGCA	LP|Myofibroblasts	4.4176	0.3595
SGCD	LP|Myofibroblasts	4.0670	0.2560
SLC2A4	LP|Myofibroblasts	6.7948	inf
SLMAP	LP|Myofibroblasts	2.7645	1.0307
SMO	LP|Myofibroblasts	3.9227	0.3724
SMTN	LP|Myofibroblasts	5.2535	1.8072
SOGA2	LP|Myofibroblasts	4.1159	inf
SORBS1	LP|Myofibroblasts	5.7053	1.0989
SOSTDC1	LP|Myofibroblasts	9.9088	8.2613
SPOCD1	LP|Myofibroblasts	7.2417	inf
SSX2IP	LP|Myofibroblasts	2.5591	0.6744
SVIL	LP|Myofibroblasts	3.7709	0.2845
SYT10	LP|Myofibroblasts	7.0812	inf
TAGLN	LP|Myofibroblasts	9.1121	3.6910
TCEAL1	LP|Myofibroblasts	3.1701	1.0464
TCEAL4	LP|Myofibroblasts	3.7367	0.9165
TEAD3	LP|Myofibroblasts	4.1823	0.6954
TES	LP|Myofibroblasts	2.0696	0.5519
TET1	LP|Myofibroblasts	2.6809	0.4562
TGFB1I1	LP|Myofibroblasts	5.0598	1.3627
TGFBR3	LP|Myofibroblasts	4.4337	0.5521
THSD4	LP|Myofibroblasts	5.1417	1.5685
TMEM200B	LP|Myofibroblasts	5.0408	1.5168
TMEM35	LP|Myofibroblasts	5.6746	1.6502
TMEM64	LP|Myofibroblasts	2.6893	0.6780
TMSB15A	LP|Myofibroblasts	4.9874	1.2975
TOX3	LP|Myofibroblasts	4.6372	3.6135
TPM1	LP|Myofibroblasts	6.3572	1.5953
TPM2	LP|Myofibroblasts	6.8420	0.8288
TRPC6	LP|Myofibroblasts	5.0496	0.7702
TTLL7	LP|Myofibroblasts	3.6529	0.5148
TUBB6	LP|Myofibroblasts	3.8252	0.4912
VAT1L	LP|Myofibroblasts	4.4874	0.3329
VCL	LP|Myofibroblasts	4.0729	0.9932
WFDC1	LP|Myofibroblasts	5.7221	1.3342
ABHD17A	LP|NKs	3.4081	1.0506
AC017104.6	LP|NKs	3.9311	0.3310
AC093323.3	LP|NKs	2.0770	0.3085
AGK	LP|NKs	2.7444	0.5899
AKNA	LP|NKs	2.3098	0.5139
APMAP	LP|NKs	3.1320	1.4563
APOBEC3G	LP|NKs	3.1281	0.8544
ARHGAP30	LP|NKs	2.0246	0.3100
ARHGEF3	LP|NKs	2.3717	0.5205
ATM	LP|NKs	1.7675	0.4141
AXIN1	LP|NKs	2.7980	1.7238
BCO2	LP|NKs	3.1372	1.4375
BIN2	LP|NKs	2.9764	1.0176
C11orf21	LP|NKs	3.3122	0.5657
C1orf56	LP|NKs	2.0176	0.3907
CARD11	LP|NKs	2.4454	0.6768
CCND3	LP|NKs	2.6972	0.4128
CD160	LP|NKs	5.9988	0.9011
CD247	LP|NKs	4.3091	1.0003
CD97	LP|NKs	2.2341	0.6336
CDC42SE1	LP|NKs	2.2202	0.5307
CEP78	LP|NKs	3.1137	0.5767
CHST12	LP|NKs	2.3874	0.7729
CLIC3	LP|NKs	6.3058	2.2845
CMC1	LP|NKs	4.4169	1.6222
CST7	LP|NKs	5.0057	0.3484
CTD-2035E11.3	LP|NKs	2.3551	1.1060
CTSW	LP|NKs	5.5836	1.4050
CX3CR1	LP|NKs	4.6800	0.5969
CYTH4	LP|NKs	1.5760	0.3490
DGKZ	LP|NKs	2.6280	0.6529
DIP2A	LP|NKs	2.3710	0.9996
DOK2	LP|NKs	2.9834	0.5113
EFHD2	LP|NKs	3.4102	0.4284
FCGR3A	LP|NKs	5.2058	1.0590
FGD3	LP|NKs	1.7853	0.2871
FGFBP2	LP|NKs	6.8134	1.9691
FMNL1	LP|NKs	1.8099	0.2623
G6PD	LP|NKs	2.5348	0.7304
GFOD1	LP|NKs	3.4918	0.6149
GNLY	LP|NKs	8.4756	2.0086
GPR56	LP|NKs	5.2656	0.7602
GTF3C1	LP|NKs	2.5066	0.9144
GZMB	LP|NKs	6.7026	1.8618
HCST	LP|NKs	3.8448	0.6577
HOPX	LP|NKs	5.3570	0.4631
IFITM2	LP|NKs	3.4759	0.2887
IL18RAP	LP|NKs	3.8542	0.7239
IL2RB	LP|NKs	5.3759	1.1799
JAK1	LP|NKs	2.0696	0.5459
KLHDC4	LP|NKs	2.2507	0.4556
KLRC1	LP|NKs	6.5367	1.1641
KLRD1	LP|NKs	6.5300	1.2084
KLRF1	LP|NKs	7.9138	3.3575
LGALS9B	LP|NKs	6.6182	3.1063
LLGL2	LP|NKs	2.1414	0.7707
LPCAT1	LP|NKs	2.6057	0.5431
MAPK1	LP|NKs	2.4415	0.6466
MBP	LP|NKs	2.4407	0.5377
MIB2	LP|NKs	2.1901	0.8222
MST4	LP|NKs	2.0856	0.6587
MYO1F	LP|NKs	3.4323	1.0564
MYOM2	LP|NKs	5.5946	inf
NCR3	LP|NKs	3.8266	0.3665
NKG7	LP|NKs	7.5744	1.2543
NMUR1	LP|NKs	4.0747	0.7398
OSBPL5	LP|NKs	3.6441	0.3153
PCED1B-AS1	LP|NKs	1.6150	0.4208
PCSK7	LP|NKs	1.6380	0.3305
PILRB	LP|NKs	2.5432	0.9668
PLEKHG3	LP|NKs	3.9390	2.8886
PRF1	LP|NKs	6.4610	2.2111
PRMT2	LP|NKs	1.9213	0.3858
PRR5L	LP|NKs	3.5418	0.8761
PTGDR	LP|NKs	5.0752	0.8500
PTPN4	LP|NKs	2.6756	0.4626
PYHIN1	LP|NKs	2.9550	0.2634
RAP1B	LP|NKs	2.3587	0.3657
RASA3	LP|NKs	2.0342	0.4858
RNF166	LP|NKs	1.9537	0.3007
RNPEPL1	LP|NKs	1.7231	0.4560
RP11-403I13.8	LP|NKs	2.8229	inf
RP11-473M20.7	LP|NKs	3.0145	inf
RP11-705C15.5	LP|NKs	2.9837	1.0429
RP4-728D4.2	LP|NKs	2.5953	inf
S1PR5	LP|NKs	6.0541	1.9373
SACM1L	LP|NKs	1.7715	0.3940
SAMD3	LP|NKs	4.4794	0.6209
SIPA1	LP|NKs	2.4422	0.7133
SPN	LP|NKs	2.8496	0.3550
SPTSSB	LP|NKs	7.1093	inf
STK10	LP|NKs	2.2591	0.5879
SUN2	LP|NKs	2.7216	0.5805
TBX21	LP|NKs	4.5021	1.2227
TFDP2	LP|NKs	1.8001	0.4236
TRAF3IP3	LP|NKs	2.0378	0.2740
TRAPPC10	LP|NKs	1.6658	0.4298
TRDC	LP|NKs	6.9926	0.3409
TSPAN32	LP|NKs	3.3886	0.9386
TTC38	LP|NKs	3.5629	1.4462
TXK	LP|NKs	4.0552	0.7732
XCL1	LP|NKs	5.6775	0.8237
XCL2	LP|NKs	6.4308	1.4971
YPEL1	LP|NKs	3.2287	1.0150
ZAP70	LP|NKs	3.2996	0.4520
ZBTB16	LP|NKs	3.4168	0.4693
ZNF276	LP|NKs	2.3706	0.9960
ZNF600	LP|NKs	2.7504	1.8346
ABCC9	LP|Pericytes	9.4405	inf
ADAMTS4	LP|Pericytes	5.2472	0.5211
ADAMTS5	LP|Pericytes	4.3065	0.3642
ADCY3	LP|Pericytes	4.6532	1.8430
ADIRF	LP|Pericytes	5.4928	0.2560
ADRA2A	LP|Pericytes	6.1817	2.4298
AMOTL2	LP|Pericytes	4.2090	0.7392
ANGPT1	LP|Pericytes	4.5419	0.6688
ANGPT2	LP|Pericytes	5.8417	0.5855
ANO1	LP|Pericytes	8.0741	5.2961
ARHGAP10	LP|Pericytes	3.1641	0.9505
ARHGEF17	LP|Pericytes	5.7104	2.3641
ATP1B2	LP|Pericytes	4.9335	inf
B3GNT2	LP|Pericytes	2.8642	1.0285
BGN	LP|Pericytes	6.3536	0.9103
C1QTNF1	LP|Pericytes	6.4180	1.9280
CACNA1H	LP|Pericytes	5.3960	inf
CALD1	LP|Pericytes	5.9757	0.5543
CAMK2N1	LP|Pericytes	4.3508	1.3905
CCDC102B	LP|Pericytes	4.4759	0.4974
CCDC74A	LP|Pericytes	4.9442	0.4304
CDH6	LP|Pericytes	8.4551	inf
CENPP	LP|Pericytes	4.5587	0.8152
CHRD	LP|Pericytes	4.8578	1.2025
CLMN	LP|Pericytes	3.2195	1.8399
CNNM2	LP|Pericytes	4.4575	2.4524
COL18A1	LP|Pericytes	5.0239	0.7519
COL4A1	LP|Pericytes	5.6754	0.2577
COL4A2	LP|Pericytes	5.2137	0.4555
COL5A3	LP|Pericytes	5.9939	1.6874
COX4I2	LP|Pericytes	10.8665	inf
CRMP1	LP|Pericytes	5.3135	2.0408
CSPG4	LP|Pericytes	5.7924	inf
CTD-3193K9.4	LP|Pericytes	3.7023	2.5410
DAAM2	LP|Pericytes	4.7561	1.0461
DTX3	LP|Pericytes	2.7966	0.3685
EBF1	LP|Pericytes	5.0412	1.2069
ECM2	LP|Pericytes	5.8399	0.9368
EDNRA	LP|Pericytes	7.1328	3.7226
EFHD1	LP|Pericytes	5.8249	1.7750
EGFL6	LP|Pericytes	5.9995	0.6367
EGFLAM	LP|Pericytes	7.0750	3.7209
EHD2	LP|Pericytes	4.2688	0.2733
ENPEP	LP|Pericytes	10.8378	inf
EPS8	LP|Pericytes	4.7150	1.3369
FAM162B	LP|Pericytes	7.3596	3.5664
FOXS1	LP|Pericytes	8.8575	inf
FRMD3	LP|Pericytes	6.0452	3.2667
GEM	LP|Pericytes	4.2579	0.3424
GJA4	LP|Pericytes	7.4286	0.3682
GJC1	LP|Pericytes	6.4265	inf
GPR124	LP|Pericytes	4.0235	0.2569
GUCY1A2	LP|Pericytes	7.4817	inf
GUCY1B3	LP|Pericytes	5.8673	1.6334
H2AFJ	LP|Pericytes	3.0267	0.9935
HEY2	LP|Pericytes	5.4170	3.8005
HEYL	LP|Pericytes	6.8201	inf
HIGD1B	LP|Pericytes	9.9918	6.1847
HOXB-AS1	LP|Pericytes	3.2554	0.7957
IL17B	LP|Pericytes	8.5194	inf
INPP4B	LP|Pericytes	2.8346	0.5239
ITGA7	LP|Pericytes	8.7921	inf
JAG1	LP|Pericytes	5.1251	1.0367
KCNE4	LP|Pericytes	5.0743	0.2570
KCNJ8	LP|Pericytes	9.4012	5.2944
KIAA0040	LP|Pericytes	2.4087	1.0046
KRT18	LP|Pericytes	3.8846	0.9012
LAMB2	LP|Pericytes	3.9494	0.5847
LHFP	LP|Pericytes	5.8672	1.9277
LPL	LP|Pericytes	7.1640	inf
LURAP1L	LP|Pericytes	5.7834	1.0480
MCAM	LP|Pericytes	5.5029	0.3448
MEST	LP|Pericytes	5.0763	3.4066
MOCS1	LP|Pericytes	5.2076	2.0584
MPRIP	LP|Pericytes	2.8842	0.7224
MYO1B	LP|Pericytes	5.7356	1.1921
NCK2	LP|Pericytes	1.9824	0.7019
NDUFA4L2	LP|Pericytes	7.7167	3.6969
NFASC	LP|Pericytes	5.4548	1.3016
NOTCH3	LP|Pericytes	8.6012	5.9228
NR2F2	LP|Pericytes	5.6062	0.6496
NR2F2-AS1	LP|Pericytes	5.4635	1.5426
NREP	LP|Pericytes	4.0096	0.3395
NTF3	LP|Pericytes	4.2616	0.3571
OLFM2	LP|Pericytes	4.7342	2.1592
OLFML2B	LP|Pericytes	6.1934	2.6795
OR51E1	LP|Pericytes	9.5746	inf
PAWR	LP|Pericytes	3.5914	0.3539
PDE8B	LP|Pericytes	6.3158	inf
PDGFRB	LP|Pericytes	6.1754	1.7178
PEAK1	LP|Pericytes	3.4799	0.5235
PEAR1	LP|Pericytes	4.9393	0.3747
PGF	LP|Pericytes	5.0603	1.1085
PLCE1	LP|Pericytes	3.7021	1.1066
PLEKHG2	LP|Pericytes	3.4152	1.8311
PLXDC1	LP|Pericytes	4.9518	1.6768
PTGIR	LP|Pericytes	4.7169	1.2325
PTK2	LP|Pericytes	4.9134	1.1306
RAP2A	LP|Pericytes	2.5691	0.3165
RASL12	LP|Pericytes	4.7880	0.5552
REM1	LP|Pericytes	5.8793	1.9430
RERG	LP|Pericytes	6.1310	0.4902
RGS5	LP|Pericytes	11.3368	7.1225
RP11-588K22.2	LP|Pericytes	4.8752	0.3799
SEMA5A	LP|Pericytes	4.7053	0.6829
SEPT4	LP|Pericytes	4.8206	1.4783
SEPT7	LP|Pericytes	2.1799	0.3560
SEPT8	LP|Pericytes	3.2266	0.4647
SERPINI1	LP|Pericytes	4.2258	0.4843
SLC7A2	LP|Pericytes	7.3180	inf
SMOC2	LP|Pericytes	6.3949	0.9576
SORBS3	LP|Pericytes	3.2227	0.5989
STEAP4	LP|Pericytes	6.4176	inf
SYDE1	LP|Pericytes	3.9343	0.3873
SYTL2	LP|Pericytes	3.5481	0.6791
TBX2	LP|Pericytes	4.7026	0.7407
TGFB2	LP|Pericytes	6.2544	1.6005
TINAGL1	LP|Pericytes	6.6358	0.6698
TNS1	LP|Pericytes	4.4449	0.5000
TPPP3	LP|Pericytes	5.6937	0.9614
ABCB9	LP|Plasma	3.4827	1.7860
AC005083.1	LP|Plasma	2.5232	1.7923
AC006129.4	LP|Plasma	3.1865	inf
AC006132.1	LP|Plasma	2.0885	inf
AC006942.4	LP|Plasma	0.6390	inf
AC007386.2	LP|Plasma	2.1742	inf
AC009404.2	LP|Plasma	2.2908	0.9781
AC019221.4	LP|Plasma	2.6186	inf
AC021016.6	LP|Plasma	3.2681	inf
AC026202.3	LP|Plasma	4.7068	inf
AC062029.1	LP|Plasma	1.1980	inf
AC074138.3	LP|Plasma	0.7712	inf
AC074212.5	LP|Plasma	4.0542	3.1213
AC074389.9	LP|Plasma	4.4346	2.3878
AC078883.3	LP|Plasma	3.3693	inf
AC079305.10	LP|Plasma	1.1810	inf
AC091729.9	LP|Plasma	1.7667	0.7274
AC093818.1	LP|Plasma	3.7939	inf
AC093901.1	LP|Plasma	1.8858	inf
AC096579.13	LP|Plasma	4.3641	inf
AC096579.7	LP|Plasma	4.9544	inf
AC104024.1	LP|Plasma	4.3024	inf
AC104699.1	LP|Plasma	4.6085	inf
AC135048.13	LP|Plasma	0.5152	inf
AC139100.2	LP|Plasma	2.4869	inf
ACOXL	LP|Plasma	3.0781	inf
ADM2	LP|Plasma	3.4737	inf
AL022341.3	LP|Plasma	2.8624	inf
AL109761.5	LP|Plasma	4.5142	inf
AL928768.3	LP|Plasma	4.8938	3.9200
ALDH1L2	LP|Plasma	2.9919	1.7671
ALG14	LP|Plasma	1.7539	0.4293
ALG5	LP|Plasma	1.8895	0.5614
AMN	LP|Plasma	2.0334	0.4084
AMPD1	LP|Plasma	6.1041	inf
ANKDD1A	LP|Plasma	0.7675	inf
ANKRD28	LP|Plasma	2.7544	1.3359
ANKRD37	LP|Plasma	2.7521	0.8957
ANKRD53	LP|Plasma	2.4967	inf
AP000240.9	LP|Plasma	0.7210	inf
AP000704.5	LP|Plasma	1.9410	inf
AP000769.7	LP|Plasma	3.4200	inf
AP001046.5	LP|Plasma	1.1921	inf
AP001058.3	LP|Plasma	3.4747	1.9580
AP001631.9	LP|Plasma	4.4014	2.1265
APLP1	LP|Plasma	1.1573	inf
ARMC2	LP|Plasma	1.7169	inf
ASNS	LP|Plasma	1.7182	0.2910
ATAD3C	LP|Plasma	2.2209	inf
ATF4	LP|Plasma	1.5571	0.5832
ATP10B	LP|Plasma	2.1165	0.5721
ATP8B2	LP|Plasma	0.8785	inf
B4GALT3	LP|Plasma	2.0774	0.9680
B4GALT7	LP|Plasma	1.6112	0.3512
B9D1	LP|Plasma	3.0321	1.2137
BMP6	LP|Plasma	4.1068	inf
BRSK1	LP|Plasma	4.4992	inf
BSCL2	LP|Plasma	1.5664	0.6131
BSPRY	LP|Plasma	1.9627	0.5790
C11orf24	LP|Plasma	2.0134	0.9231
C11orf80	LP|Plasma	3.1232	2.3246
C12orf45	LP|Plasma	1.8223	0.2904
C12orf55	LP|Plasma	3.6707	inf
C15orf65	LP|Plasma	2.4414	0.6603
C16orf74	LP|Plasma	2.4648	1.9366
C19orf10	LP|Plasma	2.1805	0.7743
C1orf132	LP|Plasma	2.3174	1.4501
C1orf53	LP|Plasma	2.2052	0.8695
C1orf61	LP|Plasma	1.5685	inf
C2orf42	LP|Plasma	1.0795	0.4256
C4orf26	LP|Plasma	3.6828	inf
C6orf99	LP|Plasma	2.2435	inf
CAPN10-AS1	LP|Plasma	1.2583	0.6694
CARNS1	LP|Plasma	1.0766	inf
CCDC110	LP|Plasma	3.5334	inf
CCDC163P	LP|Plasma	2.3568	inf
CCL25	LP|Plasma	3.1239	inf
CCNI2	LP|Plasma	1.8807	0.3224
CCR10	LP|Plasma	5.1295	inf
CD27	LP|Plasma	2.1457	0.3890
CD38	LP|Plasma	2.8071	0.8102
CDH15	LP|Plasma	4.2975	inf
CDK14	LP|Plasma	2.5855	1.7877
CDNF	LP|Plasma	2.4795	inf
CHAC1	LP|Plasma	4.3052	inf
CHMP4C	LP|Plasma	2.1224	1.0016
CHPF	LP|Plasma	3.6790	1.7358
CISD2	LP|Plasma	1.6320	0.2796
CLCC1	LP|Plasma	1.4716	0.3361
CLDN14	LP|Plasma	4.8748	inf
CLPTM1L	LP|Plasma	2.4839	1.2952
CNKSR1	LP|Plasma	3.6260	2.2196
COBLL1	LP|Plasma	2.3321	1.4272
COL24A1	LP|Plasma	4.0187	inf
COL4A3	LP|Plasma	2.1775	inf
COL4A4	LP|Plasma	2.0001	inf
COMMD3	LP|Plasma	1.3599	0.2862
CRB3	LP|Plasma	2.5075	1.1959
CREB3L2	LP|Plasma	1.6548	0.3533
CRELD2	LP|Plasma	2.9980	1.6161
CRYBA4	LP|Plasma	5.2343	inf
CRYBB1	LP|Plasma	2.8603	inf
CST6	LP|Plasma	2.7004	inf
CTA-292E10.6	LP|Plasma	2.0339	1.0266
CTA-293F17.1	LP|Plasma	2.6957	0.9446
CTA-384D8.34	LP|Plasma	2.7888	1.4981
CTA-445C9.15	LP|Plasma	0.9210	inf
CTB-43E15.4	LP|Plasma	4.8081	inf
CTC-250I14.6	LP|Plasma	0.9887	inf
CTC-265F19.2	LP|Plasma	3.4344	inf
CTC-425F1.4	LP|Plasma	0.8292	0.3171
CTD-2186M15.3	LP|Plasma	1.3564	0.2776
CTD-2227E11.1	LP|Plasma	4.5635	inf
CTD-2555K7.2	LP|Plasma	2.9299	inf
CTD-3051D23.4	LP|Plasma	1.6592	0.9131
CTD-3222D19.5	LP|Plasma	1.5474	inf
CTH	LP|Plasma	1.9472	0.8375
CYP27B1	LP|Plasma	1.5274	inf
DCC	LP|Plasma	5.6527	inf
DDOST	LP|Plasma	1.6775	0.3320
DEFA5	LP|Plasma	1.1028	0.3898
DENND2C	LP|Plasma	2.4863	inf
DENND6B	LP|Plasma	2.0607	0.9438
DERL3	LP|Plasma	6.2115	3.2036
DFNB31	LP|Plasma	1.7546	inf
DNAAF1	LP|Plasma	3.8655	inf
DNAJB11	LP|Plasma	1.8505	0.8009
DNAJB9	LP|Plasma	2.7753	1.4963
DNAJC1	LP|Plasma	1.8413	0.5464
DNAJC25	LP|Plasma	1.4328	0.3211
DNAJC3	LP|Plasma	1.8180	0.8436
DNAJC3-AS1	LP|Plasma	1.3125	0.3381
DPEP1	LP|Plasma	5.4723	2.8640
DPEP3	LP|Plasma	3.4344	inf
DUSP26	LP|Plasma	5.4717	inf
DZANK1	LP|Plasma	0.9378	inf
EAF2	LP|Plasma	3.3092	0.8584
EDEM2	LP|Plasma	1.5645	0.7349
ELL2	LP|Plasma	2.4185	1.1175
ENAM	LP|Plasma	4.4371	inf
ERLEC1	LP|Plasma	2.3442	1.1004
ERN1	LP|Plasma	1.4237	0.4361
ESR1	LP|Plasma	2.0342	inf
ESR2	LP|Plasma	2.2934	inf
EYA2	LP|Plasma	2.3511	1.0657
FA2H	LP|Plasma	2.2270	0.6250
FAM214A	LP|Plasma	0.9232	0.2726
FAM27A	LP|Plasma	1.9964	1.0344
FAM46C	LP|Plasma	2.4185	0.9518
FAM69A	LP|Plasma	2.0652	0.6372
FAM92B	LP|Plasma	5.6539	inf
FBXO10	LP|Plasma	1.4276	inf
FBXO16	LP|Plasma	4.2171	2.9779
FBXW7	LP|Plasma	1.8981	1.0458
FCRL5	LP|Plasma	3.7981	3.5930
FGF23	LP|Plasma	4.2003	inf
FICD	LP|Plasma	2.7923	2.0702
FKBP11	LP|Plasma	4.2280	2.2467
FKBP2	LP|Plasma	3.0770	2.0800
FLJ20306	LP|Plasma	1.7362	inf
FN3K	LP|Plasma	1.4208	0.4074
FNDC3A	LP|Plasma	1.7785	0.8727
FOXJ1	LP|Plasma	1.8792	0.5143
FOXN3-AS1	LP|Plasma	2.8845	1.3764
FRK	LP|Plasma	3.0206	1.7304
FRRS1L	LP|Plasma	1.6853	inf
GAB1	LP|Plasma	1.8794	0.6929
GALNT3	LP|Plasma	1.4886	0.5689
GJB2	LP|Plasma	3.6315	2.5658
GLCCI1	LP|Plasma	1.6202	0.4732
GLDC	LP|Plasma	3.5702	inf
GMPPA	LP|Plasma	1.6340	0.4507
GNB3	LP|Plasma	3.2285	inf
GNG7	LP|Plasma	3.0031	0.5436
GORASP2	LP|Plasma	1.3050	0.2830
GPR160	LP|Plasma	2.4434	0.6984
GPR85	LP|Plasma	1.3615	0.8814
GSTM2	LP|Plasma	0.7654	inf
GUSBP11	LP|Plasma	3.6895	2.9639
H1FX-AS1	LP|Plasma	1.8233	inf
HBB	LP|Plasma	0.5078	inf
HBD	LP|Plasma	4.9154	inf
HERPUD1	LP|Plasma	3.4394	2.3396
HID1	LP|Plasma	3.8432	1.2714
HIST1H2AE	LP|Plasma	2.7274	0.5338
HIST1H2AG	LP|Plasma	1.8483	0.9394
HIST1H2BG	LP|Plasma	3.5991	0.5626
HIST1H2BJ	LP|Plasma	3.4652	1.2897
HIST1H2BK	LP|Plasma	2.4020	0.5177
HIST1H2BN	LP|Plasma	0.5829	inf
HIST4H4	LP|Plasma	0.9784	inf
HMGN4	LP|Plasma	0.8049	0.2513
HSD17B8	LP|Plasma	2.2800	0.6363
HSP90B1	LP|Plasma	2.1683	0.5037
HSPA13	LP|Plasma	2.0817	1.1508
HSPA1B	LP|Plasma	2.5157	1.2169
HSPA1L	LP|Plasma	2.0048	inf
HSPA6	LP|Plasma	2.6984	2.2651
HYOU1	LP|Plasma	1.6858	0.6014
IFNG-AS1	LP|Plasma	2.8866	inf
IGFLR1	LP|Plasma	0.7397	inf
IGHA1	LP|Plasma	5.9033	4.3269
IGHA2	LP|Plasma	4.9894	inf
IGHG2	LP|Plasma	3.3867	3.0473
IGHJ3	LP|Plasma	2.6724	inf
IGHJ4	LP|Plasma	2.5262	inf
IGHJ5	LP|Plasma	2.5858	inf
IGHJ6	LP|Plasma	2.5184	inf
IGHM	LP|Plasma	1.6104	0.4335
IGHV1-18	LP|Plasma	1.9753	inf
IGHV1-2	LP|Plasma	1.9499	inf
IGHV1-24	LP|Plasma	4.0248	inf
IGHV1-3	LP|Plasma	2.1434	inf
IGHV1-46	LP|Plasma	1.9285	inf
IGHV1-69	LP|Plasma	2.1710	inf
IGHV1-8	LP|Plasma	2.3339	inf
IGHV1OR15-1	LP|Plasma	1.4651	1.3893
IGHV2-5	LP|Plasma	1.9117	inf
IGHV2-70	LP|Plasma	1.9682	inf
IGHV3-11	LP|Plasma	2.1539	inf
IGHV3-13	LP|Plasma	2.5708	inf
IGHV3-15	LP|Plasma	2.1655	1.3581
IGHV3-21	LP|Plasma	1.9019	0.9014
IGHV3-23	LP|Plasma	1.8502	1.4646
IGHV3-30	LP|Plasma	2.4346	inf
IGHV3-33	LP|Plasma	2.5219	inf
IGHV3-43	LP|Plasma	2.3011	inf
IGHV3-48	LP|Plasma	1.9190	inf
IGHV3-49	LP|Plasma	1.9834	inf
IGHV3-53	LP|Plasma	2.1149	inf
IGHV3-64	LP|Plasma	2.5475	inf
IGHV3-66	LP|Plasma	2.0114	inf
IGHV3-7	LP|Plasma	2.1889	1.5454
IGHV3-72	LP|Plasma	2.1770	inf
IGHV3-73	LP|Plasma	1.8619	inf
IGHV3-74	LP|Plasma	1.9457	inf
IGHV3-9	LP|Plasma	1.8639	inf
IGHV4-28	LP|Plasma	2.8590	inf
IGHV4-31	LP|Plasma	2.2035	inf
IGHV4-34	LP|Plasma	2.5242	inf
IGHV4-39	LP|Plasma	1.9903	1.6991
IGHV4-4	LP|Plasma	2.3180	inf
IGHV4-59	LP|Plasma	2.0456	inf
IGHV4-61	LP|Plasma	1.9544	inf
IGHV4OR15-8	LP|Plasma	2.6292	inf
IGHV5-51	LP|Plasma	1.9125	inf
IGHV6-1	LP|Plasma	2.2811	inf
IGJ	LP|Plasma	6.8241	6.6023
IGKC	LP|Plasma	5.3531	1.8897
IGKV1-12	LP|Plasma	2.7621	inf
IGKV1-16	LP|Plasma	1.9696	inf
IGKV1-17	LP|Plasma	2.2129	inf
IGKV1-27	LP|Plasma	2.1363	inf
IGKV1-39	LP|Plasma	1.7368	0.7874
IGKV1-5	LP|Plasma	2.4246	inf
IGKV1-6	LP|Plasma	2.6072	inf
IGKV1-9	LP|Plasma	2.1949	inf
IGKV1D-13	LP|Plasma	2.8424	inf
IGKV1D-33	LP|Plasma	2.9708	inf
IGKV1D-39	LP|Plasma	3.7801	inf
IGKV1D-8	LP|Plasma	2.3157	inf
IGKV2-24	LP|Plasma	2.6459	inf
IGKV2-30	LP|Plasma	2.6600	inf
IGKV2D-28	LP|Plasma	3.6765	inf
IGKV2D-29	LP|Plasma	2.2120	inf
IGKV3-11	LP|Plasma	1.9332	1.3395
IGKV3-15	LP|Plasma	2.4610	inf
IGKV3-20	LP|Plasma	1.8263	0.9727
IGKV3D-11	LP|Plasma	2.6971	inf
IGKV3D-15	LP|Plasma	2.8184	inf
IGKV3D-20	LP|Plasma	2.8209	inf
IGKV4-1	LP|Plasma	2.4032	2.0517
IGKV6-21	LP|Plasma	2.8039	inf
IGLC2	LP|Plasma	4.1774	1.0959
IGLC3	LP|Plasma	3.9333	0.7852
IGLC7	LP|Plasma	3.8201	inf
IGLL1	LP|Plasma	5.8885	inf
IGLL5	LP|Plasma	3.9849	inf
IGLV1-36	LP|Plasma	2.5517	inf
IGLV1-40	LP|Plasma	2.6487	inf
IGLV1-44	LP|Plasma	2.0089	0.9882
IGLV1-47	LP|Plasma	2.9074	inf
IGLV1-51	LP|Plasma	2.7768	inf
IGLV10-54	LP|Plasma	2.4125	inf
IGLV2-11	LP|Plasma	2.6697	2.1966
IGLV2-14	LP|Plasma	2.7504	2.6114
IGLV2-18	LP|Plasma	2.7261	inf
IGLV2-23	LP|Plasma	2.6686	inf
IGLV2-8	LP|Plasma	2.6970	inf
IGLV3-1	LP|Plasma	3.7409	inf
IGLV3-10	LP|Plasma	2.2570	inf
IGLV3-16	LP|Plasma	3.5761	inf
IGLV3-19	LP|Plasma	2.2756	inf
IGLV3-21	LP|Plasma	2.2405	1.9952
IGLV3-25	LP|Plasma	2.1540	inf
IGLV3-27	LP|Plasma	3.0124	inf
IGLV3-9	LP|Plasma	2.8736	inf
IGLV4-60	LP|Plasma	2.9230	inf
IGLV4-69	LP|Plasma	2.5484	inf
IGLV5-45	LP|Plasma	2.6693	inf
IGLV5-48	LP|Plasma	5.0911	inf
IGLV6-57	LP|Plasma	4.1849	inf
IGLV7-43	LP|Plasma	2.4222	inf
IGLV7-46	LP|Plasma	2.3161	inf
IGLV8-61	LP|Plasma	2.4646	inf
IGLV9-49	LP|Plasma	3.9922	inf
IL12A	LP|Plasma	1.9993	inf
IL5RA	LP|Plasma	3.1129	inf
INSIG2	LP|Plasma	1.0173	0.2889
IRF4	LP|Plasma	2.4705	1.5830
ITM2C	LP|Plasma	2.3351	0.7569
JSRP1	LP|Plasma	4.9990	inf
KB-1980E6.3	LP|Plasma	3.3686	2.0938
KCNA3	LP|Plasma	1.7110	1.6450
KCNN3	LP|Plasma	3.4514	1.0188
KIAA0125	LP|Plasma	2.9152	1.5876
KIAA0226	LP|Plasma	1.1875	0.5254
KISS1R	LP|Plasma	3.1477	inf
KLF13	LP|Plasma	1.8845	0.4626
KLF15	LP|Plasma	1.8821	inf
KRTCAP2	LP|Plasma	1.4187	0.3872
LARP1B	LP|Plasma	2.1148	1.1902
LCN8	LP|Plasma	1.9631	inf
LDLRAD2	LP|Plasma	3.4234	inf
LIN7B	LP|Plasma	1.1481	0.3215
LINC00309	LP|Plasma	3.0393	inf
LINC00324	LP|Plasma	0.7053	inf
LINC00525	LP|Plasma	5.2113	inf
LINC00539	LP|Plasma	1.6910	inf
LINC00582	LP|Plasma	5.6450	inf
LINC00893	LP|Plasma	0.6716	inf
LINC01004	LP|Plasma	0.8352	inf
LMAN1	LP|Plasma	2.2088	0.7443
LMAN2	LP|Plasma	1.7751	0.7692
LMTK3	LP|Plasma	5.2044	inf
LNP1	LP|Plasma	1.9965	inf
LRP2BP	LP|Plasma	0.7206	inf
LRRC24	LP|Plasma	2.8592	inf
LRRIQ3	LP|Plasma	0.8295	inf
LYPD6B	LP|Plasma	3.3748	2.7533
MAFG-AS1	LP|Plasma	1.2567	inf
MANEA	LP|Plasma	2.9701	1.4152
MANEA-AS1	LP|Plasma	0.8879	inf
MANF	LP|Plasma	2.9392	1.4384
MCEE	LP|Plasma	1.6217	0.4994
MEF2C-AS1	LP|Plasma	1.5907	inf
MESP1	LP|Plasma	3.1636	1.9932
MFSD3	LP|Plasma	1.8914	0.6522
MIR155HG	LP|Plasma	2.2849	1.2562
MIR17HG	LP|Plasma	1.4330	inf
MIR4453	LP|Plasma	0.8503	inf
MIXL1	LP|Plasma	4.3651	1.8950
MYEOV	LP|Plasma	2.9956	0.8542
MYH15	LP|Plasma	4.1460	inf
MYL2	LP|Plasma	4.4005	inf
MZB1	LP|Plasma	6.1943	5.8978
NAPA-AS1	LP|Plasma	2.4541	0.6056
NLRP7	LP|Plasma	4.8947	inf
NUP62CL	LP|Plasma	3.2624	1.3335
NXPE4	LP|Plasma	2.6426	0.9659
OSTN-AS1	LP|Plasma	2.7881	inf
OXCT2	LP|Plasma	1.0670	inf
PABPC4	LP|Plasma	2.1187	0.7335
PAEP	LP|Plasma	4.7428	inf
PAIP2B	LP|Plasma	3.5869	2.0516
PAOX	LP|Plasma	1.8203	0.7271
PAQR6	LP|Plasma	3.9066	inf
PCAT6	LP|Plasma	2.3499	0.7957
PDIA4	LP|Plasma	2.4227	1.3142
PDIA6	LP|Plasma	1.7402	0.3202
PDK1	LP|Plasma	3.0656	1.2208
PGAM2	LP|Plasma	4.9125	inf
PGLYRP2	LP|Plasma	2.6507	inf
PIM2	LP|Plasma	2.4433	0.6495
PIP5K1B	LP|Plasma	3.0216	0.9956
PIP5KL1	LP|Plasma	1.7761	inf
PKHD1L1	LP|Plasma	3.5866	1.8188
PKP2	LP|Plasma	2.7291	1.4823
PLA2G2D	LP|Plasma	1.5596	inf
PLEKHN1	LP|Plasma	1.1362	inf
PMM2	LP|Plasma	1.3469	0.3738
PNOC	LP|Plasma	3.0844	1.3256
PODXL2	LP|Plasma	2.6950	0.9577
POU3F1	LP|Plasma	1.3581	inf
PPAPDC1B	LP|Plasma	3.1839	2.0818
PRDX4	LP|Plasma	3.3138	1.4144
PREB	LP|Plasma	1.6578	0.5414
PRSS16	LP|Plasma	4.3353	3.2327
PSAT1	LP|Plasma	3.1701	1.0183
PTCH2	LP|Plasma	0.9587	inf
PTCRA	LP|Plasma	2.7262	inf
PYCR1	LP|Plasma	3.2171	1.4371
QPCTL	LP|Plasma	2.3038	inf
RAB30	LP|Plasma	2.8657	0.2563
REG3A	LP|Plasma	1.4191	0.7424
RGN	LP|Plasma	2.2716	inf
RHBDD1	LP|Plasma	1.3915	0.4123
RHBDL1	LP|Plasma	3.0394	1.4768
RN7SL34P	LP|Plasma	2.0848	inf
RN7SL605P	LP|Plasma	1.0906	inf
RNF122	LP|Plasma	1.6365	inf
RNF144A-AS1	LP|Plasma	1.8368	inf
RNF32	LP|Plasma	1.6300	0.7121
RNU12	LP|Plasma	2.1828	0.8201
RNU2-63P	LP|Plasma	2.6377	inf
RNU4-38P	LP|Plasma	5.7430	inf
RNU4ATAC	LP|Plasma	1.1378	inf
RNVU1-6	LP|Plasma	1.0748	inf
RP1-134E15.3	LP|Plasma	2.3217	inf
RP1-150O5.3	LP|Plasma	4.2398	inf
RP1-151F17.2	LP|Plasma	1.1534	inf
RP1-191J18.66	LP|Plasma	1.1267	inf
RP1-197B17.3	LP|Plasma	1.2735	0.9147
RP1-244F24.1	LP|Plasma	1.3007	inf
RP1-28O10.1	LP|Plasma	1.6014	inf
RP1-43E13.2	LP|Plasma	1.4426	inf
RP11-102N12.3	LP|Plasma	1.6115	inf
RP11-103G8.2	LP|Plasma	0.7718	inf
RP11-1070N10.3	LP|Plasma	3.5081	0.7838
RP11-1084E5.1	LP|Plasma	4.7915	inf
RP11-1100L3.8	LP|Plasma	1.5939	inf
RP11-134P9.3	LP|Plasma	1.8704	inf
RP11-138I1.4	LP|Plasma	1.1192	0.6690
RP11-141B14.1	LP|Plasma	0.9478	inf
RP11-16E12.2	LP|Plasma	4.2016	2.5290
RP11-17M24.1	LP|Plasma	4.9015	inf
RP11-262H14.3	LP|Plasma	1.3380	inf
RP11-275I4.2	LP|Plasma	3.0208	inf
RP11-279O9.4	LP|Plasma	4.1208	inf
RP11-284N8.3	LP|Plasma	1.5650	inf
RP11-290F5.1	LP|Plasma	5.2892	inf
RP11-290F5.2	LP|Plasma	4.2153	inf
RP11-293M10.5	LP|Plasma	0.8722	inf
RP11-296A18.3	LP|Plasma	4.0255	inf
RP11-301L8.2	LP|Plasma	5.3195	inf
RP11-307C12.13	LP|Plasma	1.2086	inf
RP11-31F19.1	LP|Plasma	3.9511	2.0613
RP11-325F22.2	LP|Plasma	1.5270	inf
RP11-325K4.2	LP|Plasma	2.3027	inf
RP11-350G8.5	LP|Plasma	2.3430	inf
RP11-350N15.5	LP|Plasma	1.5387	0.6465
RP11-359K18.4	LP|Plasma	1.9106	inf
RP11-367G18.1	LP|Plasma	3.9555	inf
RP11-386G11.5	LP|Plasma	1.7346	inf
RP11-390F4.3	LP|Plasma	2.2707	1.3219
RP11-390F4.6	LP|Plasma	5.7387	inf
RP11-434C1.1	LP|Plasma	1.5873	inf
RP11-446N19.1	LP|Plasma	2.0209	1.0975
RP11-480C16.1	LP|Plasma	2.7345	inf
RP11-492E3.2	LP|Plasma	5.2149	inf
RP11-514O12.4	LP|Plasma	1.9466	0.8929
RP11-527L4.5	LP|Plasma	2.0913	inf
RP11-558F24.4	LP|Plasma	3.1834	2.4063
RP11-568N6.1	LP|Plasma	2.4570	inf
RP11-598F7.3	LP|Plasma	2.4321	inf
RP11-625L16.3	LP|Plasma	5.5148	inf
RP11-635N19.1	LP|Plasma	1.3550	inf
RP11-644F5.11	LP|Plasma	1.0172	0.3165
RP11-689B22.2	LP|Plasma	4.5210	inf
RP11-70P17.1	LP|Plasma	1.8281	inf
RP11-755F10.1	LP|Plasma	1.2659	inf
RP11-761I4.3	LP|Plasma	3.6082	inf
RP11-761I4.4	LP|Plasma	2.2821	inf
RP11-768B22.2	LP|Plasma	4.2966	inf
RP11-809N8.4	LP|Plasma	1.4556	inf
RP11-809O17.1	LP|Plasma	1.7182	inf
RP11-96H19.1	LP|Plasma	2.9086	inf
RP13-314C10.5	LP|Plasma	1.6718	inf
RP13-317D12.3	LP|Plasma	3.4364	inf
RP3-405J10.3	LP|Plasma	1.2781	0.3905
RP3-508I15.14	LP|Plasma	1.7067	inf
RP3-508I15.22	LP|Plasma	1.3666	inf
RP4-569M23.2	LP|Plasma	4.3973	inf
RP4-569M23.4	LP|Plasma	2.4167	inf
RP5-1125A11.1	LP|Plasma	1.8182	1.1223
RP5-821D11.7	LP|Plasma	0.5562	inf
RPN1	LP|Plasma	1.6362	0.4870
SCAMP5	LP|Plasma	3.0804	0.2511
SCNN1B	LP|Plasma	5.4727	2.7534
SDC1	LP|Plasma	5.3556	4.2036
SDF2L1	LP|Plasma	3.1428	1.4796
SEC11C	LP|Plasma	4.1818	2.5805
SEC24A	LP|Plasma	1.6150	0.5749
SEC61A1	LP|Plasma	1.8797	0.8379
SEC61B	LP|Plasma	2.0285	0.8762
SEC61G	LP|Plasma	1.4802	0.5860
SEL1L	LP|Plasma	2.4335	1.5762
SERP1	LP|Plasma	1.6382	0.5832
SIL1	LP|Plasma	2.0311	0.9996
SLAMF7	LP|Plasma	2.8915	0.6596
SLC15A2	LP|Plasma	2.0128	0.8640
SLC17A9	LP|Plasma	3.3197	2.5106
SLC1A4	LP|Plasma	2.3942	0.3382
SLC35B1	LP|Plasma	1.8440	0.7758
SLC35F2	LP|Plasma	1.9128	0.7687
SLC38A10	LP|Plasma	1.5552	0.7742
SLC38A5	LP|Plasma	2.8230	0.7476
SLC39A11	LP|Plasma	2.0023	0.3036
SLC47A1	LP|Plasma	1.3001	inf
SLC6A9	LP|Plasma	2.6720	0.4531
SMPDL3B	LP|Plasma	4.7353	3.3971
SNORA84	LP|Plasma	0.7742	inf
SPAG4	LP|Plasma	4.7687	inf
SPAG5-AS1	LP|Plasma	1.4055	inf
SPATS2	LP|Plasma	2.6373	0.6010
SPCS1	LP|Plasma	2.3130	1.1643
SPCS2	LP|Plasma	2.4100	1.2427
SPCS3	LP|Plasma	2.6413	1.6242
SRPR	LP|Plasma	1.3701	0.5733
SRPRB	LP|Plasma	2.2078	0.7369
SSR3	LP|Plasma	2.9700	1.7998
SSR4	LP|Plasma	4.1478	2.7116
SSTR2	LP|Plasma	2.5312	inf
ST6GALNAC4	LP|Plasma	2.3472	1.4713
STARD5	LP|Plasma	2.4424	1.2951
SYNE3	LP|Plasma	0.7221	inf
SYT1	LP|Plasma	1.9963	inf
TBCEL	LP|Plasma	1.0087	inf
TEX14	LP|Plasma	3.7155	inf
TGFBR3L	LP|Plasma	3.0466	inf
THAP2	LP|Plasma	2.0460	0.8089
TIGD3	LP|Plasma	2.0272	inf
TIMD4	LP|Plasma	1.4501	inf
TMCC1-AS1	LP|Plasma	1.7250	inf
TMED2	LP|Plasma	1.3826	0.4430
TMED4	LP|Plasma	1.4246	0.6319
TMEM110	LP|Plasma	0.7726	inf
TMEM125	LP|Plasma	3.0933	1.9656
TMEM19	LP|Plasma	1.5715	0.3114
TMEM208	LP|Plasma	1.7310	0.5856
TMEM258	LP|Plasma	1.6783	0.3815
TMEM39A	LP|Plasma	1.7690	0.8327
TMEM52	LP|Plasma	4.2434	2.2384
TNFRSF13B	LP|Plasma	2.3435	0.5349
TNFRSF17	LP|Plasma	5.6838	inf
TPST2	LP|Plasma	2.0902	0.4229
TRAM1	LP|Plasma	1.7665	0.6513
TRIB1	LP|Plasma	2.9763	1.5529
TRPV3	LP|Plasma	3.1319	0.5909
TSHR	LP|Plasma	3.7757	inf
TXLNB	LP|Plasma	1.4093	inf
TXNDC11	LP|Plasma	3.0666	2.3180
TXNDC15	LP|Plasma	2.4858	1.3655
TXNDC5	LP|Plasma	3.8963	2.1068
U1	LP|Plasma	0.6103	inf
UAP1	LP|Plasma	2.4025	1.6288
UBA5	LP|Plasma	1.4264	0.3927
UBE2J1	LP|Plasma	3.2677	1.2774
UBE2QL1	LP|Plasma	4.5590	inf
UFM1	LP|Plasma	1.6790	0.7829
UGT2B17	LP|Plasma	1.7842	0.4786
UTS2B	LP|Plasma	2.7091	inf
VIMP	LP|Plasma	2.7044	1.3529
VTRNA1-3	LP|Plasma	0.6523	inf
WBP1	LP|Plasma	0.9208	inf
WNT10A	LP|Plasma	3.6059	inf
WT1-AS	LP|Plasma	4.6351	inf
XBP1	LP|Plasma	3.7706	1.8790
XK	LP|Plasma	4.2345	3.0278
XXbac-BPG252P9.10	LP|Plasma	0.9478	inf
YIPF2	LP|Plasma	2.3169	1.1234
ZC2HC1B	LP|Plasma	4.5987	inf
ZNF215	LP|Plasma	4.2695	2.6397
ZNF264	LP|Plasma	0.8122	inf
ZNF275	LP|Plasma	1.8890	0.4370
ZNF296	LP|Plasma	2.1445	0.4491
hsa-mir-1199	LP|Plasma	1.9819	0.6372
ABCA2	LP|Post-capillary Venules	2.0379	0.3319
ABCA3	LP|Post-capillary Venules	3.3407	inf
ABCD4	LP|Post-capillary Venules	2.9824	0.3031
ABLIM1	LP|Post-capillary Venules	3.0203	0.4019
ABLIM2	LP|Post-capillary Venules	4.4844	3.3396
ABLIM3	LP|Post-capillary Venules	3.9293	0.6089
AC004540.4	LP|Post-capillary Venules	6.4446	inf
AC006116.20	LP|Post-capillary Venules	3.9370	inf
AC009948.5	LP|Post-capillary Venules	2.0305	inf
AC011526.1	LP|Post-capillary Venules	7.3010	0.8486
AC017048.4	LP|Post-capillary Venules	4.3664	inf
ACTR3B	LP|Post-capillary Venules	2.8908	1.5098
ADAMTS9	LP|Post-capillary Venules	4.9576	0.5489
ADAT1	LP|Post-capillary Venules	1.7784	0.3514
ADM5	LP|Post-capillary Venules	6.1664	0.4320
AHRR	LP|Post-capillary Venules	2.8609	0.4122
AK4	LP|Post-capillary Venules	4.4355	3.0996
AKR1C3	LP|Post-capillary Venules	4.7149	0.3029
AMOTL1	LP|Post-capillary Venules	3.9386	0.2895
ANGEL1	LP|Post-capillary Venules	1.7969	0.4460
ANKS1A	LP|Post-capillary Venules	2.6134	0.3941
AP1AR	LP|Post-capillary Venules	2.4102	0.6173
APLNR	LP|Post-capillary Venules	7.5987	1.9642
ARHGAP35	LP|Post-capillary Venules	2.0432	0.2710
ARHGEF28	LP|Post-capillary Venules	4.7501	3.6432
ARMC5	LP|Post-capillary Venules	1.7137	0.5417
ARSD	LP|Post-capillary Venules	2.5371	0.6019
ASPH	LP|Post-capillary Venules	3.6202	0.3385
ASRGL1	LP|Post-capillary Venules	4.4679	0.9615
ATL2	LP|Post-capillary Venules	1.7606	0.5161
ATL3	LP|Post-capillary Venules	2.4024	0.3631
ATP11C	LP|Post-capillary Venules	2.6514	0.3670
ATP8B1	LP|Post-capillary Venules	5.0106	1.0963
B3GNT3	LP|Post-capillary Venules	5.1354	3.1242
BAG3	LP|Post-capillary Venules	2.2112	0.3770
BAIAP2-AS1	LP|Post-capillary Venules	2.9456	1.7953
BAIAP2L1	LP|Post-capillary Venules	4.2369	2.5169
BCAT1	LP|Post-capillary Venules	3.9551	1.1033
BCL6B	LP|Post-capillary Venules	6.3101	0.6274
BCR	LP|Post-capillary Venules	3.0966	0.2728
BEND7	LP|Post-capillary Venules	2.6851	1.6575
BMPR2	LP|Post-capillary Venules	4.1046	0.4891
BRWD3	LP|Post-capillary Venules	1.4531	0.5764
BTBD6	LP|Post-capillary Venules	1.8966	0.4181
BTN3A3	LP|Post-capillary Venules	1.7701	0.2678
C16orf98	LP|Post-capillary Venules	2.2341	0.9152
C17orf103	LP|Post-capillary Venules	2.4713	inf
C1orf51	LP|Post-capillary Venules	3.2517	inf
C20orf96	LP|Post-capillary Venules	2.3052	0.4691
C21orf119	LP|Post-capillary Venules	1.8234	0.7525
C2CD4B	LP|Post-capillary Venules	6.1984	1.8252
C2orf76	LP|Post-capillary Venules	1.7783	0.3792
C3orf62	LP|Post-capillary Venules	1.3883	0.2515
C4orf32	LP|Post-capillary Venules	3.9953	0.9928
C5orf42	LP|Post-capillary Venules	2.2713	0.2565
C8orf58	LP|Post-capillary Venules	2.0460	inf
CA8	LP|Post-capillary Venules	5.4780	2.8797
CADPS2	LP|Post-capillary Venules	2.8614	0.5980
CALCRL	LP|Post-capillary Venules	6.4973	0.5341
CAPN11	LP|Post-capillary Venules	6.7589	inf
CARD6	LP|Post-capillary Venules	3.4470	0.5223
CASC10	LP|Post-capillary Venules	5.9406	inf
CASD1	LP|Post-capillary Venules	1.5895	0.3174
CBX2	LP|Post-capillary Venules	4.3596	inf
CCDC149	LP|Post-capillary Venules	3.0085	0.7305
CCDC178	LP|Post-capillary Venules	6.7894	inf
CCDC50	LP|Post-capillary Venules	1.6169	0.3947
CCDC85C	LP|Post-capillary Venules	3.4257	2.1613
CCDC93	LP|Post-capillary Venules	1.3270	0.3434
CCL14	LP|Post-capillary Venules	9.5505	inf
CD109	LP|Post-capillary Venules	4.2530	0.5804
CDC34	LP|Post-capillary Venules	1.4252	0.4182
CDC42BPB	LP|Post-capillary Venules	3.6129	0.4946
CDYL2	LP|Post-capillary Venules	2.5046	inf
CEP68	LP|Post-capillary Venules	3.1835	0.4928
CFI	LP|Post-capillary Venules	6.0501	1.0807
CGRRF1	LP|Post-capillary Venules	1.3768	0.2792
CHST10	LP|Post-capillary Venules	2.7815	inf
CITED4	LP|Post-capillary Venules	2.6906	0.3890
CLDN11	LP|Post-capillary Venules	5.6774	inf
CLDN15	LP|Post-capillary Venules	4.0184	1.1109
CLDN5	LP|Post-capillary Venules	8.8353	1.9861
CLEC1A	LP|Post-capillary Venules	5.9351	0.4603
CLEC3B	LP|Post-capillary Venules	4.7932	0.8598
CNTNAP3B	LP|Post-capillary Venules	5.8792	inf
CORO2A	LP|Post-capillary Venules	2.7961	0.7842
CORT	LP|Post-capillary Venules	7.1466	inf
CPD	LP|Post-capillary Venules	2.9886	0.3319
CPE	LP|Post-capillary Venules	7.3854	0.7742
CPLX1	LP|Post-capillary Venules	4.8352	0.4716
CPT1C	LP|Post-capillary Venules	3.0078	inf
CPXM2	LP|Post-capillary Venules	6.2592	1.2687
CRAMP1L	LP|Post-capillary Venules	1.9764	0.8516
CSF2RB	LP|Post-capillary Venules	3.2940	1.2650
CSNK1G1	LP|Post-capillary Venules	1.2644	0.2553
CSRNP2	LP|Post-capillary Venules	1.5508	0.2648
CTA-134P22.2	LP|Post-capillary Venules	9.1366	inf
CTB-171A8.1	LP|Post-capillary Venules	6.0378	3.8296
CTD-2015H6.3	LP|Post-capillary Venules	2.3458	0.7490
CTD-3179P9.1	LP|Post-capillary Venules	8.3679	inf
CTNNAL1	LP|Post-capillary Venules	5.1616	0.2724
CXCL11	LP|Post-capillary Venules	5.2567	3.6837
CXorf36	LP|Post-capillary Venules	6.8853	0.6603
CYP1B1	LP|Post-capillary Venules	4.8144	0.9204
CYP39A1	LP|Post-capillary Venules	4.2824	3.3829
DARC	LP|Post-capillary Venules	11.1750	inf
DENND6A	LP|Post-capillary Venules	1.4989	0.3035
DHCR24	LP|Post-capillary Venules	3.7579	1.7853
DHX33	LP|Post-capillary Venules	1.6933	0.2745
DHX38	LP|Post-capillary Venules	1.3361	0.2831
DIS3	LP|Post-capillary Venules	1.8665	0.5252
DNAJC18	LP|Post-capillary Venules	2.1600	1.4760
DNM3	LP|Post-capillary Venules	4.5862	inf
DNMBP	LP|Post-capillary Venules	3.0359	1.7509
DOK5	LP|Post-capillary Venules	3.3729	inf
DSP	LP|Post-capillary Venules	3.9692	2.4701
DUSP23	LP|Post-capillary Venules	4.6011	2.1911
DVL1	LP|Post-capillary Venules	1.7296	0.6728
EBF3	LP|Post-capillary Venules	5.7369	inf
ECSCR	LP|Post-capillary Venules	7.6446	0.7329
EDC3	LP|Post-capillary Venules	1.3462	0.2616
EGLN1	LP|Post-capillary Venules	2.0724	0.3134
EHHADH	LP|Post-capillary Venules	2.9743	1.8893
ELOVL7	LP|Post-capillary Venules	5.4497	3.9639
ENTPD1	LP|Post-capillary Venules	2.7047	0.4447
ENY2	LP|Post-capillary Venules	2.0798	0.5072
EPHA2	LP|Post-capillary Venules	4.7302	0.7103
EPHB4	LP|Post-capillary Venules	5.2243	0.4975
EPHX4	LP|Post-capillary Venules	5.5121	inf
ERG	LP|Post-capillary Venules	6.4831	0.4097
ERMARD	LP|Post-capillary Venules	1.4817	0.7214
EVA1C	LP|Post-capillary Venules	5.1466	0.7410
EXOC5	LP|Post-capillary Venules	1.8486	0.3938
EXOC6	LP|Post-capillary Venules	3.3932	0.6030
FAM124A	LP|Post-capillary Venules	4.9959	inf
FAM131A	LP|Post-capillary Venules	1.9183	0.3390
FAM155A	LP|Post-capillary Venules	6.9164	inf
FAM171A1	LP|Post-capillary Venules	5.1169	2.6111
FAM188B	LP|Post-capillary Venules	4.1670	0.2735
FAM193B	LP|Post-capillary Venules	1.6154	0.3477
FAM20B	LP|Post-capillary Venules	1.6986	0.3175
FAM213B	LP|Post-capillary Venules	2.4716	0.9780
FAM222B	LP|Post-capillary Venules	1.6572	0.4422
FAM3D	LP|Post-capillary Venules	2.7010	1.3656
FAM69B	LP|Post-capillary Venules	6.0342	0.4467
FAM84B	LP|Post-capillary Venules	5.1898	1.1186
FAM89A	LP|Post-capillary Venules	3.1637	0.3753
FEZ2	LP|Post-capillary Venules	2.9598	0.3151
FIS1	LP|Post-capillary Venules	2.0730	0.2637
FKBP1C	LP|Post-capillary Venules	3.2366	1.1649
FLNB	LP|Post-capillary Venules	3.9899	0.4197
FLOT1	LP|Post-capillary Venules	2.4943	0.3754
FLYWCH1	LP|Post-capillary Venules	1.6623	0.3645
FNBP1L	LP|Post-capillary Venules	3.6854	0.2845
FOXC1	LP|Post-capillary Venules	6.2825	inf
FOXJ3	LP|Post-capillary Venules	1.5807	0.7219
FOXK2	LP|Post-capillary Venules	1.5523	0.3422
FOXO1	LP|Post-capillary Venules	2.2268	0.5097
FOXP1	LP|Post-capillary Venules	1.4916	0.4820
FUT1	LP|Post-capillary Venules	4.3164	inf
FZD6	LP|Post-capillary Venules	4.6159	0.3325
GABPA	LP|Post-capillary Venules	1.9540	0.3023
GAS8	LP|Post-capillary Venules	2.2967	0.8480
GATAD2B	LP|Post-capillary Venules	1.5200	0.3328
GATSL3	LP|Post-capillary Venules	2.2521	0.6066
GEMIN5	LP|Post-capillary Venules	2.1323	0.4729
GIPC2	LP|Post-capillary Venules	5.4865	0.2805
GIPC3	LP|Post-capillary Venules	4.4797	inf
GMDS-AS1	LP|Post-capillary Venules	1.3284	0.5848
GNA14	LP|Post-capillary Venules	4.9964	1.8224
GNB4	LP|Post-capillary Venules	2.9105	0.3600
GOLGA6L4	LP|Post-capillary Venules	2.9257	inf
GOLGA8A	LP|Post-capillary Venules	1.5791	0.4907
GOLPH3L	LP|Post-capillary Venules	1.6470	0.5264
GPAT2	LP|Post-capillary Venules	2.6801	0.5085
GPM6A	LP|Post-capillary Venules	2.0083	0.7116
GPR126	LP|Post-capillary Venules	6.9289	2.9518
GPR68	LP|Post-capillary Venules	2.8209	0.8349
GTF3C3	LP|Post-capillary Venules	1.9808	0.4394
HAPLN3	LP|Post-capillary Venules	4.0096	0.5532
HARS2	LP|Post-capillary Venules	2.1537	0.6422
HDGFRP3	LP|Post-capillary Venules	3.4919	0.2543
HELZ2	LP|Post-capillary Venules	2.1404	0.6940
HIP1	LP|Post-capillary Venules	3.4090	0.4900
HIPK3	LP|Post-capillary Venules	2.7554	0.6639
HKR1	LP|Post-capillary Venules	1.9549	0.3176
HMGN5	LP|Post-capillary Venules	2.8931	0.4118
HOXA-AS4	LP|Post-capillary Venules	3.3092	0.2774
HOXA4	LP|Post-capillary Venules	3.7958	2.8531
HOXA5	LP|Post-capillary Venules	3.8250	0.6953
HOXA9	LP|Post-capillary Venules	3.7776	0.3922
HOXB4	LP|Post-capillary Venules	3.3118	0.4502
HOXD1	LP|Post-capillary Venules	5.3900	0.7366
HOXD3	LP|Post-capillary Venules	4.7622	inf
HOXD9	LP|Post-capillary Venules	5.0971	0.3012
HSD3B7	LP|Post-capillary Venules	3.9264	0.2760
HSPB8	LP|Post-capillary Venules	5.0651	1.5570
HYAL2	LP|Post-capillary Venules	5.8564	0.7418
ICAM4	LP|Post-capillary Venules	2.6842	0.7916
IFI44	LP|Post-capillary Venules	2.4591	0.2660
IFT43	LP|Post-capillary Venules	2.5203	0.2506
IL33	LP|Post-capillary Venules	7.4451	2.8464
INMT	LP|Post-capillary Venules	4.9212	0.9367
INO80D	LP|Post-capillary Venules	1.0957	0.2746
INPP1	LP|Post-capillary Venules	3.6947	0.3679
IQCG	LP|Post-capillary Venules	1.4465	0.3641
ITGA3	LP|Post-capillary Venules	2.9753	0.3750
ITGB4	LP|Post-capillary Venules	5.1385	0.2641
ITPKC	LP|Post-capillary Venules	3.3789	1.1454
ITPR3	LP|Post-capillary Venules	2.0165	0.6973
JAM2	LP|Post-capillary Venules	6.9984	0.8618
KALRN	LP|Post-capillary Venules	3.2820	2.0830
KBTBD2	LP|Post-capillary Venules	2.9484	0.3538
KCNK1	LP|Post-capillary Venules	4.3619	2.1512
KCNMB3	LP|Post-capillary Venules	4.0439	1.6588
KCTD2	LP|Post-capillary Venules	1.8936	0.7576
KIAA1468	LP|Post-capillary Venules	1.4385	0.6285
KIAA1522	LP|Post-capillary Venules	3.7983	2.4414
KIAA1683	LP|Post-capillary Venules	1.9199	0.3573
KIF1C	LP|Post-capillary Venules	2.6704	0.3652
KLF8	LP|Post-capillary Venules	3.3801	0.3655
KLHDC9	LP|Post-capillary Venules	2.2668	0.5803
KLHL2	LP|Post-capillary Venules	2.1034	0.5006
KLHL3	LP|Post-capillary Venules	4.6064	3.3383
KLK10	LP|Post-capillary Venules	6.8423	inf
KMT2D	LP|Post-capillary Venules	1.2525	0.4220
KRT222	LP|Post-capillary Venules	7.0698	1.6832
KRT27	LP|Post-capillary Venules	7.4326	inf
KRT7	LP|Post-capillary Venules	4.1182	0.7671
LCLAT1	LP|Post-capillary Venules	1.8231	0.4382
LCN6	LP|Post-capillary Venules	6.9398	1.0209
LDLR	LP|Post-capillary Venules	2.8482	0.7291
LEPR	LP|Post-capillary Venules	5.4590	1.3011
LHX6	LP|Post-capillary Venules	8.6079	inf
LIFR	LP|Post-capillary Venules	5.4288	0.9481
LINC00312	LP|Post-capillary Venules	5.4179	0.8846
LINC00341	LP|Post-capillary Venules	1.9937	inf
LINC00665	LP|Post-capillary Venules	2.0187	0.5296
LINC01013	LP|Post-capillary Venules	5.9225	1.8652
LIPG	LP|Post-capillary Venules	4.8130	3.3503
LMBR1	LP|Post-capillary Venules	2.2373	0.2777
LMCD1	LP|Post-capillary Venules	4.7909	0.6883
LPCAT4	LP|Post-capillary Venules	3.3240	1.5575
LRG1	LP|Post-capillary Venules	4.5261	3.2945
LRRC1	LP|Post-capillary Venules	4.2627	1.9748
LRRC16A	LP|Post-capillary Venules	2.1381	0.3677
LRRC28	LP|Post-capillary Venules	1.6842	0.3816
LRRC8B	LP|Post-capillary Venules	1.5490	0.4401
LSG1	LP|Post-capillary Venules	1.9434	0.4449
LTF	LP|Post-capillary Venules	6.3673	inf
LYPD5	LP|Post-capillary Venules	5.1611	1.9397
LYVE1	LP|Post-capillary Venules	7.5197	inf
MADCAM1	LP|Post-capillary Venules	9.0223	inf
MAGI1	LP|Post-capillary Venules	5.5584	0.4454
MAGI3	LP|Post-capillary Venules	2.0658	0.8552
MALL	LP|Post-capillary Venules	6.3979	0.2599
MAPK11	LP|Post-capillary Venules	4.9659	0.3505
MARK4	LP|Post-capillary Venules	1.7850	1.2597
MARVELD2	LP|Post-capillary Venules	3.7693	2.8017
MED12	LP|Post-capillary Venules	2.1243	0.7777
MED24	LP|Post-capillary Venules	3.1040	0.9631
MEOX1	LP|Post-capillary Venules	6.9467	2.0700
MEOX2	LP|Post-capillary Venules	6.9815	inf
METTL20	LP|Post-capillary Venules	1.7159	1.0548
MEX3A	LP|Post-capillary Venules	3.3811	0.2784
MEX3C	LP|Post-capillary Venules	2.0169	0.5077
MFSD4	LP|Post-capillary Venules	4.2070	1.7761
MID1	LP|Post-capillary Venules	4.7086	0.7231
MKL2	LP|Post-capillary Venules	4.7257	0.6004
MMP28	LP|Post-capillary Venules	5.5738	1.3830
MMRN1	LP|Post-capillary Venules	8.6123	inf
MN1	LP|Post-capillary Venules	4.1463	inf
MTM1	LP|Post-capillary Venules	1.5249	0.3349
MTUS1	LP|Post-capillary Venules	5.1220	0.4588
MYCN	LP|Post-capillary Venules	6.0651	inf
MYO5C	LP|Post-capillary Venules	4.4146	0.3859
MYRIP	LP|Post-capillary Venules	7.0783	1.4844
NARF	LP|Post-capillary Venules	1.4789	0.4445
NCOA7	LP|Post-capillary Venules	4.1676	0.5019
NEDD4	LP|Post-capillary Venules	3.7991	0.2628
NEURL1B	LP|Post-capillary Venules	5.6374	0.3904
NFE2L1	LP|Post-capillary Venules	2.7782	0.3891
NHSL1	LP|Post-capillary Venules	2.8999	1.6142
NLGN4Y	LP|Post-capillary Venules	4.6622	inf
NMNAT1	LP|Post-capillary Venules	1.7022	0.5147
NOP10	LP|Post-capillary Venules	1.8196	0.2682
NOX4	LP|Post-capillary Venules	6.0116	inf
NPDC1	LP|Post-capillary Venules	6.4725	0.4121
NR2F6	LP|Post-capillary Venules	2.5906	0.3553
NR3C2	LP|Post-capillary Venules	2.5777	1.1621
NR5A2	LP|Post-capillary Venules	6.4155	2.0936
NSUN6	LP|Post-capillary Venules	1.3468	0.3413
NT5E	LP|Post-capillary Venules	3.0954	1.1335
NUB1	LP|Post-capillary Venules	1.6515	0.2595
NUDCD1	LP|Post-capillary Venules	2.5536	0.4447
OAS3	LP|Post-capillary Venules	2.9079	0.4811
OAZ3	LP|Post-capillary Venules	5.0304	0.6228
OCLN	LP|Post-capillary Venules	3.0990	1.2158
OPHN1	LP|Post-capillary Venules	3.1672	2.2432
PALM	LP|Post-capillary Venules	3.4572	0.2933
PAN2	LP|Post-capillary Venules	1.7056	1.1877
PCDH17	LP|Post-capillary Venules	6.8440	1.1269
PCNXL3	LP|Post-capillary Venules	1.7257	0.9059
PDE4C	LP|Post-capillary Venules	2.7634	1.2730
PDE9A	LP|Post-capillary Venules	3.1908	0.8669
PDLIM1	LP|Post-capillary Venules	4.1289	0.2921
PDLIM5	LP|Post-capillary Venules	3.4303	0.5291
PDZD2	LP|Post-capillary Venules	3.1474	inf
PEX14	LP|Post-capillary Venules	1.4454	0.3472
PGM5	LP|Post-capillary Venules	4.9862	0.2953
PHRF1	LP|Post-capillary Venules	1.1613	0.2565
PICK1	LP|Post-capillary Venules	1.4482	0.6114
PIGZ	LP|Post-capillary Venules	2.2919	0.7843
PIK3R4	LP|Post-capillary Venules	1.9698	0.3417
PIP4K2B	LP|Post-capillary Venules	2.1169	0.3580
PKP4	LP|Post-capillary Venules	5.4961	0.8815
PLA1A	LP|Post-capillary Venules	7.7084	inf
PLCB3	LP|Post-capillary Venules	2.5572	0.5004
PLCB4	LP|Post-capillary Venules	6.1572	1.8475
PLD2	LP|Post-capillary Venules	2.7208	0.7188
PLEKHG1	LP|Post-capillary Venules	3.6525	0.6877
POGLUT1	LP|Post-capillary Venules	1.8347	0.5115
POPDC2	LP|Post-capillary Venules	3.3034	inf
PPM1D	LP|Post-capillary Venules	1.8378	0.3849
PPP1R12C	LP|Post-capillary Venules	1.7574	0.3600
PPP1R13L	LP|Post-capillary Venules	2.8601	1.8817
PPP1R3D	LP|Post-capillary Venules	1.9752	1.6433
PPP2R5A	LP|Post-capillary Venules	2.2436	0.6089
PRCP	LP|Post-capillary Venules	4.0940	1.9493
PRKAR1B	LP|Post-capillary Venules	3.1543	0.6061
PRKCZ	LP|Post-capillary Venules	1.3281	0.3822
PRPSAP1	LP|Post-capillary Venules	2.4871	0.4414
PRRG1	LP|Post-capillary Venules	3.5316	0.2500
PRRG2	LP|Post-capillary Venules	2.9920	1.5509
PSORS1C1	LP|Post-capillary Venules	3.9019	0.8199
PTRH1	LP|Post-capillary Venules	1.8309	0.3149
RAB11FIP5	LP|Post-capillary Venules	3.2396	1.6002
RAB3C	LP|Post-capillary Venules	8.4268	inf
RAI14	LP|Post-capillary Venules	5.3704	0.7908
RALBP1	LP|Post-capillary Venules	1.7941	0.3903
RALGAPA2	LP|Post-capillary Venules	3.5978	1.6504
RALGAPB	LP|Post-capillary Venules	1.5107	0.3363
RAMP2-AS1	LP|Post-capillary Venules	2.9757	inf
RAMP3	LP|Post-capillary Venules	7.8519	0.3022
RANBP10	LP|Post-capillary Venules	2.0989	1.0964
RASA4	LP|Post-capillary Venules	4.7319	0.3826
RASSF9	LP|Post-capillary Venules	8.1266	inf
RBBP9	LP|Post-capillary Venules	2.0465	0.3337
RDH13	LP|Post-capillary Venules	1.5551	0.7434
RELL1	LP|Post-capillary Venules	3.2402	0.7650
RHBDL2	LP|Post-capillary Venules	3.6033	2.2964
RHOJ	LP|Post-capillary Venules	4.7794	0.6227
RHPN1	LP|Post-capillary Venules	2.2773	0.4074
RIMKLA	LP|Post-capillary Venules	3.7345	1.9270
ROBO3	LP|Post-capillary Venules	3.4192	1.1771
RP11-137H2.6	LP|Post-capillary Venules	4.4661	3.2546
RP11-180N14.1	LP|Post-capillary Venules	7.9384	inf
RP11-212P7.2	LP|Post-capillary Venules	1.3868	0.6786
RP11-417J8.6	LP|Post-capillary Venules	5.5627	inf
RP11-421L21.3	LP|Post-capillary Venules	2.7821	0.3208
RP11-468E2.4	LP|Post-capillary Venules	1.3679	1.1689
RP11-483L5.1	LP|Post-capillary Venules	6.6396	inf
RP11-488L18.10	LP|Post-capillary Venules	1.8337	1.3180
RP11-490M8.1	LP|Post-capillary Venules	3.8241	0.4717
RP11-553L6.5	LP|Post-capillary Venules	2.3800	0.3217
RP11-66N11.8	LP|Post-capillary Venules	2.1651	1.0255
RP11-6N17.4	LP|Post-capillary Venules	1.6463	0.3121
RP11-736K20.5	LP|Post-capillary Venules	4.3003	0.5227
RP11-73E17.2	LP|Post-capillary Venules	1.3516	0.6738
RP11-73M18.8	LP|Post-capillary Venules	2.7779	1.0399
RP11-768F21.1	LP|Post-capillary Venules	4.8292	inf
RP11-830F9.6	LP|Post-capillary Venules	5.0243	inf
RP11-92C4.6	LP|Post-capillary Venules	5.2917	inf
RP3-512B11.3	LP|Post-capillary Venules	4.9895	4.0677
RP5-1007M22.2	LP|Post-capillary Venules	2.2830	inf
RP5-884M6.1	LP|Post-capillary Venules	5.6149	inf
RP6-99M1.2	LP|Post-capillary Venules	2.2880	0.4778
RPGR	LP|Post-capillary Venules	2.8502	0.8431
RPP40	LP|Post-capillary Venules	2.3430	0.7011
RXFP1	LP|Post-capillary Venules	7.3604	inf
SAMD12	LP|Post-capillary Venules	2.4451	0.9671
SAMD14	LP|Post-capillary Venules	4.7671	0.3715
SAV1	LP|Post-capillary Venules	3.0309	0.3863
SCN1B	LP|Post-capillary Venules	3.4433	0.3671
SDCBP	LP|Post-capillary Venules	3.1011	0.6648
SDR16C5	LP|Post-capillary Venules	5.6722	2.7001
SEC24B	LP|Post-capillary Venules	1.4869	0.2551
SELE	LP|Post-capillary Venules	9.7353	inf
SELP	LP|Post-capillary Venules	9.2884	inf
SEMA6A	LP|Post-capillary Venules	6.9625	2.4465
SERTAD4	LP|Post-capillary Venules	3.5148	0.3726
SESN3	LP|Post-capillary Venules	2.1817	0.4473
SH3BP5L	LP|Post-capillary Venules	1.6312	0.6132
SHC1	LP|Post-capillary Venules	3.0680	0.3669
SHROOM2	LP|Post-capillary Venules	5.7682	inf
SIN3B	LP|Post-capillary Venules	1.6731	0.4286
SIRT5	LP|Post-capillary Venules	1.5198	0.3141
SLC24A1	LP|Post-capillary Venules	3.1075	inf
SLC25A25	LP|Post-capillary Venules	3.6786	0.8869
SLC25A28	LP|Post-capillary Venules	1.6685	0.3041
SLC29A1	LP|Post-capillary Venules	3.7843	0.6546
SLC41A3	LP|Post-capillary Venules	2.6086	0.7110
SLC44A4	LP|Post-capillary Venules	2.9483	1.1831
SLC51B	LP|Post-capillary Venules	5.1673	0.9424
SLC9B2	LP|Post-capillary Venules	1.6861	0.2899
SLFN5	LP|Post-capillary Venules	2.6384	0.3329
SMAD1	LP|Post-capillary Venules	5.6681	2.0901
SMAD9	LP|Post-capillary Venules	3.8367	0.2946
SMG7	LP|Post-capillary Venules	1.6193	0.2507
SNAP25	LP|Post-capillary Venules	6.8283	inf
SNCG	LP|Post-capillary Venules	7.2478	0.5223
SNTB2	LP|Post-capillary Venules	3.6654	0.5897
SNX16	LP|Post-capillary Venules	2.5464	1.5008
SOCS2	LP|Post-capillary Venules	3.5805	0.5373
SPATA6L	LP|Post-capillary Venules	2.7886	2.5388
SPNS2	LP|Post-capillary Venules	6.6902	1.4777
SSFA2	LP|Post-capillary Venules	3.1270	0.7094
SSH1	LP|Post-capillary Venules	2.6097	0.4368
ST6GALNAC1	LP|Post-capillary Venules	4.5856	0.2722
ST8SIA4	LP|Post-capillary Venules	2.3366	0.4036
STARD4	LP|Post-capillary Venules	2.0012	0.3976
STC2	LP|Post-capillary Venules	6.3908	1.0698
SUFU	LP|Post-capillary Venules	2.3330	0.7107
SYNJ1	LP|Post-capillary Venules	1.9382	1.0942
SYT15	LP|Post-capillary Venules	4.8822	inf
SYTL4	LP|Post-capillary Venules	2.2283	0.7447
TBC1D13	LP|Post-capillary Venules	1.7113	0.5252
TBC1D2	LP|Post-capillary Venules	2.4966	0.4480
TBC1D22B	LP|Post-capillary Venules	1.6479	0.7216
TBC1D30	LP|Post-capillary Venules	3.7887	2.4287
TBKBP1	LP|Post-capillary Venules	2.8775	inf
TCAIM	LP|Post-capillary Venules	1.7500	0.3705
TCN2	LP|Post-capillary Venules	3.7437	1.1104
TDGF1	LP|Post-capillary Venules	7.4425	4.6205
TDRD10	LP|Post-capillary Venules	4.6654	inf
TECPR1	LP|Post-capillary Venules	2.3394	0.2694
THEM6	LP|Post-capillary Venules	1.6363	0.2717
TLL1	LP|Post-capillary Venules	9.8380	inf
TMEM135	LP|Post-capillary Venules	2.0373	1.2169
TMEM44	LP|Post-capillary Venules	4.3724	0.5970
TMEM54	LP|Post-capillary Venules	3.2247	0.7819
TMTC4	LP|Post-capillary Venules	2.5149	0.7011
TNFRSF10A	LP|Post-capillary Venules	2.6422	1.4652
TNFRSF10B	LP|Post-capillary Venules	2.8653	0.3217
TNFRSF10D	LP|Post-capillary Venules	4.7040	0.9090
TNFSF10	LP|Post-capillary Venules	3.9052	0.3615
TNPO2	LP|Post-capillary Venules	1.8907	0.2750
TP53TG1	LP|Post-capillary Venules	2.1081	0.5363
TPD52L1	LP|Post-capillary Venules	6.6712	1.8261
TPO	LP|Post-capillary Venules	6.3490	0.4047
TPTEP1	LP|Post-capillary Venules	1.2668	1.0268
TRAF6	LP|Post-capillary Venules	1.1707	0.5072
TRIM25	LP|Post-capillary Venules	2.6995	0.5352
TRIM35	LP|Post-capillary Venules	1.5778	0.7433
TRIM37	LP|Post-capillary Venules	1.4490	0.3172
TRMT12	LP|Post-capillary Venules	1.3748	0.3736
TRRAP	LP|Post-capillary Venules	1.3650	0.3996
TSPAN18	LP|Post-capillary Venules	5.0338	0.2866
TSPAN6	LP|Post-capillary Venules	4.2261	0.8075
TSPAN7	LP|Post-capillary Venules	7.6980	1.9619
TSPYL5	LP|Post-capillary Venules	3.0566	0.5617
TTC7B	LP|Post-capillary Venules	3.7808	inf
TTL	LP|Post-capillary Venules	2.5911	0.4053
TTLL5	LP|Post-capillary Venules	1.7446	0.7482
UBR1	LP|Post-capillary Venules	1.4731	0.4750
UBTD1	LP|Post-capillary Venules	3.9032	0.4879
UCK2	LP|Post-capillary Venules	2.7069	0.4523
UGCG	LP|Post-capillary Venules	2.9559	0.5284
URGCP	LP|Post-capillary Venules	1.5351	0.2915
USP24	LP|Post-capillary Venules	1.3039	0.2504
USP28	LP|Post-capillary Venules	1.8721	0.2864
UTP15	LP|Post-capillary Venules	1.9254	0.2937
VEGFC	LP|Post-capillary Venules	6.8826	2.0349
VGLL4	LP|Post-capillary Venules	3.2765	0.6142
WDR37	LP|Post-capillary Venules	1.4870	0.6260
WDSUB1	LP|Post-capillary Venules	1.6446	0.4470
WRNIP1	LP|Post-capillary Venules	1.5841	0.3073
WSCD1	LP|Post-capillary Venules	6.4680	4.1387
YEATS2	LP|Post-capillary Venules	1.6251	0.5539
YPEL2	LP|Post-capillary Venules	3.2527	0.7585
YWHAG	LP|Post-capillary Venules	1.7992	0.2963
ZC3HC1	LP|Post-capillary Venules	2.0314	0.3444
ZCCHC2	LP|Post-capillary Venules	1.7406	0.5189
ZDHHC13	LP|Post-capillary Venules	1.8927	0.2563
ZDHHC17	LP|Post-capillary Venules	1.7267	0.3662
ZDHHC8	LP|Post-capillary Venules	2.3398	0.5412
ZMAT1	LP|Post-capillary Venules	1.6818	inf
ZNF205	LP|Post-capillary Venules	3.2785	0.2667
ZNF227	LP|Post-capillary Venules	1.5948	0.6108
ZNF25	LP|Post-capillary Venules	1.8326	0.3416
ZNF282	LP|Post-capillary Venules	1.9712	0.6442
ZNF3	LP|Post-capillary Venules	1.4081	0.2589
ZNF354A	LP|Post-capillary Venules	1.5896	0.3711
ZNF384	LP|Post-capillary Venules	1.7926	0.8883
ZNF385D	LP|Post-capillary Venules	8.6089	4.4441
ZNF423	LP|Post-capillary Venules	4.3087	0.7042
ZNF436	LP|Post-capillary Venules	3.3546	0.5669
ZNF473	LP|Post-capillary Venules	2.3533	0.8994
ZNF521	LP|Post-capillary Venules	5.2632	1.5407
ZNF528	LP|Post-capillary Venules	1.8479	1.4981
ZNF577	LP|Post-capillary Venules	2.1359	0.5885
ZNF684	LP|Post-capillary Venules	2.1406	0.5173
ZNF71	LP|Post-capillary Venules	2.2001	0.6558
ZNF768	LP|Post-capillary Venules	2.0351	0.5399
ZNF787	LP|Post-capillary Venules	1.8669	0.4502
ZNF792	LP|Post-capillary Venules	2.7416	inf
ZNF799	LP|Post-capillary Venules	2.0276	1.1599
ZNF844	LP|Post-capillary Venules	1.0184	0.3048
ZSCAN31	LP|Post-capillary Venules	4.0426	3.6901
ZSCAN9	LP|Post-capillary Venules	1.8897	0.3145
ADH1B	LP|RSPO3+	6.6663	0.9264
ANG	LP|RSPO3+	2.6624	0.3234
ANGPTL1	LP|RSPO3+	5.7930	0.6894
C1QTNF3	LP|RSPO3+	6.9850	1.3688
C3	LP|RSPO3+	5.8614	0.7941
C7	LP|RSPO3+	7.6767	3.1759
CCDC80	LP|RSPO3+	6.7243	2.0216
CCL19	LP|RSPO3+	5.4057	2.4426
CCL21	LP|RSPO3+	5.5214	3.7495
CD99	LP|RSPO3+	2.5283	0.5607
CFH	LP|RSPO3+	6.1291	0.8254
CHODL	LP|RSPO3+	5.9472	inf
CHRNB1	LP|RSPO3+	2.3211	0.7071
COL14A1	LP|RSPO3+	5.1264	0.2937
CUTC	LP|RSPO3+	2.0459	0.4215
CXCL12	LP|RSPO3+	6.2290	0.9857
DDAH2	LP|RSPO3+	3.1035	0.8589
DPT	LP|RSPO3+	6.3174	2.2161
DYNC2LI1	LP|RSPO3+	3.3631	1.1199
EAPP	LP|RSPO3+	1.6573	0.2886
EFEMP1	LP|RSPO3+	6.3952	1.1745
FAIM2	LP|RSPO3+	5.1978	1.9011
FAM13A	LP|RSPO3+	3.2643	0.7656
FAM228B	LP|RSPO3+	2.7632	0.5680
FBLN1	LP|RSPO3+	6.4814	0.2952
FGF13	LP|RSPO3+	4.6958	0.2863
GALNT11	LP|RSPO3+	2.0442	0.3926
GPC3	LP|RSPO3+	5.5321	1.3743
GREM1	LP|RSPO3+	6.1057	1.5997
GREM2	LP|RSPO3+	7.8424	inf
GSTM5	LP|RSPO3+	5.1877	0.4963
GUCY1A3	LP|RSPO3+	5.3734	0.6373
HSPB6	LP|RSPO3+	5.2904	0.6860
IGFBP6	LP|RSPO3+	4.5224	0.2755
ISOC1	LP|RSPO3+	1.7916	0.2512
MAPKAP1	LP|RSPO3+	2.7716	1.5278
METTL7A	LP|RSPO3+	2.1377	0.2805
NDFIP1	LP|RSPO3+	1.6561	0.2538
NFIA	LP|RSPO3+	4.1857	0.3609
NFIX	LP|RSPO3+	3.7813	0.2608
NUPR1	LP|RSPO3+	4.7334	0.7343
OGN	LP|RSPO3+	7.2094	2.3426
OSR2	LP|RSPO3+	4.0444	1.5160
PBX3	LP|RSPO3+	3.6455	1.2194
PDE5A	LP|RSPO3+	4.3771	0.3287
PJA1	LP|RSPO3+	2.9567	0.4532
PLAC9	LP|RSPO3+	5.5803	0.4816
PLAGL1	LP|RSPO3+	3.1829	0.4057
PRELP	LP|RSPO3+	7.1386	1.3506
PTGDS	LP|RSPO3+	5.7871	0.5525
PTGER1	LP|RSPO3+	5.0180	0.8634
RDH14	LP|RSPO3+	1.7524	0.3900
RGMA	LP|RSPO3+	5.8461	1.8486
RNF146	LP|RSPO3+	2.8570	0.8950
RP11-48O20.4	LP|RSPO3+	4.6514	0.3566
RP11-572C15.6	LP|RSPO3+	5.4459	1.0261
RP11-75C9.1	LP|RSPO3+	5.1327	0.4444
RSPO3	LP|RSPO3+	6.9801	2.8268
SERPINF1	LP|RSPO3+	5.2508	0.2614
SERPING1	LP|RSPO3+	4.8907	0.3926
SFRP1	LP|RSPO3+	5.4088	0.5097
SLIT3	LP|RSPO3+	5.2859	0.8977
SRPX	LP|RSPO3+	5.3817	1.5943
SSPN	LP|RSPO3+	3.2613	0.3351
STMN3	LP|RSPO3+	2.2779	0.3443
TCEA3	LP|RSPO3+	3.0396	0.7512
TCF7L2	LP|RSPO3+	3.3387	0.3142
VPS26A	LP|RSPO3+	1.6159	0.2510
ZNF280D	LP|RSPO3+	2.0555	0.4392
ZNF503	LP|RSPO3+	3.9912	0.4991
AC002331.1	LP|Tregs	5.5616	inf
AC016831.7	LP|Tregs	1.4056	0.3785
AC017002.1	LP|Tregs	5.0024	2.1114
ADTRP	LP|Tregs	4.5733	2.2393
AKAP5	LP|Tregs	2.1844	1.3349
AMMECR1	LP|Tregs	1.5037	0.3166
ANKS1B	LP|Tregs	4.3027	inf
BATF	LP|Tregs	4.7667	1.4822
BCAS3	LP|Tregs	2.5280	inf
C14orf182	LP|Tregs	1.8352	0.7424
C17orf96	LP|Tregs	2.6794	0.5525
CD28	LP|Tregs	3.1138	0.6053
CDKL2	LP|Tregs	4.5934	2.5095
CPA5	LP|Tregs	3.7836	1.0831
CTLA4	LP|Tregs	5.6552	2.1263
CUL9	LP|Tregs	3.5893	2.3215
DLGAP1-AS1	LP|Tregs	2.3904	1.0721
DUSP16	LP|Tregs	3.4762	1.8345
EPHB6	LP|Tregs	2.3624	0.3933
ETV7	LP|Tregs	2.8697	1.3099
F5	LP|Tregs	4.5304	inf
FAM184A	LP|Tregs	4.0874	inf
FANK1	LP|Tregs	6.1583	4.9990
FAS	LP|Tregs	2.4181	0.2689
FOXP3	LP|Tregs	7.3221	4.1960
GALNT10	LP|Tregs	1.5582	0.3273
GBP5	LP|Tregs	2.9122	0.3820
GNG8	LP|Tregs	4.9476	inf
IKZF2	LP|Tregs	4.2469	inf
IL1R2	LP|Tregs	4.8028	0.4340
IL2RA	LP|Tregs	5.2950	2.0725
LAX1	LP|Tregs	1.6119	0.5778
LINC00649	LP|Tregs	2.5312	0.3313
LPAR2	LP|Tregs	1.6886	0.6861
LRBA	LP|Tregs	1.5851	0.3242
LRRC61	LP|Tregs	2.3853	0.5516
METTL8	LP|Tregs	2.9321	1.6672
MIAT	LP|Tregs	2.0685	0.2559
NAB1	LP|Tregs	2.3612	0.3263
PBX4	LP|Tregs	2.5462	0.6401
PHTF2	LP|Tregs	2.4389	0.3800
PTPLA	LP|Tregs	4.0032	0.7199
RP11-138A9.2	LP|Tregs	1.0740	0.3495
RP11-214O1.3	LP|Tregs	3.1648	inf
RP11-316P17.2	LP|Tregs	4.7657	inf
RP11-367G6.3	LP|Tregs	2.3371	inf
RP11-796G6.2	LP|Tregs	2.9377	1.2273
RP11-803D5.4	LP|Tregs	2.9790	0.9964
RP3-325F22.5	LP|Tregs	1.8037	0.5637
RTKN2	LP|Tregs	4.7948	1.3345
SARDH	LP|Tregs	2.7739	0.6249
STAM	LP|Tregs	2.6605	1.4086
TBC1D4	LP|Tregs	4.0968	0.8852
THADA	LP|Tregs	1.9249	0.5702
TIGIT	LP|Tregs	4.8540	0.6511
TLK1	LP|Tregs	1.5952	0.3802
TNFRSF4	LP|Tregs	4.0219	1.4833
TNFRSF8	LP|Tregs	4.2399	inf
TNFRSF9	LP|Tregs	4.2606	1.5205
TTPAL	LP|Tregs	0.9975	0.4001
USP51	LP|Tregs	2.3886	inf
ZC3H12D	LP|Tregs	3.5591	0.8059
ZC3H7A	LP|Tregs	1.4616	0.4808
ZNF281	LP|Tregs	1.7129	0.5905
ZNRF1	LP|Tregs	3.3375	0.4943
AC116366.6	LP|WNT2B+ Fos-hi	2.2622	inf
BATF2	LP|WNT2B+ Fos-hi	3.2873	0.3978
C1orf167	LP|WNT2B+ Fos-hi	3.0068	0.2733
C3orf55	LP|WNT2B+ Fos-hi	4.1519	inf
CCL2	LP|WNT2B+ Fos-hi	6.1597	1.0477
CCL7	LP|WNT2B+ Fos-hi	5.0547	0.6828
CCL8	LP|WNT2B+ Fos-hi	5.8263	0.7035
CFHR3	LP|WNT2B+ Fos-hi	4.2577	0.3129
CMBL	LP|WNT2B+ Fos-hi	3.4376	0.3231
IKZF4	LP|WNT2B+ Fos-hi	2.3278	1.3252
KCTD6	LP|WNT2B+ Fos-hi	1.7121	0.2544
RASL11A	LP|WNT2B+ Fos-hi	2.9885	0.5067
RDH10	LP|WNT2B+ Fos-hi	2.7841	0.3288
RN7SL832P	LP|WNT2B+ Fos-hi	4.0431	0.2649
RP11-326I11.3	LP|WNT2B+ Fos-hi	2.1717	0.2658
TBC1D12	LP|WNT2B+ Fos-hi	2.5338	0.3934
ZNF230	LP|WNT2B+ Fos-hi	1.6909	0.2748
A1BG-AS1	LP|WNT2B+ Fos-lo 1	1.4987	inf
ABCA10	LP|WNT2B+ Fos-lo 1	4.1678	0.2827
ABCA6	LP|WNT2B+ Fos-lo 1	4.3837	0.3439
ABCA8	LP|WNT2B+ Fos-lo 1	5.9596	0.6643
ABCA9	LP|WNT2B+ Fos-lo 1	4.2136	0.4524
AC009506.1	LP|WNT2B+ Fos-lo 1	2.3276	0.3138
AC092652.1	LP|WNT2B+ Fos-lo 1	5.2623	inf
AC093415.2	LP|WNT2B+ Fos-lo 1	3.2263	0.3801
ADAMTS9-AS2	LP|WNT2B+ Fos-lo 1	3.7308	0.5255
ADAMTSL4	LP|WNT2B+ Fos-lo 1	3.8196	0.6561
ALS2CL	LP|WNT2B+ Fos-lo 1	3.6709	0.4003
ANKAR	LP|WNT2B+ Fos-lo 1	1.7355	1.5666
AP001258.4	LP|WNT2B+ Fos-lo 1	1.8802	0.9022
APBB3	LP|WNT2B+ Fos-lo 1	1.4352	0.3480
APOE	LP|WNT2B+ Fos-lo 1	6.9240	0.3938
ARHGAP20	LP|WNT2B+ Fos-lo 1	4.3150	0.4223
ARMCX4	LP|WNT2B+ Fos-lo 1	2.4503	0.4887
ATP6V1G2	LP|WNT2B+ Fos-lo 1	3.2361	inf
BBS10	LP|WNT2B+ Fos-lo 1	2.1940	1.1886
BEND6	LP|WNT2B+ Fos-lo 1	3.6079	0.2561
BRD8	LP|WNT2B+ Fos-lo 1	1.8203	0.3167
C10orf25	LP|WNT2B+ Fos-lo 1	2.9379	inf
C1orf213	LP|WNT2B+ Fos-lo 1	2.7655	inf
CAPN5	LP|WNT2B+ Fos-lo 1	3.0723	0.2520
CAPN6	LP|WNT2B+ Fos-lo 1	4.6070	inf
CARF	LP|WNT2B+ Fos-lo 1	1.1504	0.5040
CBR3-AS1	LP|WNT2B+ Fos-lo 1	1.9864	0.9589
CCDC151	LP|WNT2B+ Fos-lo 1	2.1187	0.3420
CCDC8	LP|WNT2B+ Fos-lo 1	4.1128	0.3261
CCDC89	LP|WNT2B+ Fos-lo 1	4.0933	inf
CFD	LP|WNT2B+ Fos-lo 1	7.2281	0.2668
CGNL1	LP|WNT2B+ Fos-lo 1	4.5184	inf
CHL1	LP|WNT2B+ Fos-lo 1	4.5941	0.4613
CHL1-AS2	LP|WNT2B+ Fos-lo 1	4.5676	0.7895
CILP	LP|WNT2B+ Fos-lo 1	4.6328	0.8311
CNTN1	LP|WNT2B+ Fos-lo 1	5.0176	inf
COL13A1	LP|WNT2B+ Fos-lo 1	3.9506	0.2541
COLEC11	LP|WNT2B+ Fos-lo 1	5.0227	0.4061
CROCCP2	LP|WNT2B+ Fos-lo 1	1.3471	0.2611
CROT	LP|WNT2B+ Fos-lo 1	2.0191	0.2838
CRYBG3	LP|WNT2B+ Fos-lo 1	3.4764	0.3060
CSRNP3	LP|WNT2B+ Fos-lo 1	4.1855	0.2937
CTB-113D17.1	LP|WNT2B+ Fos-lo 1	3.8403	2.3577
CTD-2078B5.2	LP|WNT2B+ Fos-lo 1	4.3156	inf
CTD-2269F5.1	LP|WNT2B+ Fos-lo 1	4.4786	inf
CXorf23	LP|WNT2B+ Fos-lo 1	1.9451	0.2637
CXorf24	LP|WNT2B+ Fos-lo 1	1.7367	1.2161
CYBRD1	LP|WNT2B+ Fos-lo 1	4.0014	0.2684
CYP2U1	LP|WNT2B+ Fos-lo 1	2.3271	1.2064
CYP4F12	LP|WNT2B+ Fos-lo 1	4.1192	0.5982
DACT1	LP|WNT2B+ Fos-lo 1	3.9772	0.2526
DHFRL1	LP|WNT2B+ Fos-lo 1	1.8008	0.4660
DMPK	LP|WNT2B+ Fos-lo 1	1.9903	0.6616
DPY19L4	LP|WNT2B+ Fos-lo 1	1.9676	0.3869
DUSP15	LP|WNT2B+ Fos-lo 1	3.5865	0.3754
DYNC2H1	LP|WNT2B+ Fos-lo 1	3.3170	0.4943
DZIP1	LP|WNT2B+ Fos-lo 1	3.8621	0.3170
ECHDC3	LP|WNT2B+ Fos-lo 1	2.4694	0.3147
EDA2R	LP|WNT2B+ Fos-lo 1	4.1761	0.7172
EDIL3	LP|WNT2B+ Fos-lo 1	5.2011	0.5800
ELANE	LP|WNT2B+ Fos-lo 1	4.7470	0.3063
ELMO2	LP|WNT2B+ Fos-lo 1	1.4253	0.6795
EPB41L1	LP|WNT2B+ Fos-lo 1	2.6185	1.6206
EPHA7	LP|WNT2B+ Fos-lo 1	4.7279	0.3883
EPOR	LP|WNT2B+ Fos-lo 1	1.4796	inf
ETNK2	LP|WNT2B+ Fos-lo 1	3.4909	inf
FAM102B	LP|WNT2B+ Fos-lo 1	2.7337	0.5549
FAM216A	LP|WNT2B+ Fos-lo 1	2.2261	0.3079
FBLIM1	LP|WNT2B+ Fos-lo 1	3.9598	0.3271
FGFR2	LP|WNT2B+ Fos-lo 1	4.5225	0.3372
FGFR4	LP|WNT2B+ Fos-lo 1	4.7032	0.6042
FHL2	LP|WNT2B+ Fos-lo 1	4.3092	0.2529
FKTN	LP|WNT2B+ Fos-lo 1	1.9574	0.6563
FZD1	LP|WNT2B+ Fos-lo 1	4.0820	0.6513
GABRA2	LP|WNT2B+ Fos-lo 1	4.7629	0.5244
GGT5	LP|WNT2B+ Fos-lo 1	4.7733	0.2778
GHR	LP|WNT2B+ Fos-lo 1	3.9418	0.5676
GIN1	LP|WNT2B+ Fos-lo 1	1.4281	0.2546
GPR63	LP|WNT2B+ Fos-lo 1	4.3585	0.5342
GPRASP2	LP|WNT2B+ Fos-lo 1	3.1851	inf
GPSM1	LP|WNT2B+ Fos-lo 1	3.6648	0.4387
GPX3	LP|WNT2B+ Fos-lo 1	4.9418	0.3942
GRIA3	LP|WNT2B+ Fos-lo 1	4.5194	0.3795
GRIA4	LP|WNT2B+ Fos-lo 1	4.7181	inf
GSTT1	LP|WNT2B+ Fos-lo 1	2.9499	0.3974
HCG11	LP|WNT2B+ Fos-lo 1	1.9584	0.3044
HOMEZ	LP|WNT2B+ Fos-lo 1	1.4038	0.3935
HOXA2	LP|WNT2B+ Fos-lo 1	3.8205	2.5653
HOXD11	LP|WNT2B+ Fos-lo 1	3.8853	0.3056
IFT80	LP|WNT2B+ Fos-lo 1	2.2075	0.3746
IGIP	LP|WNT2B+ Fos-lo 1	2.3253	0.3069
IL6ST	LP|WNT2B+ Fos-lo 1	3.7682	0.3975
ING4	LP|WNT2B+ Fos-lo 1	1.8956	0.4463
ITIH5	LP|WNT2B+ Fos-lo 1	4.7920	0.3591
KIAA1009	LP|WNT2B+ Fos-lo 1	2.0333	0.3463
KIAA1614	LP|WNT2B+ Fos-lo 1	3.1632	inf
KIDINS220	LP|WNT2B+ Fos-lo 1	1.7065	0.2748
KIF25	LP|WNT2B+ Fos-lo 1	4.2566	inf
KITLG	LP|WNT2B+ Fos-lo 1	4.1832	0.4608
KLHL13	LP|WNT2B+ Fos-lo 1	4.0954	0.2751
KRBOX1	LP|WNT2B+ Fos-lo 1	3.2024	0.7149
LINC00092	LP|WNT2B+ Fos-lo 1	3.4995	inf
LINC00883	LP|WNT2B+ Fos-lo 1	3.3988	inf
LINC00899	LP|WNT2B+ Fos-lo 1	2.7338	inf
LINC01082	LP|WNT2B+ Fos-lo 1	5.3511	0.3895
LMAN2L	LP|WNT2B+ Fos-lo 1	2.1918	0.3071
LOXL4	LP|WNT2B+ Fos-lo 1	3.8344	0.6722
LRIG3	LP|WNT2B+ Fos-lo 1	3.9561	0.4863
LRRC18	LP|WNT2B+ Fos-lo 1	4.4653	inf
LRRC49	LP|WNT2B+ Fos-lo 1	3.4096	0.2881
LUM	LP|WNT2B+ Fos-lo 1	7.2300	0.3089
MAPK10	LP|WNT2B+ Fos-lo 1	4.4980	0.6558
MC1R	LP|WNT2B+ Fos-lo 1	3.1158	inf
MCOLN3	LP|WNT2B+ Fos-lo 1	3.7262	0.2547
MED22	LP|WNT2B+ Fos-lo 1	1.5516	0.2750
METTL21B	LP|WNT2B+ Fos-lo 1	1.8614	0.2971
MIPOL1	LP|WNT2B+ Fos-lo 1	3.2534	1.4316
MORC4	LP|WNT2B+ Fos-lo 1	2.5229	0.2731
MTRNR2L10	LP|WNT2B+ Fos-lo 1	1.7235	1.2428
MTRNR2L8	LP|WNT2B+ Fos-lo 1	1.4997	1.0151
MUSK	LP|WNT2B+ Fos-lo 1	5.1819	1.2649
MXRA8	LP|WNT2B+ Fos-lo 1	4.3278	0.4825
NAALAD2	LP|WNT2B+ Fos-lo 1	4.5488	0.3757
NAALADL2	LP|WNT2B+ Fos-lo 1	4.0373	0.4212
NAP1L3	LP|WNT2B+ Fos-lo 1	3.4352	inf
NDN	LP|WNT2B+ Fos-lo 1	4.3117	0.3010
NDNF	LP|WNT2B+ Fos-lo 1	4.3190	0.4556
NKD2	LP|WNT2B+ Fos-lo 1	4.3067	0.4432
NOVA1	LP|WNT2B+ Fos-lo 1	4.4379	0.4924
NPAS3	LP|WNT2B+ Fos-lo 1	3.4389	inf
NPHP1	LP|WNT2B+ Fos-lo 1	2.6914	0.2710
NR1H4	LP|WNT2B+ Fos-lo 1	4.5781	0.6053
NR2F1	LP|WNT2B+ Fos-lo 1	4.3348	0.4815
NR2F1-AS1	LP|WNT2B+ Fos-lo 1	4.2462	0.2682
NUDT6	LP|WNT2B+ Fos-lo 1	2.0528	0.7058
OSR1	LP|WNT2B+ Fos-lo 1	5.2084	0.7721
OXER1	LP|WNT2B+ Fos-lo 1	3.4179	2.1664
P2RY1	LP|WNT2B+ Fos-lo 1	4.3315	0.8348
PABPC5	LP|WNT2B+ Fos-lo 1	4.1896	inf
PAMR1	LP|WNT2B+ Fos-lo 1	4.8405	0.7882
PARD3	LP|WNT2B+ Fos-lo 1	3.5843	0.3351
PAXIP1-AS2	LP|WNT2B+ Fos-lo 1	1.6718	inf
PBX1	LP|WNT2B+ Fos-lo 1	4.3500	0.5839
PCDH19	LP|WNT2B+ Fos-lo 1	4.5613	0.4810
PCDHB14	LP|WNT2B+ Fos-lo 1	3.6549	inf
PCDHB4	LP|WNT2B+ Fos-lo 1	3.9100	inf
PCDHB7	LP|WNT2B+ Fos-lo 1	4.5095	inf
PEX11A	LP|WNT2B+ Fos-lo 1	2.6647	0.6824
PGR	LP|WNT2B+ Fos-lo 1	4.5897	0.3775
PIEZO2	LP|WNT2B+ Fos-lo 1	4.7495	1.2680
PKNOX2	LP|WNT2B+ Fos-lo 1	3.7002	inf
PLEKHA4	LP|WNT2B+ Fos-lo 1	3.6844	0.4218
PLEKHA6	LP|WNT2B+ Fos-lo 1	4.2444	0.4217
PLEKHH2	LP|WNT2B+ Fos-lo 1	4.1648	0.7320
PPP1R3C	LP|WNT2B+ Fos-lo 1	5.0241	0.3526
PRDM5	LP|WNT2B+ Fos-lo 1	3.4742	1.9078
PRICKLE1	LP|WNT2B+ Fos-lo 1	3.2644	0.3457
PRTFDC1	LP|WNT2B+ Fos-lo 1	3.6755	0.2960
PTN	LP|WNT2B+ Fos-lo 1	5.4625	0.3988
PTPRD	LP|WNT2B+ Fos-lo 1	4.6187	0.5611
PTPRK	LP|WNT2B+ Fos-lo 1	3.4855	0.3215
PYROXD2	LP|WNT2B+ Fos-lo 1	2.2791	1.0265
RABL2A	LP|WNT2B+ Fos-lo 1	1.5832	0.3706
RBM12B	LP|WNT2B+ Fos-lo 1	1.4305	0.5673
RBM43	LP|WNT2B+ Fos-lo 1	2.3708	0.3703
RGL3	LP|WNT2B+ Fos-lo 1	2.8758	inf
RN7SKP295	LP|WNT2B+ Fos-lo 1	5.7198	1.9437
RNF112	LP|WNT2B+ Fos-lo 1	4.8510	0.7970
RNF150	LP|WNT2B+ Fos-lo 1	3.8349	0.4657
RNF212	LP|WNT2B+ Fos-lo 1	2.6328	0.9480
RORB	LP|WNT2B+ Fos-lo 1	4.2302	inf
RP1-142L7.8	LP|WNT2B+ Fos-lo 1	3.9809	inf
RP11-1000B6.3	LP|WNT2B+ Fos-lo 1	1.4079	0.2625
RP11-14N7.2	LP|WNT2B+ Fos-lo 1	4.1356	0.4672
RP11-264B14.1	LP|WNT2B+ Fos-lo 1	4.6367	inf
RP11-38P22.2	LP|WNT2B+ Fos-lo 1	3.9697	0.3733
RP11-398K22.12	LP|WNT2B+ Fos-lo 1	1.6058	inf
RP11-597D13.9	LP|WNT2B+ Fos-lo 1	3.7912	0.6176
RP11-611E13.2	LP|WNT2B+ Fos-lo 1	0.8737	0.2845
RP11-66B24.4	LP|WNT2B+ Fos-lo 1	3.2294	2.6394
RP11-710C12.1	LP|WNT2B+ Fos-lo 1	3.9832	inf
RP11-7O14.1	LP|WNT2B+ Fos-lo 1	4.3191	0.6425
RP3-323P13.2	LP|WNT2B+ Fos-lo 1	4.7890	0.5597
RUFY2	LP|WNT2B+ Fos-lo 1	1.9844	0.3011
RUNX1T1	LP|WNT2B+ Fos-lo 1	4.0006	0.3952
RYK	LP|WNT2B+ Fos-lo 1	2.1109	0.2635
SCARA5	LP|WNT2B+ Fos-lo 1	5.2810	0.5088
SCD5	LP|WNT2B+ Fos-lo 1	3.8867	0.3515
SDK2	LP|WNT2B+ Fos-lo 1	3.2259	inf
SEMA3E	LP|WNT2B+ Fos-lo 1	4.2891	0.4389
SFTA1P	LP|WNT2B+ Fos-lo 1	5.4287	0.8003
SGSH	LP|WNT2B+ Fos-lo 1	2.2325	0.2967
SHPRH	LP|WNT2B+ Fos-lo 1	1.4758	0.3928
SLC16A2	LP|WNT2B+ Fos-lo 1	3.7054	0.2800
SLC25A21-AS1	LP|WNT2B+ Fos-lo 1	3.4757	2.0795
SLC9A9	LP|WNT2B+ Fos-lo 1	2.4001	0.2968
SLCO1C1	LP|WNT2B+ Fos-lo 1	4.8190	inf
SLFN12	LP|WNT2B+ Fos-lo 1	2.5871	0.2870
SLIT2	LP|WNT2B+ Fos-lo 1	4.6235	0.6311
SNAI2	LP|WNT2B+ Fos-lo 1	4.9063	0.6513
SNHG18	LP|WNT2B+ Fos-lo 1	3.7861	0.4404
SPRY1	LP|WNT2B+ Fos-lo 1	3.7908	0.2505
SSBP3	LP|WNT2B+ Fos-lo 1	2.4621	0.3129
SSH3	LP|WNT2B+ Fos-lo 1	2.9503	0.4519
STARD4-AS1	LP|WNT2B+ Fos-lo 1	2.8249	inf
STS	LP|WNT2B+ Fos-lo 1	2.8640	0.3199
SUMF1	LP|WNT2B+ Fos-lo 1	2.0128	0.2550
SYNDIG1	LP|WNT2B+ Fos-lo 1	4.2856	0.2630
TANC1	LP|WNT2B+ Fos-lo 1	3.4460	0.3887
TCEAL5	LP|WNT2B+ Fos-lo 1	4.1983	inf
TCF21	LP|WNT2B+ Fos-lo 1	5.6527	0.2789
TCF7L1	LP|WNT2B+ Fos-lo 1	3.6165	0.3093
TEF	LP|WNT2B+ Fos-lo 1	2.8586	0.3920
TEKT3	LP|WNT2B+ Fos-lo 1	5.0781	1.0263
THRB	LP|WNT2B+ Fos-lo 1	3.3678	0.3717
TLR3	LP|WNT2B+ Fos-lo 1	2.9337	0.3016
TNFAIP8L3	LP|WNT2B+ Fos-lo 1	4.2353	0.3606
TNFRSF19	LP|WNT2B+ Fos-lo 1	4.3574	inf
TNFRSF1A	LP|WNT2B+ Fos-lo 1	3.4382	0.3276
TP73-AS1	LP|WNT2B+ Fos-lo 1	1.6889	inf
TRAF3IP2-AS1	LP|WNT2B+ Fos-lo 1	1.7612	0.6634
TRAM1L1	LP|WNT2B+ Fos-lo 1	3.5733	inf
TRIL	LP|WNT2B+ Fos-lo 1	4.3485	0.3220
TRPC1	LP|WNT2B+ Fos-lo 1	3.2277	inf
TSTD3	LP|WNT2B+ Fos-lo 1	2.0579	0.3199
TTLL3	LP|WNT2B+ Fos-lo 1	1.5995	0.7264
VCAM1	LP|WNT2B+ Fos-lo 1	5.0853	0.2892
VSTM4	LP|WNT2B+ Fos-lo 1	4.0450	0.4121
WDFY3-AS2	LP|WNT2B+ Fos-lo 1	3.7646	0.3990
XXbac-BPGBPG55C20.2	LP|WNT2B+ Fos-lo 1	2.0191	1.3269
ZC3H13	LP|WNT2B+ Fos-lo 1	1.8066	0.3794
ZFYVE9	LP|WNT2B+ Fos-lo 1	2.9720	0.3722
ZNF445	LP|WNT2B+ Fos-lo 1	1.4249	0.4529
ZNF507	LP|WNT2B+ Fos-lo 1	1.5170	0.5669
ZNF512	LP|WNT2B+ Fos-lo 1	2.0367	0.6001
ZNF583	LP|WNT2B+ Fos-lo 1	1.0067	0.5533
RNA18S5	LP|WNT2B+ Fos-lo 2	2.2845	0.2573
RNA28S5	LP|WNT2B+ Fos-lo 2	3.8607	0.2573
ADAMTS13	LP|WNT5B+ 1	5.3185	0.5967
ADAMTSL1	LP|WNT5B+ 1	4.3879	2.8046
AL590822.1	LP|WNT5B+ 1	3.7793	0.6370
APOL4	LP|WNT5B+ 1	3.6421	0.2866
ATP1B1	LP|WNT5B+ 1	2.8869	0.4472
ATP2C1	LP|WNT5B+ 1	2.1479	0.4288
CA11	LP|WNT5B+ 1	2.0179	1.0908
CCDC68	LP|WNT5B+ 1	4.3214	0.2888
CIB2	LP|WNT5B+ 1	3.9296	0.4479
CLSTN2	LP|WNT5B+ 1	4.7321	1.1097
CNTFR	LP|WNT5B+ 1	6.5425	0.5685
COLEC12	LP|WNT5B+ 1	4.3466	0.6372
CPM	LP|WNT5B+ 1	4.7573	0.9383
CRISPLD2	LP|WNT5B+ 1	4.1085	0.2903
CRYZ	LP|WNT5B+ 1	1.7920	0.3377
CTA-29F11.1	LP|WNT5B+ 1	1.8145	0.5864
DHRS12	LP|WNT5B+ 1	1.6311	0.5017
ECHDC2	LP|WNT5B+ 1	2.5987	0.2943
EGOT	LP|WNT5B+ 1	4.6290	inf
FAM150B	LP|WNT5B+ 1	5.9056	0.3121
FAM19A2	LP|WNT5B+ 1	2.7736	inf
FBXO21	LP|WNT5B+ 1	2.4856	0.4035
FGF9	LP|WNT5B+ 1	6.0136	0.7856
FRY	LP|WNT5B+ 1	4.2610	0.2628
GADD45B	LP|WNT5B+ 1	2.6670	0.5796
GADD45G	LP|WNT5B+ 1	4.1084	0.5190
GCLM	LP|WNT5B+ 1	2.3936	0.5464
GDF15	LP|WNT5B+ 1	4.4099	1.1887
GULP1	LP|WNT5B+ 1	4.0721	0.2581
HMGCLL1	LP|WNT5B+ 1	4.7695	inf
HSPA1A	LP|WNT5B+ 1	2.4690	0.3809
JUNB	LP|WNT5B+ 1	2.2863	0.4842
KAZALD1	LP|WNT5B+ 1	3.9960	0.3112
KB-1732A1.1	LP|WNT5B+ 1	3.8291	0.8128
KCNQ1OT1	LP|WNT5B+ 1	1.3442	0.2614
KCTD9	LP|WNT5B+ 1	3.7244	0.4846
MAP1LC3A	LP|WNT5B+ 1	3.9340	0.5102
MATN3	LP|WNT5B+ 1	6.1497	inf
NBL1	LP|WNT5B+ 1	5.1685	0.5543
NMNAT3	LP|WNT5B+ 1	4.2497	0.9976
NOL10	LP|WNT5B+ 1	1.5233	0.3089
NSG1	LP|WNT5B+ 1	6.1147	0.3990
PDE1A	LP|WNT5B+ 1	4.5855	0.6348
PDGFD	LP|WNT5B+ 1	5.5185	0.4030
PLK2	LP|WNT5B+ 1	4.1829	0.3461
POSTN	LP|WNT5B+ 1	6.9840	0.4318
PROM1	LP|WNT5B+ 1	5.5689	0.3080
PTGDR2	LP|WNT5B+ 1	5.5402	0.3550
RBP4	LP|WNT5B+ 1	6.8210	1.2967
RECK	LP|WNT5B+ 1	2.6952	0.3452
RGS17	LP|WNT5B+ 1	4.4966	0.6414
RGS6	LP|WNT5B+ 1	4.2267	inf
RNASE4	LP|WNT5B+ 1	3.3623	0.4291
RP13-516M14.4	LP|WNT5B+ 1	3.1579	1.0910
RSBN1L-AS1	LP|WNT5B+ 1	2.2856	0.2746
RTN4	LP|WNT5B+ 1	2.7278	0.2742
SCUBE2	LP|WNT5B+ 1	5.9409	0.3123
SLC44A3	LP|WNT5B+ 1	4.2912	0.2555
SMYD4	LP|WNT5B+ 1	3.1716	0.8313
TEX11	LP|WNT5B+ 1	4.7378	0.4449
TMEM200A	LP|WNT5B+ 1	2.9714	0.9328
ZC2HC1A	LP|WNT5B+ 1	2.5752	0.3523
ZSWIM4	LP|WNT5B+ 1	2.0950	0.4378
AC002511.2	LP|WNT5B+ 2	5.4180	inf
ARHGAP42	LP|WNT5B+ 2	3.4002	0.7205
ATP9A	LP|WNT5B+ 2	3.7739	0.3359
BAMBI	LP|WNT5B+ 2	4.1179	0.4526
BMP2	LP|WNT5B+ 2	4.9051	0.3191
BMP5	LP|WNT5B+ 2	5.4958	0.5263
CBLN2	LP|WNT5B+ 2	6.4926	0.9288
CLDND2	LP|WNT5B+ 2	2.8128	1.7465
COL4A5	LP|WNT5B+ 2	6.1388	0.7883
CYTH3	LP|WNT5B+ 2	2.7700	0.2515
DHRS7C	LP|WNT5B+ 2	6.1971	0.9825
DLG2	LP|WNT5B+ 2	4.4832	0.2901
F3	LP|WNT5B+ 2	6.8191	0.3440
FAM84A	LP|WNT5B+ 2	3.1230	0.3195
FBN2	LP|WNT5B+ 2	4.4545	0.3492
GBGT1	LP|WNT5B+ 2	2.8009	0.2858
GS1-18A18.1	LP|WNT5B+ 2	6.6411	0.9009
HSD17B2	LP|WNT5B+ 2	6.9268	0.2783
ITGA11	LP|WNT5B+ 2	4.5878	0.5060
LANCL2	LP|WNT5B+ 2	4.0890	0.2520
MAP1B	LP|WNT5B+ 2	5.0838	0.3737
MIR4458HG	LP|WNT5B+ 2	2.3561	0.2667
MT-RNR1	LP|WNT5B+ 2	2.8780	0.4022
NOL3	LP|WNT5B+ 2	2.0875	0.2683
NPY	LP|WNT5B+ 2	7.7320	inf
OBSCN	LP|WNT5B+ 2	4.2884	0.4952
PAPPA2	LP|WNT5B+ 2	7.0613	inf
PDGFRA	LP|WNT5B+ 2	5.7606	0.7061
PLAT	LP|WNT5B+ 2	6.4045	0.2859
PODN	LP|WNT5B+ 2	4.5758	0.3133
PTGIS	LP|WNT5B+ 2	5.1582	0.5535
PTX3	LP|WNT5B+ 2	5.0619	0.6361
RP11-1002K11.1	LP|WNT5B+ 2	5.1543	0.6310
RP11-449D8.1	LP|WNT5B+ 2	5.8355	0.2935
RP11-514D23.3	LP|WNT5B+ 2	4.0662	0.2569
SEMA3A	LP|WNT5B+ 2	5.5553	0.3952
SLC4A4	LP|WNT5B+ 2	4.2619	2.4178
ST5	LP|WNT5B+ 2	4.0441	0.2777
WDR27	LP|WNT5B+ 2	2.9533	0.4118
WFS1	LP|WNT5B+ 2	3.0244	0.5689
ZP1	LP|WNT5B+ 2	4.3304	0.6710
