gene	tau	top_cell_state	top_expr	n_states
7SK	0.9899	Epi|Tuft	1.0847	51
A1BG	0.8242	LP|CD8+ IL17+	0.0433	51
A1BG-AS1	0.7824	LP|CD8+ IL17+	0.1949	51
A1CF	0.8822	Epi|Best4+ Enterocytes	0.6738	51
A2M	0.8518	LP|WNT2B+ Fos-lo 2	14.6150	51
A2M-AS1	0.8832	LP|NKs	0.1679	51
A2ML1	0.9120	LP|Glia	0.0035	51
A4GALT	0.8451	LP|Microvascular	0.7974	51
AAAS	0.5146	LP|Cycling T	0.3166	51
AACS	0.6947	LP|MT-hi	0.2271	51
AADAC	0.9375	Epi|M cells	0.0049	51
AADAT	0.7674	LP|WNT5B+ 2	0.0482	51
AAED1	0.6153	LP|Endothelial	0.6421	51
AAGAB	0.8407	LP|CD69- Mast	0.8549	51
AAK1	0.7853	LP|CD8+ IL17+	1.1719	51
AAMDC	0.6991	LP|Glia	1.4838	51
AAMP	0.4188	LP|RSPO3+	1.0247	51
AANAT	nan	Epi|Best4+ Enterocytes	0.0000	51
AAR2	0.5498	LP|Endothelial	0.2168	51
AARD	0.9720	LP|CD69- Mast	0.6507	51
AARS	0.6104	LP|Glia	0.3887	51
AARS2	0.7880	LP|CD4+ PD1+	0.1100	51
AARSD1	0.8076	LP|ILCs	0.7151	51
AASDH	0.5711	LP|Glia	0.2490	51
AASDHPPT	0.5054	LP|Glia	0.3720	51
AASS	0.8054	LP|WNT5B+ 1	0.1502	51
AATF	0.5588	LP|Cycling T	0.6682	51
AATK	0.9638	LP|Glia	0.4024	51
ABAT	0.7637	LP|CD8+ IL17+	0.1681	51
ABCA1	0.7829	LP|Macrophages	0.6333	51
ABCA10	0.8979	LP|WNT2B+ Fos-lo 2	0.2202	51
ABCA12	0.9906	Epi|M cells	0.0937	51
ABCA13	0.8994	Epi|Goblet	0.0045	51
ABCA2	0.7639	Epi|Enteroendocrine	0.2185	51
ABCA3	0.9077	LP|Microvascular	0.1244	51
ABCA4	0.9760	Epi|Cycling TA	0.0006	51
ABCA5	0.7462	Epi|Tuft	0.6840	51
ABCA6	0.9112	LP|WNT2B+ Fos-lo 2	0.6999	51
ABCA7	0.8368	Epi|Tuft	0.2936	51
ABCA8	0.9281	LP|WNT2B+ Fos-lo 1	7.1441	51
ABCA9	0.9158	LP|WNT2B+ Fos-lo 2	0.0867	51
ABCB1	0.9166	Epi|Enterocytes	1.1868	51
ABCB10	0.7953	Epi|M cells	0.2074	51
ABCB11	0.9741	Epi|Immature Enterocytes 2	0.0016	51
ABCB4	0.9399	LP|Follicular	0.1878	51
ABCB5	0.8893	LP|ILCs	0.0429	51
ABCB7	0.5648	LP|GC	0.2646	51
ABCB8	0.5027	LP|CD69- Mast	0.2209	51
ABCB9	0.8962	Epi|Tuft	0.2725	51
ABCC1	0.7266	Epi|Enteroendocrine	0.1655	51
ABCC10	0.7860	Epi|M cells	0.1938	51
ABCC3	0.8518	Epi|Immature Enterocytes 2	1.8226	51
ABCC4	0.8862	LP|CD69- Mast	0.7457	51
ABCC5	0.6797	LP|Macrophages	0.2620	51
ABCC6	0.7490	Epi|Enterocyte Progenitors	0.1646	51
ABCC8	nan	Epi|Best4+ Enterocytes	0.0000	51
ABCC9	0.9978	LP|Pericytes	0.7080	51
ABCD1	0.8012	LP|Inflammatory Monocytes	0.1629	51
ABCD2	0.8785	LP|CD4+ PD1+	0.0780	51
ABCD3	0.7199	Epi|Immature Enterocytes 2	0.5417	51
ABCD4	0.7302	LP|Post-capillary Venules	0.5964	51
ABCE1	0.4172	LP|Endothelial	0.4052	51
ABCF1	0.4199	LP|CD8+ IL17+	0.5830	51
ABCF2	0.7017	LP|CD69- Mast	0.5628	51
ABCF3	0.4411	LP|MT-hi	0.2370	51
ABCG1	0.8577	LP|Microvascular	1.0655	51
ABCG2	0.9606	Epi|Enterocytes	1.5550	51
ABCG5	0.9516	Epi|Enteroendocrine	0.0166	51
ABCG8	0.9567	Epi|TA 1	0.0011	51
ABHD1	0.8882	LP|Microvascular	0.0083	51
ABHD10	0.6844	LP|Glia	0.2276	51
ABHD11	0.7493	Epi|Tuft	1.0936	51
ABHD12	0.7110	LP|Cycling Monocytes	0.9321	51
ABHD12B	0.9018	Epi|Enterocyte Progenitors	0.0503	51
ABHD13	0.6280	LP|RSPO3+	0.5372	51
ABHD14A	0.6546	LP|RSPO3+	0.9020	51
ABHD14B	0.4164	LP|CD4+ PD1+	0.9775	51
ABHD15	0.8502	LP|ILCs	0.3399	51
ABHD16A	0.6983	LP|MT-hi	0.0608	51
ABHD17A	0.8898	LP|NKs	3.1298	51
ABHD17B	0.7730	LP|CD69- Mast	0.4085	51
ABHD17C	0.8544	Epi|Enterocytes	0.7391	51
ABHD2	0.8770	Epi|Tuft	1.6327	51
ABHD3	0.8388	Epi|Enterocytes	2.3263	51
ABHD4	0.6545	Epi|Enterocytes	0.1030	51
ABHD5	0.6892	LP|Glia	0.5774	51
ABHD6	0.7438	LP|DC2	0.2018	51
ABHD8	0.6426	LP|RSPO3+	0.1831	51
ABI1	0.6605	LP|GC	1.2809	51
ABI2	0.6992	LP|Pericytes	0.6952	51
ABI3	0.8417	LP|Microvascular	3.6085	51
ABI3BP	0.9214	LP|RSPO3+	1.6027	51
ABL1	0.6899	LP|Inflammatory Fibroblasts	0.2927	51
ABL2	0.8816	LP|Glia	1.3956	51
ABLIM1	0.6996	LP|Endothelial	0.7352	51
ABLIM2	0.8575	Epi|M cells	0.1132	51
ABLIM3	0.8915	LP|WNT2B+ Fos-lo 2	0.2476	51
ABO	0.9431	Epi|Tuft	0.0226	51
ABR	0.6972	Epi|M cells	0.6909	51
ABRACL	0.6854	LP|CD8+ IL17+	5.2131	51
ABT1	0.5837	LP|CD69- Mast	0.9964	51
ABTB1	0.5574	LP|Microvascular	0.6412	51
ABTB2	0.9007	Epi|Tuft	0.1680	51
AC000003.2	0.9069	LP|DC2	0.0903	51
AC000068.10	0.9975	Epi|TA 2	0.0002	51
AC000068.5	0.8957	LP|MT-hi	0.0378	51
AC000068.9	0.9862	Epi|Stem	0.0013	51
AC002044.4	0.9715	Epi|Tuft	0.0099	51
AC002059.10	0.9579	Epi|Best4+ Enterocytes	0.0003	51
AC002116.7	0.9481	Epi|M cells	0.0140	51
AC002117.1	0.7575	LP|NKs	0.0959	51
AC002306.1	0.8697	LP|Tregs	0.0165	51
AC002310.12	0.6892	LP|CD4+ PD1+	0.1099	51
AC002310.7	0.8807	LP|CD8+ IL17+	0.0109	51
AC002331.1	0.9825	LP|Tregs	0.5524	51
AC002398.11	0.9677	LP|Pericytes	0.0288	51
AC002451.3	0.8831	LP|Glia	0.0405	51
AC002454.1	0.8819	LP|WNT2B+ Fos-lo 2	0.0062	51
AC002467.7	0.7343	Epi|M cells	0.1366	51
AC002472.13	0.8990	Epi|Enteroendocrine	0.0201	51
AC002550.5	nan	Epi|Best4+ Enterocytes	0.0000	51
AC003051.1	0.9131	LP|Microvascular	0.0319	51
AC003075.4	0.8876	LP|CD69- Mast	0.6400	51
AC003090.1	0.9692	LP|WNT5B+ 1	0.1930	51
AC003102.3	0.8289	LP|ILCs	0.0086	51
AC003104.1	0.8509	LP|NKs	0.0048	51
AC003665.1	0.8921	LP|CD69- Mast	0.0671	51
AC003956.1	0.9943	Epi|Immature Enterocytes 2	0.0001	51
AC003991.3	0.9132	Epi|Goblet	0.0200	51
AC004009.3	0.9819	Epi|TA 1	0.0007	51
AC004012.1	0.9833	Epi|Stem	0.0005	51
AC004053.1	0.8800	LP|Pericytes	0.0031	51
AC004069.2	0.6033	LP|DC1	0.0684	51
AC004156.3	nan	Epi|Best4+ Enterocytes	0.0000	51
AC004158.2	0.9106	Epi|M cells	0.0370	51
AC004231.2	0.9857	Epi|Goblet	0.0080	51
AC004257.1	0.9824	LP|Pericytes	0.0511	51
AC004257.3	0.5237	LP|CD8+ LP	0.0449	51
AC004381.6	0.8964	LP|CD69+ Mast	0.1152	51
AC004447.2	0.8871	LP|RSPO3+	0.0071	51
AC004463.6	0.7119	LP|GC	0.0266	51
AC004466.1	0.9372	LP|Glia	0.0154	51
AC004490.1	0.8979	LP|CD8+ IL17+	0.0272	51
AC004510.3	0.9632	Epi|Tuft	0.0165	51
AC004528.4	0.8460	LP|Glia	0.0306	51
AC004540.4	0.9529	LP|Post-capillary Venules	0.1052	51
AC004540.5	0.9487	LP|Pericytes	0.2558	51
AC004775.5	0.9373	Epi|Best4+ Enterocytes	0.0006	51
AC004791.2	0.9800	LP|CD69+ Mast	1.9113	51
AC004854.4	0.9407	LP|CD8+ IL17+	0.0204	51
AC004870.4	0.9263	Epi|TA 2	0.0086	51
AC004878.8	0.8983	LP|Glia	0.0136	51
AC004893.11	0.7335	LP|RSPO3+	0.0471	51
AC004941.3	0.9865	Epi|Immature Goblet	0.0018	51
AC004951.6	0.4750	Epi|Enteroendocrine	0.2837	51
AC004988.1	0.9896	Epi|TA 1	0.0008	51
AC005003.1	0.8991	Epi|Enteroendocrine	0.0977	51
AC005037.3	0.7970	LP|NKs	0.0108	51
AC005062.2	0.8955	Epi|Tuft	0.0831	51
AC005076.5	0.7997	LP|CD8+ IL17+	0.1055	51
AC005082.12	0.9398	LP|Macrophages	0.0207	51
AC005083.1	0.8808	Epi|Tuft	0.2033	51
AC005152.2	0.8718	Epi|Stem	0.0327	51
AC005154.6	0.6646	Epi|M cells	0.3399	51
AC005224.2	0.8620	LP|CD4+ PD1+	0.0151	51
AC005253.2	0.7608	LP|Inflammatory Monocytes	0.0412	51
AC005256.1	0.9827	Epi|Immature Enterocytes 1	0.0015	51
AC005306.3	0.8753	Epi|Tuft	0.0845	51
AC005307.1	0.9948	Epi|TA 1	0.0015	51
AC005329.7	0.8956	LP|Pericytes	0.0210	51
AC005339.2	0.7946	LP|Pericytes	0.0111	51
AC005355.2	0.9100	Epi|Tuft	0.3264	51
AC005356.1	0.8752	LP|Post-capillary Venules	0.0136	51
AC005498.3	0.8814	LP|Microvascular	0.0133	51
AC005523.2	0.8115	LP|CD69+ Mast	0.0694	51
AC005523.3	0.8629	LP|CD69+ Mast	0.0061	51
AC005537.2	0.9900	Epi|TA 2	0.0018	51
AC005540.3	0.9168	LP|CD69- Mast	0.2343	51
AC005550.3	0.9855	Epi|M cells	0.5626	51
AC005562.1	0.5856	LP|Glia	0.1487	51
AC005609.1	0.9861	Epi|Enteroendocrine	0.0381	51
AC005614.3	0.9585	LP|NKs	0.0089	51
AC005616.2	0.8429	LP|WNT2B+ Fos-lo 2	0.0070	51
AC005618.6	0.8554	LP|Follicular	0.0018	51
AC005682.5	0.9427	LP|Glia	0.1129	51
AC005785.2	0.9819	Epi|Stem	0.0007	51
AC005789.11	0.9523	LP|Endothelial	0.0224	51
AC005943.4	0.8203	LP|CD4+ PD1+	0.0385	51
AC005943.5	0.8931	Epi|M cells	0.0130	51
AC005944.2	0.8410	LP|NKs	0.0075	51
AC005954.4	0.8328	LP|Glia	0.0166	51
AC006050.2	0.9945	Epi|Cycling TA	0.0020	51
AC006116.17	0.9084	LP|ILCs	0.0096	51
AC006116.20	0.9196	LP|Post-capillary Venules	0.0739	51
AC006129.2	0.8307	LP|CD4+ PD1+	0.4184	51
AC006129.4	0.9400	LP|CD4+ PD1+	0.5144	51
AC006132.1	0.8811	LP|CD69- Mast	0.1765	51
AC006160.5	0.9218	LP|WNT2B+ Fos-hi	0.0204	51
AC006273.5	0.9630	LP|WNT5B+ 2	0.0114	51
AC006273.7	0.7892	LP|WNT5B+ 1	0.0031	51
AC006277.2	nan	Epi|Best4+ Enterocytes	0.0000	51
AC006369.2	nan	Epi|Best4+ Enterocytes	0.0000	51
AC006486.1	0.8629	LP|WNT2B+ Fos-hi	0.0594	51
AC006538.1	0.9983	Epi|TA 1	0.0011	51
AC006547.15	0.9006	Epi|Tuft	0.0164	51
AC006942.4	0.7943	LP|WNT5B+ 2	0.0914	51
AC006953.1	0.9643	Epi|Immature Enterocytes 1	0.0012	51
AC006967.1	nan	Epi|Best4+ Enterocytes	0.0000	51
AC006994.2	0.8800	LP|Glia	0.0866	51
AC007009.1	0.9352	Epi|Goblet	0.0092	51
AC007036.4	0.8529	LP|RSPO3+	0.0165	51
AC007036.6	0.9877	Epi|M cells	0.0075	51
AC007038.7	0.8574	LP|Pericytes	0.0147	51
AC007040.11	0.9862	LP|Glia	0.0308	51
AC007092.1	0.9234	LP|ILCs	0.0766	51
AC007099.1	0.9882	Epi|Stem	0.0014	51
AC007161.5	0.9270	LP|Glia	0.0747	51
AC007182.6	0.9436	Epi|Enterocytes	0.0609	51
AC007228.11	0.7359	LP|Microvascular	0.0229	51
AC007228.9	0.7148	LP|Pericytes	0.0768	51
AC007246.3	0.7607	Epi|Tuft	0.4078	51
AC007255.8	0.9090	Epi|M cells	0.0217	51
AC007292.3	0.7424	LP|WNT5B+ 1	0.0124	51
AC007292.4	0.9623	LP|Myofibroblasts	0.0055	51
AC007292.6	0.9290	Epi|M cells	0.0178	51
AC007308.6	0.8386	LP|CD8+ IL17+	0.0353	51
AC007365.3	0.9686	LP|NKs	0.0115	51
AC007382.1	0.7656	LP|ILCs	0.0297	51
AC007383.3	0.8400	LP|Pericytes	0.0445	51
AC007383.4	0.8953	LP|WNT5B+ 1	0.0076	51
AC007386.2	0.9302	LP|GC	0.0771	51
AC007390.5	0.3912	LP|NKs	0.4539	51
AC007401.2	0.9856	Epi|TA 1	0.0007	51
AC007405.2	0.9852	Epi|Immature Goblet	0.0073	51
AC007405.6	0.8630	Epi|Enteroendocrine	0.0445	51
AC007551.3	0.9024	LP|CD8+ IELs	0.0090	51
AC007563.5	0.9514	LP|RSPO3+	0.0071	51
AC007620.3	0.9446	Epi|M cells	0.0591	51
AC007679.3	0.9624	Epi|Best4+ Enterocytes	0.0070	51
AC007743.1	0.9880	Epi|TA 1	0.0037	51
AC007773.2	0.8481	LP|GC	0.0260	51
AC007879.2	0.9896	Epi|Immature Enterocytes 2	0.0009	51
AC007952.5	0.9587	LP|Inflammatory Fibroblasts	0.0082	51
AC008074.3	0.9413	Epi|Best4+ Enterocytes	0.0062	51
AC008132.13	0.9324	LP|Glia	0.0072	51
AC008174.3	0.9843	LP|CD69- Mast	0.2334	51
AC008267.1	0.8129	LP|GC	0.0061	51
AC008443.1	0.9171	LP|ILCs	0.0092	51
AC008746.12	0.8950	Epi|Tuft	0.0163	51
AC008753.6	0.9910	Epi|Cycling TA	0.0001	51
AC008982.2	0.7247	LP|NKs	0.0984	51
AC009005.2	0.8398	LP|Cycling Monocytes	0.1263	51
AC009014.3	0.8962	Epi|Enteroendocrine	0.2682	51
AC009120.10	0.8873	Epi|Enteroendocrine	0.0437	51
AC009120.6	0.8339	Epi|Enteroendocrine	0.0689	51
AC009133.12	0.8627	Epi|Goblet	0.3181	51
AC009133.14	0.8568	Epi|Immature Enterocytes 1	0.3694	51
AC009133.17	0.9221	Epi|Enteroendocrine	0.0490	51
AC009133.20	0.9823	Epi|Immature Enterocytes 1	0.0024	51
AC009133.21	0.9913	Epi|Goblet	1.0983	51
AC009236.1	0.8304	LP|CD69+ Mast	0.0232	51
AC009299.3	0.8039	LP|CD8+ IL17+	0.0502	51
AC009336.24	0.9585	LP|Microvascular	0.5596	51
AC009403.2	0.6701	Epi|Enteroendocrine	0.2215	51
AC009404.2	0.8955	LP|ILCs	0.4105	51
AC009410.1	0.9479	Epi|Tuft	0.0090	51
AC009473.1	0.8909	LP|GC	0.0289	51
AC009480.3	0.9383	LP|WNT5B+ 1	0.0123	51
AC009495.2	0.8990	Epi|Best4+ Enterocytes	0.0058	51
AC009501.4	0.6255	LP|Cycling Monocytes	4.3349	51
AC009506.1	0.7494	Epi|Tuft	0.1295	51
AC009948.5	0.7463	LP|Microvascular	0.0988	51
AC009950.2	0.8176	Epi|Tuft	0.0297	51
AC009961.3	0.8831	Epi|M cells	0.1579	51
AC010127.3	0.9844	Epi|TA 1	0.0007	51
AC010148.1	0.9627	Epi|Tuft	0.0024	51
AC010226.4	0.8183	LP|RSPO3+	0.2567	51
AC010327.2	0.9728	Epi|Enterocytes	0.0001	51
AC010336.1	0.8989	LP|ILCs	0.0523	51
AC010536.1	0.9361	Epi|Best4+ Enterocytes	0.0005	51
AC010642.1	0.7292	LP|NKs	0.0101	51
AC010745.1	0.8798	Epi|Immature Enterocytes 2	0.0059	51
AC010761.8	0.8141	LP|CD4+ PD1+	0.0611	51
AC010883.5	0.7792	LP|GC	0.0214	51
AC010894.3	0.7609	LP|RSPO3+	0.0183	51
AC010907.2	0.7717	LP|CD4+ Memory	0.0027	51
AC010982.1	0.9823	Epi|Enterocytes	0.0008	51
AC011043.1	0.8139	LP|RSPO3+	0.1526	51
AC011298.2	0.9539	Epi|Immature Enterocytes 1	0.1312	51
AC011523.2	0.9829	Epi|Immature Goblet	0.3280	51
AC011526.1	0.9647	LP|Post-capillary Venules	4.6249	51
AC011551.3	0.8693	Epi|Best4+ Enterocytes	0.0080	51
AC011558.5	0.8201	Epi|TA 1	0.0182	51
AC011718.2	0.9608	Epi|M cells	0.0746	51
AC011747.4	0.7989	Epi|Goblet	0.0637	51
AC011747.7	0.8375	Epi|Best4+ Enterocytes	0.0139	51
AC011753.5	0.9827	Epi|Immature Enterocytes 2	0.0005	51
AC011754.1	0.9754	Epi|Secretory TA	0.0008	51
AC011841.1	0.9432	Epi|Tuft	0.1656	51
AC011891.5	0.9402	Epi|Best4+ Enterocytes	0.0038	51
AC011997.1	0.9431	LP|Tregs	0.0231	51
AC012146.7	0.7533	LP|CD69- Mast	0.4108	51
AC012307.3	0.7593	LP|GC	0.0454	51
AC012309.5	0.9571	LP|Post-capillary Venules	0.0064	51
AC012314.8	0.8837	Epi|TA 1	0.0039	51
AC012317.1	0.9165	LP|Pericytes	0.0203	51
AC012358.8	0.8483	Epi|Enteroendocrine	0.0838	51
AC012360.4	0.8520	LP|NKs	0.0145	51
AC012370.2	0.9219	Epi|TA 1	0.0023	51
AC012442.6	nan	Epi|Best4+ Enterocytes	0.0000	51
AC012499.1	0.9880	Epi|Enterocyte Progenitors	0.0045	51
AC012507.3	0.9910	Epi|Best4+ Enterocytes	0.0029	51
AC013264.2	0.9043	LP|CD4+ Memory	0.3690	51
AC013268.5	0.8464	Epi|M cells	0.0542	51
AC013394.2	0.4704	LP|CD4+ PD1+	0.8385	51
AC013449.1	0.6130	LP|CD8+ IL17+	0.0431	51
AC015691.13	0.7984	Epi|TA 1	0.0340	51
AC015849.13	0.9004	LP|NKs	0.0346	51
AC015849.19	0.7296	LP|CD8+ IELs	0.0100	51
AC015987.1	0.9018	LP|CD8+ IELs	0.0075	51
AC016405.2	0.8350	LP|CD8+ IELs	0.0553	51
AC016586.1	0.6933	Epi|TA 1	0.0898	51
AC016629.8	0.9019	LP|ILCs	0.7613	51
AC016683.6	0.7346	Epi|M cells	0.3185	51
AC016700.3	nan	Epi|Best4+ Enterocytes	0.0000	51
AC016700.5	0.8582	LP|CD4+ PD1+	0.0395	51
AC016722.1	0.9007	LP|Endothelial	0.0139	51
AC016725.4	0.8147	LP|RSPO3+	0.0202	51
AC016735.2	0.9179	Epi|Secretory TA	0.0099	51
AC016747.3	0.8567	LP|CD69- Mast	0.3339	51
AC016757.3	0.8708	LP|Cycling Monocytes	0.0599	51
AC016831.7	0.8426	LP|Tregs	0.7342	51
AC016907.3	0.8970	Epi|Goblet	0.0105	51
AC017002.1	0.9658	LP|Tregs	2.3873	51
AC017002.2	0.8778	LP|Plasma	0.0102	51
AC017048.3	0.8573	LP|Glia	1.0832	51
AC017048.4	0.8920	LP|Post-capillary Venules	0.1376	51
AC017074.2	0.9367	Epi|TA 1	0.0066	51
AC017099.3	0.8441	LP|Endothelial	0.0285	51
AC017104.6	0.9307	LP|NKs	0.4084	51
AC018506.1	0.8471	LP|CD4+ PD1+	0.0174	51
AC018737.1	0.8006	LP|MT-hi	0.5267	51
AC018755.1	0.7842	LP|MT-hi	0.0380	51
AC018816.3	0.8191	LP|Microvascular	0.2091	51
AC019185.4	0.9369	Epi|Tuft	0.0111	51
AC019221.4	0.8172	LP|NKs	0.0332	51
AC019330.1	0.9802	Epi|Immature Goblet	0.0017	51
AC019330.2	0.9752	Epi|TA 2	0.0004	51
AC020571.3	0.9783	LP|CD69+ Mast	6.5552	51
AC020629.1	1.0000	Epi|Cycling TA	0.0004	51
AC020743.2	0.9647	LP|CD4+ PD1+	0.0730	51
AC021016.6	0.8966	LP|RSPO3+	0.0733	51
AC021218.2	0.9347	Epi|Enterocytes	0.0690	51
AC021224.1	0.8992	Epi|Tuft	0.0506	51
AC021860.1	0.8353	LP|NKs	0.0730	51
AC022007.5	0.8780	LP|Pericytes	0.0112	51
AC022154.7	0.8967	LP|CD8+ IELs	0.0168	51
AC022182.1	0.9590	Epi|Immature Goblet	0.0167	51
AC022182.3	0.9286	LP|ILCs	0.4704	51
AC022400.2	0.7937	Epi|Enterocytes	0.0206	51
AC022431.3	0.7893	LP|GC	0.0092	51
AC022498.1	0.6723	LP|NKs	0.0237	51
AC022532.1	0.7876	Epi|Stem	0.0187	51
AC022819.3	0.9555	LP|Glia	0.0871	51
AC023347.1	nan	Epi|Best4+ Enterocytes	0.0000	51
AC023490.1	0.9728	Epi|Tuft	0.1483	51
AC023590.1	0.9693	LP|GC	1.8584	51
AC024560.2	0.9030	Epi|Immature Enterocytes 1	0.0395	51
AC024592.12	0.9192	LP|CD8+ IELs	0.0065	51
AC024592.9	0.9110	Epi|Cycling TA	0.0236	51
AC024940.1	0.8276	LP|Cycling T	0.0105	51
AC025171.1	0.7308	LP|Microvascular	0.0444	51
AC025278.1	0.9619	Epi|TA 1	0.0006	51
AC025335.1	0.8651	LP|Pericytes	0.1054	51
AC026150.5	0.9908	Epi|TA 1	0.0025	51
AC026202.1	nan	Epi|Best4+ Enterocytes	0.0000	51
AC026202.3	0.9427	LP|Plasma	0.1478	51
AC026471.6	0.9651	Epi|M cells	0.1872	51
AC026740.1	0.9182	Epi|Immature Enterocytes 1	0.0071	51
AC026806.2	0.8231	LP|DC1	0.1633	51
AC027307.3	0.7528	LP|ILCs	0.0812	51
AC027763.2	0.5536	LP|RSPO3+	0.1741	51
AC034220.3	0.7470	Epi|Immature Enterocytes 2	0.0567	51
AC034243.1	0.9589	Epi|Enteroendocrine	0.0204	51
AC040977.1	0.8041	LP|Macrophages	0.0362	51
AC046143.3	0.8110	Epi|Best4+ Enterocytes	0.0456	51
AC053503.4	0.9847	Epi|Goblet	0.0400	51
AC061992.2	0.9215	LP|WNT5B+ 1	0.2346	51
AC062017.1	0.6465	LP|CD4+ PD1+	0.0860	51
AC062029.1	0.7115	LP|GC	0.0460	51
AC064834.1	0.9767	Epi|Immature Enterocytes 1	0.0330	51
AC066593.1	0.8942	Epi|TA 2	0.0811	51
AC068039.4	0.7324	LP|Endothelial	0.0337	51
AC068282.3	0.8666	LP|ILCs	0.0101	51
AC068499.10	0.9548	LP|Cycling B	0.0093	51
AC068620.1	0.7658	LP|CD8+ IELs	0.0121	51
AC068706.2	nan	Epi|Best4+ Enterocytes	0.0000	51
AC068831.10	0.9444	LP|Glia	0.0730	51
AC068831.6	0.9389	LP|Glia	0.0137	51
AC069277.2	0.9606	Epi|Best4+ Enterocytes	0.0614	51
AC069278.4	0.8011	LP|GC	0.0098	51
AC069363.1	0.9411	LP|NKs	0.1962	51
AC069513.4	0.7555	Epi|Enterocytes	0.0472	51
AC072062.1	0.9744	Epi|Secretory TA	0.0001	51
AC073043.1	0.9325	LP|Cycling B	0.0199	51
AC073133.1	0.9662	Epi|Immature Goblet	0.0037	51
AC073133.2	0.9296	Epi|Secretory TA	0.0035	51
AC073254.1	0.9830	Epi|Immature Goblet	0.0006	51
AC073283.4	0.9435	Epi|Tuft	0.3414	51
AC073283.7	0.9699	Epi|Immature Enterocytes 1	0.0103	51
AC073657.1	0.9083	LP|Tregs	0.0025	51
AC074091.13	0.9718	LP|Pericytes	0.0035	51
AC074117.10	0.6488	LP|CD8+ IELs	0.0289	51
AC074138.3	0.8901	LP|CD69- Mast	0.2425	51
AC074183.4	0.7968	LP|Endothelial	0.0588	51
AC074212.5	0.8793	LP|Plasma	0.1606	51
AC074212.6	0.8684	LP|Glia	0.0121	51
AC074286.1	0.7980	LP|Glia	0.0258	51
AC074289.1	0.9506	LP|GC	0.2848	51
AC074363.1	0.9088	Epi|Enterocytes	0.0036	51
AC074389.9	0.8635	LP|Plasma	0.0707	51
AC078852.2	0.9647	Epi|TA 2	0.0002	51
AC078883.3	0.9064	LP|Plasma	0.1317	51
AC078883.4	0.9853	Epi|Enterocyte Progenitors	0.0003	51
AC079210.1	0.7388	LP|ILCs	0.1440	51
AC079305.10	0.8121	LP|DC2	0.0644	51
AC079354.1	0.8875	LP|CD4+ PD1+	0.0235	51
AC079354.5	0.9315	Epi|Stem	0.0005	51
AC079602.1	0.8644	Epi|M cells	0.3719	51
AC079767.4	0.9720	LP|GC	1.6808	51
AC079779.4	0.9740	LP|WNT5B+ 2	0.0813	51
AC079807.2	0.7965	LP|Glia	0.0198	51
AC079922.3	0.6938	LP|NKs	0.1129	51
AC083843.1	0.9009	LP|MT-hi	0.1026	51
AC083884.8	0.9874	LP|Inflammatory Fibroblasts	0.0446	51
AC083900.1	0.9293	Epi|Immature Enterocytes 2	0.0513	51
AC084018.1	0.6341	LP|CD4+ Memory	0.2675	51
AC084219.4	0.8216	LP|Myofibroblasts	0.0189	51
AC084809.2	0.7876	LP|ILCs	0.0124	51
AC084809.3	0.9513	LP|ILCs	0.0484	51
AC087294.2	0.9267	Epi|Goblet	0.0009	51
AC087645.1	0.9850	Epi|Cycling TA	0.0022	51
AC090186.1	0.5834	LP|Inflammatory Fibroblasts	0.1175	51
AC090505.4	0.8515	LP|WNT5B+ 2	0.0195	51
AC090587.2	0.7002	LP|CD8+ IL17+	0.0685	51
AC090587.5	0.8832	LP|Cycling Monocytes	0.0211	51
AC090616.2	0.9810	Epi|M cells	0.0481	51
AC090673.1	0.9120	Epi|TA 1	0.0150	51
AC091729.9	0.6344	LP|Myofibroblasts	0.0483	51
AC092071.1	0.9725	Epi|Enterocytes	0.0048	51
AC092168.2	0.9460	Epi|TA 1	0.0041	51
AC092295.7	0.8481	LP|MT-hi	0.1561	51
AC092301.3	0.8323	LP|CD4+ PD1+	0.0226	51
AC092535.3	0.9798	Epi|Best4+ Enterocytes	0.0010	51
AC092574.2	0.8043	LP|Pericytes	0.0111	51
AC092580.4	0.9562	LP|CD8+ IL17+	8.6397	51
AC092594.1	0.9641	LP|WNT5B+ 2	0.0085	51
AC092620.2	0.7654	LP|Inflammatory Monocytes	0.0920	51
AC092652.1	0.9446	LP|WNT2B+ Fos-lo 1	0.0896	51
AC092669.3	0.8438	Epi|Tuft	0.0245	51
AC093157.1	0.8073	LP|Glia	0.0266	51
AC093323.3	0.7846	LP|NKs	0.3455	51
AC093375.1	0.9669	Epi|TA 1	0.0092	51
AC093382.1	0.9398	Epi|Best4+ Enterocytes	0.0002	51
AC093388.3	0.9040	LP|CD69- Mast	0.1765	51
AC093391.2	0.8519	LP|ILCs	0.0376	51
AC093415.2	0.7319	LP|WNT5B+ 2	0.1153	51
AC093495.4	0.8128	LP|ILCs	0.0301	51
AC093585.6	0.9319	Epi|Best4+ Enterocytes	0.0044	51
AC093609.1	0.9010	LP|CD8+ IELs	0.0311	51
AC093627.10	0.8621	LP|Cycling Monocytes	0.0773	51
AC093627.9	0.7741	LP|CD8+ IELs	0.0090	51
AC093642.3	0.9928	Epi|Goblet	0.2780	51
AC093673.5	0.7537	LP|DC1	0.3083	51
AC093802.1	0.9401	LP|CD69+ Mast	0.0148	51
AC093818.1	0.9201	LP|Plasma	0.2452	51
AC093901.1	0.9115	Epi|Enteroendocrine	0.0735	51
AC096559.1	0.9813	LP|GC	0.4813	51
AC096579.13	0.9490	LP|GC	0.0661	51
AC096579.7	0.9738	LP|Plasma	13.5956	51
AC096655.2	0.8332	LP|WNT2B+ Fos-lo 2	0.0169	51
AC096772.6	0.8224	LP|DC1	0.0690	51
AC097467.2	0.9861	Epi|Enterocytes	0.0037	51
AC097468.4	0.9973	Epi|Tuft	0.0265	51
AC097500.2	0.7084	Epi|M cells	0.1364	51
AC097662.2	0.9247	Epi|Immature Goblet	0.0034	51
AC097721.2	0.9409	LP|WNT2B+ Fos-lo 2	0.0119	51
AC097724.3	0.8486	LP|RSPO3+	0.0458	51
AC098820.3	0.9123	LP|Inflammatory Monocytes	0.0119	51
AC099850.1	0.7933	LP|WNT2B+ Fos-lo 2	0.0244	51
AC100830.3	0.9612	LP|Pericytes	0.2396	51
AC100830.4	0.9486	Epi|Secretory TA	0.0005	51
AC104024.1	0.9756	LP|Plasma	0.3128	51
AC104135.3	0.9851	Epi|Enterocytes	0.0028	51
AC104532.4	0.7070	LP|Tregs	0.0597	51
AC104653.1	0.9655	LP|GC	0.2624	51
AC104654.1	0.9981	Epi|TA 1	0.0012	51
AC104655.3	0.9929	LP|CD69+ Mast	0.0545	51
AC104667.3	0.8869	Epi|Tuft	0.0500	51
AC104695.3	0.9846	Epi|Stem	0.0034	51
AC104699.1	0.9665	LP|Plasma	0.2766	51
AC104820.2	0.9018	LP|CD8+ IL17+	0.4373	51
AC104841.2	0.9120	LP|WNT2B+ Fos-lo 2	0.0039	51
AC105020.1	0.9742	Epi|TA 1	0.0004	51
AC105339.1	0.9004	LP|NKs	0.0062	51
AC105344.2	0.9763	Epi|Immature Goblet	0.0019	51
AC105402.4	0.9840	Epi|TA 1	0.0011	51
AC105760.2	0.8608	LP|ILCs	0.0244	51
AC106753.1	nan	Epi|Best4+ Enterocytes	0.0000	51
AC106876.2	0.8278	Epi|Enterocytes	0.2274	51
AC107081.5	0.9105	LP|ILCs	0.0165	51
AC108004.2	0.9935	LP|Post-capillary Venules	0.0143	51
AC108142.1	0.9831	Epi|TA 2	0.0002	51
AC108488.3	0.6294	LP|Glia	0.1823	51
AC108488.4	0.8821	LP|Endothelial	0.1118	51
AC109826.1	0.9373	LP|Cycling Monocytes	0.2476	51
AC109828.1	0.8900	LP|ILCs	0.0246	51
AC110619.2	0.9741	Epi|Immature Goblet	0.0520	51
AC112229.7	0.8538	Epi|Secretory TA	0.1800	51
AC112693.2	0.8319	LP|CD8+ IELs	0.0097	51
AC113189.5	0.5824	LP|WNT5B+ 1	0.1422	51
AC114730.3	0.9679	Epi|Enteroendocrine	0.1502	51
AC115618.1	0.7091	LP|WNT5B+ 1	0.0975	51
AC116035.1	0.9782	LP|Microvascular	0.5683	51
AC116366.6	0.7958	LP|WNT2B+ Fos-hi	0.1013	51
AC116533.3	0.9735	Epi|Goblet	0.0200	51
AC117395.1	0.9862	Epi|Stem	0.0004	51
AC120194.1	0.8772	LP|CD4+ PD1+	0.0259	51
AC124789.1	0.9210	LP|Microvascular	0.3296	51
AC124944.3	0.8079	LP|Pericytes	0.0114	51
AC124944.5	0.9730	Epi|Secretory TA	0.0006	51
AC126614.1	0.9919	Epi|TA 1	0.0006	51
AC127496.1	0.9080	Epi|TA 1	0.0079	51
AC127904.2	0.8227	LP|ILCs	0.1421	51
AC129492.6	0.9676	Epi|Enterocyte Progenitors	0.0010	51
AC131025.8	0.9641	LP|Myofibroblasts	1.3845	51
AC131056.3	0.9436	LP|CD8+ LP	0.0739	51
AC131056.5	0.8793	Epi|Best4+ Enterocytes	0.0192	51
AC132186.1	0.9016	LP|Microvascular	0.0106	51
AC132192.1	0.8156	Epi|M cells	0.0154	51
AC132872.2	0.8143	LP|ILCs	0.1271	51
AC133528.2	0.7312	LP|NKs	0.0246	51
AC135048.13	0.8122	LP|Inflammatory Monocytes	0.0712	51
AC135178.1	0.9479	LP|MT-hi	0.1124	51
AC135983.2	0.9726	LP|NKs	0.0201	51
AC137932.1	0.8627	LP|CD69- Mast	0.1648	51
AC137934.1	0.6908	LP|Endothelial	0.0437	51
AC138655.1	0.9869	Epi|Enteroendocrine	0.0176	51
AC138969.4	0.8200	LP|CD8+ IL17+	0.0116	51
AC139100.2	0.7675	LP|Plasma	0.0398	51
AC140481.2	0.9447	LP|Pericytes	0.0169	51
AC140912.1	0.9798	LP|Pericytes	0.0507	51
AC142119.1	0.8737	LP|Follicular	0.0104	51
AC142528.1	0.6350	LP|CD4+ Memory	0.0586	51
AC144449.1	0.9823	LP|Glia	0.0851	51
AC144450.2	0.8437	LP|CD8+ IELs	0.0135	51
AC144521.1	0.8950	LP|ILCs	0.1819	51
AC144652.1	0.8325	LP|DC2	0.0420	51
AC144831.1	0.8814	LP|RSPO3+	0.0514	51
AC144835.1	0.9708	Epi|Stem	0.0037	51
AC145110.1	0.9810	LP|GC	0.1492	51
AC145212.1	0.7097	Epi|M cells	0.1775	51
AC145343.2	0.8612	LP|Pericytes	0.0152	51
AC147651.3	0.9492	Epi|Goblet	0.2008	51
AC147651.4	0.8703	LP|CD69+ Mast	0.1974	51
AC147651.5	0.9931	Epi|Best4+ Enterocytes	0.0007	51
AC156455.1	0.9210	LP|Myofibroblasts	0.2189	51
AC159540.1	0.7838	Epi|Goblet	0.3853	51
AC187652.1	0.9086	LP|DC2	0.0042	51
AC226119.5	0.9842	Epi|Enterocyte Progenitors	0.0039	51
ACA64	0.8407	Epi|Enteroendocrine	0.0601	51
ACAA1	0.7547	Epi|Immature Enterocytes 2	2.3172	51
ACAA2	0.8419	Epi|Enterocytes	5.5716	51
ACACA	0.7354	LP|MT-hi	0.2026	51
ACACB	0.8375	Epi|Tuft	0.3654	51
ACAD10	0.7739	LP|Pericytes	0.2359	51
ACAD11	0.8164	LP|Cycling T	0.0101	51
ACAD8	0.6129	LP|CD69- Mast	0.2798	51
ACAD9	0.6527	Epi|Enteroendocrine	0.2763	51
ACADM	0.6510	LP|GC	1.1996	51
ACADS	0.8383	Epi|Enterocyte Progenitors	2.4829	51
ACADSB	0.8417	Epi|Tuft	0.4876	51
ACADVL	0.5670	Epi|Immature Enterocytes 2	3.1361	51
ACAN	0.9730	LP|Pericytes	0.0525	51
ACAP1	0.8642	LP|MT-hi	6.1071	51
ACAP2	0.5901	LP|Inflammatory Monocytes	0.8920	51
ACAP3	0.7208	Epi|Tuft	0.3598	51
ACAT1	0.7570	Epi|Enterocyte Progenitors	2.4538	51
ACAT2	0.6928	Epi|Enterocyte Progenitors	1.0474	51
ACBD3	0.5399	LP|Endothelial	0.4004	51
ACBD4	0.5944	LP|RSPO3+	0.1530	51
ACBD5	0.4582	Epi|Enteroendocrine	0.2206	51
ACBD6	0.5354	LP|Pericytes	0.4711	51
ACBD7	nan	Epi|Best4+ Enterocytes	0.0000	51
ACCS	0.6847	LP|Cycling Monocytes	0.1198	51
ACD	0.6836	LP|CD8+ IL17+	0.5646	51
ACE	0.9515	LP|Microvascular	0.9463	51
ACE2	0.9401	Epi|Enterocytes	0.2238	51
ACER1	0.9674	Epi|TA 1	0.0005	51
ACER2	nan	Epi|Best4+ Enterocytes	0.0000	51
ACER3	0.6556	LP|DC1	0.4542	51
ACHE	0.9191	Epi|Enterocytes	0.6349	51
ACIN1	0.5135	LP|MT-hi	0.5819	51
ACKR2	0.8616	Epi|Immature Enterocytes 2	0.0204	51
ACKR3	0.9060	LP|Pericytes	0.2526	51
ACKR4	0.9878	LP|Inflammatory Fibroblasts	0.5785	51
ACLY	0.7345	LP|CD69- Mast	0.6808	51
ACN9	0.4935	Epi|Cycling TA	0.5814	51
ACO1	0.7443	LP|Inflammatory Fibroblasts	0.5165	51
ACO2	0.6785	Epi|Enterocyte Progenitors	1.6754	51
ACOT1	0.9027	Epi|Cycling TA	0.0070	51
ACOT11	0.8810	Epi|Tuft	0.8204	51
ACOT13	0.6970	Epi|Enterocyte Progenitors	1.2978	51
ACOT2	0.5963	Epi|Enterocyte Progenitors	0.1497	51
ACOT4	0.9063	LP|CD69- Mast	0.3725	51
ACOT7	0.8708	LP|CD69- Mast	2.6129	51
ACOT8	0.6932	Epi|Immature Enterocytes 2	0.8515	51
ACOT9	0.5505	LP|Pericytes	0.4829	51
ACOX1	0.8457	Epi|Enterocytes	1.5115	51
ACOX2	0.8152	LP|Glia	0.1486	51
ACOX3	0.8545	Epi|M cells	0.3784	51
ACOXL	0.7953	LP|Pericytes	0.0278	51
ACP1	0.5687	LP|WNT5B+ 1	2.2076	51
ACP2	0.6136	LP|Inflammatory Fibroblasts	0.4238	51
ACP5	0.9085	LP|Cycling Monocytes	6.8408	51
ACP6	0.8077	Epi|Enteroendocrine	0.3338	51
ACPL2	0.8033	LP|Glia	0.1225	51
ACPP	0.8917	LP|Inflammatory Monocytes	0.0745	51
ACR	0.9205	Epi|Enteroendocrine	0.0614	51
ACRBP	0.9894	LP|CD69+ Mast	0.6816	51
ACRC	0.7788	LP|CD8+ IL17+	0.0349	51
ACSBG1	0.9147	LP|CD69+ Mast	0.0164	51
ACSF2	0.7496	Epi|M cells	0.5179	51
ACSF3	0.8214	Epi|Tuft	0.8898	51
ACSL1	0.9154	LP|Inflammatory Monocytes	0.6189	51
ACSL3	0.5582	LP|WNT5B+ 2	0.4739	51
ACSL4	0.9036	LP|Inflammatory Fibroblasts	1.5333	51
ACSL5	0.8426	Epi|Enterocytes	2.3628	51
ACSL6	0.7933	LP|CD4+ Activated Fos-hi	0.1704	51
ACSM1	0.8478	Epi|Goblet	0.0271	51
ACSM2A	0.8773	LP|ILCs	0.0174	51
ACSM3	0.8549	Epi|M cells	0.4588	51
ACSM5	0.9835	LP|Glia	0.0643	51
ACSS1	0.7845	Epi|Tuft	0.7171	51
ACSS2	0.8528	Epi|Goblet	1.2773	51
ACSS3	0.8846	LP|WNT2B+ Fos-lo 2	0.0814	51
ACTA1	0.9608	LP|Glia	0.0125	51
ACTA2	0.9799	LP|Myofibroblasts	72.3632	51
ACTB	0.6873	LP|DC1	141.6721	51
ACTG1	0.6943	LP|GC	48.0902	51
ACTG2	0.9963	LP|Myofibroblasts	26.7279	51
ACTL10	0.6658	Epi|Immature Goblet	0.0654	51
ACTL6A	0.5685	LP|Cycling B	0.6494	51
ACTL8	0.9379	Epi|Enterocyte Progenitors	0.0051	51
ACTN1	0.8648	LP|Myofibroblasts	4.1069	51
ACTN1-AS1	0.9879	Epi|Cycling TA	0.0003	51
ACTN4	0.7077	LP|Microvascular	3.1924	51
ACTR10	0.5914	LP|Glia	1.3271	51
ACTR1A	0.5803	LP|CD69- Mast	0.8127	51
ACTR1B	0.6311	LP|Microvascular	0.7388	51
ACTR2	0.6282	LP|Inflammatory Monocytes	2.6548	51
ACTR3	0.7456	LP|GC	6.8420	51
ACTR3B	0.7785	LP|Post-capillary Venules	0.1366	51
ACTR3C	0.6287	Epi|TA 1	0.0849	51
ACTR5	0.7148	Epi|Enteroendocrine	0.1410	51
ACTR6	0.6072	LP|Glia	0.4499	51
ACTR8	0.7521	LP|CD69- Mast	0.2971	51
ACTRT3	0.8156	LP|Pericytes	0.0155	51
ACVR1	0.7904	LP|Myofibroblasts	0.3740	51
ACVR1B	0.7264	Epi|Immature Enterocytes 1	0.2935	51
ACVR1C	0.8574	Epi|TA 1	0.1190	51
ACVR2A	0.6154	Epi|Enterocytes	0.0904	51
ACVR2B	0.7529	LP|Glia	0.0790	51
ACVR2B-AS1	0.9436	Epi|Enteroendocrine	0.0016	51
ACVRL1	0.8956	LP|Microvascular	3.7175	51
ACY1	0.8178	Epi|Immature Enterocytes 1	0.1205	51
ACY3	0.9670	LP|GC	1.5613	51
ACYP1	0.7163	LP|MT-hi	0.6906	51
ACYP2	0.6612	LP|GC	0.5803	51
AD000090.2	0.7534	LP|ILCs	0.0646	51
AD000684.2	0.9574	Epi|Stem	0.0006	51
ADA	0.8390	LP|CD8+ IL17+	1.4178	51
ADAL	0.5857	LP|Cycling T	0.1725	51
ADAM10	0.7288	LP|ILCs	0.8171	51
ADAM12	0.9111	LP|CD8+ IL17+	0.3072	51
ADAM15	0.9186	LP|Endothelial	2.8401	51
ADAM17	0.6190	LP|Inflammatory Monocytes	0.4401	51
ADAM19	0.8231	LP|DC1	0.8245	51
ADAM22	0.9558	Epi|M cells	0.0985	51
ADAM23	0.9699	LP|Glia	0.1934	51
ADAM28	0.9019	LP|WNT2B+ Fos-lo 1	3.0990	51
ADAM29	0.9989	Epi|TA 1	0.0027	51
ADAM32	0.8724	Epi|Stem	0.0320	51
ADAM33	0.9265	LP|Myofibroblasts	0.3257	51
ADAM8	0.8716	LP|NKs	0.9174	51
ADAM9	0.7198	LP|Myofibroblasts	0.5380	51
ADAMDEC1	0.9486	LP|WNT2B+ Fos-lo 1	163.1402	51
ADAMTS1	0.9127	LP|Pericytes	1.4810	51
ADAMTS10	0.8296	LP|RSPO3+	0.1396	51
ADAMTS12	0.9648	LP|Pericytes	0.4421	51
ADAMTS13	0.9559	LP|WNT5B+ 1	0.2480	51
ADAMTS14	0.9325	LP|CD69- Mast	0.2425	51
ADAMTS15	0.9644	LP|Pericytes	0.0793	51
ADAMTS17	0.8293	LP|CD8+ IELs	0.0189	51
ADAMTS19	0.9859	Epi|TA 1	0.0006	51
ADAMTS2	0.9335	LP|Pericytes	0.5787	51
ADAMTS4	0.9647	LP|Pericytes	0.8045	51
ADAMTS5	0.9472	LP|Pericytes	0.6415	51
ADAMTS6	0.9755	LP|Myofibroblasts	0.8185	51
ADAMTS7	0.9654	LP|CD69- Mast	0.6868	51
ADAMTS8	0.9795	LP|Glia	0.1779	51
ADAMTS9	0.9160	LP|Post-capillary Venules	0.7272	51
ADAMTS9-AS2	0.8559	LP|RSPO3+	0.2362	51
ADAMTSL1	0.9345	LP|Glia	0.2640	51
ADAMTSL2	0.9242	LP|Microvascular	0.0848	51
ADAMTSL3	0.9079	LP|WNT5B+ 2	0.1511	51
ADAMTSL4	0.9012	LP|RSPO3+	0.2965	51
ADAMTSL4-AS1	0.8706	Epi|Goblet	0.0177	51
ADAMTSL5	0.8694	LP|Glia	0.0960	51
ADAP1	0.8291	Epi|Tuft	0.7010	51
ADAP2	0.9358	LP|Cycling Monocytes	1.2018	51
ADAR	0.4461	LP|NKs	1.0133	51
ADARB1	0.8487	LP|Microvascular	0.3685	51
ADAT1	0.6876	LP|CD4+ PD1+	0.2374	51
ADAT2	0.7337	LP|Tregs	0.1495	51
ADAT3	0.7372	Epi|Immature Enterocytes 1	0.0372	51
ADC	0.7844	LP|Glia	0.1264	51
ADCK1	0.6151	LP|Cycling Monocytes	0.0633	51
ADCK2	0.5764	LP|Cycling B	0.2109	51
ADCK3	0.7357	Epi|Stem	0.6404	51
ADCK4	0.5743	Epi|Tuft	0.1929	51
ADCK5	0.6634	Epi|M cells	0.3014	51
ADCY1	0.8797	Epi|Enteroendocrine	0.0686	51
ADCY10	0.9475	Epi|Immature Enterocytes 1	0.0036	51
ADCY2	0.9378	Epi|Enteroendocrine	0.0832	51
ADCY3	0.9442	LP|Pericytes	1.1453	51
ADCY4	0.9579	LP|Endothelial	1.0012	51
ADCY5	0.9780	Epi|Best4+ Enterocytes	0.4386	51
ADCY6	0.7619	Epi|Tuft	0.3981	51
ADCY7	0.8045	LP|CD69- Mast	0.5234	51
ADCY9	0.8153	LP|RSPO3+	0.1789	51
ADCYAP1	0.9881	LP|CD69+ Mast	1.9750	51
ADD1	0.5825	LP|Endothelial	0.9173	51
ADD2	0.9459	LP|Follicular	0.0162	51
ADD3	0.7985	LP|Glia	2.2784	51
ADGB	0.9226	Epi|TA 2	0.0049	51
ADH1A	0.9079	Epi|Enterocyte Progenitors	0.1053	51
ADH1B	0.9707	LP|RSPO3+	15.4701	51
ADH4	0.9868	Epi|Enteroendocrine	0.1000	51
ADH5	0.6794	LP|WNT5B+ 2	2.8130	51
ADH6	0.9683	Epi|Tuft	0.5389	51
ADHFE1	0.8124	LP|Glia	0.1291	51
ADI1	0.6185	Epi|M cells	2.6284	51
ADIPOR1	0.5728	LP|Microvascular	1.0738	51
ADIPOR2	0.6648	Epi|Enterocytes	0.4438	51
ADIRF	0.8866	LP|Pericytes	16.3697	51
ADIRF-AS1	0.7398	LP|WNT5B+ 1	0.0318	51
ADK	0.8919	LP|Glia	1.6718	51
ADM	0.8808	LP|WNT5B+ 1	3.3912	51
ADM2	0.9016	Epi|Goblet	0.0981	51
ADM5	0.9712	LP|Endothelial	0.6886	51
ADNP	0.6056	LP|Pericytes	0.4443	51
ADNP2	0.5150	LP|Pericytes	0.1215	51
ADO	0.7949	LP|Pericytes	0.3188	51
ADORA1	0.9079	LP|WNT2B+ Fos-hi	0.1476	51
ADORA2A-AS1	0.8504	LP|MT-hi	0.1033	51
ADORA2B	0.8388	Epi|Immature Enterocytes 2	0.2253	51
ADORA3	0.9793	LP|Cycling Monocytes	1.3934	51
ADPGK	0.6783	LP|CD69- Mast	1.0606	51
ADPGK-AS1	0.9179	LP|CD8+ IL17+	0.0588	51
ADPRH	0.7597	LP|Macrophages	0.1411	51
ADPRHL1	0.8495	Epi|M cells	0.0634	51
ADPRHL2	0.5138	Epi|M cells	0.4209	51
ADPRM	0.7021	LP|MT-hi	0.2542	51
ADRA2A	0.9363	LP|Pericytes	0.4480	51
ADRA2B	0.9808	LP|Pericytes	0.1113	51
ADRA2C	0.9866	Epi|Immature Goblet	0.0002	51
ADRB1	0.9094	LP|Endothelial	0.0394	51
ADRB2	0.9590	LP|CD69+ Mast	3.0649	51
ADRBK1	0.6683	LP|Inflammatory Monocytes	0.7232	51
ADRBK2	0.8843	LP|Inflammatory Monocytes	0.3988	51
ADRM1	0.4453	LP|Microvascular	1.7257	51
ADSL	0.6047	LP|Cycling T	0.8789	51
ADSS	0.5307	LP|CD8+ IL17+	0.7017	51
ADSSL1	0.7834	LP|WNT2B+ Fos-hi	0.1429	51
ADTRP	0.8606	Epi|Enterocyte Progenitors	1.2601	51
AE000661.37	0.9869	LP|CD69- Mast	1.5831	51
AE000662.92	0.8706	LP|Tregs	0.0388	51
AE000662.93	0.8824	LP|DC1	0.0095	51
AEBP1	0.8738	LP|Myofibroblasts	2.7865	51
AEBP2	0.6565	Epi|M cells	0.2042	51
AEN	0.7096	LP|MT-hi	0.2796	51
AES	0.6720	LP|NKs	4.1507	51
AF001548.5	0.8086	LP|Inflammatory Monocytes	0.0197	51
AF011889.2	0.9633	Epi|Secretory TA	0.0002	51
AF064858.6	nan	Epi|Best4+ Enterocytes	0.0000	51
AF064858.8	0.9391	LP|Cycling Monocytes	0.0420	51
AF064860.7	0.9304	Epi|Immature Goblet	0.0009	51
AF121898.3	0.9959	Epi|TA 1	0.0020	51
AF127577.8	0.9214	Epi|Enteroendocrine	0.0018	51
AF127936.3	0.9960	Epi|Immature Goblet	0.0006	51
AF127936.7	0.7820	LP|ILCs	0.0497	51
AF129075.5	0.9716	LP|Pericytes	0.0081	51
AF129408.17	0.8889	Epi|Enteroendocrine	0.0325	51
AF131215.2	0.9095	LP|GC	0.0090	51
AF131215.3	0.8989	LP|CD8+ IELs	0.0305	51
AF131215.4	0.7829	LP|GC	0.0243	51
AF131215.5	0.9395	Epi|M cells	0.0972	51
AF131215.8	0.9728	Epi|Stem	0.0007	51
AF131215.9	0.9490	LP|MT-hi	0.2703	51
AF131217.1	0.9853	LP|Myofibroblasts	0.3873	51
AF186192.1	0.9437	Epi|Stem	0.0010	51
AF196972.9	0.9279	LP|Microvascular	0.0238	51
AF213884.2	0.8594	LP|ILCs	0.0549	51
AF235103.1	0.9073	LP|ILCs	0.0119	51
AFAP1	0.7129	LP|Post-capillary Venules	0.2519	51
AFAP1-AS1	0.9750	Epi|Stem	0.0061	51
AFAP1L1	0.9467	LP|Microvascular	0.4212	51
AFAP1L2	0.9624	Epi|Tuft	1.2780	51
AFF1	0.7698	LP|CD69- Mast	0.3725	51
AFF3	0.9360	LP|ILCs	0.6737	51
AFF4	0.4501	Epi|Tuft	0.5993	51
AFG3L2	0.6205	Epi|Cycling TA	0.6610	51
AFMID	0.6767	LP|WNT5B+ 1	0.2937	51
AFP	0.9854	Epi|Enterocyte Progenitors	0.0016	51
AFTPH	0.6199	LP|GC	0.5218	51
AGA	0.4962	LP|Cycling T	0.3716	51
AGAP1	0.8257	Epi|M cells	0.4104	51
AGAP1-IT1	0.9445	Epi|Goblet	0.1974	51
AGAP10	0.8037	LP|Myofibroblasts	0.0824	51
AGAP2	0.8066	LP|CD8+ LP	0.0526	51
AGAP2-AS1	0.8282	LP|Inflammatory Fibroblasts	0.2803	51
AGAP3	0.7729	LP|Microvascular	0.2916	51
AGAP4	0.8112	Epi|Stem	0.0064	51
AGAP6	0.7460	Epi|Enteroendocrine	0.0804	51
AGAP8	0.9294	Epi|Best4+ Enterocytes	0.0091	51
AGBL2	0.8139	LP|Cycling T	0.0171	51
AGBL3	0.8123	LP|RSPO3+	0.0751	51
AGBL4	0.9815	Epi|M cells	0.0171	51
AGBL5	0.5459	LP|WNT5B+ 1	0.1007	51
AGBL5-AS1	0.9745	Epi|TA 1	0.0006	51
AGER	0.7399	Epi|M cells	0.0498	51
AGFG1	0.6869	LP|Inflammatory Monocytes	0.3474	51
AGFG2	0.6528	Epi|Tuft	0.2896	51
AGGF1	0.5817	LP|RSPO3+	0.4557	51
AGK	0.8079	LP|NKs	0.3501	51
AGL	0.5931	LP|Myofibroblasts	0.2247	51
AGMAT	0.8135	LP|CD4+ PD1+	0.3004	51
AGMO	0.9954	Epi|M cells	0.5799	51
AGO1	0.7110	Epi|M cells	0.2721	51
AGO2	0.7520	LP|CD8+ IL17+	0.2001	51
AGO3	0.4351	LP|NKs	0.3500	51
AGO4	0.7906	LP|Inflammatory Monocytes	0.2380	51
AGPAT1	0.6687	LP|DC1	0.6207	51
AGPAT2	0.8577	Epi|Enterocytes	5.7367	51
AGPAT3	0.7342	Epi|Enterocytes	0.4508	51
AGPAT4	0.8505	LP|Inflammatory Fibroblasts	0.2755	51
AGPAT5	0.7675	LP|ILCs	0.4673	51
AGPAT6	0.6015	Epi|M cells	0.3761	51
AGPAT9	0.8862	LP|DC2	0.6324	51
AGPS	0.7880	LP|CD69- Mast	0.7337	51
AGR2	0.9409	Epi|Immature Goblet	71.9276	51
AGR3	0.8356	Epi|Immature Goblet	3.3203	51
AGRN	0.7778	LP|Microvascular	0.2582	51
AGT	0.9574	LP|WNT5B+ 2	4.7609	51
AGTPBP1	0.8833	LP|Inflammatory Monocytes	0.3579	51
AGTR1	0.9997	Epi|Enteroendocrine	0.0604	51
AGTRAP	0.7623	LP|Inflammatory Monocytes	1.4843	51
AGXT	0.9000	Epi|Enteroendocrine	0.0796	51
AHCTF1	0.6246	Epi|M cells	0.2048	51
AHCY	0.6928	Epi|Cycling TA	1.0193	51
AHCYL1	0.5977	LP|WNT5B+ 2	0.8848	51
AHCYL2	0.9178	Epi|Immature Enterocytes 2	1.3560	51
AHDC1	0.7268	LP|WNT2B+ Fos-lo 2	0.2360	51
AHI1	0.7876	LP|Myofibroblasts	1.2160	51
AHNAK	0.6526	LP|Glia	2.7337	51
AHNAK2	0.9404	LP|Myofibroblasts	0.4376	51
AHR	0.7248	LP|CD69+ Mast	1.2513	51
AHRR	0.9127	LP|Microvascular	0.1801	51
AHSA1	0.7970	LP|CD69- Mast	3.1155	51
AHSA2	0.5624	LP|Pericytes	0.2924	51
AHSG	0.9438	Epi|TA 1	0.0004	51
AICDA	0.9735	LP|GC	1.2607	51
AIDA	0.6503	LP|Endothelial	0.7451	51
AIF1	0.9394	LP|Inflammatory Monocytes	23.3050	51
AIF1L	0.9811	LP|Endothelial	0.8879	51
AIFM1	0.7090	Epi|Enterocyte Progenitors	0.5524	51
AIFM2	0.8341	Epi|Immature Enterocytes 2	0.5770	51
AIFM3	0.7987	Epi|TA 2	0.3943	51
AIG1	0.7518	LP|Glia	1.1126	51
AIM1	0.5631	Epi|TA 2	0.3696	51
AIM1L	0.9510	Epi|Immature Enterocytes 1	0.3512	51
AIM2	0.9427	LP|GC	0.9537	51
AIMP1	0.4110	LP|Pericytes	1.0836	51
AIMP2	0.6408	Epi|TA 2	0.6694	51
AIP	0.5198	LP|Microvascular	1.4227	51
AIPL1	0.8315	Epi|Immature Enterocytes 1	0.0130	51
AJ239322.1	0.8640	LP|ILCs	0.0242	51
AJ271736.10	0.9317	LP|CD69- Mast	1.9553	51
AJUBA	0.9383	LP|Pericytes	0.2281	51
AK1	0.8829	Epi|Enterocytes	1.2397	51
AK2	0.5587	Epi|Enterocyte Progenitors	1.6601	51
AK3	0.7126	LP|Glia	1.5679	51
AK4	0.7748	Epi|Tuft	0.1850	51
AK5	0.9620	LP|Glia	0.3204	51
AK7	0.8274	Epi|TA 1	0.0157	51
AK8	0.9947	Epi|M cells	0.8091	51
AK9	0.9024	LP|CD69- Mast	0.6667	51
AKAP1	0.7193	Epi|M cells	0.7238	51
AKAP10	0.6190	Epi|M cells	0.3024	51
AKAP11	0.5498	LP|Endothelial	0.2568	51
AKAP12	0.8518	LP|Myofibroblasts	1.1399	51
AKAP13	0.6856	LP|CD69- Mast	2.1905	51
AKAP17A	0.6836	Epi|Tuft	0.7497	51
AKAP3	0.8377	LP|WNT5B+ 2	0.0041	51
AKAP5	0.8903	LP|CD69- Mast	0.4566	51
AKAP6	0.9775	LP|Glia	0.1522	51
AKAP7	0.6752	LP|Glia	0.3679	51
AKAP8	0.5491	LP|ILCs	0.2580	51
AKAP8L	0.5908	LP|NKs	0.4200	51
AKAP9	0.7277	Epi|Tuft	3.2299	51
AKIP1	0.7048	LP|WNT5B+ 1	0.6414	51
AKIRIN1	0.6486	LP|ILCs	1.1194	51
AKIRIN2	0.6878	LP|GC	1.3399	51
AKNA	0.8278	LP|NKs	1.6014	51
AKNAD1	0.9203	LP|Glia	0.0405	51
AKR1A1	0.5876	LP|Cycling Monocytes	2.4633	51
AKR1B1	0.7652	LP|Inflammatory Fibroblasts	3.5259	51
AKR1B10	0.9406	Epi|Enterocyte Progenitors	3.6574	51
AKR1B15	0.9177	Epi|TA 1	0.0019	51
AKR1C1	0.9586	LP|Inflammatory Fibroblasts	0.8548	51
AKR1C2	0.9645	Epi|M cells	0.6784	51
AKR1C3	0.9361	Epi|M cells	8.8102	51
AKR1D1	0.9078	LP|CD4+ PD1+	0.0206	51
AKR1E2	0.9208	LP|Microvascular	0.0171	51
AKR7A2	0.6605	LP|WNT5B+ 1	2.3181	51
AKR7A3	0.9204	Epi|Enterocyte Progenitors	2.1828	51
AKT1	0.6528	LP|MT-hi	0.4452	51
AKT1S1	0.5727	LP|Inflammatory Fibroblasts	0.4929	51
AKT2	0.5557	LP|CD69- Mast	0.4287	51
AKT3	0.7358	LP|Microvascular	0.1922	51
AKTIP	0.7406	LP|Glia	0.5940	51
AL009178.1	0.9267	Epi|Best4+ Enterocytes	0.0066	51
AL020996.1	0.9063	Epi|TA 2	0.0002	51
AL022341.3	0.9113	Epi|Tuft	0.0278	51
AL022476.2	0.8543	LP|RSPO3+	0.0144	51
AL031602.1	0.9711	LP|ILCs	0.7981	51
AL031663.2	0.8132	LP|CD8+ IELs	0.0142	51
AL031666.2	0.8245	LP|Glia	0.0185	51
AL035610.1	0.9360	LP|RSPO3+	0.1457	51
AL079342.1	0.7788	LP|WNT5B+ 2	0.0125	51
AL109761.5	0.9653	LP|Plasma	0.0373	51
AL117190.3	0.9259	LP|WNT2B+ Fos-hi	0.0498	51
AL132709.5	0.8547	LP|WNT2B+ Fos-lo 2	0.1805	51
AL133245.2	0.8541	LP|MT-hi	0.1189	51
AL133373.1	0.9655	Epi|M cells	0.0338	51
AL136376.1	0.9849	Epi|TA 2	0.0002	51
AL136419.6	0.6580	LP|CD69- Mast	0.4085	51
AL136531.1	0.7421	LP|Pericytes	0.0137	51
AL138764.1	0.7275	LP|CD8+ IL17+	0.0477	51
AL138963.1	0.9799	Epi|TA 1	0.0015	51
AL139099.1	0.8818	LP|MT-hi	0.1844	51
AL161668.5	0.9773	Epi|Immature Goblet	0.0015	51
AL161915.1	0.9196	LP|WNT2B+ Fos-lo 2	0.0179	51
AL163953.3	nan	Epi|Best4+ Enterocytes	0.0000	51
AL353354.2	0.8664	LP|GC	0.0087	51
AL354822.1	0.7287	LP|Microvascular	0.0681	51
AL357673.1	0.6353	Epi|Goblet	0.0366	51
AL359091.2	0.7828	Epi|Tuft	0.0258	51
AL359878.1	0.9145	LP|Endothelial	0.0116	51
AL441883.1	0.9700	Epi|Enterocytes	0.0029	51
AL589743.1	0.9690	LP|Inflammatory Fibroblasts	0.0435	51
AL590452.1	0.8554	LP|CD69- Mast	0.1539	51
AL590822.1	0.8701	LP|WNT5B+ 1	0.1593	51
AL590822.2	0.7699	LP|Pericytes	0.0125	51
AL591479.1	0.8143	Epi|Tuft	0.3266	51
AL592183.1	0.5867	LP|CD69- Mast	0.5888	51
AL592284.1	0.6853	LP|ILCs	0.6063	51
AL627171.2	0.7726	LP|WNT2B+ Fos-lo 2	0.0054	51
AL627309.1	0.9646	Epi|M cells	0.2240	51
AL645728.1	0.7716	LP|ILCs	0.1176	51
AL928768.3	0.9647	LP|Plasma	7.0284	51
ALAD	0.6825	Epi|M cells	0.3826	51
ALAS1	0.6974	LP|CD69+ Mast	0.8389	51
ALCAM	0.9366	LP|Glia	0.7180	51
ALDH16A1	0.5745	LP|Cycling Monocytes	0.4632	51
ALDH18A1	0.7839	Epi|Enterocytes	0.7769	51
ALDH1A1	0.9832	LP|Glia	26.1456	51
ALDH1A2	0.9557	Epi|Enterocytes	0.0335	51
ALDH1A3	0.9129	LP|WNT5B+ 2	0.5883	51
ALDH1B1	0.9092	Epi|Stem	0.9945	51
ALDH1L1	0.8447	Epi|Goblet	0.2263	51
ALDH1L1-AS2	0.9844	Epi|TA 2	0.0001	51
ALDH1L2	0.8275	LP|Plasma	0.0641	51
ALDH2	0.6690	Epi|Enterocyte Progenitors	3.0325	51
ALDH3A1	0.8671	Epi|Stem	0.1980	51
ALDH3A2	0.7388	LP|Glia	0.7506	51
ALDH3B1	0.8385	LP|Inflammatory Monocytes	0.2723	51
ALDH3B2	0.9688	Epi|Secretory TA	0.0002	51
ALDH4A1	0.7973	Epi|M cells	0.0822	51
ALDH5A1	0.7522	LP|Cycling B	0.1577	51
ALDH6A1	0.8051	LP|Glia	0.5562	51
ALDH7A1	0.7127	Epi|Cycling TA	0.5831	51
ALDH8A1	0.9183	LP|CD8+ IL17+	0.0149	51
ALDH9A1	0.5820	LP|WNT2B+ Fos-hi	0.9904	51
ALDOA	0.6185	Epi|Enterocyte Progenitors	13.9074	51
ALDOB	0.9673	Epi|M cells	0.7656	51
ALDOC	0.9534	LP|ILCs	2.9171	51
ALG1	0.5413	Epi|Immature Goblet	0.2660	51
ALG10	0.7729	LP|CD4+ PD1+	0.0721	51
ALG10B	0.7851	LP|Microvascular	0.0350	51
ALG11	0.7476	LP|RSPO3+	0.0626	51
ALG12	0.5386	LP|WNT5B+ 2	0.2448	51
ALG13	0.6276	LP|ILCs	1.1839	51
ALG14	0.5795	Epi|Cycling TA	0.3999	51
ALG1L	0.8529	Epi|Immature Goblet	0.0539	51
ALG2	0.5554	LP|CD69- Mast	0.4957	51
ALG3	0.5556	LP|CD69- Mast	0.7908	51
ALG5	0.5121	LP|Plasma	1.1285	51
ALG6	0.5510	LP|CD4+ PD1+	0.2138	51
ALG8	0.8941	LP|CD69- Mast	1.6874	51
ALG9	0.8371	LP|Pericytes	0.0968	51
ALKBH1	0.6896	LP|CD8+ IL17+	0.1754	51
ALKBH2	0.6219	LP|Pericytes	0.3338	51
ALKBH3	0.7113	LP|CD69- Mast	0.4755	51
ALKBH4	0.6335	LP|Glia	0.2761	51
ALKBH5	0.5061	LP|ILCs	0.8492	51
ALKBH6	0.5561	Epi|Tuft	0.2020	51
ALKBH7	0.5192	Epi|TA 2	2.7057	51
ALKBH8	0.6612	LP|Microvascular	0.0666	51
ALMS1	0.8466	Epi|Tuft	0.2201	51
ALMS1-IT1	0.9707	Epi|Enteroendocrine	0.1099	51
ALOX12	0.9853	Epi|Immature Enterocytes 2	0.0008	51
ALOX12B	0.9967	Epi|Tuft	0.3221	51
ALOX15B	0.9578	Epi|Stem	0.0066	51
ALOX5	0.9699	Epi|Tuft	5.6621	51
ALOX5AP	0.9275	LP|CD69- Mast	18.3712	51
ALOXE3	0.9652	Epi|Enterocytes	0.0007	51
ALPI	0.9445	Epi|Immature Enterocytes 1	0.1602	51
ALPK1	0.7404	Epi|M cells	0.1902	51
ALPK2	0.9168	LP|Pericytes	0.0622	51
ALPK3	0.9307	LP|Endothelial	0.0530	51
ALPL	0.9794	LP|Endothelial	1.0412	51
ALPPL2	0.9677	Epi|Immature Enterocytes 2	0.0023	51
ALS2	0.8668	LP|CD69+ Mast	0.2656	51
ALS2CL	0.7117	LP|WNT2B+ Fos-lo 1	0.2069	51
ALS2CR12	0.9326	LP|Myofibroblasts	0.0054	51
ALYREF	0.7559	LP|Cycling B	0.3612	51
AMACR	0.8806	Epi|Immature Enterocytes 1	0.1657	51
AMBP	0.9870	Epi|M cells	0.1003	51
AMBRA1	0.8743	Epi|Tuft	0.3303	51
AMD1	0.6760	LP|CD69+ Mast	1.9930	51
AMDHD1	0.9557	LP|CD8+ IL17+	0.0474	51
AMDHD2	0.5401	LP|Macrophages	0.2979	51
AMER1	0.8429	Epi|Tuft	0.0352	51
AMFR	0.8019	LP|GC	0.7536	51
AMH	0.8937	Epi|Tuft	0.0245	51
AMICA1	0.9080	LP|DC2	6.6743	51
AMIGO1	0.9014	LP|Glia	0.0823	51
AMIGO2	0.8165	LP|Glia	0.1262	51
AMMECR1	0.6266	LP|Tregs	0.2139	51
AMMECR1L	0.6795	LP|MT-hi	0.1536	51
AMN	0.8756	Epi|Immature Enterocytes 1	5.5271	51
AMN1	0.8407	LP|Glia	0.4015	51
AMOT	0.7021	Epi|Enteroendocrine	0.0456	51
AMOTL1	0.8624	LP|Endothelial	0.3454	51
AMOTL2	0.9138	LP|Pericytes	0.4928	51
AMPD1	0.9774	LP|Plasma	0.1754	51
AMPD2	0.8638	LP|CD69- Mast	0.6807	51
AMPD3	0.8639	LP|WNT5B+ 1	0.3363	51
AMPH	0.9130	LP|Myofibroblasts	0.0791	51
AMT	0.7945	Epi|Stem	0.2908	51
AMY2B	0.8999	Epi|Tuft	0.1011	51
AMZ2	0.5573	LP|MT-hi	0.7850	51
ANAPC1	0.6650	LP|MT-hi	0.2615	51
ANAPC10	0.5977	LP|CD69- Mast	0.4566	51
ANAPC11	0.5392	LP|Cycling Monocytes	4.2968	51
ANAPC13	0.5659	LP|RSPO3+	1.0261	51
ANAPC15	0.5655	LP|CD69- Mast	1.0478	51
ANAPC16	0.4151	LP|Tregs	3.4577	51
ANAPC2	0.4887	Epi|Tuft	0.2171	51
ANAPC4	0.8757	LP|CD69- Mast	0.8264	51
ANAPC5	0.5676	Epi|M cells	1.3176	51
ANAPC7	0.6361	LP|Pericytes	0.3683	51
ANG	0.8560	Epi|Immature Goblet	2.0858	51
ANGEL1	0.8421	LP|Endothelial	0.1740	51
ANGEL2	0.7104	LP|MT-hi	0.3550	51
ANGPT1	0.9411	LP|Pericytes	0.3876	51
ANGPT2	0.9737	LP|Pericytes	4.1250	51
ANGPTL1	0.9752	LP|RSPO3+	1.5589	51
ANGPTL2	0.9298	LP|Inflammatory Fibroblasts	1.8384	51
ANGPTL4	0.9190	LP|Glia	1.6783	51
ANGPTL6	0.9076	LP|GC	0.1071	51
ANK1	0.9640	LP|GC	0.3338	51
ANK2	0.9612	LP|Glia	0.7169	51
ANK3	0.9594	LP|Glia	2.3640	51
ANKAR	0.6880	LP|WNT2B+ Fos-lo 2	0.1371	51
ANKDD1A	0.7922	LP|CD8+ IL17+	0.1325	51
ANKDD1B	0.7548	LP|Glia	0.0833	51
ANKEF1	0.8482	Epi|M cells	0.0457	51
ANKFN1	0.9423	Epi|Immature Goblet	0.0011	51
ANKFY1	0.6271	LP|MT-hi	0.2767	51
ANKH	0.5093	LP|Macrophages	0.3821	51
ANKHD1	0.5936	LP|ILCs	0.2134	51
ANKHD1-EIF4EBP3	0.8825	LP|Inflammatory Monocytes	0.0127	51
ANKIB1	0.5953	Epi|M cells	0.2849	51
ANKLE1	0.9650	LP|Cycling B	0.0910	51
ANKLE2	0.4854	LP|Pericytes	0.3762	51
ANKMY1	0.8271	LP|MT-hi	0.2147	51
ANKMY2	0.6954	LP|Myofibroblasts	0.2616	51
ANKRA2	0.5744	Epi|Tuft	0.3291	51
ANKRD10	0.6631	LP|Pericytes	1.1607	51
ANKRD10-IT1	0.6888	LP|WNT2B+ Fos-lo 2	0.0697	51
ANKRD11	0.4983	LP|NKs	0.9114	51
ANKRD12	0.6725	LP|MT-hi	3.8349	51
ANKRD13A	0.8501	LP|GC	1.0581	51
ANKRD13B	0.8803	LP|Glia	0.0349	51
ANKRD13C	0.4691	LP|Tregs	0.1537	51
ANKRD13D	0.6061	LP|NKs	0.4280	51
ANKRD16	0.8056	LP|Inflammatory Fibroblasts	0.1825	51
ANKRD17	0.5175	Epi|Tuft	0.4256	51
ANKRD18A	0.8894	Epi|Tuft	0.0381	51
ANKRD18B	0.9560	Epi|Immature Goblet	0.0045	51
ANKRD20A3	0.9896	Epi|Enterocytes	0.0032	51
ANKRD20A4	0.9463	LP|NKs	0.1092	51
ANKRD22	0.9263	Epi|M cells	0.6076	51
ANKRD23	0.8198	LP|CD4+ PD1+	0.0241	51
ANKRD24	0.9945	Epi|M cells	0.0171	51
ANKRD26	0.5779	LP|RSPO3+	0.2372	51
ANKRD27	0.7497	LP|CD69+ Mast	0.2307	51
ANKRD28	0.9007	LP|CD69+ Mast	4.8953	51
ANKRD29	0.9663	LP|Endothelial	0.5182	51
ANKRD30B	0.9213	Epi|Enteroendocrine	0.0361	51
ANKRD32	0.7954	LP|Cycling T	0.5108	51
ANKRD34A	0.9950	Epi|M cells	0.3900	51
ANKRD35	0.8392	LP|RSPO3+	0.7247	51
ANKRD36	0.5306	Epi|Enteroendocrine	0.4421	51
ANKRD36C	0.9303	Epi|Goblet	1.9560	51
ANKRD37	0.8415	LP|Plasma	2.2691	51
ANKRD39	0.5860	LP|Cycling T	0.4904	51
ANKRD40	0.6279	LP|Pericytes	0.3015	51
ANKRD42	0.6025	LP|ILCs	0.1725	51
ANKRD44	0.7677	LP|MT-hi	0.8840	51
ANKRD44-IT1	0.7664	LP|Follicular	0.1047	51
ANKRD45	0.9781	Epi|Goblet	0.0045	51
ANKRD46	0.7660	LP|CD69- Mast	0.4287	51
ANKRD49	0.4910	LP|Follicular	0.3049	51
ANKRD50	0.8430	LP|Myofibroblasts	0.3998	51
ANKRD52	0.7744	Epi|Tuft	0.1881	51
ANKRD53	0.8739	LP|Glia	0.0270	51
ANKRD54	0.6877	Epi|Tuft	0.5076	51
ANKRD6	0.9247	LP|RSPO3+	0.1372	51
ANKRD62	0.7922	Epi|TA 1	0.0075	51
ANKRD65	0.9401	LP|Microvascular	0.9630	51
ANKRD7	0.9690	LP|Cycling B	0.0060	51
ANKRD9	0.8167	Epi|Immature Enterocytes 2	0.7557	51
ANKS1A	0.6770	LP|Post-capillary Venules	0.1642	51
ANKS1B	0.9586	LP|Tregs	0.3145	51
ANKS3	0.6436	LP|WNT5B+ 2	0.3091	51
ANKS4B	0.9094	Epi|Tuft	0.6284	51
ANKS6	0.7067	Epi|Secretory TA	0.0800	51
ANKUB1	0.8271	LP|CD8+ IL17+	0.0250	51
ANKZF1	0.6149	Epi|Tuft	0.4123	51
ANLN	0.9382	LP|Cycling Monocytes	0.3084	51
ANO1	0.9771	LP|Pericytes	0.3802	51
ANO10	0.6266	LP|Pericytes	0.2341	51
ANO5	0.9345	Epi|Tuft	0.1116	51
ANO6	0.7993	LP|Pericytes	0.3775	51
ANO7	0.9378	Epi|Immature Goblet	0.4487	51
ANO8	0.7661	LP|Endothelial	0.0193	51
ANO9	0.9307	Epi|M cells	1.7859	51
ANP32A	0.5485	LP|Cycling B	1.4202	51
ANP32B	0.7776	LP|Cycling B	7.1749	51
ANP32E	0.8398	LP|Cycling T	2.0869	51
ANPEP	0.9488	Epi|Enterocytes	9.2931	51
ANTXR1	0.8743	LP|Inflammatory Fibroblasts	1.0808	51
ANTXR2	0.7102	LP|Glia	0.6819	51
ANXA1	0.8845	LP|CD69+ Mast	39.9967	51
ANXA10	0.9392	Epi|Immature Enterocytes 2	0.0194	51
ANXA11	0.5863	Epi|M cells	3.6045	51
ANXA13	0.9861	Epi|Tuft	5.0002	51
ANXA2	0.8335	LP|Glia	28.3156	51
ANXA2R	0.7401	LP|CD8+ IL17+	0.8019	51
ANXA3	0.8667	Epi|M cells	0.9625	51
ANXA4	0.8800	Epi|Tuft	5.9664	51
ANXA5	0.8176	LP|Glia	9.6424	51
ANXA6	0.6893	LP|Myofibroblasts	2.3033	51
ANXA7	0.5358	LP|Glia	1.9353	51
ANXA9	0.9924	Epi|Tuft	0.0108	51
AOAH	0.8632	LP|DC2	0.9681	51
AOC1	0.9434	Epi|Tuft	9.7810	51
AOC2	0.9707	LP|RSPO3+	0.0097	51
AOC3	0.9539	LP|Myofibroblasts	0.9950	51
AOX1	0.9854	LP|Inflammatory Fibroblasts	0.1413	51
AP000230.1	0.9460	Epi|TA 1	0.0010	51
AP000240.9	0.8671	LP|DC1	0.0847	51
AP000251.3	0.9506	LP|Cycling B	0.1023	51
AP000253.1	0.8572	Epi|Enteroendocrine	0.0286	51
AP000254.8	0.8683	LP|CD8+ IELs	0.0332	51
AP000265.1	nan	Epi|Best4+ Enterocytes	0.0000	51
AP000304.12	0.9727	Epi|Enterocyte Progenitors	0.0028	51
AP000330.8	0.8786	LP|WNT5B+ 1	0.0892	51
AP000344.3	0.9859	Epi|Tuft	0.5179	51
AP000350.4	0.6915	Epi|Tuft	0.1046	51
AP000350.5	0.8282	LP|Inflammatory Fibroblasts	0.0083	51
AP000438.2	0.9436	Epi|Secretory TA	0.0032	51
AP000439.3	0.9228	Epi|Enterocyte Progenitors	0.0056	51
AP000442.1	0.9236	LP|CD4+ PD1+	0.0272	51
AP000472.2	0.9747	Epi|TA 1	0.0013	51
AP000476.1	0.9490	LP|NKs	0.0597	51
AP000487.4	nan	Epi|Best4+ Enterocytes	0.0000	51
AP000487.5	0.7183	Epi|Goblet	0.0286	51
AP000569.9	0.9720	LP|GC	0.0525	51
AP000654.4	0.9606	Epi|Immature Enterocytes 1	0.0003	51
AP000662.4	0.8520	LP|Pericytes	0.0174	51
AP000688.14	0.9804	Epi|Enterocyte Progenitors	0.0024	51
AP000688.29	0.9721	LP|Glia	0.0271	51
AP000688.8	0.9638	LP|Glia	1.4139	51
AP000692.10	0.7408	LP|Glia	0.0705	51
AP000692.9	0.7991	LP|CD8+ IELs	0.0573	51
AP000704.5	0.7206	LP|Pericytes	0.0154	51
AP000708.1	0.8497	LP|RSPO3+	0.0331	51
AP000769.1	0.7908	LP|WNT5B+ 1	0.1074	51
AP000769.7	0.9209	LP|Plasma	0.0231	51
AP000783.1	0.8866	LP|ILCs	0.1699	51
AP000936.4	0.9655	LP|MT-hi	0.0231	51
AP001046.5	0.9201	LP|Pericytes	0.1126	51
AP001053.11	0.9612	Epi|Immature Enterocytes 1	0.0044	51
AP001055.6	0.9486	LP|CD69- Mast	0.6400	51
AP001058.3	0.9535	LP|GC	0.1961	51
AP001062.7	0.7175	LP|MT-hi	0.0274	51
AP001062.8	0.9992	Epi|M cells	0.0309	51
AP001065.2	0.9279	LP|Pericytes	0.0236	51
AP001258.4	0.7341	LP|Glia	0.1531	51
AP001347.6	0.8695	LP|Cycling B	0.0378	51
AP001372.2	0.7615	LP|Microvascular	0.1048	51
AP001412.1	0.7683	LP|CD4+ PD1+	0.0143	51
AP001437.1	0.8835	LP|Endothelial	0.0145	51
AP001442.2	0.8595	Epi|TA 1	0.0271	51
AP001462.6	0.8006	LP|MT-hi	0.0958	51
AP001469.9	0.9441	LP|ILCs	0.0688	51
AP001610.9	0.9637	Epi|Enterocytes	0.1448	51
AP001619.2	0.9392	LP|CD8+ IELs	0.0085	51
AP001625.4	0.9907	Epi|Immature Enterocytes 1	0.0018	51
AP001626.2	0.8324	LP|Cycling T	0.0217	51
AP001627.1	0.9875	LP|Endothelial	0.0214	51
AP001631.9	0.9874	LP|Glia	0.1240	51
AP001816.1	0.8457	Epi|Tuft	0.6293	51
AP003068.23	0.7913	Epi|Enterocyte Progenitors	0.0290	51
AP003068.6	0.9494	Epi|Tuft	0.0012	51
AP003068.9	0.8784	Epi|Enteroendocrine	0.0053	51
AP003419.16	0.8982	LP|MT-hi	0.0650	51
AP003733.1	0.8548	LP|Inflammatory Monocytes	0.1953	51
AP003774.1	0.8676	Epi|Stem	0.6540	51
AP003774.6	0.9432	LP|Inflammatory Monocytes	0.0615	51
AP005482.1	0.8913	LP|Myofibroblasts	0.0110	51
AP006222.2	0.6567	LP|WNT5B+ 1	0.5007	51
AP006621.5	0.6331	LP|CD4+ PD1+	0.1063	51
AP006748.1	0.9459	Epi|Tuft	0.0384	51
AP1AR	0.6902	Epi|Enterocytes	0.1752	51
AP1B1	0.8072	LP|Cycling Monocytes	0.9825	51
AP1G1	0.3807	Epi|M cells	0.2161	51
AP1G2	0.7316	Epi|Tuft	0.7144	51
AP1M1	0.6764	LP|Cycling T	0.4552	51
AP1M2	0.8402	Epi|Enterocyte Progenitors	1.4092	51
AP1S1	0.5822	Epi|Enterocyte Progenitors	1.2432	51
AP1S2	0.8972	LP|Glia	6.8920	51
AP1S3	0.8961	LP|CD69- Mast	0.3668	51
AP2A1	0.5754	LP|NKs	0.5083	51
AP2A2	0.6728	Epi|Tuft	0.5788	51
AP2B1	0.4941	Epi|Cycling TA	0.5397	51
AP2M1	0.4762	LP|WNT5B+ 1	3.2895	51
AP2S1	0.7908	LP|Cycling Monocytes	9.2183	51
AP3B1	0.3668	LP|Endothelial	0.2863	51
AP3B2	0.9597	Epi|Enteroendocrine	0.0111	51
AP3D1	0.5071	LP|DC1	0.5904	51
AP3M1	0.6074	LP|CD4+ PD1+	0.2696	51
AP3M2	0.8269	LP|MT-hi	0.7476	51
AP3S1	0.6926	LP|CD69- Mast	3.1943	51
AP3S2	0.7526	Epi|Enterocytes	0.2386	51
AP4B1	0.6503	Epi|Tuft	0.2189	51
AP4B1-AS1	0.9791	LP|CD69- Mast	0.6136	51
AP4E1	0.7608	LP|CD69- Mast	0.1478	51
AP4M1	0.6216	LP|RSPO3+	0.3814	51
AP4S1	0.8429	LP|CD69- Mast	0.3186	51
AP5B1	0.7399	LP|MT-hi	0.1968	51
AP5M1	0.5525	Epi|Enterocyte Progenitors	0.4333	51
AP5S1	0.6117	LP|Cycling T	0.1455	51
AP5Z1	0.4578	LP|MT-hi	0.1978	51
APAF1	0.7249	LP|Inflammatory Monocytes	0.3007	51
APBA1	0.9142	LP|Myofibroblasts	0.0367	51
APBA2	0.9257	LP|NKs	0.4692	51
APBA3	0.5750	LP|Tregs	0.2372	51
APBB1	0.7021	LP|Myofibroblasts	0.3095	51
APBB1IP	0.7611	LP|MT-hi	1.2180	51
APBB2	0.8948	LP|Microvascular	0.3472	51
APBB3	0.6617	LP|Pericytes	0.1659	51
APC	0.5939	LP|Glia	0.2326	51
APC2	0.9689	Epi|TA 1	0.0004	51
APCDD1	0.9519	LP|Myofibroblasts	1.7075	51
APEH	0.5849	Epi|Cycling TA	0.6655	51
APEX1	0.5807	Epi|Stem	1.8780	51
APEX2	0.7801	LP|CD69- Mast	0.5272	51
APH1A	0.4761	LP|Cycling Monocytes	1.3491	51
APH1B	0.7161	LP|CD69- Mast	0.4244	51
API5	0.4850	LP|MT-hi	0.4059	51
APIP	0.8707	Epi|M cells	2.7334	51
APITD1	0.7906	LP|Microvascular	0.3381	51
APLF	0.7890	LP|MT-hi	0.0708	51
APLN	0.9892	LP|Microvascular	0.4926	51
APLNR	0.9756	LP|Post-capillary Venules	4.4480	51
APLP1	0.8021	LP|Myofibroblasts	0.0728	51
APLP2	0.8065	LP|WNT5B+ 2	6.2383	51
APMAP	0.8412	LP|NKs	2.9669	51
APOA1	0.9483	LP|Glia	0.0933	51
APOA1BP	0.6198	LP|CD69- Mast	1.7110	51
APOBEC1	0.9654	Epi|Enterocytes	0.6595	51
APOBEC3A	0.9801	LP|Inflammatory Monocytes	1.3563	51
APOBEC3B	0.9595	Epi|Enterocytes	2.6372	51
APOBEC3C	0.7773	LP|NKs	1.6657	51
APOBEC3D	0.8305	LP|CD8+ IELs	0.1813	51
APOBEC3F	0.6802	LP|NKs	0.1338	51
APOBEC3G	0.9009	LP|NKs	3.6287	51
APOBEC3H	0.8977	LP|CD8+ IL17+	0.4054	51
APOBR	0.7717	Epi|Tuft	0.9618	51
APOC1	0.9361	LP|Macrophages	6.7978	51
APOC2	0.9932	Epi|Cycling TA	0.0008	51
APOD	0.9541	LP|RSPO3+	5.8615	51
APOE	0.9253	LP|WNT2B+ Fos-lo 1	86.6975	51
APOF	0.9214	LP|Endothelial	0.0102	51
APOH	0.9737	Epi|Enteroendocrine	0.0221	51
APOL1	0.7487	LP|Endothelial	0.7969	51
APOL2	0.5591	Epi|Enterocytes	0.3585	51
APOL3	0.7668	LP|Endothelial	1.0385	51
APOL4	0.8640	LP|WNT5B+ 1	0.3657	51
APOL6	0.5102	Epi|Enterocytes	0.6278	51
APOLD1	0.8642	LP|Microvascular	0.6738	51
APOM	0.8243	Epi|Immature Enterocytes 1	0.2243	51
APOO	0.8051	LP|CD69- Mast	0.6584	51
APOOL	0.7057	LP|Cycling B	0.0437	51
APOPT1	0.4314	Epi|Enteroendocrine	0.7716	51
APP	0.8205	LP|Microvascular	6.4149	51
APPBP2	0.6902	LP|RSPO3+	0.5028	51
APPL1	0.5836	LP|CD69- Mast	0.7365	51
APPL2	0.8825	Epi|Enterocytes	1.2609	51
APRT	0.4025	Epi|TA 2	4.2882	51
APTX	0.4635	LP|Cycling T	0.2707	51
AQP1	0.9780	LP|Endothelial	5.8996	51
AQP11	0.9129	Epi|Enterocytes	0.3106	51
AQP12A	0.9683	Epi|Enterocytes	0.0245	51
AQP12B	0.9684	Epi|Immature Enterocytes 1	0.0059	51
AQP3	0.9035	LP|ILCs	2.0974	51
AQP5	0.9759	Epi|Secretory TA	0.0139	51
AQP7	0.9661	Epi|Enterocytes	0.7558	51
AQP8	0.9711	Epi|Enterocytes	77.3075	51
AQR	0.3798	LP|DC1	0.1304	51
AR	0.9064	LP|RSPO3+	0.0431	51
ARAF	0.5321	LP|CD8+ IL17+	0.4863	51
ARAP1	0.7124	LP|RSPO3+	0.3982	51
ARAP2	0.8013	LP|CD8+ LP	0.5473	51
ARAP3	0.9387	LP|Endothelial	0.4178	51
ARC	0.9278	LP|Glia	0.3065	51
ARCN1	0.4591	Epi|Immature Goblet	0.3826	51
AREG	0.9576	LP|ILCs	1.1095	51
AREGB	0.9960	Epi|Best4+ Enterocytes	0.0027	51
AREL1	0.7109	Epi|M cells	0.1921	51
ARF1	0.4889	LP|Microvascular	3.9462	51
ARF3	0.6693	Epi|M cells	1.6345	51
ARF4	0.5038	LP|Inflammatory Fibroblasts	3.0228	51
ARF5	0.3643	Epi|Enteroendocrine	1.1559	51
ARF6	0.6180	LP|NKs	2.9358	51
ARFGAP1	0.7157	Epi|Tuft	0.4428	51
ARFGAP2	0.7502	LP|CD69- Mast	1.4761	51
ARFGAP3	0.5655	LP|Inflammatory Fibroblasts	0.6249	51
ARFGEF1	0.5292	Epi|M cells	0.2842	51
ARFGEF2	0.6339	LP|CD4+ PD1+	0.2010	51
ARFIP1	0.6178	Epi|Enterocyte Progenitors	0.4474	51
ARFIP2	0.6251	Epi|Immature Goblet	0.6035	51
ARFRP1	0.4606	LP|Pericytes	0.6239	51
ARG2	0.8902	LP|CD69+ Mast	0.2201	51
ARGLU1	0.5357	Epi|Tuft	2.5140	51
ARHGAP1	0.6658	LP|Pericytes	0.4927	51
ARHGAP10	0.8962	LP|Pericytes	0.6628	51
ARHGAP11A	0.9071	LP|Cycling T	0.2766	51
ARHGAP11B	0.9159	LP|Cycling T	0.4598	51
ARHGAP12	0.8661	LP|Glia	0.8215	51
ARHGAP15	0.9385	LP|Glia	7.7544	51
ARHGAP17	0.6423	LP|GC	0.4077	51
ARHGAP18	0.8693	LP|CD69- Mast	2.0815	51
ARHGAP19	0.7541	LP|MT-hi	0.1092	51
ARHGAP20	0.9014	LP|WNT2B+ Fos-lo 1	0.2172	51
ARHGAP21	0.6047	LP|WNT2B+ Fos-lo 2	0.2454	51
ARHGAP22	0.9376	LP|DC2	0.2575	51
ARHGAP23	0.9338	LP|Endothelial	0.3287	51
ARHGAP24	0.9086	LP|Follicular	1.7325	51
ARHGAP25	0.7944	LP|CD69- Mast	0.8324	51
ARHGAP26	0.8364	Epi|M cells	0.7461	51
ARHGAP27	0.7387	Epi|Immature Enterocytes 1	0.7084	51
ARHGAP28	0.9280	LP|WNT5B+ 2	0.3144	51
ARHGAP29	0.9528	LP|Microvascular	3.2101	51
ARHGAP30	0.8294	LP|NKs	1.4894	51
ARHGAP31	0.8826	LP|Endothelial	0.3731	51
ARHGAP32	0.7626	Epi|Goblet	0.3995	51
ARHGAP33	0.7856	LP|Pericytes	0.0797	51
ARHGAP35	0.6465	Epi|Tuft	0.3336	51
ARHGAP36	0.9946	Epi|Immature Goblet	0.0022	51
ARHGAP39	0.9010	LP|Glia	0.1094	51
ARHGAP4	0.6934	LP|MT-hi	0.7067	51
ARHGAP42	0.8897	LP|Pericytes	0.2826	51
ARHGAP44	0.7992	Epi|TA 2	0.3155	51
ARHGAP5	0.7225	LP|Glia	0.7405	51
ARHGAP5-AS1	0.8502	LP|Glia	0.1615	51
ARHGAP6	0.8587	LP|Myofibroblasts	0.4827	51
ARHGAP8	0.8935	Epi|Tuft	0.2966	51
ARHGAP9	0.7964	LP|MT-hi	1.3884	51
ARHGDIA	0.5773	LP|Cycling T	3.2507	51
ARHGDIB	0.7206	LP|Cycling T	17.6892	51
ARHGDIG	0.9161	Epi|Immature Enterocytes 2	0.0309	51
ARHGEF1	0.7409	LP|NKs	1.9178	51
ARHGEF10	0.8552	LP|Glia	0.4555	51
ARHGEF10L	0.8924	Epi|Tuft	0.8668	51
ARHGEF11	0.9501	Epi|Tuft	0.4472	51
ARHGEF12	0.7530	LP|Pericytes	0.9375	51
ARHGEF15	0.9669	LP|Microvascular	0.7733	51
ARHGEF16	0.8451	Epi|Immature Enterocytes 1	0.6072	51
ARHGEF17	0.9704	LP|Pericytes	1.1101	51
ARHGEF18	0.8811	Epi|Enterocytes	0.6703	51
ARHGEF19	0.7021	LP|CD8+ IL17+	0.1515	51
ARHGEF2	0.7869	Epi|Tuft	0.8846	51
ARHGEF25	0.9498	LP|Myofibroblasts	0.6111	51
ARHGEF26	0.8970	LP|Glia	0.3995	51
ARHGEF26-AS1	0.9889	Epi|TA 1	0.0009	51
ARHGEF28	0.8683	Epi|Enteroendocrine	0.1257	51
ARHGEF3	0.8127	LP|NKs	0.6849	51
ARHGEF33	0.9468	LP|WNT5B+ 1	0.0175	51
ARHGEF35	0.8070	Epi|Tuft	0.4276	51
ARHGEF37	0.8122	Epi|Tuft	0.3649	51
ARHGEF38	0.9718	Epi|Tuft	0.5471	51
ARHGEF38-IT1	0.9492	Epi|Tuft	0.0282	51
ARHGEF39	0.8712	LP|Cycling Monocytes	0.2269	51
ARHGEF4	0.9217	Epi|Tuft	0.0452	51
ARHGEF40	0.8523	LP|Inflammatory Monocytes	0.6322	51
ARHGEF5	0.9172	Epi|Tuft	0.4700	51
ARHGEF6	0.9278	LP|CD69- Mast	1.5964	51
ARHGEF7	0.6557	LP|Microvascular	0.3494	51
ARHGEF9	0.7781	LP|CD69- Mast	0.4708	51
ARID1A	0.5051	LP|Endothelial	0.5614	51
ARID1B	0.4927	LP|Pericytes	0.2793	51
ARID2	0.6170	LP|MT-hi	0.2968	51
ARID3A	0.6704	LP|Macrophages	0.3120	51
ARID3B	0.8037	LP|MT-hi	0.2438	51
ARID4A	0.4798	LP|ILCs	0.5749	51
ARID4B	0.5341	LP|ILCs	1.5945	51
ARID5A	0.7279	LP|CD4+ PD1+	1.5822	51
ARID5B	0.8086	LP|Tregs	4.1668	51
ARIH1	0.4973	LP|Endothelial	0.2310	51
ARIH2	0.4961	LP|Tregs	0.4858	51
ARIH2OS	0.7622	LP|MT-hi	0.2123	51
ARL1	0.5767	LP|Inflammatory Fibroblasts	1.2519	51
ARL10	0.7296	LP|MT-hi	0.0854	51
ARL11	0.9140	LP|GC	0.3052	51
ARL13B	0.6979	LP|Endothelial	0.3312	51
ARL14	0.9267	Epi|Enterocytes	2.3719	51
ARL14EP	0.6422	LP|GC	0.5916	51
ARL15	0.9430	LP|Endothelial	0.8204	51
ARL16	0.5100	LP|CD69- Mast	0.6786	51
ARL17A	0.6053	LP|CD8+ IL17+	0.1749	51
ARL17B	0.7943	LP|RSPO3+	0.1535	51
ARL2	0.7310	LP|Microvascular	3.3623	51
ARL2BP	0.5733	LP|Endothelial	1.3061	51
ARL3	0.7104	LP|Myofibroblasts	1.6374	51
ARL4A	0.8265	LP|ILCs	4.1722	51
ARL4C	0.8427	LP|NKs	3.7078	51
ARL4D	0.8663	LP|Glia	1.1517	51
ARL5A	0.4595	LP|CD69- Mast	1.3361	51
ARL5B	0.8941	LP|ILCs	2.7002	51
ARL5B-AS1	0.9381	LP|CD69- Mast	0.1478	51
ARL5C	0.9811	Epi|Immature Enterocytes 2	0.0002	51
ARL6	0.7647	LP|Microvascular	0.0807	51
ARL6IP1	0.6451	Epi|Cycling TA	3.7647	51
ARL6IP4	0.7525	LP|CD69- Mast	4.0279	51
ARL6IP5	0.5245	LP|RSPO3+	3.6377	51
ARL6IP6	0.8176	LP|CD69- Mast	1.7199	51
ARL8A	0.6294	LP|Glia	0.3586	51
ARL8B	0.6472	LP|Inflammatory Monocytes	0.6095	51
ARL9	0.8984	LP|WNT2B+ Fos-lo 1	0.0131	51
ARMC1	0.5203	LP|Cycling B	0.3783	51
ARMC10	0.4885	LP|CD69- Mast	0.6755	51
ARMC2	0.7383	LP|NKs	0.0402	51
ARMC5	0.5537	LP|CD69+ Mast	0.1369	51
ARMC6	0.4948	LP|Pericytes	0.2115	51
ARMC7	0.6309	LP|MT-hi	0.2600	51
ARMC8	0.6899	LP|Myofibroblasts	0.6198	51
ARMC9	0.7423	LP|Inflammatory Fibroblasts	0.1233	51
ARMCX1	0.9012	LP|Glia	1.5515	51
ARMCX2	0.8312	LP|Myofibroblasts	0.4702	51
ARMCX3	0.6532	LP|Myofibroblasts	1.2856	51
ARMCX4	0.8373	LP|Glia	0.1999	51
ARMCX5	0.8045	LP|CD69- Mast	0.3055	51
ARMCX6	0.7056	LP|Myofibroblasts	0.8951	51
ARNT	0.7019	LP|RSPO3+	0.3421	51
ARNT2	0.9554	Epi|M cells	0.2978	51
ARNTL	0.7647	LP|CD8+ IL17+	0.3884	51
ARNTL2	0.7383	LP|Inflammatory Fibroblasts	0.0793	51
ARPC1A	0.6510	LP|Glia	2.4364	51
ARPC1B	0.6769	LP|GC	12.4675	51
ARPC2	0.6767	LP|GC	16.8940	51
ARPC3	0.6310	LP|GC	12.2267	51
ARPC4	0.6545	LP|GC	3.1760	51
ARPC5	0.6353	LP|Cycling B	6.2079	51
ARPC5L	0.7642	LP|GC	3.1787	51
ARPP19	0.7410	LP|CD69- Mast	1.8925	51
ARRB1	0.6878	LP|Microvascular	0.4743	51
ARRB2	0.8036	LP|Inflammatory Monocytes	2.0414	51
ARRDC1	0.5365	Epi|Goblet	0.7770	51
ARRDC2	0.6538	LP|Inflammatory Fibroblasts	0.4670	51
ARRDC3	0.7384	LP|Microvascular	1.0057	51
ARRDC4	0.7092	Epi|Enterocytes	0.3844	51
ARRDC5	0.8756	LP|CD4+ PD1+	0.0603	51
ARSA	0.7064	Epi|Immature Enterocytes 1	0.7398	51
ARSB	0.7820	LP|Myofibroblasts	0.1605	51
ARSD	0.8223	Epi|M cells	0.7473	51
ARSE	0.8842	Epi|Stem	0.6315	51
ARSG	0.7650	LP|CD69- Mast	0.4048	51
ARSI	0.9525	LP|Myofibroblasts	0.3236	51
ARSJ	0.9124	Epi|Enteroendocrine	0.2483	51
ARSK	0.8057	LP|CD69+ Mast	0.3391	51
ART3	0.9967	LP|Glia	1.3623	51
ART4	0.8467	LP|ILCs	0.0088	51
ARTN	0.9203	Epi|Enterocytes	0.0125	51
ARV1	0.5642	Epi|Enterocyte Progenitors	0.4133	51
ARVCF	0.9141	LP|Pericytes	0.2194	51
ARX	0.9977	Epi|Enteroendocrine	0.0735	51
ASAH1	0.7757	LP|CD69- Mast	4.4572	51
ASAH2	0.9687	Epi|M cells	0.1061	51
ASAH2B	0.8638	LP|CD8+ IL17+	0.0905	51
ASAP1	0.7906	LP|Pericytes	0.9717	51
ASAP2	0.8947	LP|Glia	0.7797	51
ASAP3	0.7254	LP|WNT2B+ Fos-lo 2	0.0966	51
ASB1	0.5529	LP|NKs	0.2421	51
ASB11	0.8586	LP|CD4+ Activated Fos-lo	0.0092	51
ASB13	0.8798	LP|GC	0.5196	51
ASB15	0.9095	LP|CD4+ Memory	0.0072	51
ASB16-AS1	0.7860	LP|CD4+ PD1+	0.3357	51
ASB2	0.9009	LP|DC1	1.3168	51
ASB6	0.5721	LP|Cycling T	0.1273	51
ASB7	0.6863	Epi|M cells	0.1346	51
ASB8	0.4434	LP|Glia	0.3463	51
ASB9	0.9462	LP|Microvascular	0.3768	51
ASCC1	0.5862	LP|Glia	0.2684	51
ASCC2	0.5321	LP|NKs	0.6288	51
ASCC3	0.5010	LP|CD69- Mast	0.3005	51
ASCL1	1.0000	Epi|Cycling TA	0.0001	51
ASCL2	0.9519	Epi|Stem	3.3445	51
ASCL5	0.9629	Epi|Secretory TA	0.0002	51
ASF1A	0.6028	LP|Cycling T	0.7822	51
ASF1B	0.9449	LP|Cycling B	1.2983	51
ASGR1	0.9644	LP|Inflammatory Monocytes	1.4459	51
ASGR2	0.9571	LP|DC2	0.2398	51
ASH1L	0.4580	LP|RSPO3+	0.7681	51
ASH1L-AS1	0.7768	LP|ILCs	0.1156	51
ASH2L	0.6229	LP|RSPO3+	0.3827	51
ASIC1	0.9226	LP|Myofibroblasts	0.0339	51
ASIC2	0.9579	Epi|Immature Goblet	0.0023	51
ASIC3	0.9676	LP|CD69+ Mast	0.0195	51
ASIC4	0.8822	LP|CD8+ IELs	0.1662	51
ASIP	0.9002	LP|WNT2B+ Fos-lo 1	0.0325	51
ASL	0.7223	Epi|Enterocyte Progenitors	1.9611	51
ASMTL	0.8866	Epi|Tuft	1.7270	51
ASMTL-AS1	0.8644	LP|CD4+ PD1+	0.0290	51
ASNA1	0.3967	LP|CD8+ IL17+	1.2049	51
ASNS	0.5920	LP|Myofibroblasts	0.2608	51
ASNSD1	0.5736	LP|Glia	0.5844	51
ASPA	0.9771	LP|Glia	1.5848	51
ASPG	0.9158	Epi|Immature Enterocytes 1	0.2576	51
ASPH	0.8000	LP|Glia	1.4199	51
ASPHD1	0.9520	LP|Inflammatory Fibroblasts	0.1554	51
ASPHD2	0.8191	LP|DC1	0.1350	51
ASPM	0.9662	LP|Cycling T	0.9728	51
ASPN	0.9669	LP|Pericytes	2.7046	51
ASPRV1	0.9126	Epi|Enterocytes	0.0197	51
ASPSCR1	0.4356	LP|Pericytes	0.3743	51
ASRGL1	0.8498	Epi|Tuft	1.3453	51
ASS1	0.9323	Epi|Enterocytes	5.4147	51
ASTE1	0.6210	LP|CD8+ IL17+	0.2214	51
ASTN2	0.9143	LP|Glia	0.2143	51
ASUN	0.6646	LP|Cycling T	0.2606	51
ASXL1	0.5910	LP|Glia	0.5056	51
ASXL2	0.6405	LP|CD8+ IL17+	0.4025	51
ASXL3	0.9303	LP|Myofibroblasts	0.0364	51
ATAD1	0.5615	LP|Glia	0.4761	51
ATAD2	0.9055	LP|Cycling T	0.7469	51
ATAD2B	0.7618	LP|CD69- Mast	0.3482	51
ATAD3A	0.6949	LP|Cycling B	0.3047	51
ATAD3B	0.5854	Epi|Cycling TA	0.1764	51
ATAD3C	0.8985	LP|CD69- Mast	0.3339	51
ATAD5	0.8785	LP|Cycling T	0.2981	51
ATAT1	0.7063	Epi|Tuft	0.2016	51
ATCAY	0.8584	LP|CD4+ PD1+	0.0341	51
ATE1	0.4646	Epi|Best4+ Enterocytes	0.1886	51
ATF1	0.5406	LP|CD8+ IL17+	0.6074	51
ATF2	0.5036	LP|Endothelial	0.2481	51
ATF3	0.8875	LP|Glia	6.6491	51
ATF4	0.4876	LP|ILCs	2.9801	51
ATF5	0.7813	LP|DC2	0.6641	51
ATF6	0.5004	LP|Endothelial	0.3960	51
ATF6B	0.4506	LP|MT-hi	1.0364	51
ATF7	0.4915	LP|Pericytes	0.3167	51
ATF7IP	0.6004	LP|GC	0.3125	51
ATF7IP2	0.7635	LP|ILCs	0.7604	51
ATG10	0.6177	LP|CD69- Mast	0.3126	51
ATG12	0.5302	LP|MT-hi	1.0371	51
ATG13	0.5691	LP|Glia	0.3053	51
ATG14	0.6482	LP|RSPO3+	0.1920	51
ATG16L1	0.8055	LP|CD8+ IL17+	0.3551	51
ATG16L2	0.6414	LP|Inflammatory Monocytes	0.4515	51
ATG2A	0.7826	LP|MT-hi	0.5610	51
ATG2B	0.6248	LP|MT-hi	0.1340	51
ATG3	0.7737	LP|DC1	2.9295	51
ATG4A	0.8334	LP|CD69- Mast	0.5924	51
ATG4B	0.4064	LP|MT-hi	0.4823	51
ATG4C	0.9144	LP|CD69- Mast	1.3187	51
ATG4D	0.6430	Epi|Immature Enterocytes 2	0.5478	51
ATG5	0.3409	LP|Tregs	0.4594	51
ATG7	0.6185	LP|Inflammatory Fibroblasts	0.2531	51
ATG9A	0.5806	Epi|Tuft	0.2606	51
ATG9B	0.9041	LP|CD4+ Memory	0.0776	51
ATHL1	0.8107	LP|MT-hi	0.5050	51
ATIC	0.6073	Epi|Cycling TA	0.6438	51
ATL1	0.9422	LP|Glia	0.8091	51
ATL2	0.7784	Epi|Tuft	0.3118	51
ATL3	0.6327	LP|Endothelial	0.5123	51
ATM	0.8051	LP|NKs	1.6321	51
ATMIN	0.4331	LP|Microvascular	0.1638	51
ATN1	0.7985	Epi|Tuft	0.6109	51
ATOH1	0.9665	Epi|Immature Enterocytes 1	0.0006	51
ATOH7	0.9894	Epi|Enterocyte Progenitors	0.0012	51
ATOH8	0.9243	LP|Microvascular	1.0546	51
ATOX1	0.6682	LP|Macrophages	4.2534	51
ATP10A	0.9071	LP|ILCs	0.1692	51
ATP10B	0.8851	Epi|Enterocytes	1.1087	51
ATP10D	0.7784	LP|Pericytes	0.3454	51
ATP11A	0.8656	LP|Microvascular	0.4034	51
ATP11B	0.8397	Epi|M cells	0.7820	51
ATP11C	0.7607	LP|Post-capillary Venules	0.2560	51
ATP12A	0.9875	Epi|M cells	0.0163	51
ATP13A1	0.8394	LP|CD69- Mast	0.8008	51
ATP13A2	0.6460	Epi|Best4+ Enterocytes	0.2904	51
ATP13A3	0.7953	LP|Inflammatory Monocytes	0.6554	51
ATP13A4	0.8260	Epi|Goblet	0.0156	51
ATP1A1	0.7075	Epi|Immature Enterocytes 2	5.3516	51
ATP1A1OS	0.8186	LP|MT-hi	0.0429	51
ATP1A2	0.9794	LP|Glia	0.4987	51
ATP1A3	0.9000	LP|NKs	0.0346	51
ATP1A4	0.9767	LP|CD69+ Mast	0.0976	51
ATP1B1	0.8572	Epi|Enterocytes	5.7911	51
ATP1B2	0.9705	LP|Pericytes	0.4121	51
ATP1B3	0.7454	Epi|Enterocytes	5.5600	51
ATP2A1	0.8832	Epi|TA 1	0.0063	51
ATP2A2	0.6322	Epi|Enterocytes	0.9659	51
ATP2A3	0.9608	Epi|Tuft	6.1632	51
ATP2B1	0.5546	LP|DC2	1.3309	51
ATP2B4	0.7201	LP|CD8+ IL17+	0.6229	51
ATP2C1	0.6487	LP|WNT5B+ 1	0.4862	51
ATP2C2	0.8480	Epi|M cells	0.6861	51
ATP5A1	0.6272	Epi|Enterocyte Progenitors	7.2333	51
ATP5B	0.7190	Epi|Enterocyte Progenitors	12.6143	51
ATP5C1	0.6409	Epi|Enterocyte Progenitors	5.6241	51
ATP5D	0.5771	Epi|TA 2	9.2030	51
ATP5E	0.5694	LP|Macrophages	22.5730	51
ATP5EP2	0.5166	Epi|Enterocyte Progenitors	1.1680	51
ATP5F1	0.6271	Epi|Enterocyte Progenitors	5.7809	51
ATP5G1	0.7445	Epi|Cycling TA	9.9259	51
ATP5G2	0.4527	Epi|Stem	11.4650	51
ATP5G3	0.7458	Epi|Enterocyte Progenitors	16.2036	51
ATP5H	0.5717	Epi|Enterocyte Progenitors	4.8688	51
ATP5I	0.5848	Epi|M cells	7.2630	51
ATP5J	0.6393	Epi|Enterocyte Progenitors	10.3210	51
ATP5J2	0.5296	Epi|TA 2	5.9552	51
ATP5L	0.6338	LP|GC	20.8443	51
ATP5L2	0.6481	Epi|Enterocyte Progenitors	0.4124	51
ATP5O	0.5473	Epi|Enterocyte Progenitors	7.5210	51
ATP5S	0.5871	LP|Glia	0.4123	51
ATP5SL	0.4373	LP|Cycling T	0.4240	51
ATP6AP1	0.5567	LP|Glia	1.2162	51
ATP6AP1L	0.7657	Epi|Tuft	0.0726	51
ATP6AP2	0.6990	LP|Glia	3.8405	51
ATP6V0A1	0.7187	Epi|M cells	0.5035	51
ATP6V0A2	0.9204	LP|CD69- Mast	1.3382	51
ATP6V0B	0.6905	LP|Cycling Monocytes	6.3938	51
ATP6V0C	0.8831	LP|Macrophages	0.0099	51
ATP6V0D1	0.5438	Epi|Enterocyte Progenitors	1.7951	51
ATP6V0D2	0.9786	LP|Macrophages	0.5070	51
ATP6V0E1	0.5487	LP|CD69- Mast	7.2531	51
ATP6V0E2	0.8178	LP|CD4+ PD1+	0.8562	51
ATP6V0E2-AS1	0.9502	LP|CD4+ PD1+	0.0370	51
ATP6V1A	0.7418	LP|Macrophages	0.5598	51
ATP6V1B1	0.9119	LP|Inflammatory Fibroblasts	0.0081	51
ATP6V1B2	0.8309	LP|Inflammatory Monocytes	1.7126	51
ATP6V1C1	0.5924	LP|Glia	0.5016	51
ATP6V1C2	0.9450	Epi|Enteroendocrine	0.1573	51
ATP6V1D	0.4618	Epi|Enterocyte Progenitors	0.8456	51
ATP6V1E1	0.5778	LP|Microvascular	1.6620	51
ATP6V1E2	0.6407	LP|MT-hi	0.0897	51
ATP6V1F	0.6857	LP|CD69- Mast	5.7908	51
ATP6V1G1	0.6098	LP|CD69- Mast	7.6542	51
ATP6V1G2	0.8964	LP|RSPO3+	0.0863	51
ATP6V1H	0.5317	LP|DC1	0.6570	51
ATP7A	0.6000	LP|Myofibroblasts	0.1013	51
ATP7B	0.7665	Epi|TA 2	0.0376	51
ATP8A1	0.8499	Epi|M cells	0.8879	51
ATP8A2	0.9573	Epi|Tuft	0.2119	51
ATP8B1	0.8090	Epi|Immature Enterocytes 2	1.0814	51
ATP8B2	0.7287	LP|Myofibroblasts	0.0869	51
ATP8B3	0.9059	LP|Cycling T	0.0659	51
ATP8B4	0.9065	LP|ILCs	0.3757	51
ATP9A	0.8197	Epi|Goblet	0.4074	51
ATP9B	0.6070	LP|MT-hi	0.1899	51
ATPAF1	0.5156	LP|Cycling T	0.5127	51
ATPAF2	0.6134	LP|GC	0.4206	51
ATPIF1	0.6685	Epi|Tuft	9.7704	51
ATR	0.5181	LP|CD8+ IELs	0.0991	51
ATRAID	0.6278	LP|RSPO3+	3.7091	51
ATRIP	0.8314	LP|MT-hi	0.1133	51
ATRN	0.7068	LP|Pericytes	0.1698	51
ATRX	0.5412	LP|Pericytes	1.4364	51
ATXN1	0.6739	LP|CD69+ Mast	0.5920	51
ATXN10	0.7716	LP|CD69- Mast	1.9950	51
ATXN1L	0.8116	LP|CD69- Mast	0.4769	51
ATXN2	0.5130	Epi|Tuft	0.4904	51
ATXN2L	0.5252	LP|CD8+ IELs	0.3128	51
ATXN3	0.7449	LP|Microvascular	0.9563	51
ATXN7	0.6809	LP|MT-hi	0.5719	51
ATXN7L1	0.7123	Epi|M cells	0.1797	51
ATXN7L2	0.7703	LP|ILCs	0.0518	51
ATXN7L3	0.7994	LP|MT-hi	0.2954	51
ATXN7L3B	0.4488	LP|Glia	0.3113	51
ATXN8OS	0.6553	LP|CD4+ PD1+	0.6514	51
AUH	0.7091	Epi|Enterocyte Progenitors	0.4616	51
AUNIP	0.9487	LP|Cycling T	0.0730	51
AUP1	0.3983	LP|CD69- Mast	1.6057	51
AURKA	0.9074	LP|Cycling B	0.9882	51
AURKAIP1	0.5048	Epi|Tuft	4.2342	51
AURKB	0.9608	LP|Cycling B	2.2421	51
AURKC	0.9053	LP|Cycling Monocytes	0.0732	51
AUTS2	0.7394	Epi|M cells	0.3400	51
AVEN	0.6457	LP|Post-capillary Venules	0.1065	51
AVIL	0.9910	Epi|Tuft	6.4161	51
AVL9	0.7673	Epi|M cells	0.5081	51
AVPI1	0.6544	Epi|Immature Enterocytes 2	0.7169	51
AVPR2	0.9730	LP|Microvascular	0.3975	51
AXDND1	0.9220	Epi|Enterocyte Progenitors	0.6813	51
AXIN1	0.8032	LP|NKs	0.3136	51
AXIN2	0.8616	Epi|Stem	0.2589	51
AXL	0.8815	LP|Pericytes	1.8557	51
AZGP1	0.9986	Epi|Tuft	20.8561	51
AZI1	0.8271	LP|RSPO3+	0.2268	51
AZI2	0.6102	LP|RSPO3+	0.6509	51
AZIN1	0.5716	LP|CD69+ Mast	0.8886	51
AZU1	0.9148	LP|Macrophages	0.0292	51
B2M	0.5035	LP|CD8+ IL17+	253.2294	51
B3GALNT1	0.8991	LP|Pericytes	0.2142	51
B3GALNT2	0.7605	LP|ILCs	0.2770	51
B3GALT1	0.8719	Epi|Immature Enterocytes 2	0.0708	51
B3GALT2	0.9558	LP|CD8+ IL17+	0.3803	51
B3GALT4	0.7651	LP|CD69- Mast	0.6992	51
B3GALT5	0.9126	Epi|M cells	1.0339	51
B3GALT6	0.6968	LP|NKs	0.2517	51
B3GALTL	0.6250	LP|ILCs	0.0914	51
B3GAT2	0.7547	LP|ILCs	0.4924	51
B3GAT3	0.5477	Epi|Tuft	0.8531	51
B3GNT1	0.8871	LP|Glia	0.7787	51
B3GNT2	0.8400	LP|Pericytes	0.9792	51
B3GNT3	0.8854	Epi|Enterocytes	0.8425	51
B3GNT4	0.9479	Epi|Enteroendocrine	0.0178	51
B3GNT5	0.8000	Epi|Goblet	0.4079	51
B3GNT6	0.9589	Epi|Goblet	0.4701	51
B3GNT7	0.8690	Epi|TA 2	1.5299	51
B3GNT8	0.8948	Epi|Enterocytes	1.1958	51
B3GNT9	0.8521	LP|RSPO3+	0.2080	51
B3GNTL1	0.7626	LP|DC1	0.1762	51
B4GALNT2	0.8803	Epi|Enterocyte Progenitors	0.0864	51
B4GALNT3	0.8614	Epi|Enterocytes	0.4477	51
B4GALNT4	0.9960	Epi|Tuft	0.7809	51
B4GALT1	0.7739	Epi|Enterocytes	1.5342	51
B4GALT2	0.7721	Epi|Secretory TA	0.1833	51
B4GALT3	0.6572	LP|Plasma	0.7065	51
B4GALT4	0.7732	Epi|Immature Goblet	0.7166	51
B4GALT5	0.6685	Epi|Enterocytes	0.3692	51
B4GALT6	0.9510	LP|Glia	0.1642	51
B4GALT7	0.5456	LP|WNT5B+ 1	0.3975	51
B9D1	0.7633	Epi|Enteroendocrine	0.2752	51
B9D2	0.7124	Epi|Tuft	0.5622	51
BAALC	0.9779	LP|Microvascular	1.6435	51
BAAT	nan	Epi|Best4+ Enterocytes	0.0000	51
BABAM1	0.4202	LP|RSPO3+	1.0809	51
BACE1	0.8356	LP|WNT2B+ Fos-lo 2	0.2549	51
BACE2	0.8920	LP|CD69- Mast	2.4363	51
BACH1	0.8294	LP|Inflammatory Monocytes	0.7501	51
BACH1-IT1	0.8766	LP|Cycling B	0.0047	51
BACH1-IT2	0.9907	Epi|TA 2	0.0000	51
BACH2	0.9511	LP|GC	0.7138	51
BAD	0.4418	LP|Myofibroblasts	1.3272	51
BAG1	0.4595	Epi|Goblet	1.4339	51
BAG2	0.8778	LP|Myofibroblasts	1.0946	51
BAG3	0.7980	LP|CD69- Mast	1.3333	51
BAG4	0.5555	LP|MT-hi	0.1695	51
BAG5	0.5443	LP|CD4+ PD1+	0.3618	51
BAG6	0.6507	LP|CD69- Mast	1.1239	51
BAHD1	0.6531	Epi|M cells	0.1659	51
BAI1	0.9082	LP|Post-capillary Venules	0.0081	51
BAI2	0.9048	LP|Myofibroblasts	0.0442	51
BAIAP2	0.7037	LP|Glia	0.4120	51
BAIAP2-AS1	0.7556	Epi|Tuft	0.1398	51
BAIAP2L1	0.8854	Epi|Goblet	0.9146	51
BAIAP2L2	0.8080	Epi|Immature Enterocytes 1	0.4322	51
BAIAP3	0.9420	Epi|Enteroendocrine	0.1567	51
BAK1	0.6764	LP|CD8+ IL17+	0.7109	51
BAMBI	0.9207	LP|WNT5B+ 2	0.9870	51
BANF1	0.6063	LP|CD69- Mast	3.9388	51
BANK1	0.9748	LP|Follicular	2.8306	51
BANP	0.5236	LP|DC2	0.2087	51
BAP1	0.5008	Epi|M cells	0.2215	51
BARD1	0.8254	LP|Cycling T	0.4324	51
BARX2	0.9077	Epi|Enterocytes	0.3574	51
BASP1	0.9313	LP|GC	6.6094	51
BATF	0.9495	LP|Tregs	5.8902	51
BATF2	0.8124	LP|Glia	0.2641	51
BATF3	0.9640	LP|DC1	2.0533	51
BAX	0.4311	LP|Cycling T	2.0588	51
BAZ1A	0.5103	LP|Inflammatory Monocytes	1.3880	51
BAZ1B	0.5746	LP|Cycling T	0.6342	51
BAZ2A	0.4385	LP|Pericytes	0.4656	51
BAZ2B	0.6121	Epi|Tuft	0.7315	51
BBC3	0.6900	Epi|Goblet	0.4354	51
BBIP1	0.5237	LP|Pericytes	0.4050	51
BBS1	0.8793	LP|MT-hi	0.0721	51
BBS10	0.8199	LP|Glia	0.1312	51
BBS12	0.8471	LP|MT-hi	0.1645	51
BBS2	0.7888	LP|Glia	0.4307	51
BBS4	0.6934	LP|RSPO3+	0.2711	51
BBS5	0.8016	Epi|M cells	0.0263	51
BBS7	0.6799	LP|Microvascular	0.2205	51
BBS9	0.7565	LP|Microvascular	0.1147	51
BBX	0.6311	LP|RSPO3+	1.4827	51
BCAM	0.9450	LP|Microvascular	4.9268	51
BCAN	0.9756	Epi|Immature Enterocytes 1	0.0033	51
BCAP29	0.7012	LP|Microvascular	1.2231	51
BCAP31	0.5701	LP|Microvascular	3.4156	51
BCAR1	0.7903	LP|Pericytes	0.7742	51
BCAR3	0.8703	LP|GC	0.7051	51
BCAS1	0.9569	Epi|Goblet	3.7843	51
BCAS2	0.7036	LP|ILCs	2.4914	51
BCAS3	0.8119	LP|Tregs	0.2829	51
BCAS4	0.9599	LP|GC	3.6939	51
BCAT1	0.9141	LP|Post-capillary Venules	0.3933	51
BCAT2	0.6536	Epi|Enteroendocrine	0.5702	51
BCCIP	0.3826	Epi|Cycling TA	0.4297	51
BCDIN3D	0.6914	LP|CD69- Mast	0.1648	51
BCDIN3D-AS1	0.9239	LP|WNT2B+ Fos-lo 2	0.0089	51
BCKDHA	0.7801	LP|MT-hi	0.0471	51
BCKDHB	0.6636	Epi|Enterocyte Progenitors	0.2961	51
BCKDK	0.5110	LP|Inflammatory Monocytes	0.5648	51
BCL10	0.6516	LP|GC	0.6989	51
BCL11A	0.9398	LP|GC	1.2182	51
BCL11B	0.8698	LP|CD4+ Memory	0.9766	51
BCL2	0.7853	LP|Tregs	0.5909	51
BCL2A1	0.9122	LP|Inflammatory Monocytes	3.3221	51
BCL2L1	0.7779	LP|CD69- Mast	1.0329	51
BCL2L10	0.8882	Epi|Immature Enterocytes 1	0.0662	51
BCL2L11	0.7408	LP|GC	0.4506	51
BCL2L12	0.8400	LP|Cycling B	1.2696	51
BCL2L13	0.4321	LP|Inflammatory Monocytes	0.2858	51
BCL2L14	0.8151	LP|DC1	0.3043	51
BCL2L15	0.8752	Epi|Enterocyte Progenitors	1.1910	51
BCL2L2	0.7245	Epi|Enteroendocrine	0.2062	51
BCL3	0.6496	LP|Post-capillary Venules	0.8471	51
BCL6	0.7970	LP|GC	0.3742	51
BCL6B	0.9598	LP|Microvascular	0.5027	51
BCL7A	0.9590	LP|GC	1.4735	51
BCL7B	0.4705	LP|Cycling T	0.8245	51
BCL7C	0.4981	Epi|Cycling TA	0.9667	51
BCL9	0.7901	LP|RSPO3+	0.1562	51
BCL9L	0.7535	Epi|Tuft	0.1853	51
BCLAF1	0.4991	LP|MT-hi	1.3204	51
BCMO1	0.8707	Epi|Enterocytes	0.0576	51
BCO2	0.8960	LP|NKs	0.3919	51
BCOR	0.6795	LP|MT-hi	0.2454	51
BCORL1	0.8207	Epi|Tuft	0.1135	51
BCR	0.8565	Epi|Tuft	0.5898	51
BCS1L	0.5981	LP|Myofibroblasts	0.3251	51
BCYRN1	0.7201	Epi|Goblet	0.0959	51
BDH1	0.7723	Epi|Immature Enterocytes 2	0.6704	51
BDH2	0.7915	LP|RSPO3+	1.5914	51
BDKRB1	0.9229	LP|Inflammatory Fibroblasts	0.3661	51
BDKRB2	0.8719	LP|Myofibroblasts	0.6293	51
BDNF-AS	0.8895	LP|Glia	0.1201	51
BDP1	0.5293	LP|ILCs	0.6317	51
BEAN1	1.0000	Epi|Enterocytes	0.0026	51
BECN1	0.4790	LP|CD69- Mast	0.5959	51
BEGAIN	0.9427	LP|CD69+ Mast	0.0396	51
BEND2	0.9867	Epi|Stem	0.0022	51
BEND3	0.8141	Epi|Cycling TA	0.0285	51
BEND4	0.9341	LP|Follicular	0.0428	51
BEND5	0.8494	LP|GC	0.2406	51
BEND6	0.8698	LP|Glia	0.1269	51
BEND7	0.8538	Epi|Tuft	0.2619	51
BEST1	0.6625	Epi|Immature Enterocytes 1	0.4264	51
BEST2	0.9805	Epi|Goblet	1.7077	51
BEST4	0.9992	Epi|Best4+ Enterocytes	13.7273	51
BET1	0.7068	LP|CD69- Mast	1.0947	51
BET1L	0.8721	LP|CD69- Mast	1.0717	51
BEX1	0.9548	LP|CD69- Mast	0.6136	51
BEX2	0.8515	LP|CD69- Mast	1.0700	51
BEX4	0.7850	LP|CD69- Mast	2.4060	51
BEX5	0.8010	LP|ILCs	0.4222	51
BFAR	0.5363	LP|CD69- Mast	0.6211	51
BFSP1	0.9125	LP|Microvascular	0.0407	51
BFSP2	0.9752	LP|GC	1.3045	51
BGLAP	0.9490	LP|MT-hi	0.0517	51
BGN	0.9727	LP|Pericytes	9.0844	51
BHLHB9	0.8574	Epi|Enteroendocrine	0.0552	51
BHLHE40	0.8424	LP|CD69- Mast	2.4682	51
BHLHE40-AS1	0.9247	LP|Tregs	0.1038	51
BHLHE41	0.9262	Epi|M cells	0.4579	51
BHMT	nan	Epi|Best4+ Enterocytes	0.0000	51
BHMT2	0.9167	LP|Inflammatory Fibroblasts	0.0742	51
BICC1	0.9197	LP|Inflammatory Fibroblasts	0.7328	51
BICD1	0.8094	LP|GC	0.1943	51
BICD2	0.7099	LP|Inflammatory Monocytes	0.2345	51
BID	0.8695	LP|DC1	3.7046	51
BIK	0.9538	Epi|Tuft	6.3088	51
BIN1	0.6891	LP|CD8+ IL17+	1.4637	51
BIN2	0.8939	LP|NKs	3.8506	51
BIN3	0.7046	Epi|Tuft	0.6503	51
BIRC2	0.4996	LP|Glia	0.5564	51
BIRC3	0.8028	LP|CD69+ Mast	7.1854	51
BIRC5	0.9492	LP|Cycling B	2.7342	51
BIRC6	0.3862	LP|ILCs	0.4204	51
BIVM	0.6382	LP|ILCs	0.2076	51
BLCAP	0.5929	LP|GC	0.6982	51
BLK	0.9646	LP|GC	1.5858	51
BLM	0.9084	Epi|Tuft	0.4627	51
BLMH	0.5663	LP|Endothelial	0.3231	51
BLNK	0.9359	LP|GC	1.5297	51
BLOC1S1	0.6907	Epi|Tuft	8.0151	51
BLOC1S2	0.7493	LP|CD69- Mast	1.8955	51
BLOC1S3	0.6950	LP|MT-hi	0.1243	51
BLOC1S4	0.7872	LP|MT-hi	1.6531	51
BLOC1S5	0.5560	LP|MT-hi	0.1753	51
BLOC1S6	0.6890	LP|GC	0.8662	51
BLVRA	0.7708	LP|Cycling Monocytes	1.5163	51
BLVRB	0.5964	LP|Macrophages	2.3925	51
BLZF1	0.6787	LP|Glia	0.4206	51
BMF	0.8195	LP|WNT5B+ 2	0.2511	51
BMI1	0.5939	LP|CD69+ Mast	0.2970	51
BMP1	0.8326	LP|Inflammatory Fibroblasts	0.5799	51
BMP2	0.8510	LP|WNT5B+ 2	0.3783	51
BMP2K	0.9009	LP|CD69- Mast	1.1127	51
BMP3	0.9553	Epi|Enterocytes	0.4228	51
BMP4	0.9403	LP|WNT5B+ 2	8.8612	51
BMP5	0.9638	LP|WNT5B+ 2	2.6114	51
BMP6	0.9415	LP|Microvascular	0.0601	51
BMP7	0.9427	Epi|M cells	0.4418	51
BMP8B	0.9675	LP|Glia	0.4806	51
BMPER	0.9097	LP|WNT2B+ Fos-hi	0.1496	51
BMPR1A	0.8037	LP|Myofibroblasts	0.3287	51
BMPR1B	0.9995	Epi|Enteroendocrine	0.0583	51
BMPR2	0.8724	LP|Endothelial	1.2441	51
BMS1	0.7308	LP|CD69- Mast	0.5315	51
BMS1P20	0.8512	LP|CD69- Mast	0.3779	51
BMX	0.9973	Epi|Tuft	6.1231	51
BNC2	0.9132	LP|Myofibroblasts	0.5191	51
BNIP1	0.7240	LP|CD69- Mast	0.3055	51
BNIP2	0.6498	LP|Endothelial	1.1343	51
BNIP3	0.7228	LP|Post-capillary Venules	0.4138	51
BNIP3L	0.6496	LP|Inflammatory Monocytes	1.8110	51
BNIPL	0.8934	LP|Pericytes	0.0166	51
BOC	0.8987	LP|Myofibroblasts	0.2468	51
BOD1	0.6669	LP|RSPO3+	0.6951	51
BOD1L1	0.4759	LP|Endothelial	0.3396	51
BOK	0.8731	LP|Myofibroblasts	0.3713	51
BOK-AS1	0.9395	LP|Microvascular	0.0096	51
BOLA1	0.6494	LP|Glia	0.4625	51
BOLA2	0.8527	Epi|Immature Goblet	0.0052	51
BOLA2B	0.6284	LP|MT-hi	0.1484	51
BOLA3	0.6556	Epi|Cycling TA	1.5912	51
BOLA3-AS1	0.8625	LP|CD69- Mast	0.1324	51
BOLL	0.9461	LP|Myofibroblasts	0.0142	51
BORA	0.8136	LP|Cycling T	0.1701	51
BPGM	0.8483	LP|Glia	1.1018	51
BPHL	0.7140	Epi|Enteroendocrine	0.3901	51
BPIFB1	0.9941	Epi|TA 1	0.0002	51
BPIFB2	0.9737	Epi|Secretory TA	0.0012	51
BPNT1	0.7805	LP|GC	0.5772	51
BPTF	0.5264	LP|GC	0.9066	51
BRAF	0.6260	LP|ILCs	0.2215	51
BRAP	0.3848	LP|Cycling B	0.1243	51
BRAT1	0.6175	Epi|Enteroendocrine	0.3790	51
BRCA1	0.8738	LP|Cycling Monocytes	0.2698	51
BRCA2	0.8901	LP|Cycling T	0.2699	51
BRCC3	0.7898	LP|CD69- Mast	0.5733	51
BRD1	0.7419	Epi|Tuft	0.2536	51
BRD2	0.6123	LP|Glia	2.7250	51
BRD3	0.5520	LP|Glia	0.4176	51
BRD4	0.3920	LP|GC	0.5644	51
BRD7	0.5806	LP|Cycling T	0.6946	51
BRD8	0.6793	LP|WNT5B+ 2	0.4272	51
BRD9	0.5499	LP|MT-hi	0.3905	51
BRDT	0.7864	LP|CD4+ Activated Fos-lo	0.0088	51
BRE	0.6947	LP|CD69- Mast	0.8704	51
BRF1	0.6100	Epi|Tuft	0.2551	51
BRF2	0.5975	Epi|Tuft	0.1693	51
BRI3	0.8097	LP|Inflammatory Monocytes	4.7039	51
BRI3BP	0.7474	LP|GC	0.7545	51
BRICD5	0.6906	Epi|Goblet	0.0376	51
BRINP1	0.9900	Epi|Enterocytes	0.0052	51
BRINP3	0.9023	Epi|Enteroendocrine	0.0487	51
BRIP1	0.8796	LP|Cycling B	0.0742	51
BRIX1	0.8317	LP|CD69- Mast	1.8194	51
BRK1	0.4461	LP|GC	5.2093	51
BRMS1	0.4123	Epi|Immature Enterocytes 1	0.7136	51
BRMS1L	0.6837	LP|Pericytes	0.2002	51
BROX	0.4988	LP|CD8+ IL17+	0.4242	51
BRPF1	0.5891	LP|CD8+ IELs	0.0934	51
BRPF3	0.6806	Epi|M cells	0.1683	51
BRSK1	0.9395	LP|Plasma	0.2628	51
BRWD1	0.7644	LP|GC	1.0125	51
BRWD3	0.6246	LP|Inflammatory Monocytes	0.1323	51
BSCL2	0.7493	LP|WNT5B+ 1	0.0515	51
BSDC1	0.4984	LP|ILCs	0.6312	51
BSG	0.6781	Epi|Immature Enterocytes 2	9.9821	51
BSN-AS2	0.8634	LP|ILCs	0.0218	51
BSND	nan	Epi|Best4+ Enterocytes	0.0000	51
BSPRY	0.8252	Epi|Stem	0.3142	51
BST1	0.8702	LP|Inflammatory Monocytes	0.5830	51
BST2	0.7559	LP|Microvascular	7.8917	51
BTAF1	0.5732	LP|Inflammatory Monocytes	0.1453	51
BTBD1	0.5665	LP|GC	0.2316	51
BTBD10	0.5646	LP|Endothelial	0.2806	51
BTBD11	0.8631	LP|MT-hi	0.0564	51
BTBD16	0.9481	Epi|Cycling TA	0.0004	51
BTBD19	0.7693	Epi|Enteroendocrine	0.0743	51
BTBD2	0.7447	Epi|Tuft	0.3151	51
BTBD3	0.7413	LP|Endothelial	0.2851	51
BTBD6	0.6035	Epi|Immature Goblet	0.2193	51
BTBD7	0.5683	LP|ILCs	0.4345	51
BTBD8	0.9094	Epi|Tuft	0.1523	51
BTBD9	0.6585	Epi|Enterocytes	0.0685	51
BTC	0.8443	LP|Glia	0.1084	51
BTD	0.6041	LP|Microvascular	0.2933	51
BTF3	0.4772	LP|GC	15.1961	51
BTF3L4	0.4539	LP|Cycling B	0.9482	51
BTG1	0.6763	LP|Follicular	26.1320	51
BTG2	0.7774	LP|ILCs	11.0060	51
BTG3	0.6304	LP|Cycling T	1.0229	51
BTK	0.9748	LP|CD69- Mast	4.3870	51
BTLA	0.9620	LP|CD4+ PD1+	1.0259	51
BTN2A1	0.8066	LP|CD69- Mast	0.6786	51
BTN2A2	0.8833	LP|GC	0.5471	51
BTN3A1	0.6277	LP|CD8+ LP	0.3827	51
BTN3A2	0.6963	LP|NKs	1.5263	51
BTN3A3	0.6807	LP|NKs	0.2855	51
BTNL3	0.9181	Epi|Immature Enterocytes 1	1.2218	51
BTNL8	0.9368	Epi|Immature Enterocytes 1	1.1359	51
BTNL9	0.9753	LP|Endothelial	0.5507	51
BTRC	0.7485	LP|CD69- Mast	0.1648	51
BUB1	0.9554	LP|Cycling B	0.4465	51
BUB1B	0.9431	LP|Cycling B	0.1963	51
BUB3	0.7373	LP|Cycling T	3.2036	51
BUD13	0.7081	LP|MT-hi	0.2434	51
BUD31	0.3769	LP|Cycling B	1.8618	51
BVES	0.9230	LP|Myofibroblasts	0.0693	51
BX088651.1	0.9369	Epi|Enteroendocrine	0.0338	51
BX322557.10	0.8257	LP|Pericytes	0.0747	51
BX470102.3	0.9515	Epi|Goblet	0.0042	51
BYSL	0.6244	LP|Cycling B	0.1732	51
BZRAP1	0.8765	LP|MT-hi	0.1385	51
BZRAP1-AS1	0.9100	LP|CD4+ PD1+	0.6220	51
BZW1	0.6798	LP|ILCs	3.2948	51
BZW2	0.7253	LP|CD69- Mast	1.2549	51
C10orf10	0.9282	LP|Endothelial	2.0886	51
C10orf11	0.9404	LP|CD69- Mast	1.9181	51
C10orf111	0.8925	Epi|M cells	0.0318	51
C10orf112	0.9538	Epi|Immature Enterocytes 1	0.0009	51
C10orf118	0.5155	LP|WNT5B+ 2	0.5957	51
C10orf12	0.6596	Epi|Tuft	0.0446	51
C10orf128	0.7917	LP|DC1	0.8307	51
C10orf137	0.6571	LP|MT-hi	0.2259	51
C10orf2	0.8742	Epi|M cells	0.1581	51
C10orf25	0.7987	LP|WNT2B+ Fos-lo 1	0.0627	51
C10orf32	0.5677	LP|Glia	1.0116	51
C10orf35	0.8359	LP|Glia	0.2329	51
C10orf40	0.8766	LP|Post-capillary Venules	0.0105	51
C10orf54	0.7558	LP|Inflammatory Monocytes	3.6559	51
C10orf55	0.9619	LP|Inflammatory Fibroblasts	0.0117	51
C10orf67	0.9781	Epi|Cycling TA	0.0013	51
C10orf68	0.7465	LP|Endothelial	0.0198	51
C10orf76	0.6347	LP|MT-hi	0.2206	51
C10orf82	0.9731	Epi|M cells	0.0119	51
C10orf88	0.9319	LP|CD69- Mast	0.6786	51
C10orf91	0.9189	Epi|Stem	0.0043	51
C10orf95	0.8468	Epi|Tuft	0.0942	51
C10orf99	0.8558	Epi|Enterocyte Progenitors	6.6716	51
C11orf1	0.5946	Epi|Stem	0.3593	51
C11orf21	0.9316	LP|NKs	0.4553	51
C11orf24	0.6889	LP|Glia	0.4029	51
C11orf30	0.5117	LP|Endothelial	0.1570	51
C11orf31	0.5332	Epi|Tuft	3.9639	51
C11orf35	0.8672	Epi|Tuft	0.0826	51
C11orf45	0.9353	LP|Macrophages	0.0111	51
C11orf48	0.4611	LP|Cycling B	1.5815	51
C11orf49	0.7679	LP|WNT5B+ 1	0.5964	51
C11orf52	0.8625	Epi|Tuft	0.0287	51
C11orf53	0.9907	Epi|Tuft	1.0671	51
C11orf54	0.6455	Epi|Enterocyte Progenitors	0.4811	51
C11orf57	0.5831	LP|MT-hi	0.3189	51
C11orf58	0.4762	LP|Glia	3.5295	51
C11orf63	0.7399	LP|Glia	0.0748	51
C11orf65	0.8327	LP|WNT2B+ Fos-lo 2	0.0162	51
C11orf68	0.6009	LP|RSPO3+	0.2219	51
C11orf70	0.9384	LP|Pericytes	0.1492	51
C11orf71	0.8101	LP|Cycling T	0.2804	51
C11orf72	0.9609	Epi|Goblet	0.0017	51
C11orf73	0.5323	LP|CD69- Mast	1.3860	51
C11orf74	0.6981	LP|RSPO3+	0.4041	51
C11orf80	0.7804	Epi|M cells	0.1679	51
C11orf82	0.8901	LP|Cycling T	0.0840	51
C11orf83	0.6004	Epi|Cycling TA	1.4875	51
C11orf84	0.7774	LP|Pericytes	0.0968	51
C11orf86	0.9537	Epi|Enterocytes	1.7426	51
C11orf95	0.9429	LP|Microvascular	0.4719	51
C11orf96	0.9190	LP|WNT5B+ 1	5.4102	51
C12orf10	0.4885	LP|WNT5B+ 1	0.8109	51
C12orf23	0.6874	LP|Pericytes	0.6058	51
C12orf29	0.7531	LP|Glia	0.4722	51
C12orf36	0.9590	Epi|Enterocytes	0.8607	51
C12orf4	0.7132	LP|CD69- Mast	0.2301	51
C12orf42	0.9895	Epi|Immature Goblet	0.0023	51
C12orf43	0.6400	LP|Glia	0.3071	51
C12orf44	0.5977	LP|CD69- Mast	1.0719	51
C12orf45	0.6310	LP|DC1	0.5955	51
C12orf49	0.7461	LP|GC	0.4980	51
C12orf5	0.9160	LP|CD69- Mast	1.3333	51
C12orf50	0.9605	LP|NKs	0.0039	51
C12orf52	0.5488	LP|NKs	0.2957	51
C12orf54	0.6070	LP|ILCs	0.0840	51
C12orf55	0.9401	LP|MT-hi	0.0765	51
C12orf56	0.8772	Epi|TA 2	0.0099	51
C12orf57	0.5239	LP|WNT5B+ 2	4.7239	51
C12orf60	0.7420	LP|CD4+ Memory	0.0692	51
C12orf61	0.8690	LP|RSPO3+	0.0341	51
C12orf65	0.6396	LP|Glia	0.7511	51
C12orf66	0.8274	Epi|M cells	0.1491	51
C12orf68	0.8676	LP|MT-hi	0.4602	51
C12orf73	0.7941	Epi|M cells	0.4334	51
C12orf75	0.7426	Epi|M cells	3.0006	51
C12orf76	0.6983	LP|Glia	0.4108	51
C12orf77	0.9826	LP|GC	0.1794	51
C12orf79	0.8982	LP|Tregs	0.0666	51
C14orf1	0.7274	LP|CD8+ IL17+	1.4868	51
C14orf105	0.8554	LP|ILCs	0.0193	51
C14orf119	0.6795	LP|CD69- Mast	1.8270	51
C14orf132	0.8849	LP|Myofibroblasts	0.5007	51
C14orf142	0.5703	Epi|Enterocyte Progenitors	0.4701	51
C14orf144	0.9535	Epi|Immature Enterocytes 2	0.0011	51
C14orf159	0.6112	LP|MT-hi	0.4294	51
C14orf164	nan	Epi|Best4+ Enterocytes	0.0000	51
C14orf166	0.5136	LP|Cycling B	3.3672	51
C14orf169	0.6233	LP|Cycling T	0.1909	51
C14orf180	0.9568	Epi|Immature Enterocytes 2	0.0133	51
C14orf182	0.8029	LP|CD69- Mast	0.2283	51
C14orf2	0.6272	LP|Inflammatory Monocytes	8.8609	51
C14orf23	0.8854	LP|Endothelial	0.0078	51
C14orf28	0.7164	LP|RSPO3+	0.2017	51
C14orf37	0.8762	LP|Glia	0.2123	51
C14orf64	0.8760	LP|CD4+ Memory	0.5076	51
C14orf79	0.7649	LP|Glia	0.0666	51
C14orf80	0.8363	LP|CD69- Mast	0.6294	51
C14orf93	0.7764	Epi|Enteroendocrine	0.1951	51
C15orf27	0.7650	LP|CD8+ IL17+	0.0220	51
C15orf38	0.7713	LP|Cycling Monocytes	0.2479	51
C15orf39	0.8198	LP|Inflammatory Monocytes	0.3959	51
C15orf40	0.4817	LP|CD4+ PD1+	0.4631	51
C15orf41	0.7270	LP|RSPO3+	0.0913	51
C15orf48	0.8475	Epi|Enterocyte Progenitors	37.4057	51
C15orf52	0.9377	LP|Glia	0.4145	51
C15orf57	0.6485	Epi|M cells	0.7685	51
C15orf61	0.6071	LP|CD69+ Mast	0.7441	51
C15orf62	0.9952	Epi|M cells	0.0476	51
C15orf65	0.7599	Epi|Immature Goblet	0.1422	51
C16orf13	0.3726	Epi|Cycling TA	1.4029	51
C16orf45	0.8318	LP|Myofibroblasts	0.6830	51
C16orf46	0.8016	LP|WNT5B+ 1	0.0611	51
C16orf52	0.5420	LP|Myofibroblasts	0.1314	51
C16orf54	0.8222	LP|NKs	1.0546	51
C16orf58	0.5790	LP|CD4+ PD1+	0.2089	51
C16orf59	0.9344	LP|Cycling T	0.2718	51
C16orf62	0.6557	LP|Microvascular	0.3525	51
C16orf70	0.6066	Epi|M cells	0.1137	51
C16orf72	0.5087	LP|CD8+ IELs	0.2579	51
C16orf74	0.8501	LP|Follicular	0.4081	51
C16orf80	0.9033	LP|Microvascular	4.6904	51
C16orf86	0.8350	LP|Glia	0.1958	51
C16orf87	0.7411	LP|GC	0.6918	51
C16orf89	0.9575	LP|RSPO3+	1.3989	51
C16orf91	0.7301	LP|ILCs	0.8960	51
C16orf93	0.8027	LP|Cycling B	0.1789	51
C16orf95	0.7986	Epi|M cells	0.0783	51
C16orf98	0.6502	LP|WNT5B+ 1	0.0939	51
C17orf100	0.6290	LP|Pericytes	0.0610	51
C17orf103	0.7711	LP|Pericytes	0.0961	51
C17orf104	0.7420	LP|Myofibroblasts	0.0160	51
C17orf105	nan	Epi|Best4+ Enterocytes	0.0000	51
C17orf107	0.8170	LP|DC2	0.0773	51
C17orf49	0.8612	LP|CD69- Mast	0.5934	51
C17orf50	0.9012	Epi|Best4+ Enterocytes	0.0040	51
C17orf51	0.8052	LP|Inflammatory Fibroblasts	0.0587	51
C17orf53	0.9451	LP|Cycling T	0.0689	51
C17orf58	0.7279	LP|Inflammatory Fibroblasts	0.2989	51
C17orf59	0.6533	LP|Microvascular	0.3966	51
C17orf62	0.7387	LP|GC	1.7159	51
C17orf67	0.7200	LP|Endothelial	0.1670	51
C17orf70	0.5771	LP|Pericytes	0.1844	51
C17orf72	0.9296	LP|Microvascular	0.0301	51
C17orf75	0.5675	LP|Cycling T	0.1828	51
C17orf76-AS1	0.6757	Epi|Stem	22.8938	51
C17orf77	0.9223	Epi|Tuft	0.0108	51
C17orf80	0.6649	LP|Pericytes	0.1191	51
C17orf82	0.9129	LP|Pericytes	0.0588	51
C17orf85	0.5081	LP|WNT2B+ Fos-lo 2	0.2980	51
C17orf89	0.4085	LP|Cycling T	1.4840	51
C17orf96	0.8933	LP|Tregs	0.1526	51
C17orf97	0.6178	Epi|Tuft	0.0837	51
C17orf99	0.9299	LP|GC	0.0387	51
C18orf21	0.4751	LP|CD8+ IL17+	0.2246	51
C18orf25	0.5723	LP|CD69- Mast	0.1648	51
C18orf32	0.6820	Epi|M cells	0.3123	51
C18orf54	0.7056	LP|Cycling B	0.0407	51
C18orf56	0.9131	Epi|Cycling TA	0.2430	51
C18orf8	0.7035	LP|GC	0.3363	51
C19orf10	0.5538	LP|Plasma	3.8705	51
C19orf12	0.6151	LP|CD8+ IL17+	0.3081	51
C19orf18	0.7229	LP|CD4+ PD1+	0.0201	51
C19orf24	0.4179	LP|Tregs	1.2320	51
C19orf25	0.5704	LP|MT-hi	0.9290	51
C19orf26	nan	Epi|Best4+ Enterocytes	0.0000	51
C19orf33	0.9099	Epi|Enterocytes	14.3007	51
C19orf38	0.9382	LP|Inflammatory Monocytes	0.8742	51
C19orf40	0.6982	LP|Cycling Monocytes	0.1236	51
C19orf43	0.3819	Epi|Tuft	4.8755	51
C19orf44	0.7301	LP|RSPO3+	0.0507	51
C19orf45	0.9636	Epi|Tuft	0.1526	51
C19orf47	0.7250	Epi|M cells	0.0899	51
C19orf48	0.8353	LP|Cycling B	1.4441	51
C19orf52	0.5361	Epi|Enteroendocrine	0.2668	51
C19orf53	0.3944	LP|CD69- Mast	3.7810	51
C19orf54	0.5807	Epi|M cells	0.0867	51
C19orf55	0.6426	LP|CD4+ PD1+	0.2122	51
C19orf57	0.9570	Epi|Tuft	0.2550	51
C19orf59	nan	Epi|Best4+ Enterocytes	0.0000	51
C19orf60	0.3257	LP|Microvascular	1.8630	51
C19orf66	0.5993	LP|NKs	0.9913	51
C19orf68	0.6301	Epi|Enteroendocrine	0.1066	51
C19orf70	0.5131	Epi|TA 2	3.2720	51
C19orf73	0.7263	Epi|Tuft	0.0866	51
C19orf77	0.9295	Epi|Enteroendocrine	0.7550	51
C19orf81	0.8922	LP|Pericytes	0.0344	51
C19orf82	0.7626	LP|RSPO3+	0.1411	51
C1D	0.6428	LP|CD69- Mast	1.3070	51
C1GALT1	0.6890	LP|CD8+ IL17+	0.4932	51
C1GALT1C1	0.6603	LP|Glia	0.7413	51
C1QA	0.9848	LP|Cycling Monocytes	53.2089	51
C1QB	0.9864	LP|Cycling Monocytes	51.3424	51
C1QBP	0.6579	Epi|Cycling TA	4.4078	51
C1QC	0.9870	LP|Cycling Monocytes	40.0652	51
C1QL1	0.9368	LP|WNT5B+ 1	0.2536	51
C1QTNF1	0.9696	LP|Pericytes	1.1555	51
C1QTNF1-AS1	0.9562	Epi|Immature Enterocytes 1	0.1304	51
C1QTNF2	0.9147	LP|Myofibroblasts	0.7631	51
C1QTNF3	0.9819	LP|RSPO3+	1.8948	51
C1QTNF4	0.9067	LP|Glia	0.2354	51
C1QTNF6	0.8565	LP|Inflammatory Fibroblasts	0.3236	51
C1QTNF9	0.9706	LP|Endothelial	0.1762	51
C1QTNF9B-AS1	0.7409	Epi|Cycling TA	0.0332	51
C1R	0.9028	LP|RSPO3+	19.5873	51
C1RL	0.6816	LP|WNT2B+ Fos-lo 1	0.3170	51
C1RL-AS1	0.8148	LP|WNT2B+ Fos-lo 2	0.1806	51
C1S	0.8988	LP|RSPO3+	22.5881	51
C1orf101	0.9619	LP|CD4+ PD1+	0.0206	51
C1orf106	0.9143	Epi|Enterocytes	1.9629	51
C1orf109	0.7295	LP|Glia	0.2845	51
C1orf110	nan	Epi|Best4+ Enterocytes	0.0000	51
C1orf112	0.8835	LP|Cycling B	0.1699	51
C1orf115	0.9056	Epi|Enterocytes	1.0848	51
C1orf116	0.9231	Epi|Enterocytes	0.4686	51
C1orf122	0.5883	LP|Inflammatory Fibroblasts	1.4583	51
C1orf123	0.5819	LP|RSPO3+	0.9909	51
C1orf127	0.9994	Epi|Enteroendocrine	0.0194	51
C1orf131	0.4463	LP|CD69- Mast	0.5237	51
C1orf132	0.7723	LP|Plasma	0.4755	51
C1orf134	0.9656	Epi|Goblet	0.0041	51
C1orf145	0.9810	LP|CD4+ PD1+	0.0250	51
C1orf159	0.7091	LP|CD69- Mast	0.1478	51
C1orf162	0.8850	LP|Inflammatory Monocytes	4.8786	51
C1orf167	0.8335	LP|Myofibroblasts	0.1394	51
C1orf168	0.9845	Epi|Enteroendocrine	0.0872	51
C1orf172	0.7711	Epi|Enteroendocrine	0.2381	51
C1orf174	0.6382	LP|NKs	0.4471	51
C1orf177	0.9204	Epi|Immature Enterocytes 2	0.0130	51
C1orf186	0.9818	LP|CD69- Mast	6.6584	51
C1orf198	0.9661	LP|Glia	1.7378	51
C1orf204	0.8925	LP|Glia	0.0325	51
C1orf21	0.7706	LP|WNT5B+ 2	2.0642	51
C1orf210	0.8733	Epi|Enterocytes	0.9729	51
C1orf213	0.8391	LP|RSPO3+	0.1392	51
C1orf216	0.7272	LP|CD69- Mast	0.2343	51
C1orf220	0.9423	LP|Glia	0.0203	51
C1orf222	0.7389	Epi|Tuft	0.0327	51
C1orf226	0.8454	Epi|Goblet	0.1286	51
C1orf227	0.9872	Epi|TA 2	0.0001	51
C1orf228	0.9440	LP|CD69- Mast	1.6135	51
C1orf229	0.9734	Epi|Immature Enterocytes 2	0.0004	51
C1orf233	0.8406	LP|Macrophages	0.0482	51
C1orf27	0.7031	LP|CD69- Mast	0.4624	51
C1orf35	0.5182	LP|Cycling T	0.7699	51
C1orf43	0.4956	LP|Microvascular	1.9386	51
C1orf50	0.6153	LP|CD69- Mast	0.4566	51
C1orf51	0.8783	LP|Microvascular	0.1091	51
C1orf52	0.6042	LP|Glia	0.7675	51
C1orf53	0.7943	Epi|TA 2	0.2373	51
C1orf54	0.9608	LP|DC1	7.0729	51
C1orf56	0.8188	LP|NKs	2.1230	51
C1orf61	0.8650	LP|CD8+ IELs	0.0646	51
C1orf63	0.6620	LP|ILCs	5.0832	51
C1orf74	0.8838	Epi|Goblet	0.0631	51
C1orf85	0.6430	LP|Glia	0.5451	51
C1orf86	0.5376	LP|WNT2B+ Fos-lo 2	1.9075	51
C1orf95	0.9811	Epi|Enteroendocrine	0.0967	51
C2	0.8655	LP|Inflammatory Fibroblasts	1.9335	51
C20ORF135	0.9827	Epi|Best4+ Enterocytes	0.0031	51
C20orf112	0.6823	Epi|Enterocytes	0.3831	51
C20orf144	0.8629	LP|RSPO3+	0.0245	51
C20orf166-AS1	0.9592	LP|CD8+ IELs	0.0173	51
C20orf194	0.7955	LP|Pericytes	0.2955	51
C20orf195	0.9230	LP|RSPO3+	0.0145	51
C20orf196	0.8156	LP|GC	0.5635	51
C20orf24	0.4556	Epi|Enterocytes	1.7015	51
C20orf27	0.8948	LP|Pericytes	3.3832	51
C20orf96	0.7899	Epi|Enteroendocrine	0.2489	51
C21orf119	0.7206	LP|CD8+ IL17+	0.1945	51
C21orf2	0.5581	LP|Glia	0.4939	51
C21orf33	0.4530	LP|Glia	0.8603	51
C21orf49	0.8897	LP|MT-hi	0.1196	51
C21orf58	0.9188	Epi|Enteroendocrine	0.3284	51
C21orf59	0.6810	LP|CD69- Mast	1.4145	51
C21orf62	0.8517	LP|MT-hi	0.0487	51
C21orf67	0.8064	LP|WNT5B+ 2	0.0224	51
C21orf88	0.9508	Epi|M cells	0.1180	51
C21orf91	0.7758	LP|CD69+ Mast	0.4490	51
C22orf26	0.9368	Epi|Enteroendocrine	0.0830	51
C22orf29	0.7693	LP|MT-hi	0.2066	51
C22orf31	0.9552	LP|WNT5B+ 2	0.1049	51
C22orf34	0.8493	LP|NKs	0.0596	51
C22orf39	0.3163	LP|Cycling B	0.5109	51
C22orf43	0.9137	Epi|TA 1	0.0007	51
C22orf46	0.6020	LP|ILCs	0.1674	51
C2CD2	0.8227	LP|Pericytes	0.2805	51
C2CD2L	0.8296	Epi|Immature Enterocytes 1	0.3849	51
C2CD3	0.5946	Epi|Enteroendocrine	0.0898	51
C2CD4A	0.9187	LP|Tregs	0.1046	51
C2CD4B	0.9659	LP|Post-capillary Venules	0.6183	51
C2CD4C	0.9620	LP|Endothelial	0.0353	51
C2CD4D	0.9643	LP|ILCs	0.2506	51
C2CD5	0.6677	Epi|Enteroendocrine	0.1794	51
C2ORF15	0.8725	LP|MT-hi	0.1084	51
C2orf15	0.9947	Epi|Tuft	0.1569	51
C2orf27A	0.8651	LP|Pericytes	0.1308	51
C2orf40	0.9817	LP|Pericytes	0.2780	51
C2orf42	0.6426	LP|CD8+ IL17+	0.1449	51
C2orf43	0.5747	Epi|M cells	0.1383	51
C2orf44	0.8885	LP|Pericytes	0.1156	51
C2orf47	0.6081	Epi|Enterocyte Progenitors	0.3859	51
C2orf48	0.9762	LP|Cycling T	0.0719	51
C2orf49	0.3756	Epi|M cells	0.1721	51
C2orf54	0.9513	Epi|M cells	0.5046	51
C2orf61	0.9841	Epi|Tuft	0.0239	51
C2orf68	0.5745	Epi|M cells	0.3390	51
C2orf69	0.6345	LP|CD69- Mast	0.3625	51
C2orf70	0.9372	Epi|Enteroendocrine	0.0387	51
C2orf72	0.8686	Epi|M cells	0.2661	51
C2orf74	0.8506	LP|Endothelial	0.0216	51
C2orf76	0.6425	LP|CD69+ Mast	0.4149	51
C2orf81	0.7641	LP|DC1	0.1195	51
C2orf82	0.9224	Epi|Tuft	2.7813	51
C2orf88	0.8964	Epi|Enterocytes	2.3485	51
C2orf91	0.8748	Epi|Immature Enterocytes 1	0.0077	51
C3	0.9639	LP|RSPO3+	4.0234	51
C3AR1	0.9624	LP|CD69- Mast	3.0834	51
C3orf14	0.7719	Epi|Enteroendocrine	0.4017	51
C3orf17	0.5848	LP|RSPO3+	0.2822	51
C3orf18	0.8372	LP|Glia	0.1231	51
C3orf33	0.8846	LP|Glia	0.3104	51
C3orf35	0.7837	LP|CD8+ IELs	0.0039	51
C3orf38	0.5447	LP|RSPO3+	0.4272	51
C3orf49	0.9046	LP|CD69+ Mast	0.0061	51
C3orf52	0.9164	Epi|Goblet	0.2787	51
C3orf55	0.9260	LP|WNT5B+ 1	0.0870	51
C3orf58	0.7115	LP|DC1	0.3350	51
C3orf62	0.4939	LP|Glia	0.1189	51
C3orf67	0.8915	LP|GC	0.0826	51
C3orf70	0.8836	Epi|Tuft	0.2506	51
C3orf80	0.9302	LP|Post-capillary Venules	0.0220	51
C3orf83	0.8357	Epi|Tuft	0.0708	51
C4BPA	0.9649	Epi|Best4+ Enterocytes	0.1999	51
C4BPB	0.9087	Epi|Enterocytes	0.4018	51
C4orf19	0.8644	Epi|Enterocytes	0.3984	51
C4orf21	0.7759	LP|Cycling T	0.0553	51
C4orf26	0.9681	LP|CD8+ IL17+	0.1822	51
C4orf27	0.6623	LP|RSPO3+	0.8924	51
C4orf29	0.6453	Epi|Enteroendocrine	0.2075	51
C4orf3	0.5744	LP|CD69- Mast	5.3235	51
C4orf32	0.9093	LP|Post-capillary Venules	1.2430	51
C4orf33	0.7369	Epi|Enterocyte Progenitors	0.3143	51
C4orf36	0.8696	Epi|Goblet	0.3382	51
C4orf46	0.8058	LP|Cycling T	0.2875	51
C4orf47	0.9568	LP|CD8+ IL17+	0.0846	51
C4orf48	0.6413	LP|Macrophages	3.5106	51
C5	0.8896	LP|RSPO3+	0.0526	51
C5AR1	0.9747	LP|Inflammatory Monocytes	1.8284	51
C5AR2	0.8908	LP|Inflammatory Monocytes	0.0372	51
C5orf15	0.6841	LP|Glia	1.1531	51
C5orf17	0.8729	Epi|Enteroendocrine	0.0344	51
C5orf22	0.8905	LP|CD69- Mast	0.2989	51
C5orf24	0.6764	LP|Myofibroblasts	0.8411	51
C5orf27	0.9536	LP|ILCs	0.0158	51
C5orf28	0.6861	LP|Glia	0.3831	51
C5orf30	0.8364	Epi|Enterocyte Progenitors	0.6015	51
C5orf34	0.8858	LP|Cycling B	0.0882	51
C5orf38	0.8870	Epi|Tuft	0.0330	51
C5orf42	0.6872	LP|WNT2B+ Fos-lo 2	0.1732	51
C5orf45	0.7049	LP|WNT5B+ 1	0.5647	51
C5orf48	0.9781	Epi|TA 1	0.0047	51
C5orf49	nan	Epi|Best4+ Enterocytes	0.0000	51
C5orf51	0.8939	LP|CD69- Mast	0.4564	51
C5orf52	0.9208	Epi|Best4+ Enterocytes	0.0284	51
C5orf54	0.8465	LP|Pericytes	0.1034	51
C5orf55	0.6683	LP|Cycling Monocytes	0.1384	51
C5orf56	0.7358	LP|NKs	1.4190	51
C5orf63	0.6088	Epi|TA 1	0.1636	51
C6	0.9571	Epi|Immature Enterocytes 1	0.0011	51
C6orf1	0.7257	LP|CD69- Mast	1.2158	51
C6orf100	0.8577	LP|WNT5B+ 2	0.0052	51
C6orf106	0.5604	Epi|Enterocytes	0.2437	51
C6orf120	0.6910	LP|CD69- Mast	0.4085	51
C6orf123	0.8684	Epi|M cells	0.0355	51
C6orf132	0.8017	Epi|Tuft	0.5703	51
C6orf136	0.7317	Epi|Enterocyte Progenitors	0.7296	51
C6orf141	0.9779	Epi|Enteroendocrine	0.9533	51
C6orf163	0.9137	LP|MT-hi	0.0300	51
C6orf165	0.9959	Epi|TA 2	0.0015	51
C6orf203	0.6687	LP|CD69- Mast	0.6667	51
C6orf211	0.6183	LP|GC	0.4048	51
C6orf222	0.9218	Epi|Tuft	0.3011	51
C6orf223	0.9631	Epi|M cells	0.0856	51
C6orf226	0.4986	LP|NKs	0.2764	51
C6orf3	0.8605	LP|Glia	0.0259	51
C6orf47	0.4992	Epi|Tuft	0.3258	51
C6orf48	0.6416	LP|RSPO3+	4.2923	51
C6orf52	0.8400	Epi|Tuft	0.0747	51
C6orf57	0.6491	LP|Glia	0.1225	51
C6orf62	0.5694	LP|Macrophages	1.2813	51
C6orf89	0.5321	LP|Myofibroblasts	0.5615	51
C6orf99	0.9199	LP|ILCs	0.0920	51
C7	0.9931	LP|RSPO3+	4.1234	51
C7orf10	0.9813	LP|GC	2.3940	51
C7orf13	0.9677	LP|CD69- Mast	0.6786	51
C7orf25	0.7879	LP|Cycling T	0.0126	51
C7orf26	0.5783	LP|NKs	0.2923	51
C7orf31	0.7801	Epi|M cells	0.1871	51
C7orf41	0.7671	Epi|Enteroendocrine	0.2300	51
C7orf43	0.6474	Epi|Immature Enterocytes 2	0.1370	51
C7orf49	0.7061	Epi|M cells	0.5991	51
C7orf50	0.6792	LP|Glia	2.0725	51
C7orf55	0.6549	LP|CD69- Mast	1.1410	51
C7orf55-LUC7L2	0.5418	LP|Cycling T	0.8459	51
C7orf60	0.7182	Epi|M cells	0.1605	51
C7orf61	0.8272	LP|Pericytes	0.0329	51
C7orf63	0.8531	LP|Inflammatory Fibroblasts	0.0555	51
C7orf65	0.9787	Epi|Enterocyte Progenitors	0.0012	51
C7orf73	0.6831	LP|CD69- Mast	3.0170	51
C8G	0.9649	Epi|Enterocytes	0.4154	51
C8orf17	0.8827	LP|CD4+ Activated Fos-hi	0.0016	51
C8orf31	0.9079	LP|Pericytes	0.0622	51
C8orf33	0.6679	LP|Endothelial	0.7884	51
C8orf34	0.9161	LP|Myofibroblasts	0.0403	51
C8orf37	0.9092	Epi|Enteroendocrine	0.1124	51
C8orf4	0.9302	LP|Glia	12.6275	51
C8orf44	0.7104	LP|MT-hi	0.1817	51
C8orf46	0.9767	Epi|TA 1	0.0007	51
C8orf47	0.9414	Epi|Enteroendocrine	0.1203	51
C8orf48	0.9694	LP|RSPO3+	0.0969	51
C8orf49	0.9823	Epi|TA 1	0.0010	51
C8orf58	0.8425	LP|Glia	0.2015	51
C8orf59	0.4942	LP|Inflammatory Fibroblasts	1.2212	51
C8orf76	0.5289	Epi|M cells	0.3346	51
C8orf82	0.4933	Epi|Enterocyte Progenitors	0.3716	51
C8orf86	0.8589	Epi|TA 1	0.0197	51
C9orf106	0.9004	LP|RSPO3+	0.0387	51
C9orf114	0.6585	LP|MT-hi	0.3536	51
C9orf116	0.8316	LP|Cycling Monocytes	0.0674	51
C9orf117	0.9675	Epi|TA 2	0.0001	51
C9orf135	0.9330	Epi|Enteroendocrine	0.0057	51
C9orf142	0.6804	LP|MT-hi	2.6042	51
C9orf152	0.8545	Epi|Immature Goblet	0.7779	51
C9orf156	0.7538	LP|MT-hi	0.4004	51
C9orf16	0.7252	LP|CD4+ PD1+	7.2224	51
C9orf163	0.7819	LP|NKs	0.0045	51
C9orf169	0.8918	LP|Cycling T	0.0066	51
C9orf24	0.8877	Epi|Cycling TA	0.1098	51
C9orf3	0.8657	LP|Myofibroblasts	3.3393	51
C9orf37	0.5577	LP|RSPO3+	0.1979	51
C9orf38	0.8433	LP|GC	0.1308	51
C9orf40	0.7993	LP|Cycling B	0.2193	51
C9orf41	0.5863	Epi|Enteroendocrine	0.1959	51
C9orf43	0.8204	LP|WNT5B+ 2	0.0047	51
C9orf64	0.6832	LP|RSPO3+	0.1792	51
C9orf66	0.9552	LP|MT-hi	0.3212	51
C9orf69	0.6784	LP|NKs	0.3560	51
C9orf72	0.8990	LP|Inflammatory Monocytes	0.7843	51
C9orf78	0.5674	LP|CD8+ IELs	1.7721	51
C9orf85	0.5405	LP|Pericytes	0.2846	51
C9orf89	0.5288	LP|WNT5B+ 2	0.9226	51
C9orf9	0.7517	LP|Glia	0.1028	51
C9orf91	0.7766	LP|Macrophages	0.1089	51
C9orf96	0.7703	LP|Endothelial	0.0150	51
CA1	0.9680	Epi|Enterocyte Progenitors	49.2277	51
CA10	0.9939	Epi|Enterocytes	0.0017	51
CA11	0.7764	LP|WNT5B+ 1	0.1983	51
CA12	0.8606	Epi|Immature Enterocytes 2	2.0347	51
CA13	0.8376	Epi|Enterocytes	0.1546	51
CA14	0.9568	Epi|Enterocyte Progenitors	0.0027	51
CA2	0.9442	Epi|Enterocyte Progenitors	44.6846	51
CA3	0.8940	Epi|Immature Enterocytes 1	0.0252	51
CA4	0.9353	Epi|Enterocytes	46.0269	51
CA5B	0.8302	LP|MT-hi	0.2602	51
CA7	0.9973	Epi|Best4+ Enterocytes	18.3772	51
CA8	0.8933	Epi|Enteroendocrine	0.2187	51
CA9	0.9832	Epi|Tuft	0.0950	51
CAAP1	0.6216	LP|CD8+ IL17+	0.3268	51
CAB39	0.7128	Epi|Enterocytes	0.7610	51
CAB39L	0.9805	LP|Glia	1.5664	51
CABIN1	0.6362	LP|Pericytes	0.3942	51
CABLES1	0.8036	LP|WNT5B+ 2	0.1058	51
CABLES2	0.7639	LP|Glia	0.0501	51
CABP1	0.9860	LP|Microvascular	0.6865	51
CABP4	0.9324	Epi|Tuft	0.0418	51
CABP7	0.9821	Epi|Immature Goblet	0.0028	51
CABYR	0.8965	LP|GC	0.0068	51
CACFD1	0.8631	Epi|Goblet	0.6005	51
CACHD1	0.9250	LP|Myofibroblasts	0.2281	51
CACNA1A	0.9842	Epi|Enteroendocrine	1.2652	51
CACNA1B	0.9978	Epi|Immature Goblet	0.0005	51
CACNA1C	0.9486	Epi|Enteroendocrine	0.2463	51
CACNA1C-AS2	0.8751	LP|NKs	0.0474	51
CACNA1D	0.9390	Epi|Enteroendocrine	0.1937	51
CACNA1E	0.9633	Epi|TA 2	0.0006	51
CACNA1F	0.8853	Epi|Immature Goblet	0.0087	51
CACNA1H	0.9685	LP|Pericytes	0.3957	51
CACNA2D1	0.8412	LP|Pericytes	0.1720	51
CACNA2D2	0.9258	Epi|Immature Goblet	0.1103	51
CACNA2D3	0.9746	LP|DC2	0.7427	51
CACNA2D4	0.9058	LP|CD8+ IL17+	0.5435	51
CACNB1	0.7994	Epi|Goblet	0.0980	51
CACNB2	0.8637	Epi|Enteroendocrine	0.1337	51
CACNB3	0.7278	LP|Pericytes	0.2603	51
CACNB4	0.8715	LP|Myofibroblasts	0.0354	51
CACNG8	0.8353	LP|Endothelial	0.0434	51
CACTIN	0.7850	LP|MT-hi	0.1716	51
CACUL1	0.5020	LP|DC2	0.3959	51
CACYBP	0.6997	LP|CD8+ IL17+	4.0193	51
CAD	0.5876	LP|RSPO3+	0.1125	51
CADM1	0.9638	LP|Glia	2.5142	51
CADM2	0.9996	LP|Glia	1.8967	51
CADM3	0.9869	LP|Glia	2.3363	51
CADM4	0.9955	LP|Glia	1.3087	51
CADPS	0.9676	LP|CD69+ Mast	0.9299	51
CADPS2	0.8168	LP|Post-capillary Venules	0.2155	51
CAGE1	0.7780	LP|WNT5B+ 1	0.0092	51
CALB2	0.9865	LP|CD69- Mast	0.8840	51
CALCA	0.9720	Epi|Secretory TA	0.0005	51
CALCOCO1	0.6313	LP|RSPO3+	0.4018	51
CALCOCO2	0.4356	LP|RSPO3+	0.8191	51
CALCRL	0.9574	LP|Microvascular	1.9837	51
CALD1	0.9217	LP|Pericytes	35.1451	51
CALHM2	0.6899	LP|RSPO3+	0.6165	51
CALHM3	nan	Epi|Best4+ Enterocytes	0.0000	51
CALM1	0.5546	LP|Microvascular	11.4454	51
CALM2	0.7372	LP|Glia	32.0359	51
CALM3	0.7199	LP|Cycling T	6.3053	51
CALML3	0.9804	Epi|Stem	0.0039	51
CALML4	0.8199	Epi|Enterocytes	0.3076	51
CALN1	0.9624	Epi|Enteroendocrine	0.0130	51
CALR	0.5032	LP|Inflammatory Fibroblasts	5.1955	51
CALU	0.8168	LP|Myofibroblasts	2.8375	51
CALY	0.9006	LP|CD4+ Activated Fos-hi	0.0099	51
CAMK1	0.8353	LP|Cycling Monocytes	1.5476	51
CAMK1D	0.6145	LP|Follicular	0.3845	51
CAMK2B	0.9848	Epi|Enteroendocrine	0.1525	51
CAMK2D	0.7343	LP|DC1	0.6929	51
CAMK2G	0.5401	Epi|Best4+ Enterocytes	0.3760	51
CAMK2N1	0.8480	Epi|Enterocytes	2.5022	51
CAMK4	0.8096	LP|CD8+ IL17+	0.6624	51
CAMKK1	0.8221	LP|Microvascular	0.1028	51
CAMKK2	0.7019	LP|CD69- Mast	0.3339	51
CAMKMT	0.5524	LP|MT-hi	0.1286	51
CAMLG	0.5814	LP|CD69- Mast	1.8867	51
CAMP	0.9901	Epi|Tuft	1.2521	51
CAMSAP1	0.9322	LP|CD69- Mast	0.6136	51
CAMSAP2	0.8081	LP|Endothelial	0.2515	51
CAMSAP3	0.8211	Epi|Goblet	0.2519	51
CAMTA1	0.6018	LP|Microvascular	2.5847	51
CAMTA2	0.6393	Epi|Tuft	0.2585	51
CAND1	0.6401	LP|MT-hi	0.9575	51
CAND2	0.8887	LP|Myofibroblasts	0.0484	51
CANT1	0.7305	Epi|Immature Goblet	1.0884	51
CANX	0.4084	LP|Macrophages	1.5812	51
CAP1	0.5313	LP|GC	4.4536	51
CAP2	0.9631	Epi|M cells	0.2366	51
CAPG	0.9470	LP|CD69- Mast	20.0862	51
CAPN1	0.5043	Epi|Immature Enterocytes 2	1.0243	51
CAPN10	0.6452	LP|CD8+ IELs	0.1827	51
CAPN10-AS1	0.6930	LP|CD8+ IL17+	0.1713	51
CAPN11	0.9556	LP|Post-capillary Venules	0.0690	51
CAPN12	0.8923	Epi|Tuft	0.8613	51
CAPN13	0.8073	Epi|Immature Enterocytes 2	0.0879	51
CAPN15	0.7108	Epi|Immature Enterocytes 2	0.3395	51
CAPN2	0.6610	Epi|Enterocytes	2.1564	51
CAPN3	0.9282	Epi|Tuft	0.0290	51
CAPN5	0.8381	Epi|Enterocytes	1.0284	51
CAPN6	0.9732	LP|RSPO3+	0.2567	51
CAPN7	0.7046	LP|WNT5B+ 1	0.3737	51
CAPN8	0.9629	Epi|Goblet	2.0772	51
CAPN9	0.9778	Epi|Goblet	0.8487	51
CAPNS1	0.5615	LP|Post-capillary Venules	1.4220	51
CAPRIN1	0.3909	LP|Pericytes	0.4796	51
CAPRIN2	0.9349	LP|CD69- Mast	0.6786	51
CAPS	0.9822	LP|Glia	3.0690	51
CAPS2	0.8669	LP|Myofibroblasts	0.0269	51
CAPZA1	0.6802	LP|GC	2.5697	51
CAPZA2	0.5797	LP|Endothelial	2.5497	51
CAPZB	0.4931	LP|Cycling Monocytes	5.2535	51
CARD10	0.8658	Epi|Tuft	0.4209	51
CARD11	0.8722	LP|NKs	0.3232	51
CARD14	0.7965	LP|Glia	0.0241	51
CARD16	0.6849	LP|Inflammatory Monocytes	4.0253	51
CARD17	0.9936	Epi|Enterocytes	0.0003	51
CARD6	0.8529	LP|Post-capillary Venules	0.1797	51
CARD8	0.7385	LP|Microvascular	0.9597	51
CARD9	0.9060	LP|DC2	0.2820	51
CARF	0.7004	LP|MT-hi	0.1936	51
CARHSP1	0.7307	LP|Microvascular	3.9043	51
CARKD	0.5811	LP|WNT5B+ 1	0.2351	51
CARM1	0.6420	Epi|Tuft	0.1543	51
CARNS1	0.8796	LP|NKs	0.0490	51
CARS	0.4812	LP|Cycling T	0.3416	51
CARS2	0.6380	LP|Inflammatory Monocytes	0.4758	51
CASC1	0.9975	Epi|Enteroendocrine	0.0104	51
CASC11	0.9762	LP|GC	0.0123	51
CASC15	0.8878	LP|Glia	0.3245	51
CASC16	0.9115	Epi|Immature Enterocytes 1	0.0258	51
CASC2	0.7424	Epi|Tuft	0.0187	51
CASC3	0.5065	LP|MT-hi	0.3618	51
CASC4	0.4087	LP|WNT2B+ Fos-lo 1	0.4216	51
CASC5	0.9250	LP|Cycling T	0.2788	51
CASC7	0.5313	LP|MT-hi	0.2696	51
CASC8	0.8733	Epi|Enterocyte Progenitors	0.0418	51
CASC9	0.8703	Epi|Enterocyte Progenitors	0.0749	51
CASD1	0.6329	Epi|Enteroendocrine	0.2107	51
CASK	0.6417	Epi|M cells	0.3830	51
CASKIN2	0.9275	LP|Microvascular	0.5268	51
CASP1	0.7166	LP|Inflammatory Monocytes	2.3897	51
CASP10	0.8499	Epi|Enterocytes	0.7851	51
CASP14	0.9819	Epi|TA 1	0.0017	51
CASP16	0.9141	Epi|Best4+ Enterocytes	0.0392	51
CASP2	0.6676	LP|Cycling B	0.2609	51
CASP3	0.9198	LP|ILCs	3.1055	51
CASP4	0.6110	LP|CD8+ IL17+	2.0313	51
CASP5	0.9547	Epi|Enterocytes	0.7437	51
CASP6	0.7926	Epi|Tuft	1.2400	51
CASP7	0.8502	Epi|Enterocytes	2.2091	51
CASP8	0.6719	LP|NKs	0.6013	51
CASP8AP2	0.4839	LP|Cycling T	0.2655	51
CASP9	0.7350	LP|CD4+ PD1+	0.2298	51
CASS4	0.8646	LP|MT-hi	0.1036	51
CAST	0.6194	Epi|Enterocyte Progenitors	2.3188	51
CASZ1	0.8674	Epi|Tuft	0.5094	51
CAT	0.7264	LP|ILCs	2.3721	51
CATSPER1	0.9693	LP|CD69- Mast	1.4591	51
CATSPER2	0.7974	Epi|Enteroendocrine	0.2823	51
CATSPER3	0.9119	LP|RSPO3+	0.0146	51
CATSPERB	0.9387	Epi|Goblet	0.0366	51
CATSPERG	0.7756	Epi|Tuft	0.0606	51
CAV1	0.9020	LP|Microvascular	14.1036	51
CAV2	0.9217	LP|Microvascular	4.4122	51
CBFA2T2	0.8473	Epi|Goblet	1.0603	51
CBFA2T3	0.8702	LP|DC1	0.3220	51
CBFB	0.6510	LP|Cycling B	0.6951	51
CBL	0.6712	LP|DC1	0.3095	51
CBLB	0.7112	LP|CD8+ IELs	0.6075	51
CBLC	0.8137	Epi|Enterocytes	0.7801	51
CBLL1	0.5800	LP|CD4+ PD1+	0.2460	51
CBLN1	0.9836	Epi|Stem	0.0012	51
CBLN2	0.9800	LP|WNT5B+ 2	0.2912	51
CBLN3	0.9148	LP|RSPO3+	0.0805	51
CBR1	0.8725	LP|Glia	5.6788	51
CBR3	0.8887	LP|Glia	1.0193	51
CBR3-AS1	0.8129	Epi|Goblet	0.2608	51
CBR4	0.4806	Epi|Enterocyte Progenitors	0.4288	51
CBS	0.9248	Epi|Immature Enterocytes 1	0.4339	51
CBWD1	0.7280	LP|CD69- Mast	0.5905	51
CBWD2	0.7488	LP|CD69- Mast	0.4073	51
CBWD3	0.8584	LP|MT-hi	0.2167	51
CBWD5	0.6009	LP|GC	0.2131	51
CBWD6	0.7180	LP|MT-hi	0.1732	51
CBWD7	0.9795	LP|MT-hi	0.0372	51
CBX1	0.5578	LP|Cycling B	0.5483	51
CBX2	0.9327	LP|Endothelial	0.0950	51
CBX3	0.6620	LP|Cycling B	2.5577	51
CBX4	0.6118	LP|MT-hi	0.2325	51
CBX5	0.7772	LP|Cycling B	1.3492	51
CBX6	0.7149	LP|Myofibroblasts	1.2861	51
CBX7	0.5601	LP|CD69- Mast	0.3812	51
CBX8	0.6481	LP|CD4+ PD1+	0.0994	51
CBY1	0.7954	LP|Glia	0.9929	51
CC2D1A	0.9267	Epi|Tuft	2.6324	51
CC2D1B	0.7237	LP|MT-hi	0.1690	51
CC2D2A	0.7246	LP|ILCs	0.1920	51
CCAR1	0.3756	Epi|Tuft	0.5971	51
CCAR2	0.6993	Epi|Tuft	0.3842	51
CCAT1	0.9389	Epi|Stem	0.0101	51
CCBE1	0.7687	LP|Inflammatory Fibroblasts	0.0616	51
CCBL1	0.6265	LP|Glia	0.0524	51
CCBL2	0.4913	LP|Glia	0.3101	51
CCDC101	0.7128	LP|CD4+ PD1+	0.6749	51
CCDC102A	0.7353	LP|NKs	0.2358	51
CCDC102B	0.9552	LP|Pericytes	1.7526	51
CCDC104	0.7213	LP|CD69- Mast	1.0161	51
CCDC106	0.7022	LP|GC	0.2767	51
CCDC107	0.6812	LP|Myofibroblasts	2.6456	51
CCDC108	0.9428	Epi|Enteroendocrine	0.1480	51
CCDC109B	0.7627	LP|CD4+ PD1+	1.9923	51
CCDC11	0.8624	LP|WNT2B+ Fos-lo 2	0.0226	51
CCDC110	0.9268	Epi|Enteroendocrine	0.0632	51
CCDC112	0.6314	LP|Glia	0.3868	51
CCDC113	0.8005	Epi|M cells	0.0256	51
CCDC114	0.9446	LP|NKs	0.0093	51
CCDC115	0.6940	Epi|Tuft	1.8670	51
CCDC117	0.6235	LP|GC	0.3359	51
CCDC12	0.5071	LP|CD69- Mast	2.0563	51
CCDC120	0.7619	Epi|Goblet	0.0622	51
CCDC121	0.9124	LP|MT-hi	0.2701	51
CCDC122	0.6872	LP|WNT2B+ Fos-lo 1	0.1343	51
CCDC124	0.5590	LP|CD69- Mast	1.3827	51
CCDC125	0.7179	Epi|Goblet	0.1459	51
CCDC126	0.7952	LP|Glia	0.4943	51
CCDC127	0.5022	LP|WNT5B+ 1	0.2437	51
CCDC129	0.9995	Epi|Tuft	0.3229	51
CCDC13	0.8227	Epi|Enterocytes	0.0318	51
CCDC130	0.6105	Epi|M cells	0.4676	51
CCDC132	0.6126	LP|CD69- Mast	0.1478	51
CCDC134	0.6503	LP|Cycling Monocytes	0.0679	51
CCDC136	0.8607	LP|MT-hi	0.0487	51
CCDC137	0.6783	LP|Cycling T	0.4202	51
CCDC138	0.7993	LP|GC	0.1409	51
CCDC14	0.8684	Epi|Tuft	2.1789	51
CCDC141	0.9339	LP|MT-hi	0.1363	51
CCDC142	0.7820	LP|CD8+ IL17+	0.2712	51
CCDC144A	0.9780	LP|GC	2.6703	51
CCDC144NL	0.8423	LP|Microvascular	0.0077	51
CCDC146	0.8486	LP|Glia	0.2174	51
CCDC148	0.9749	LP|CD69+ Mast	0.0608	51
CCDC149	0.6996	Epi|Immature Goblet	0.0991	51
CCDC15	0.7566	LP|Cycling T	0.0657	51
CCDC150	0.6757	LP|Cycling T	0.0435	51
CCDC151	0.8829	LP|Glia	0.2365	51
CCDC152	0.8220	LP|GC	0.2018	51
CCDC153	0.7418	LP|Pericytes	0.0972	51
CCDC154	0.8939	LP|Follicular	0.0083	51
CCDC157	0.8234	LP|MT-hi	0.1689	51
CCDC159	0.6236	LP|CD4+ PD1+	0.4011	51
CCDC163P	0.7696	LP|Plasma	0.0421	51
CCDC167	0.7961	LP|Cycling B	2.6284	51
CCDC169	nan	Epi|Best4+ Enterocytes	0.0000	51
CCDC17	0.8897	Epi|Immature Enterocytes 1	0.0736	51
CCDC170	0.8621	LP|Macrophages	0.0951	51
CCDC171	0.7003	LP|Cycling B	0.0504	51
CCDC173	0.9059	LP|ILCs	0.0676	51
CCDC174	0.5796	LP|MT-hi	0.6695	51
CCDC175	0.9477	Epi|TA 1	0.0128	51
CCDC176	0.8256	LP|Myofibroblasts	0.1061	51
CCDC18	0.8306	LP|Cycling B	0.3282	51
CCDC180	0.8460	LP|Tregs	0.0103	51
CCDC19	0.9122	LP|Post-capillary Venules	0.0094	51
CCDC22	0.4813	LP|Glia	0.2361	51
CCDC23	0.4888	LP|RSPO3+	0.8533	51
CCDC24	0.8166	Epi|Tuft	0.1971	51
CCDC25	0.4770	LP|Cycling B	0.7094	51
CCDC28A	0.6823	LP|CD4+ PD1+	0.9535	51
CCDC28B	0.9040	Epi|Tuft	2.0363	51
CCDC3	0.9682	LP|Pericytes	1.2402	51
CCDC30	0.9438	LP|CD69- Mast	0.6136	51
CCDC34	0.8172	Epi|Cycling TA	0.9382	51
CCDC40	0.7462	Epi|Enteroendocrine	0.0371	51
CCDC41	0.8407	LP|ILCs	0.3596	51
CCDC42B	0.9888	Epi|M cells	0.0377	51
CCDC43	0.6496	LP|CD69- Mast	0.4584	51
CCDC47	0.5788	LP|Glia	1.0262	51
CCDC50	0.6865	LP|Follicular	1.0026	51
CCDC51	0.6167	LP|RSPO3+	0.2268	51
CCDC53	0.7730	LP|CD69- Mast	1.8061	51
CCDC57	0.7011	LP|CD4+ PD1+	0.7739	51
CCDC58	0.6274	LP|CD69- Mast	0.3243	51
CCDC59	0.4873	LP|CD4+ Activated Fos-lo	1.0936	51
CCDC6	0.6251	LP|Myofibroblasts	0.3598	51
CCDC60	0.9776	Epi|Immature Goblet	0.1269	51
CCDC61	0.5380	LP|Pericytes	0.1690	51
CCDC62	0.9457	Epi|M cells	0.0243	51
CCDC64	0.8745	LP|CD4+ PD1+	0.3135	51
CCDC64B	0.8565	Epi|Immature Enterocytes 1	1.1560	51
CCDC65	0.8939	LP|MT-hi	0.1288	51
CCDC66	0.5438	LP|Tregs	0.5018	51
CCDC67	0.9635	Epi|Cycling TA	0.0020	51
CCDC68	0.8349	LP|WNT5B+ 1	1.0551	51
CCDC69	0.8474	LP|GC	2.0831	51
CCDC7	0.7438	LP|MT-hi	0.0894	51
CCDC71	0.6558	LP|CD69- Mast	0.2798	51
CCDC71L	0.8287	LP|Inflammatory Fibroblasts	0.6324	51
CCDC74A	0.9371	LP|Pericytes	0.4555	51
CCDC74B	0.9281	LP|Glia	0.0556	51
CCDC77	0.5124	LP|WNT5B+ 2	0.0811	51
CCDC78	0.8854	LP|CD8+ IELs	0.0134	51
CCDC8	0.8988	LP|RSPO3+	0.2837	51
CCDC80	0.9773	LP|RSPO3+	9.7880	51
CCDC81	0.9906	LP|CD4+ PD1+	0.0987	51
CCDC82	0.6599	LP|Glia	0.5880	51
CCDC84	0.7365	LP|CD4+ PD1+	0.3655	51
CCDC85A	nan	Epi|Best4+ Enterocytes	0.0000	51
CCDC85B	0.8658	LP|Microvascular	10.4971	51
CCDC85C	0.7806	Epi|Enterocytes	0.1766	51
CCDC86	0.7024	LP|Pericytes	0.1869	51
CCDC88A	0.8162	LP|DC2	0.7800	51
CCDC88B	0.7828	Epi|Tuft	0.7186	51
CCDC88C	0.7225	LP|NKs	0.7746	51
CCDC89	0.8888	LP|RSPO3+	0.0693	51
CCDC9	0.6754	LP|NKs	0.1258	51
CCDC90B	0.4751	LP|Post-capillary Venules	0.7734	51
CCDC91	0.7383	LP|CD69- Mast	1.0953	51
CCDC92	0.6810	LP|Myofibroblasts	0.2632	51
CCDC93	0.6380	LP|MT-hi	0.2727	51
CCDC94	0.4567	Epi|Tuft	0.2810	51
CCDC96	0.7711	Epi|Tuft	0.0238	51
CCDC97	0.5757	LP|ILCs	0.3207	51
CCHCR1	0.6480	Epi|Cycling TA	0.2921	51
CCK	0.9724	Epi|Immature Goblet	0.0092	51
CCL1	nan	Epi|Best4+ Enterocytes	0.0000	51
CCL11	0.9506	LP|RSPO3+	40.5057	51
CCL13	0.9439	LP|WNT2B+ Fos-hi	15.2024	51
CCL14	0.9917	LP|Post-capillary Venules	0.7021	51
CCL15	0.9829	Epi|M cells	18.3054	51
CCL16	0.9618	Epi|Best4+ Enterocytes	0.0018	51
CCL17	0.9735	LP|DC2	0.3562	51
CCL18	0.9928	LP|Macrophages	2.1694	51
CCL19	0.9856	LP|RSPO3+	15.3761	51
CCL2	0.9433	LP|Glia	43.0447	51
CCL20	0.9910	Epi|M cells	51.4461	51
CCL21	0.9933	LP|RSPO3+	23.8953	51
CCL22	0.9837	LP|DC2	0.8086	51
CCL23	0.9994	Epi|M cells	37.7667	51
CCL24	0.9884	Epi|Enteroendocrine	0.0017	51
CCL25	0.9261	LP|GC	0.0266	51
CCL26	0.9176	LP|WNT2B+ Fos-lo 1	0.3059	51
CCL28	0.8655	Epi|Enterocytes	1.0457	51
CCL3	0.9391	LP|Cycling Monocytes	21.0522	51
CCL3L1	0.9587	LP|Cycling Monocytes	1.2027	51
CCL3L3	0.9895	Epi|Enterocyte Progenitors	0.0007	51
CCL4	0.9384	LP|NKs	34.0917	51
CCL5	0.9260	LP|CD8+ LP	47.6725	51
CCL7	0.9595	LP|WNT2B+ Fos-hi	0.7155	51
CCL8	0.9711	LP|WNT2B+ Fos-hi	15.8693	51
CCM2	0.6719	LP|GC	1.0760	51
CCM2L	0.9523	LP|Microvascular	0.3396	51
CCNA2	0.9612	LP|Cycling B	1.5873	51
CCNB1	0.9398	LP|Cycling B	2.1937	51
CCNB1IP1	0.5554	LP|GC	0.4452	51
CCNB2	0.9510	LP|Cycling B	1.9018	51
CCNC	0.6468	LP|Cycling B	1.0082	51
CCND1	0.8725	LP|DC1	2.3880	51
CCND2	0.6237	LP|MT-hi	1.2458	51
CCND3	0.8172	LP|NKs	3.5531	51
CCNDBP1	0.4586	LP|MT-hi	1.3830	51
CCNE1	0.8658	LP|Cycling B	0.1741	51
CCNE2	0.9041	LP|Cycling B	0.3005	51
CCNF	0.9236	LP|Cycling T	0.2816	51
CCNG1	0.5594	Epi|M cells	1.3383	51
CCNG2	0.7730	LP|GC	1.1108	51
CCNH	0.8096	LP|CD69- Mast	2.0226	51
CCNI	0.5775	LP|GC	7.7195	51
CCNI2	0.9455	Epi|M cells	0.2312	51
CCNJ	0.8451	Epi|Enteroendocrine	0.1297	51
CCNJL	0.8555	Epi|Goblet	0.2581	51
CCNK	0.5052	LP|Inflammatory Monocytes	0.3208	51
CCNL1	0.6489	LP|ILCs	3.9284	51
CCNL2	0.4906	LP|Pericytes	0.6149	51
CCNO	0.8541	Epi|TA 1	0.0481	51
CCNT1	0.7865	LP|ILCs	0.6302	51
CCNT2	0.5208	Epi|M cells	0.2343	51
CCNY	0.7313	LP|Inflammatory Monocytes	0.5938	51
CCNYL1	0.9110	Epi|Best4+ Enterocytes	0.8268	51
CCP110	0.6847	LP|CD8+ IL17+	0.2278	51
CCPG1	0.6520	LP|Microvascular	0.2985	51
CCR1	0.9407	LP|Inflammatory Monocytes	0.7276	51
CCR10	0.9606	LP|Plasma	0.7948	51
CCR2	0.9338	LP|Inflammatory Monocytes	0.4372	51
CCR4	0.9351	LP|Tregs	0.1044	51
CCR5	0.9193	LP|MT-hi	0.6102	51
CCR6	0.9873	Epi|Enterocytes	0.0005	51
CCR7	0.9238	LP|CD4+ PD1+	3.0658	51
CCRL2	0.8076	LP|Inflammatory Monocytes	0.4476	51
CCRN4L	0.8511	LP|CD8+ IELs	0.0206	51
CCS	0.5780	LP|RSPO3+	1.0839	51
CCSAP	0.7833	LP|Cycling Monocytes	0.0877	51
CCSER1	0.9865	Epi|Tuft	1.0163	51
CCSER2	0.7384	LP|Glia	1.0774	51
CCT2	0.5785	LP|Cycling B	1.7024	51
CCT3	0.4807	LP|Cycling B	2.1826	51
CCT4	0.6305	LP|CD69- Mast	2.8858	51
CCT5	0.5177	Epi|Cycling TA	1.8264	51
CCT6A	0.5720	LP|CD69- Mast	1.9312	51
CCT6B	0.7614	LP|ILCs	0.0334	51
CCT7	0.6856	LP|CD69- Mast	2.9003	51
CCT8	0.6466	LP|Cycling B	3.2548	51
CCZ1	0.5859	LP|NKs	0.7978	51
CCZ1B	0.6700	LP|CD69- Mast	0.2334	51
CD101	0.9138	LP|Cycling Monocytes	0.1999	51
CD109	0.9017	LP|Post-capillary Venules	0.4097	51
CD14	0.9270	LP|Cycling Monocytes	6.1847	51
CD151	0.6921	LP|Myofibroblasts	4.4748	51
CD160	0.9757	LP|NKs	3.8731	51
CD163	0.9741	LP|Macrophages	1.0575	51
CD163L1	0.9649	LP|Cycling Monocytes	0.6887	51
CD164	0.5791	LP|ILCs	4.2501	51
CD164L2	0.9353	Epi|M cells	0.0051	51
CD180	0.9765	LP|GC	1.5690	51
CD19	0.9788	LP|GC	2.6720	51
CD1A	nan	Epi|Best4+ Enterocytes	0.0000	51
CD1B	0.9999	Epi|M cells	0.0139	51
CD1C	0.9850	LP|DC2	3.0151	51
CD1D	0.9475	LP|DC2	1.1950	51
CD1E	0.9919	LP|DC2	1.9495	51
CD2	0.9079	LP|CD8+ IL17+	14.6196	51
CD200	0.9600	LP|CD4+ PD1+	2.5417	51
CD200R1	0.8505	LP|CD69+ Mast	0.2345	51
CD207	0.9941	Epi|Enterocytes	0.0001	51
CD209	0.9791	LP|Macrophages	1.0464	51
CD22	0.9823	LP|GC	5.5807	51
CD226	0.8415	LP|NKs	0.2119	51
CD244	0.9395	LP|CD8+ IELs	0.5951	51
CD247	0.9330	LP|NKs	6.2870	51
CD248	0.9173	LP|RSPO3+	0.8529	51
CD27	0.8900	LP|Tregs	5.4068	51
CD27-AS1	0.7063	LP|Glia	0.5803	51
CD274	0.8629	LP|Inflammatory Monocytes	0.1237	51
CD276	0.8034	LP|CD69- Mast	0.4687	51
CD28	0.9087	LP|Tregs	1.3963	51
CD2AP	0.7678	Epi|Enterocytes	0.9001	51
CD2BP2	0.6014	LP|CD69- Mast	1.3534	51
CD300A	0.9231	LP|NKs	1.7580	51
CD300C	0.9337	LP|Inflammatory Monocytes	0.2585	51
CD300E	0.9897	LP|Inflammatory Monocytes	1.4548	51
CD300LF	0.9561	Epi|Tuft	1.2419	51
CD302	0.8406	LP|RSPO3+	1.1633	51
CD320	0.9697	LP|Microvascular	41.6183	51
CD33	0.9215	LP|CD69- Mast	0.9412	51
CD34	0.9655	LP|Microvascular	3.1340	51
CD36	0.9799	LP|Microvascular	18.9900	51
CD37	0.8696	LP|GC	13.2354	51
CD38	0.8817	LP|GC	1.3675	51
CD3D	0.9159	LP|CD8+ IL17+	27.2979	51
CD3E	0.9070	LP|CD8+ IL17+	11.8160	51
CD3EAP	0.6378	LP|Endothelial	0.1051	51
CD3G	0.8964	LP|CD8+ IL17+	4.2283	51
CD4	0.8430	LP|Macrophages	1.5460	51
CD40	0.9347	LP|GC	4.0257	51
CD40LG	0.9244	LP|CD4+ PD1+	1.6240	51
CD44	0.7620	LP|CD69+ Mast	6.0129	51
CD46	0.6509	LP|Microvascular	1.4396	51
CD47	0.4777	LP|NKs	1.9525	51
CD48	0.7282	LP|CD4+ Activated Fos-lo	4.3056	51
CD5	0.9082	LP|CD4+ PD1+	1.0827	51
CD52	0.8104	LP|CD8+ IL17+	28.2543	51
CD53	0.8730	LP|GC	9.0736	51
CD55	0.6813	LP|Myofibroblasts	2.2104	51
CD58	0.5894	LP|Endothelial	0.7673	51
CD59	0.8573	LP|Glia	17.4694	51
CD6	0.9107	LP|CD8+ IL17+	2.7739	51
CD63	0.6679	LP|CD69- Mast	37.7646	51
CD68	0.9457	LP|Cycling Monocytes	1.2536	51
CD69	0.8906	LP|CD69+ Mast	33.8302	51
CD7	0.9112	LP|CD8+ IELs	19.1206	51
CD70	0.9478	LP|CD8+ IL17+	0.7789	51
CD72	0.9647	LP|GC	2.2655	51
CD74	0.9259	LP|DC1	301.2071	51
CD79A	0.9628	LP|GC	17.9707	51
CD79B	0.9737	LP|GC	14.5187	51
CD80	0.9284	LP|DC1	0.1439	51
CD81	0.8275	LP|WNT2B+ Fos-lo 2	5.1704	51
CD82	0.8529	LP|CD69- Mast	2.1745	51
CD83	0.8789	LP|ILCs	7.8074	51
CD84	0.8860	LP|CD69+ Mast	1.0970	51
CD86	0.9238	LP|DC2	1.3340	51
CD8A	0.9543	LP|CD8+ LP	4.6988	51
CD8B	0.9690	LP|CD8+ LP	3.8315	51
CD9	0.8997	LP|Glia	47.1698	51
CD93	0.9508	LP|Endothelial	3.1450	51
CD96	0.8778	LP|MT-hi	2.1526	51
CD97	0.8158	LP|NKs	2.9143	51
CD99	0.6446	LP|RSPO3+	7.5366	51
CD99L2	0.7483	LP|Glia	0.2674	51
CDA	0.9419	Epi|Enterocytes	3.3827	51
CDADC1	0.7671	LP|Glia	0.2910	51
CDAN1	0.6415	Epi|M cells	0.0389	51
CDC123	0.5418	LP|Microvascular	1.2422	51
CDC14A	0.7774	LP|ILCs	0.2151	51
CDC14B	0.8503	LP|Glia	0.2442	51
CDC16	0.5925	Epi|M cells	0.5055	51
CDC20	0.9502	LP|Cycling B	2.2216	51
CDC20B	0.9398	LP|WNT2B+ Fos-hi	0.0466	51
CDC23	0.6088	LP|RSPO3+	0.2298	51
CDC25A	0.9274	LP|Cycling B	0.1014	51
CDC25B	0.8301	LP|Cycling T	1.1102	51
CDC25C	0.9373	LP|Cycling T	0.1874	51
CDC26	0.7504	LP|CD69- Mast	2.9092	51
CDC27	0.6899	LP|Endothelial	0.4754	51
CDC34	0.5125	Epi|Enteroendocrine	0.3225	51
CDC37	0.7842	LP|Microvascular	5.9401	51
CDC37L1	0.5360	LP|MT-hi	0.3750	51
CDC40	0.5476	LP|GC	0.7109	51
CDC42	0.5982	LP|Inflammatory Monocytes	5.2301	51
CDC42-IT1	0.7750	LP|Inflammatory Monocytes	0.0428	51
CDC42BPA	0.8389	LP|Pericytes	1.0447	51
CDC42BPB	0.7637	LP|Post-capillary Venules	0.4477	51
CDC42BPG	0.8738	Epi|Immature Enterocytes 1	0.1229	51
CDC42EP1	0.8532	LP|Microvascular	1.7317	51
CDC42EP2	0.8339	LP|Inflammatory Monocytes	0.8065	51
CDC42EP3	0.7335	LP|Post-capillary Venules	1.3652	51
CDC42EP4	0.8521	LP|Glia	0.8458	51
CDC42EP5	0.7887	Epi|Immature Goblet	1.8022	51
CDC42SE1	0.8181	LP|NKs	2.7990	51
CDC42SE2	0.6696	LP|Tregs	2.0320	51
CDC45	0.9547	LP|Cycling B	0.5040	51
CDC5L	0.3990	Epi|Tuft	0.4773	51
CDC6	0.9419	LP|Cycling B	0.5545	51
CDC7	0.9405	LP|CD69- Mast	0.3339	51
CDC73	0.5690	LP|Glia	0.4664	51
CDCA2	0.9669	LP|Cycling T	0.4249	51
CDCA3	0.9514	LP|Cycling B	1.2822	51
CDCA4	0.8818	LP|Cycling B	0.9683	51
CDCA5	0.9520	LP|Cycling B	0.7366	51
CDCA7	0.9139	Epi|Stem	1.4301	51
CDCA7L	0.8812	LP|Cycling B	0.7517	51
CDCA8	0.9449	LP|Cycling B	0.7023	51
CDCP1	0.8667	Epi|Tuft	0.8454	51
CDH1	0.8871	Epi|Enterocytes	2.4366	51
CDH11	0.8953	LP|WNT5B+ 1	1.2651	51
CDH13	0.9064	LP|WNT5B+ 1	0.7823	51
CDH15	0.9431	LP|Glia	0.0198	51
CDH16	0.9912	Epi|Enteroendocrine	0.0045	51
CDH17	0.8402	Epi|Tuft	3.3246	51
CDH19	0.9998	LP|Glia	4.3744	51
CDH23	0.8638	Epi|Tuft	0.1731	51
CDH24	0.9093	LP|Endothelial	0.1244	51
CDH3	0.8720	Epi|M cells	0.0779	51
CDH4	0.7849	LP|WNT5B+ 2	0.0040	51
CDH5	0.9670	LP|Endothelial	2.1526	51
CDH6	0.9940	LP|Pericytes	0.8567	51
CDH7	0.9546	Epi|Cycling TA	0.0009	51
CDH8	0.9745	Epi|Immature Enterocytes 2	0.0006	51
CDHR1	0.9325	Epi|M cells	0.9305	51
CDHR2	0.9399	Epi|Immature Enterocytes 1	2.6216	51
CDHR3	0.9362	Epi|Enteroendocrine	0.4328	51
CDHR4	0.9975	Epi|Tuft	0.0099	51
CDHR5	0.9190	Epi|Immature Enterocytes 1	6.9537	51
CDIP1	0.7436	LP|CD8+ IELs	0.6570	51
CDIPT	0.6466	LP|RSPO3+	1.3736	51
CDIPT-AS1	nan	Epi|Best4+ Enterocytes	0.0000	51
CDK1	0.9513	LP|Cycling B	3.4407	51
CDK10	0.5617	Epi|Enteroendocrine	0.5504	51
CDK11A	0.7884	LP|MT-hi	0.3425	51
CDK11B	0.5196	Epi|M cells	0.3666	51
CDK12	0.5594	LP|ILCs	0.4924	51
CDK13	0.6531	LP|MT-hi	0.3989	51
CDK14	0.8400	LP|Plasma	0.1536	51
CDK15	0.9986	LP|CD69+ Mast	0.3440	51
CDK16	0.4785	Epi|Tuft	0.3544	51
CDK17	0.7900	LP|CD8+ IL17+	0.5001	51
CDK18	0.9235	Epi|Best4+ Enterocytes	0.6927	51
CDK19	0.6720	Epi|M cells	0.3579	51
CDK2	0.8007	LP|Cycling T	0.3880	51
CDK20	0.6743	Epi|M cells	0.0598	51
CDK2AP1	0.8117	LP|Inflammatory Monocytes	0.0526	51
CDK2AP2	0.5455	LP|DC1	2.5320	51
CDK4	0.6197	LP|RSPO3+	1.5497	51
CDK5	0.8906	LP|CD69- Mast	0.9952	51
CDK5R1	0.9205	LP|GC	0.1777	51
CDK5RAP1	0.6466	LP|CD8+ IL17+	0.3718	51
CDK5RAP2	0.6721	LP|Glia	0.2842	51
CDK5RAP3	0.4220	Epi|Enteroendocrine	0.8647	51
CDK6	0.7698	Epi|Stem	0.7148	51
CDK7	0.5497	LP|CD69- Mast	0.2301	51
CDK8	0.5316	LP|Cycling T	0.1339	51
CDK9	0.5239	LP|Microvascular	0.2722	51
CDKAL1	0.7016	LP|ILCs	0.1937	51
CDKL1	0.9090	LP|MT-hi	0.1983	51
CDKL2	0.9484	LP|Tregs	0.1424	51
CDKL3	0.8769	LP|Glia	0.1070	51
CDKL5	0.8303	LP|MT-hi	0.0288	51
CDKN1A	0.7033	Epi|Enterocytes	2.6249	51
CDKN1B	0.7283	LP|Tregs	1.2928	51
CDKN1C	0.8517	LP|Glia	0.9593	51
CDKN2A	0.8884	LP|Cycling T	0.8055	51
CDKN2AIP	0.7926	LP|CD69- Mast	0.8272	51
CDKN2AIPNL	0.5709	LP|Microvascular	0.4186	51
CDKN2B	0.8965	Epi|Enterocytes	1.0998	51
CDKN2B-AS1	0.9426	Epi|Immature Enterocytes 2	2.1628	51
CDKN2C	0.8150	LP|Glia	1.0529	51
CDKN2D	0.8508	LP|NKs	1.5664	51
CDKN3	0.9299	LP|Cycling B	2.2562	51
CDNF	0.7924	LP|CD4+ PD1+	0.0230	51
CDON	0.9741	Epi|Enteroendocrine	0.0122	51
CDPF1	0.7192	LP|Glia	0.2522	51
CDR2	0.7077	LP|CD4+ PD1+	0.2386	51
CDR2L	0.9047	LP|Endothelial	0.1060	51
CDRT1	0.9715	Epi|Best4+ Enterocytes	0.0009	51
CDRT4	0.9320	Epi|Tuft	0.0068	51
CDS1	0.8272	Epi|Enterocyte Progenitors	0.4326	51
CDS2	0.7881	LP|Pericytes	1.1590	51
CDSN	0.9752	Epi|Enterocytes	0.0007	51
CDT1	0.9444	LP|Cycling B	1.3933	51
CDV3	0.7235	LP|GC	1.8526	51
CDX1	0.8146	Epi|Best4+ Enterocytes	3.2340	51
CDX2	0.8118	Epi|Enterocyte Progenitors	2.2155	51
CDYL	0.5691	LP|ILCs	0.2217	51
CDYL2	0.7978	LP|Endothelial	0.0957	51
CEACAM1	0.9580	Epi|Enterocytes	12.0494	51
CEACAM16	0.9387	Epi|Best4+ Enterocytes	0.0014	51
CEACAM19	0.9687	Epi|Tuft	0.3342	51
CEACAM21	0.9222	LP|CD8+ IL17+	0.4217	51
CEACAM3	0.9969	Epi|Best4+ Enterocytes	0.3641	51
CEACAM4	0.9726	LP|Inflammatory Monocytes	0.2901	51
CEACAM5	0.9492	Epi|Enterocytes	26.3057	51
CEACAM6	0.9617	Epi|Enterocytes	7.3700	51
CEACAM7	0.9580	Epi|Enterocytes	15.2410	51
CEACAM8	0.9987	Epi|Best4+ Enterocytes	0.0163	51
CEBPA	0.8205	Epi|Enterocytes	0.7475	51
CEBPA-AS1	0.7998	Epi|Stem	0.0606	51
CEBPB	0.8258	LP|Inflammatory Fibroblasts	5.7027	51
CEBPD	0.7889	LP|WNT5B+ 1	5.6297	51
CEBPG	0.7145	Epi|Enterocytes	1.4061	51
CEBPZ	0.5309	LP|Glia	0.6683	51
CECR1	0.8902	LP|Macrophages	1.6146	51
CECR5	0.6420	Epi|Cycling TA	0.5614	51
CECR5-AS1	0.8840	LP|Pericytes	0.0168	51
CECR7	0.8753	LP|Pericytes	0.0390	51
CEL	0.9544	Epi|Immature Enterocytes 2	0.0028	51
CELA3A	0.9746	Epi|Enterocytes	0.2313	51
CELA3B	0.9779	Epi|Enterocytes	0.5528	51
CELF1	0.5552	LP|MT-hi	1.0301	51
CELF2	0.7530	LP|MT-hi	2.4850	51
CELF3	nan	Epi|Best4+ Enterocytes	0.0000	51
CELF4	0.8274	Epi|Tuft	0.0263	51
CELF5	0.9118	Epi|Stem	0.0398	51
CELSR1	0.9583	Epi|M cells	0.1614	51
CELSR2	0.9775	LP|Glia	0.1633	51
CELSR3	0.9576	Epi|Enteroendocrine	0.0546	51
CEND1	0.9246	LP|CD8+ IL17+	0.0433	51
CENPA	0.9509	LP|Cycling B	1.1490	51
CENPB	0.5823	Epi|Tuft	0.2567	51
CENPBD1	0.6901	LP|Pericytes	0.1185	51
CENPC	0.6158	LP|MT-hi	0.4338	51
CENPE	0.9442	LP|Cycling T	0.6825	51
CENPF	0.9505	LP|Cycling T	1.6616	51
CENPH	0.8809	LP|Cycling B	0.7961	51
CENPI	0.9254	LP|Cycling B	0.0564	51
CENPJ	0.7273	LP|Cycling Monocytes	0.1502	51
CENPK	0.8730	LP|Cycling T	0.7475	51
CENPL	0.8363	LP|Cycling T	0.2646	51
CENPM	0.9151	LP|Cycling B	2.5140	51
CENPN	0.9089	LP|Cycling Monocytes	1.0435	51
CENPO	0.8576	LP|Cycling T	0.1097	51
CENPP	0.9485	LP|Pericytes	0.6482	51
CENPQ	0.7786	LP|Cycling B	0.2609	51
CENPT	0.5457	LP|Pericytes	0.3739	51
CENPV	0.8587	Epi|Tuft	1.5064	51
CENPW	0.8969	Epi|Cycling TA	1.8261	51
CEP104	0.6153	LP|MT-hi	0.2923	51
CEP112	0.9113	LP|Endothelial	0.2567	51
CEP120	0.6190	LP|CD8+ IL17+	0.1087	51
CEP128	0.7937	LP|ILCs	0.0963	51
CEP135	0.6739	Epi|Tuft	0.3100	51
CEP152	0.7791	LP|Cycling Monocytes	0.1908	51
CEP164	0.5253	LP|WNT5B+ 2	0.2637	51
CEP170	0.6387	LP|Inflammatory Monocytes	0.2259	51
CEP170B	0.8085	Epi|Immature Enterocytes 2	0.3939	51
CEP19	0.6410	LP|WNT2B+ Fos-lo 1	0.1090	51
CEP192	0.6564	LP|Cycling T	0.1339	51
CEP250	0.7520	LP|CD8+ IL17+	0.1683	51
CEP290	0.6166	LP|Pericytes	0.2963	51
CEP350	0.4654	LP|Tregs	0.3727	51
CEP41	0.7248	LP|MT-hi	0.2571	51
CEP44	0.5330	LP|Glia	0.1285	51
CEP55	0.9501	LP|Cycling T	0.4871	51
CEP57	0.6852	LP|Cycling B	0.9313	51
CEP57L1	0.6953	LP|Cycling T	0.2325	51
CEP63	0.4327	LP|WNT5B+ 1	0.2691	51
CEP68	0.8082	LP|Endothelial	0.5816	51
CEP70	0.7610	Epi|Cycling TA	0.2427	51
CEP72	0.8035	LP|MT-hi	0.0625	51
CEP76	0.6834	LP|Cycling T	0.1125	51
CEP78	0.8755	LP|NKs	0.6832	51
CEP85	0.8136	LP|Cycling T	0.0982	51
CEP85L	0.6877	LP|Myofibroblasts	0.3743	51
CEP89	0.5954	LP|Glia	0.1688	51
CEP95	0.6065	LP|RSPO3+	0.2414	51
CEP97	0.7224	LP|Glia	0.1099	51
CEPT1	0.7551	LP|CD69- Mast	0.6136	51
CERCAM	0.8650	LP|Inflammatory Fibroblasts	1.0180	51
CERK	0.6754	LP|ILCs	0.4946	51
CERS1	0.9864	LP|Glia	0.0157	51
CERS2	0.6424	LP|Glia	0.8362	51
CERS4	0.8778	LP|Glia	1.1156	51
CERS5	0.5327	LP|WNT5B+ 2	0.2778	51
CERS6	0.7410	Epi|Tuft	0.6354	51
CERS6-AS1	0.8644	LP|Post-capillary Venules	0.0063	51
CES1	0.9640	LP|Myofibroblasts	2.5078	51
CES2	0.8769	Epi|Immature Enterocytes 2	5.5524	51
CES3	0.8640	Epi|Best4+ Enterocytes	0.6759	51
CES4A	0.8291	Epi|Enteroendocrine	0.1342	51
CETN2	0.6739	LP|Myofibroblasts	0.9712	51
CETN3	0.6932	LP|Glia	0.5402	51
CETP	0.9613	LP|Microvascular	0.2469	51
CFB	0.9126	LP|Inflammatory Fibroblasts	0.3171	51
CFD	0.9312	LP|RSPO3+	82.2240	51
CFDP1	0.8642	Epi|Enterocytes	7.5996	51
CFH	0.9624	LP|RSPO3+	18.0858	51
CFI	0.9458	LP|Post-capillary Venules	1.4528	51
CFL1	0.5136	LP|Cycling T	28.3922	51
CFL2	0.8705	LP|Myofibroblasts	1.2230	51
CFLAR	0.7384	Epi|M cells	2.9842	51
CFLAR-AS1	0.9715	LP|Pericytes	0.0521	51
CFP	0.9581	LP|DC2	3.6342	51
CFTR	0.8851	Epi|TA 2	0.7685	51
CGA	nan	Epi|Best4+ Enterocytes	0.0000	51
CGGBP1	0.6729	LP|CD69- Mast	1.4070	51
CGN	0.9271	Epi|Enterocytes	1.3579	51
CGNL1	0.9708	Epi|Tuft	0.4226	51
CGREF1	0.9338	LP|Myofibroblasts	0.0737	51
CGRRF1	0.6303	LP|Glia	0.4080	51
CH25H	0.9439	LP|WNT5B+ 1	1.3014	51
CHAC1	0.9196	LP|Plasma	0.1914	51
CHAC2	0.8406	LP|Cycling B	0.3226	51
CHAD	0.9625	Epi|Tuft	0.2188	51
CHADL	0.9766	LP|Glia	0.5136	51
CHAF1A	0.8793	LP|Cycling B	0.5870	51
CHAF1B	0.8323	LP|Cycling T	0.1482	51
CHAMP1	0.6211	LP|CD69- Mast	0.2798	51
CHCHD1	0.4863	LP|CD69- Mast	1.0916	51
CHCHD10	0.7739	Epi|Enterocyte Progenitors	12.5321	51
CHCHD2	0.4378	LP|Cycling B	11.0942	51
CHCHD3	0.7006	LP|CD69- Mast	1.3332	51
CHCHD4	0.4982	LP|CD69- Mast	0.2283	51
CHCHD5	0.5124	Epi|M cells	1.2747	51
CHCHD6	0.5480	Epi|Cycling TA	0.1880	51
CHCHD7	0.5580	LP|Microvascular	1.0997	51
CHD1	0.7132	LP|ILCs	1.1424	51
CHD1L	0.6683	Epi|M cells	0.2907	51
CHD2	0.5757	LP|ILCs	1.0201	51
CHD3	0.6682	LP|WNT2B+ Fos-lo 2	0.7068	51
CHD4	0.4783	Epi|Tuft	0.7409	51
CHD6	0.8427	Epi|Tuft	1.1327	51
CHD7	0.7294	LP|Glia	0.4470	51
CHD8	0.6442	LP|MT-hi	0.3230	51
CHD9	0.5646	Epi|Tuft	1.2699	51
CHDH	0.9447	Epi|Tuft	1.2904	51
CHEK1	0.9151	LP|Cycling B	0.4993	51
CHEK2	0.7478	LP|RSPO3+	0.3296	51
CHERP	0.5192	LP|ILCs	0.2914	51
CHFR	0.5071	LP|NKs	0.2165	51
CHGA	0.9998	Epi|Enteroendocrine	95.2157	51
CHGB	0.9974	Epi|Enteroendocrine	3.2226	51
CHI3L1	0.9922	LP|Inflammatory Fibroblasts	23.8688	51
CHI3L2	0.9350	LP|CD4+ PD1+	1.6956	51
CHIC1	0.7912	LP|CD69- Mast	0.1478	51
CHIC2	0.6987	LP|GC	1.3558	51
CHID1	0.6593	LP|RSPO3+	1.3790	51
CHIT1	0.9655	LP|Macrophages	0.0396	51
CHKA	0.7322	Epi|M cells	0.4631	51
CHKB	0.5330	Epi|Enteroendocrine	0.1620	51
CHKB-AS1	0.6376	LP|Pericytes	0.0572	51
CHL1	0.9429	LP|Glia	1.2325	51
CHL1-AS2	0.9598	LP|Glia	0.2891	51
CHM	0.5284	LP|Pericytes	0.1801	51
CHML	0.7187	LP|Inflammatory Monocytes	0.1208	51
CHMP1A	0.5926	Epi|Enterocytes	0.8296	51
CHMP1B	0.7731	LP|ILCs	4.6121	51
CHMP2A	0.6673	Epi|Enterocytes	5.5238	51
CHMP2B	0.7005	Epi|Enterocytes	1.8050	51
CHMP3	0.5372	LP|CD69- Mast	1.4496	51
CHMP4A	0.8669	LP|CD69- Mast	1.5594	51
CHMP4B	0.7350	Epi|Enterocytes	3.7597	51
CHMP4C	0.7547	Epi|Stem	0.2541	51
CHMP5	0.6219	LP|Microvascular	3.0306	51
CHMP6	0.5639	LP|Glia	0.4367	51
CHMP7	0.7517	LP|GC	0.7023	51
CHN1	0.8845	LP|Pericytes	1.0672	51
CHN2	0.9201	Epi|Tuft	1.0424	51
CHODL	0.9891	LP|RSPO3+	0.9486	51
CHORDC1	0.6115	LP|CD69+ Mast	0.9833	51
CHP1	0.7670	Epi|Immature Enterocytes 2	2.1715	51
CHP2	0.8866	Epi|Immature Enterocytes 2	2.6332	51
CHPF	0.8274	LP|Plasma	1.0750	51
CHPF2	0.5872	LP|Inflammatory Fibroblasts	0.3045	51
CHPT1	0.7691	Epi|M cells	2.2511	51
CHRAC1	0.5918	LP|Cycling B	0.5190	51
CHRD	0.9610	LP|Pericytes	0.4030	51
CHRDL2	0.9678	LP|Inflammatory Fibroblasts	0.2216	51
CHRM1	0.9794	Epi|M cells	0.0256	51
CHRM3	0.9004	Epi|Best4+ Enterocytes	0.0856	51
CHRM3-AS2	0.9188	LP|CD8+ IL17+	0.7008	51
CHRNA1	0.9263	LP|GC	0.1269	51
CHRNA10	0.7994	LP|Glia	0.0217	51
CHRNA3	0.9563	Epi|Immature Goblet	0.0148	51
CHRNA5	0.8842	Epi|Immature Goblet	0.1303	51
CHRNA7	0.9242	Epi|Goblet	0.0713	51
CHRNB1	0.9086	LP|CD69- Mast	1.3187	51
CHRNE	0.8796	LP|CD69- Mast	0.1648	51
CHST1	0.9537	LP|WNT5B+ 2	0.2975	51
CHST10	0.7959	LP|Endothelial	0.0752	51
CHST11	0.7233	LP|Tregs	0.4844	51
CHST12	0.8669	LP|NKs	3.0089	51
CHST13	0.8942	Epi|Enteroendocrine	0.0309	51
CHST14	0.7749	LP|WNT5B+ 1	0.2961	51
CHST15	0.8685	LP|Inflammatory Monocytes	0.2759	51
CHST2	0.8384	LP|NKs	0.6332	51
CHST3	0.9151	LP|Pericytes	0.1724	51
CHST5	0.8722	Epi|Immature Enterocytes 1	0.0242	51
CHST7	0.8050	LP|Microvascular	0.2834	51
CHST8	0.9256	LP|WNT2B+ Fos-lo 2	0.0091	51
CHST9	0.9984	LP|Glia	0.1048	51
CHSY1	0.8017	LP|CD69- Mast	0.4377	51
CHTF18	0.7877	Epi|Cycling TA	0.1486	51
CHTF8	0.3643	LP|Cycling T	0.4394	51
CHTOP	0.5327	LP|Glia	1.0417	51
CHUK	0.5860	LP|CD4+ PD1+	0.1369	51
CHURC1	0.5118	LP|Pericytes	1.3283	51
CIAO1	0.6062	LP|CD69- Mast	0.6080	51
CIAPIN1	0.5682	LP|Microvascular	0.4897	51
CIB1	0.6080	Epi|Immature Enterocytes 2	5.9105	51
CIB2	0.9126	LP|WNT5B+ 1	0.5457	51
CIB4	0.9917	Epi|Immature Goblet	0.0011	51
CIC	0.6706	LP|Endothelial	0.2288	51
CIDEB	0.7527	LP|ILCs	0.2913	51
CIDEC	0.9512	Epi|Immature Enterocytes 1	0.4498	51
CIITA	0.9247	LP|GC	0.6142	51
CILP	0.9657	LP|RSPO3+	0.2351	51
CINP	0.5364	LP|Microvascular	0.5793	51
CIR1	0.4653	LP|Glia	1.0830	51
CIRBP	0.5509	LP|WNT5B+ 1	9.6470	51
CIRH1A	0.6820	LP|RSPO3+	0.3132	51
CISD1	0.6736	Epi|Enteroendocrine	2.1710	51
CISD2	0.5803	LP|Cycling Monocytes	1.5249	51
CISD3	0.7072	Epi|TA 2	3.7968	51
CISH	0.7638	LP|CD4+ Activated Fos-hi	0.3075	51
CIT	0.9494	LP|Microvascular	0.4007	51
CITED1	0.9838	Epi|Best4+ Enterocytes	0.0154	51
CITED2	0.7460	LP|CD4+ Activated Fos-hi	5.8267	51
CITED4	0.8751	LP|Post-capillary Venules	0.2945	51
CITF22-1A6.3	0.9691	LP|ILCs	0.0215	51
CITF22-92A6.1	0.6998	Epi|Stem	0.0499	51
CIZ1	0.5527	LP|Pericytes	0.3591	51
CKAP2	0.8455	LP|Cycling B	0.7020	51
CKAP2L	0.9674	LP|Cycling T	0.4448	51
CKAP4	0.7264	Epi|Immature Goblet	0.9276	51
CKAP5	0.8992	LP|CD69- Mast	0.8781	51
CKB	0.9214	Epi|Best4+ Enterocytes	37.1920	51
CKLF	0.7961	LP|CD8+ IL17+	7.8612	51
CKMT1A	0.8823	Epi|Enterocyte Progenitors	1.4856	51
CKMT1B	0.8893	Epi|Enterocyte Progenitors	1.8059	51
CKMT2	0.9265	Epi|Stem	0.0015	51
CKMT2-AS1	0.6184	LP|WNT5B+ 1	0.0959	51
CKS1B	0.8582	LP|Cycling Monocytes	4.1522	51
CKS2	0.8146	LP|Cycling B	5.3263	51
CLASP1	0.7059	LP|Microvascular	0.2477	51
CLASP2	0.7574	LP|Glia	0.4055	51
CLASRP	0.5517	Epi|Tuft	0.3272	51
CLC	0.9122	LP|CD8+ IELs	0.0108	51
CLCA1	0.9857	Epi|Immature Goblet	29.4406	51
CLCA2	0.9827	Epi|Immature Goblet	0.0202	51
CLCA4	0.9801	Epi|Enterocytes	16.5478	51
CLCC1	0.6371	LP|Glia	0.2546	51
CLCF1	0.7681	LP|Inflammatory Fibroblasts	0.1306	51
CLCN1	0.9587	Epi|TA 2	0.0004	51
CLCN2	0.9245	Epi|Enterocytes	0.5289	51
CLCN3	0.6861	Epi|Immature Enterocytes 2	0.6033	51
CLCN4	0.9673	LP|DC1	0.2449	51
CLCN5	0.7501	LP|Macrophages	0.0798	51
CLCN6	0.6066	LP|Microvascular	0.0995	51
CLCN7	0.6394	LP|CD69- Mast	0.3055	51
CLCNKA	0.9683	Epi|TA 2	0.0004	51
CLCNKB	0.9763	Epi|TA 1	0.0005	51
CLDN1	0.9792	Epi|Tuft	0.1120	51
CLDN10	0.9364	Epi|TA 1	0.0010	51
CLDN11	0.9434	LP|Glia	0.2569	51
CLDN12	0.7089	Epi|M cells	0.2180	51
CLDN14	0.9538	LP|Plasma	0.0207	51
CLDN15	0.8411	LP|Post-capillary Venules	0.7669	51
CLDN16	0.9147	LP|WNT5B+ 1	0.0607	51
CLDN18	0.9099	Epi|Enterocytes	0.0115	51
CLDN2	0.9399	Epi|Stem	0.0476	51
CLDN23	0.9569	Epi|Enterocytes	3.7754	51
CLDN3	0.8900	Epi|Enterocytes	20.0071	51
CLDN4	0.8867	Epi|Enterocytes	14.8634	51
CLDN5	0.9815	LP|Post-capillary Venules	29.7565	51
CLDN6	0.9719	Epi|TA 2	0.0003	51
CLDN7	0.9009	Epi|Enterocytes	22.5323	51
CLDN8	0.9283	Epi|Goblet	0.4326	51
CLDN9	0.9580	Epi|Tuft	0.0127	51
CLDND1	0.6248	LP|MT-hi	1.4866	51
CLDND2	0.7948	LP|WNT5B+ 2	0.1828	51
CLEC10A	0.9888	LP|DC2	9.3630	51
CLEC11A	0.8515	LP|WNT2B+ Fos-hi	3.6011	51
CLEC12A	0.9695	LP|Inflammatory Monocytes	1.8247	51
CLEC14A	0.9672	LP|Microvascular	7.8985	51
CLEC16A	0.7237	Epi|M cells	0.1538	51
CLEC18A	0.8997	Epi|Enteroendocrine	0.0511	51
CLEC18B	0.9640	Epi|Immature Enterocytes 1	0.0005	51
CLEC1A	0.9468	LP|Post-capillary Venules	0.4568	51
CLEC2B	0.6612	LP|CD8+ LP	2.6694	51
CLEC2D	0.8477	LP|CD8+ IL17+	1.2014	51
CLEC3B	0.9217	LP|Post-capillary Venules	0.2790	51
CLEC4A	0.9577	LP|Inflammatory Monocytes	1.7554	51
CLEC4E	0.9892	LP|Inflammatory Monocytes	1.0405	51
CLEC4G	0.9494	LP|Macrophages	0.1232	51
CLEC4M	0.9995	Epi|Enteroendocrine	0.0092	51
CLEC5A	0.9803	Epi|Secretory TA	0.0002	51
CLEC7A	0.9370	LP|Inflammatory Monocytes	2.5584	51
CLEC9A	0.9971	LP|DC1	5.4172	51
CLECL1	0.8888	LP|Follicular	0.7565	51
CLGN	0.9724	Epi|M cells	0.1941	51
CLHC1	0.7467	Epi|Tuft	0.0689	51
CLIC1	0.5231	LP|CD69- Mast	10.4881	51
CLIC2	0.9297	LP|Microvascular	2.2666	51
CLIC3	0.9798	LP|NKs	7.0378	51
CLIC4	0.9002	LP|Glia	3.2588	51
CLIC5	0.9068	Epi|Enterocytes	0.2774	51
CLIC6	0.8786	LP|Inflammatory Fibroblasts	0.1713	51
CLINT1	0.6616	Epi|M cells	0.8204	51
CLIP1	0.6383	LP|Tregs	0.5825	51
CLIP2	0.8227	Epi|M cells	0.5522	51
CLIP3	0.8774	LP|Glia	0.2751	51
CLIP4	0.7657	LP|Glia	0.1905	51
CLK1	0.6457	LP|CD69- Mast	2.2371	51
CLK2	0.7603	Epi|Enteroendocrine	0.2224	51
CLK3	0.4624	LP|GC	0.5569	51
CLK4	0.6064	LP|Glia	0.5937	51
CLLU1	0.9129	LP|Cycling B	0.0111	51
CLLU1OS	0.9985	Epi|Enterocytes	0.0052	51
CLMN	0.8317	Epi|Goblet	0.9556	51
CLMP	0.8943	LP|RSPO3+	0.6632	51
CLN3	0.6376	Epi|M cells	0.9979	51
CLN5	0.6841	LP|RSPO3+	0.7681	51
CLN6	0.7682	Epi|Tuft	0.7952	51
CLN8	0.8010	LP|CD69- Mast	1.1375	51
CLNK	0.9487	LP|CD69- Mast	1.2729	51
CLNS1A	0.4939	LP|CD4+ PD1+	1.4465	51
CLOCK	0.5902	Epi|Goblet	0.2508	51
CLP1	0.5966	LP|Glia	0.2192	51
CLPB	0.7364	LP|Cycling Monocytes	0.1021	51
CLPP	0.4435	LP|Cycling T	1.0889	51
CLPTM1	0.5896	Epi|M cells	0.8087	51
CLPTM1L	0.6730	LP|Plasma	0.6357	51
CLPX	0.4031	LP|Cycling B	0.2425	51
CLRN3	0.9000	Epi|Tuft	2.0040	51
CLSPN	0.9514	LP|Cycling T	1.1760	51
CLSTN1	0.7568	Epi|Enterocytes	1.4313	51
CLSTN2	0.9565	LP|WNT5B+ 1	0.1506	51
CLSTN3	0.8103	LP|Post-capillary Venules	0.3839	51
CLTA	0.5211	LP|Cycling Monocytes	4.3983	51
CLTB	0.7567	Epi|Enterocytes	7.6627	51
CLTC	0.5565	LP|Macrophages	1.0626	51
CLTCL1	0.9214	Epi|Tuft	0.0681	51
CLU	0.9797	LP|Glia	47.5022	51
CLUAP1	0.6721	LP|WNT5B+ 1	0.3324	51
CLUH	0.7782	Epi|Cycling TA	0.4160	51
CLYBL	0.9047	LP|CD69- Mast	0.9374	51
CMA1	0.9962	LP|CD69+ Mast	4.2715	51
CMAS	0.7338	Epi|Enterocyte Progenitors	1.8788	51
CMBL	0.8988	Epi|Enterocyte Progenitors	2.5720	51
CMC1	0.9282	LP|NKs	8.4113	51
CMC2	0.6483	LP|Cycling T	1.1269	51
CMC4	0.9244	Epi|M cells	0.1281	51
CMIP	0.8106	LP|Myofibroblasts	1.5898	51
CMKLR1	0.9312	LP|Macrophages	0.3987	51
CMPK1	0.4631	LP|CD69- Mast	2.3136	51
CMPK2	0.8438	LP|CD69- Mast	0.3530	51
CMSS1	0.7558	LP|CD69- Mast	0.9102	51
CMTM2	nan	Epi|Best4+ Enterocytes	0.0000	51
CMTM3	0.7168	LP|CD8+ IL17+	1.6259	51
CMTM4	0.8143	Epi|TA 2	0.5055	51
CMTM6	0.5547	LP|DC2	2.2811	51
CMTM7	0.7275	LP|Tregs	1.2551	51
CMTM8	0.8655	Epi|Tuft	0.9118	51
CMTR1	0.6457	Epi|Enteroendocrine	0.1253	51
CMTR2	0.7534	LP|CD69- Mast	0.6786	51
CMYA5	0.9851	Epi|Tuft	0.4169	51
CNBP	0.5507	LP|RSPO3+	5.8229	51
CNDP1	0.8235	LP|NKs	0.0061	51
CNDP2	0.5965	LP|Cycling Monocytes	1.1699	51
CNEP1R1	0.6126	LP|CD4+ PD1+	0.1583	51
CNFN	0.7848	LP|DC1	0.2577	51
CNGA1	0.9111	Epi|M cells	0.2317	51
CNIH1	0.6109	LP|CD69+ Mast	1.9362	51
CNIH2	0.9692	Epi|Enteroendocrine	0.0639	51
CNIH3	0.8536	LP|CD4+ PD1+	0.1400	51
CNIH4	0.4889	Epi|Enterocyte Progenitors	1.3646	51
CNKSR1	0.8808	Epi|M cells	0.4754	51
CNKSR2	0.8999	LP|CD4+ PD1+	0.0366	51
CNKSR3	0.8543	LP|Glia	0.6037	51
CNN1	0.9917	LP|Myofibroblasts	3.9321	51
CNN2	0.7848	LP|GC	2.9842	51
CNN3	0.9129	LP|Glia	10.8841	51
CNNM1	0.8133	LP|Myofibroblasts	0.0344	51
CNNM2	0.9376	LP|Pericytes	0.6334	51
CNNM3	0.7065	Epi|Enteroendocrine	0.1077	51
CNNM4	0.8933	Epi|Enterocytes	0.8267	51
CNOT1	0.5111	LP|MT-hi	0.5053	51
CNOT10	0.3574	LP|RSPO3+	0.1973	51
CNOT11	0.6866	Epi|M cells	0.5020	51
CNOT2	0.7380	LP|CD69- Mast	1.4658	51
CNOT3	0.5490	Epi|Tuft	0.2968	51
CNOT4	0.4397	LP|Glia	0.5862	51
CNOT6	0.4924	LP|Pericytes	0.1635	51
CNOT6L	0.7134	LP|Tregs	0.9262	51
CNOT7	0.5447	LP|CD4+ PD1+	1.0068	51
CNOT8	0.5686	LP|Endothelial	0.5097	51
CNP	0.9112	LP|Glia	2.5291	51
CNPPD1	0.4844	Epi|Immature Enterocytes 2	0.6436	51
CNPY2	0.6014	LP|Glia	2.8773	51
CNPY3	0.7382	LP|Inflammatory Monocytes	2.3915	51
CNPY4	0.7562	LP|WNT2B+ Fos-hi	0.5304	51
CNR1	0.8994	LP|Post-capillary Venules	0.0302	51
CNR2	0.9494	LP|GC	0.3009	51
CNRIP1	0.8968	LP|CD69- Mast	2.4457	51
CNST	0.6528	LP|MT-hi	0.3276	51
CNTD1	0.9375	Epi|Tuft	0.0923	51
CNTD2	0.9204	Epi|Immature Goblet	0.0083	51
CNTFR	0.9649	LP|WNT5B+ 1	0.5094	51
CNTLN	0.7186	LP|Myofibroblasts	0.2789	51
CNTN3	0.8832	Epi|TA 1	0.0486	51
CNTN4	0.8912	LP|Myofibroblasts	0.2717	51
CNTNAP1	0.9352	LP|Pericytes	0.0610	51
CNTNAP2	0.8628	Epi|Cycling TA	0.0627	51
CNTNAP3	0.9462	LP|Myofibroblasts	0.0310	51
CNTNAP3B	0.9623	LP|Post-capillary Venules	0.1156	51
CNTRL	0.7250	LP|GC	0.6533	51
CNTROB	0.6452	LP|WNT5B+ 2	0.1380	51
COA1	0.6941	LP|CD4+ PD1+	1.1600	51
COA3	0.6313	Epi|TA 2	3.1326	51
COA4	0.5247	Epi|Cycling TA	1.1335	51
COA5	0.4271	LP|CD69- Mast	0.5442	51
COA6	0.5330	Epi|Cycling TA	0.8555	51
COASY	0.3267	Epi|Enterocyte Progenitors	0.3993	51
COBL	0.9006	LP|Glia	0.4433	51
COBLL1	0.8347	LP|Pericytes	0.3543	51
COCH	0.8681	LP|CD69- Mast	0.2343	51
COG1	0.6243	Epi|Goblet	0.2414	51
COG2	0.5990	Epi|Goblet	0.3089	51
COG3	0.7037	Epi|Tuft	0.2961	51
COG4	0.5186	LP|Pericytes	0.2998	51
COG5	0.5240	Epi|Tuft	0.1849	51
COG6	0.7111	Epi|M cells	0.2248	51
COG7	0.6552	Epi|Goblet	0.2392	51
COG8	0.6267	LP|MT-hi	0.1881	51
COIL	0.5491	LP|CD69- Mast	0.3822	51
COL10A1	0.9726	Epi|Enterocyte Progenitors	0.0026	51
COL11A2	0.9956	Epi|M cells	0.4792	51
COL12A1	0.9554	LP|Inflammatory Fibroblasts	2.5029	51
COL13A1	0.8999	LP|CD69- Mast	0.7588	51
COL14A1	0.9378	LP|RSPO3+	4.2934	51
COL15A1	0.9319	LP|Endothelial	3.7089	51
COL16A1	0.8894	LP|Glia	0.9596	51
COL17A1	0.9426	Epi|Enterocytes	1.3701	51
COL18A1	0.9390	LP|Pericytes	6.9326	51
COL1A1	0.9350	LP|Inflammatory Fibroblasts	29.0945	51
COL1A2	0.9089	LP|Inflammatory Fibroblasts	33.3004	51
COL21A1	0.9869	LP|Glia	0.7883	51
COL22A1	0.9904	Epi|M cells	0.0013	51
COL23A1	0.9284	LP|Myofibroblasts	0.2419	51
COL24A1	0.9302	LP|Plasma	0.0211	51
COL27A1	0.9789	Epi|Tuft	2.1343	51
COL28A1	0.9984	LP|Glia	1.3835	51
COL2A1	0.9884	Epi|M cells	0.7891	51
COL3A1	0.9138	LP|Inflammatory Fibroblasts	44.3506	51
COL4A1	0.9465	LP|Pericytes	8.1637	51
COL4A2	0.9353	LP|Pericytes	7.5151	51
COL4A3	0.9292	LP|Follicular	0.0259	51
COL4A3BP	0.7507	LP|Glia	0.7352	51
COL4A4	0.9427	LP|ILCs	0.1334	51
COL4A5	0.9718	LP|WNT5B+ 2	1.4602	51
COL4A6	0.9760	LP|WNT5B+ 2	0.7986	51
COL5A1	0.8782	LP|WNT5B+ 2	2.5172	51
COL5A2	0.8904	LP|Inflammatory Fibroblasts	2.7609	51
COL5A3	0.9751	LP|Pericytes	1.5237	51
COL6A1	0.9028	LP|WNT5B+ 1	11.6397	51
COL6A2	0.8945	LP|WNT5B+ 2	19.8426	51
COL6A3	0.9322	LP|Inflammatory Fibroblasts	7.9402	51
COL6A5	0.9371	LP|WNT2B+ Fos-hi	0.1550	51
COL7A1	0.9775	LP|Inflammatory Fibroblasts	1.2427	51
COL8A1	0.9823	LP|Glia	1.7723	51
COL8A2	0.9399	LP|WNT5B+ 2	0.0865	51
COL9A1	0.9509	LP|Pericytes	0.1844	51
COL9A2	0.8855	LP|ILCs	0.4041	51
COL9A3	0.9906	LP|Glia	3.4981	51
COLCA1	0.7996	Epi|Immature Goblet	0.2200	51
COLCA2	0.9178	Epi|Tuft	0.3629	51
COLEC11	0.9398	LP|WNT2B+ Fos-lo 1	0.6400	51
COLEC12	0.9258	LP|WNT5B+ 1	0.7018	51
COLGALT1	0.7019	LP|Cycling Monocytes	0.4407	51
COLGALT2	0.8987	LP|CD8+ IELs	0.0557	51
COLQ	0.9000	LP|NKs	0.0909	51
COMMD1	0.4435	LP|CD69- Mast	0.9354	51
COMMD10	0.5895	LP|Microvascular	0.5945	51
COMMD2	0.5918	LP|Microvascular	0.7279	51
COMMD3	0.6718	LP|CD69- Mast	2.0273	51
COMMD4	0.6654	LP|Cycling Monocytes	1.4752	51
COMMD5	0.4670	LP|DC1	0.6321	51
COMMD6	0.4460	LP|CD4+ PD1+	7.6995	51
COMMD7	0.5661	LP|CD8+ IL17+	1.4429	51
COMMD8	0.6315	LP|CD8+ IL17+	1.2889	51
COMMD9	0.6040	LP|Cycling Monocytes	0.6127	51
COMP	0.9217	LP|Post-capillary Venules	0.0305	51
COMT	0.9064	LP|Glia	8.7245	51
COMTD1	0.7710	Epi|Enterocytes	1.7903	51
COPA	0.4196	LP|MT-hi	0.5487	51
COPB1	0.3583	LP|CD8+ IL17+	0.5491	51
COPB2	0.4102	LP|Inflammatory Fibroblasts	0.6641	51
COPE	0.3653	LP|Cycling B	4.0413	51
COPG1	0.6728	Epi|M cells	0.7836	51
COPG2	0.6863	LP|Cycling Monocytes	0.1499	51
COPRS	0.6609	LP|RSPO3+	0.8936	51
COPS2	0.5756	LP|Glia	0.6040	51
COPS3	0.6616	LP|Cycling B	1.1863	51
COPS4	0.4888	LP|WNT2B+ Fos-lo 1	0.6839	51
COPS5	0.6681	LP|CD69- Mast	1.4873	51
COPS6	0.4943	LP|Glia	2.1068	51
COPS7A	0.6867	LP|Glia	0.7568	51
COPS7B	0.5185	LP|CD69- Mast	0.3055	51
COPS8	0.6113	LP|Microvascular	1.1473	51
COPZ1	0.3574	LP|WNT2B+ Fos-lo 1	1.3834	51
COPZ2	0.8157	LP|Myofibroblasts	0.3987	51
COQ10A	0.5770	LP|CD8+ LP	0.2166	51
COQ10B	0.6330	LP|ILCs	1.0779	51
COQ2	0.8630	LP|Cycling Monocytes	0.8983	51
COQ3	0.7188	Epi|Cycling TA	0.2489	51
COQ4	0.5206	Epi|Enterocyte Progenitors	0.8196	51
COQ5	0.3975	Epi|Cycling TA	0.3471	51
COQ6	0.5114	LP|CD4+ PD1+	0.2130	51
COQ7	0.6524	LP|MT-hi	0.6263	51
COQ9	0.6894	Epi|Enterocyte Progenitors	0.7940	51
CORIN	0.9193	LP|CD8+ IELs	0.0028	51
CORO1A	0.8418	LP|GC	22.4349	51
CORO1B	0.8406	LP|CD4+ PD1+	6.1419	51
CORO1C	0.8095	LP|Myofibroblasts	1.0872	51
CORO2A	0.8420	Epi|Immature Enterocytes 2	0.4539	51
CORO2B	0.9826	Epi|Tuft	0.1939	51
CORO6	0.8977	LP|Myofibroblasts	0.0126	51
CORO7	0.6113	LP|DC1	0.4029	51
CORT	0.9739	LP|Post-capillary Venules	0.1373	51
COTL1	0.8241	LP|DC1	16.7658	51
COX10	0.6068	Epi|Enteroendocrine	0.1753	51
COX10-AS1	0.6982	LP|WNT5B+ 1	0.0763	51
COX11	0.5845	LP|GC	0.8959	51
COX14	0.4826	Epi|Enterocyte Progenitors	2.5388	51
COX15	0.6190	LP|GC	0.2342	51
COX16	0.3770	Epi|TA 2	1.3797	51
COX17	0.4952	Epi|Tuft	3.5315	51
COX18	0.7607	LP|CD69- Mast	0.2425	51
COX19	0.4758	LP|GC	0.4981	51
COX20	0.6020	LP|CD69- Mast	1.7663	51
COX4I1	0.5901	Epi|TA 2	28.8401	51
COX4I2	0.9992	LP|Pericytes	7.3019	51
COX5A	0.6974	Epi|Enterocyte Progenitors	13.1975	51
COX5B	0.6834	Epi|Immature Enterocytes 2	18.8032	51
COX6A1	0.6848	Epi|Immature Enterocytes 2	13.0502	51
COX6A1P2	0.7484	Epi|Immature Enterocytes 2	1.2974	51
COX6B1	0.5813	Epi|Enterocyte Progenitors	13.4422	51
COX6B2	0.8444	Epi|TA 2	0.0654	51
COX6C	0.6232	Epi|Enterocyte Progenitors	15.3167	51
COX7A1	0.8577	LP|Pericytes	3.1448	51
COX7A2	0.6107	Epi|Immature Enterocytes 2	14.9926	51
COX7A2L	0.2856	LP|GC	2.4478	51
COX7B	0.6730	Epi|Enterocyte Progenitors	9.5425	51
COX7B2	0.9278	Epi|Immature Enterocytes 2	0.0025	51
COX7C	0.4835	Epi|Enterocyte Progenitors	15.7210	51
COX8A	0.5666	Epi|Immature Enterocytes 2	9.1447	51
CP	0.9671	LP|RSPO3+	2.3708	51
CPA2	0.9688	Epi|Best4+ Enterocytes	0.0507	51
CPA3	0.9902	LP|CD69+ Mast	20.7153	51
CPA5	0.9582	LP|CD4+ PD1+	0.3207	51
CPA6	0.9358	Epi|Best4+ Enterocytes	0.1528	51
CPAMD8	0.9093	LP|WNT5B+ 1	0.1640	51
CPB1	0.9999	Epi|Enteroendocrine	3.3102	51
CPB2-AS1	0.7913	LP|Pericytes	0.0139	51
CPD	0.6997	LP|Post-capillary Venules	0.5784	51
CPE	0.9657	LP|Post-capillary Venules	7.0618	51
CPEB2	0.8562	Epi|M cells	0.2859	51
CPEB2-AS1	nan	Epi|Best4+ Enterocytes	0.0000	51
CPEB3	0.6961	LP|Endothelial	0.1016	51
CPEB4	0.6753	LP|CD69+ Mast	0.4259	51
CPED1	0.9177	LP|WNT5B+ 2	0.7273	51
CPLX1	0.9313	LP|Endothelial	0.3728	51
CPM	0.9016	LP|WNT5B+ 1	2.9906	51
CPN1	0.9570	Epi|Enterocyte Progenitors	0.0008	51
CPNE1	0.5361	LP|NKs	1.2231	51
CPNE2	0.8346	LP|Microvascular	0.6436	51
CPNE3	0.8715	LP|DC1	2.9301	51
CPNE5	0.9512	LP|GC	0.7861	51
CPNE7	0.9606	LP|ILCs	0.4645	51
CPNE8	0.8566	LP|Endothelial	0.8012	51
CPNE9	nan	Epi|Best4+ Enterocytes	0.0000	51
CPOX	0.5442	LP|Cycling T	0.1342	51
CPPED1	0.8298	LP|Inflammatory Monocytes	0.9682	51
CPQ	0.8374	LP|RSPO3+	2.2646	51
CPS1	0.8618	Epi|Cycling TA	0.0219	51
CPSF1	0.5501	Epi|Cycling TA	0.2329	51
CPSF2	0.5933	Epi|M cells	0.2746	51
CPSF3	0.6638	LP|Cycling B	0.4421	51
CPSF3L	0.4643	LP|CD4+ PD1+	0.7016	51
CPSF4	0.6108	LP|Cycling T	0.2734	51
CPSF6	0.5598	LP|Cycling B	0.8457	51
CPSF7	0.4743	LP|WNT2B+ Fos-lo 2	0.3244	51
CPT1A	0.7315	Epi|Immature Enterocytes 2	0.5938	51
CPT1B	0.8738	Epi|Goblet	0.0697	51
CPT1C	0.8212	LP|Post-capillary Venules	0.1522	51
CPT2	0.7662	Epi|Enterocyte Progenitors	0.5712	51
CPVL	0.9806	LP|DC1	18.3677	51
CPXM1	0.9463	LP|Inflammatory Fibroblasts	0.8882	51
CPXM2	0.9576	LP|Post-capillary Venules	0.2179	51
CR1	0.9244	LP|Follicular	0.1773	51
CR2	0.9769	LP|GC	0.6962	51
CR769776.1	0.9500	Epi|Immature Enterocytes 1	0.0012	51
CRABP1	0.9604	Epi|Immature Enterocytes 1	0.0227	51
CRABP2	0.9607	LP|Inflammatory Fibroblasts	1.3485	51
CRADD	0.6759	LP|Glia	0.3630	51
CRAMP1L	0.5829	LP|Microvascular	0.0921	51
CRAT	0.6677	Epi|Enterocytes	0.4073	51
CRB2	0.8483	LP|WNT5B+ 2	0.1088	51
CRB3	0.8352	Epi|Enterocytes	0.8488	51
CRBN	0.7458	LP|CD69+ Mast	1.9446	51
CRCP	0.4267	LP|ILCs	0.1820	51
CREB1	0.5348	LP|CD69- Mast	0.6131	51
CREB3	0.5966	LP|Myofibroblasts	0.7682	51
CREB3L1	0.9194	Epi|Goblet	2.5428	51
CREB3L2	0.6081	LP|Microvascular	0.6283	51
CREB3L3	0.9800	Epi|Immature Enterocytes 1	0.2058	51
CREB3L4	0.9026	Epi|Immature Goblet	0.6631	51
CREB5	0.9329	LP|Inflammatory Monocytes	0.5493	51
CREBBP	0.5141	LP|Inflammatory Monocytes	0.3664	51
CREBL2	0.7146	LP|Macrophages	0.5670	51
CREBRF	0.5289	LP|Tregs	0.4701	51
CREBZF	0.5026	LP|ILCs	0.3013	51
CREG1	0.8574	LP|Cycling Monocytes	3.0246	51
CREG2	0.9963	Epi|TA 2	0.0002	51
CRELD1	0.7250	LP|Microvascular	0.5686	51
CRELD2	0.7591	LP|Plasma	2.8114	51
CREM	0.8524	LP|ILCs	11.4722	51
CRIM1	0.8791	LP|Endothelial	1.0314	51
CRIP1	0.7477	Epi|Tuft	3.4896	51
CRIP2	0.9400	LP|Microvascular	15.6761	51
CRIP3	0.9235	LP|GC	0.0859	51
CRIPAK	0.8108	Epi|Tuft	0.1305	51
CRIPT	0.4180	LP|Pericytes	0.6119	51
CRISPLD2	0.8856	LP|WNT5B+ 1	2.1094	51
CRK	0.6506	LP|Endothelial	0.9803	51
CRKL	0.4348	Epi|Tuft	0.1850	51
CRLF1	0.9785	LP|Glia	0.0223	51
CRLF3	0.6723	LP|CD4+ PD1+	0.4870	51
CRLS1	0.6524	Epi|Stem	0.8876	51
CRMP1	0.9689	LP|Pericytes	0.3733	51
CRNDE	0.9099	LP|Cycling B	0.2077	51
CRNKL1	0.5917	LP|MT-hi	0.2788	51
CROCC	0.6585	Epi|Enteroendocrine	0.1326	51
CROCCP2	0.5990	LP|Glia	0.3132	51
CROT	0.7102	Epi|Enterocyte Progenitors	0.2876	51
CRTAC1	0.9782	LP|Glia	0.1193	51
CRTAM	0.9420	LP|CD8+ LP	0.9950	51
CRTAP	0.7293	LP|WNT2B+ Fos-lo 2	1.4704	51
CRTC1	0.8135	Epi|Tuft	0.2616	51
CRTC2	0.6307	LP|MT-hi	0.2144	51
CRTC3	0.7086	LP|Pericytes	0.6314	51
CRX	0.8452	LP|DC1	0.0124	51
CRY1	0.7272	LP|ILCs	0.3013	51
CRY2	0.5519	LP|WNT2B+ Fos-lo 2	0.1452	51
CRYAB	0.9975	LP|Glia	81.2081	51
CRYBA2	0.9999	Epi|Enteroendocrine	6.8202	51
CRYBA4	0.9723	LP|Plasma	0.0302	51
CRYBB1	0.9628	LP|Cycling Monocytes	0.0611	51
CRYBB2	0.8003	LP|MT-hi	0.1005	51
CRYBB3	0.9544	Epi|Enterocytes	0.0255	51
CRYBG3	0.8587	LP|WNT2B+ Fos-lo 2	0.6947	51
CRYGS	0.7320	Epi|TA 1	0.0155	51
CRYL1	0.7978	Epi|Enterocyte Progenitors	1.6822	51
CRYM	0.9410	Epi|Tuft	0.6957	51
CRYM-AS1	0.8038	Epi|TA 1	0.0189	51
CRYZ	0.7564	LP|CD69- Mast	0.4602	51
CRYZL1	0.5190	LP|MT-hi	0.6736	51
CS	0.5295	Epi|TA 2	0.3806	51
CSAD	0.6363	LP|WNT2B+ Fos-lo 2	0.4206	51
CSDC2	0.9485	LP|Inflammatory Fibroblasts	0.0573	51
CSDE1	0.4482	LP|CD69+ Mast	2.2911	51
CSE1L	0.6850	LP|Cycling B	0.4554	51
CSF1	0.8890	LP|CD69- Mast	2.1401	51
CSF1R	0.9564	LP|Cycling Monocytes	1.3923	51
CSF2	0.9843	LP|ILCs	3.7924	51
CSF2RA	0.9484	LP|DC2	1.1739	51
CSF2RB	0.9142	LP|Post-capillary Venules	1.0567	51
CSF3	0.9783	LP|Inflammatory Fibroblasts	0.4452	51
CSF3R	0.9778	LP|Inflammatory Monocytes	1.4755	51
CSGALNACT1	0.9318	LP|Endothelial	0.4439	51
CSGALNACT2	0.6723	LP|Inflammatory Monocytes	0.3190	51
CSK	0.8418	LP|GC	2.7271	51
CSMD2	0.8694	LP|MT-hi	0.0822	51
CSMD3	0.9060	LP|WNT2B+ Fos-lo 1	0.0188	51
CSNK1A1	0.5229	Epi|Tuft	0.6392	51
CSNK1A1L	0.8475	LP|RSPO3+	0.0064	51
CSNK1D	0.4835	LP|NKs	0.8916	51
CSNK1E	0.6695	LP|Pericytes	0.7063	51
CSNK1G1	0.5970	LP|CD8+ IL17+	0.1736	51
CSNK1G2	0.5758	LP|Cycling T	0.3283	51
CSNK1G3	0.5820	Epi|M cells	0.3371	51
CSNK2A1	0.3664	LP|Glia	0.3971	51
CSNK2A2	0.9497	LP|CD69- Mast	1.8255	51
CSNK2A3	0.8263	LP|Post-capillary Venules	0.0116	51
CSNK2B	0.4171	LP|Cycling Monocytes	2.3294	51
CSPG4	0.9742	LP|Pericytes	0.4430	51
CSPG5	0.9860	Epi|Enteroendocrine	0.0063	51
CSPP1	0.5952	LP|RSPO3+	0.2134	51
CSRNP1	0.8003	LP|ILCs	2.0018	51
CSRNP2	0.7319	Epi|Tuft	0.1887	51
CSRNP3	0.9233	LP|Pericytes	0.1792	51
CSRP1	0.9043	LP|Myofibroblasts	4.9291	51
CSRP2	0.9726	LP|Pericytes	6.1131	51
CSRP2BP	0.5503	Epi|Stem	0.0788	51
CST1	0.9247	LP|DC1	0.0179	51
CST3	0.9215	LP|DC1	177.2646	51
CST5	0.9270	LP|DC1	0.0043	51
CST6	0.9059	LP|Cycling Monocytes	0.0389	51
CST7	0.9389	LP|NKs	13.6652	51
CSTA	0.9804	LP|Inflammatory Monocytes	7.6550	51
CSTB	0.6340	Epi|Enterocyte Progenitors	8.7607	51
CSTF1	0.7463	LP|CD69- Mast	0.5306	51
CSTF2	0.6540	LP|Cycling B	0.2121	51
CSTF2T	0.8343	LP|CD69- Mast	0.8935	51
CSTF3	0.6678	LP|CD69- Mast	0.6136	51
CTA-14H9.5	0.7844	LP|WNT5B+ 2	0.0412	51
CTA-150C2.13	0.9884	Epi|Immature Enterocytes 1	0.0037	51
CTA-204B4.2	0.6727	LP|Glia	0.0841	51
CTA-211A9.5	0.6583	LP|CD8+ IL17+	0.1118	51
CTA-217C2.1	0.6029	LP|Cycling Monocytes	0.1155	51
CTA-221G9.11	0.9563	Epi|Tuft	0.1079	51
CTA-221G9.7	0.9672	Epi|Enterocytes	0.0014	51
CTA-228A9.3	0.9656	Epi|Enterocyte Progenitors	0.0020	51
CTA-250D10.23	0.9747	LP|GC	1.3766	51
CTA-292E10.6	0.7921	LP|MT-hi	0.2988	51
CTA-292E10.8	0.8644	LP|NKs	0.0078	51
CTA-293F17.1	0.8959	Epi|Tuft	0.4757	51
CTA-29F11.1	0.7478	LP|WNT5B+ 1	0.8144	51
CTA-357J21.1	0.6725	Epi|Tuft	0.0713	51
CTA-363E19.2	0.9535	Epi|Best4+ Enterocytes	0.0015	51
CTA-363E6.2	0.8696	Epi|TA 2	0.0284	51
CTA-363E6.6	0.9799	Epi|Best4+ Enterocytes	0.0105	51
CTA-363E6.7	0.9744	Epi|Enterocyte Progenitors	0.0015	51
CTA-373H7.7	0.8121	LP|Microvascular	0.0193	51
CTA-384D8.34	0.8699	LP|Plasma	0.2739	51
CTA-384D8.35	0.9140	Epi|M cells	0.0869	51
CTA-384D8.36	0.8928	LP|MT-hi	0.0808	51
CTA-390C10.10	0.8051	LP|Pericytes	0.0076	51
CTA-398F10.2	0.9368	Epi|Tuft	0.0243	51
CTA-445C9.14	0.8100	LP|CD4+ PD1+	0.0506	51
CTA-445C9.15	0.8756	LP|NKs	0.1946	51
CTA-714B7.5	0.8718	Epi|TA 1	0.0082	51
CTA-797E19.1	0.7544	LP|CD4+ PD1+	0.0210	51
CTA-85E5.10	0.9577	Epi|Stem	0.0007	51
CTA-941F9.9	0.9946	Epi|Immature Goblet	0.0052	51
CTA-989H11.1	0.9906	Epi|Immature Goblet	0.0016	51
CTAGE1	0.9733	LP|Post-capillary Venules	0.0099	51
CTAGE5	0.6785	LP|NKs	0.1301	51
CTAGE9	0.8534	Epi|Goblet	0.0072	51
CTB-102L5.4	0.8867	Epi|Enterocytes	0.0121	51
CTB-113D17.1	0.8076	LP|DC1	0.0873	51
CTB-113I20.2	0.7952	LP|Glia	0.1560	51
CTB-113P19.5	0.8200	LP|CD69+ Mast	0.0218	51
CTB-118N6.3	0.8369	LP|Glia	0.0200	51
CTB-119C2.1	0.9016	LP|ILCs	0.0572	51
CTB-127C13.1	0.9859	Epi|Immature Enterocytes 1	0.0123	51
CTB-129O4.1	0.8738	Epi|Enteroendocrine	0.0375	51
CTB-129P6.4	0.9115	LP|Follicular	0.0084	51
CTB-131B5.2	0.7793	LP|ILCs	0.1230	51
CTB-131B5.5	0.9117	Epi|Enteroendocrine	0.1422	51
CTB-131K11.1	nan	Epi|Best4+ Enterocytes	0.0000	51
CTB-133G6.2	nan	Epi|Best4+ Enterocytes	0.0000	51
CTB-134H23.2	0.9785	Epi|Enteroendocrine	0.0185	51
CTB-13F3.1	0.9256	Epi|M cells	0.0302	51
CTB-152G17.6	0.6908	LP|CD8+ IELs	0.1008	51
CTB-161C1.1	0.9317	LP|Myofibroblasts	0.0117	51
CTB-161M19.4	0.9476	LP|WNT2B+ Fos-lo 2	0.0046	51
CTB-171A8.1	0.8771	Epi|Enterocytes	0.0767	51
CTB-175E5.7	0.9280	Epi|Best4+ Enterocytes	0.0071	51
CTB-175P5.4	0.9201	Epi|Cycling TA	0.1522	51
CTB-178M22.2	0.9678	Epi|Enteroendocrine	0.0083	51
CTB-179K24.3	0.9810	Epi|TA 1	0.0026	51
CTB-181H17.1	0.7451	LP|GC	0.0775	51
CTB-191K22.5	0.9715	Epi|Immature Enterocytes 2	0.0005	51
CTB-193M12.3	0.8765	Epi|M cells	0.0243	51
CTB-25B13.12	0.9161	LP|CD69- Mast	0.2334	51
CTB-25B13.6	0.9733	Epi|Goblet	0.0048	51
CTB-25B13.9	nan	Epi|Best4+ Enterocytes	0.0000	51
CTB-31N19.3	0.8558	LP|Inflammatory Monocytes	0.1702	51
CTB-31O20.2	0.7182	LP|NKs	0.2330	51
CTB-32O4.2	0.8945	LP|Glia	0.0274	51
CTB-36H16.2	0.9182	Epi|Tuft	0.0371	51
CTB-40H15.4	0.9966	Epi|Goblet	0.0017	51
CTB-43E15.3	0.9137	LP|Plasma	0.0140	51
CTB-43E15.4	0.9740	LP|Plasma	0.0888	51
CTB-43P18.1	0.9466	LP|RSPO3+	0.0144	51
CTB-46B19.2	0.9207	LP|GC	0.0085	51
CTB-47B11.3	0.9485	LP|Myofibroblasts	0.0618	51
CTB-50L17.14	0.7520	Epi|Tuft	0.0189	51
CTB-50L17.16	0.8705	Epi|Immature Enterocytes 1	0.1148	51
CTB-50L17.9	0.9635	Epi|Secretory TA	0.0016	51
CTB-51J22.1	0.9946	Epi|Stem	0.0007	51
CTB-55O6.12	0.7690	LP|Inflammatory Monocytes	0.1107	51
CTB-58E17.1	0.7075	LP|NKs	0.1638	51
CTB-58E17.3	0.9093	Epi|Tuft	0.0716	51
CTB-58E17.9	0.9581	Epi|Stem	0.0007	51
CTB-5E10.3	0.9425	LP|ILCs	0.0096	51
CTB-75G16.3	0.9516	Epi|TA 1	0.0043	51
CTB-89H12.4	0.5501	Epi|Tuft	0.5642	51
CTB-92J24.2	0.9245	Epi|TA 1	0.0018	51
CTBP1	0.5143	Epi|Tuft	0.6097	51
CTBP1-AS2	0.8109	LP|CD69- Mast	0.2425	51
CTBP2	0.6282	Epi|Tuft	0.6959	51
CTBS	0.5930	LP|CD69- Mast	0.4635	51
CTC-203F4.2	0.8944	LP|GC	0.0084	51
CTC-205M6.5	0.8895	LP|Inflammatory Monocytes	0.0596	51
CTC-209H22.3	0.9759	LP|RSPO3+	0.0394	51
CTC-210G5.1	0.8953	Epi|Stem	0.0495	51
CTC-228N24.1	0.9804	Epi|Immature Goblet	0.0105	51
CTC-228N24.3	0.5644	LP|GC	0.3670	51
CTC-241F20.3	0.8206	LP|Microvascular	0.2451	51
CTC-241N9.1	0.7991	Epi|Enteroendocrine	0.0727	51
CTC-246B18.10	0.9523	LP|Inflammatory Monocytes	0.0819	51
CTC-250I14.6	0.6778	LP|WNT5B+ 2	0.0453	51
CTC-251D13.1	0.9779	Epi|M cells	0.0450	51
CTC-260E6.6	0.8203	LP|Cycling B	0.0581	51
CTC-265F19.1	0.9138	LP|Follicular	0.1204	51
CTC-265F19.2	0.9462	LP|Plasma	0.1820	51
CTC-273B12.6	0.9407	Epi|Tuft	0.0079	51
CTC-276P9.1	0.9282	LP|WNT5B+ 2	2.2497	51
CTC-277H1.7	0.9075	LP|MT-hi	0.0415	51
CTC-297N7.5	0.8558	LP|CD69+ Mast	0.0674	51
CTC-297N7.8	0.9024	LP|MT-hi	0.2086	51
CTC-301O7.4	0.8521	LP|Follicular	0.0094	51
CTC-308K20.1	0.7866	LP|Glia	0.0139	51
CTC-325J23.2	0.9166	Epi|M cells	0.0051	51
CTC-329D1.2	0.9738	Epi|Enterocyte Progenitors	0.0006	51
CTC-332L22.1	0.9045	LP|GC	0.0129	51
CTC-336P14.1	0.9441	Epi|Enterocyte Progenitors	0.0033	51
CTC-338M12.4	0.8484	LP|MT-hi	0.1018	51
CTC-338M12.5	0.6365	LP|Pericytes	0.1310	51
CTC-338M12.6	0.8988	Epi|Goblet	0.0024	51
CTC-349C3.1	0.8653	LP|WNT5B+ 2	0.0211	51
CTC-360G5.1	0.9120	Epi|Secretory TA	0.0040	51
CTC-360G5.9	0.9616	Epi|TA 2	0.0008	51
CTC-365E16.1	0.9852	Epi|Enteroendocrine	0.0453	51
CTC-366B18.4	0.9278	LP|Endothelial	0.0355	51
CTC-367J11.1	nan	Epi|Best4+ Enterocytes	0.0000	51
CTC-378H22.1	0.8963	LP|GC	0.0860	51
CTC-378H22.2	1.0000	Epi|Immature Goblet	0.0001	51
CTC-384G19.1	0.9818	Epi|Cycling TA	0.0002	51
CTC-425F1.4	0.6224	LP|CD8+ IELs	0.1001	51
CTC-428G20.3	0.6038	Epi|Tuft	0.0275	51
CTC-428G20.6	0.8135	Epi|Best4+ Enterocytes	0.0172	51
CTC-428H11.2	0.8055	LP|CD8+ IELs	0.0577	51
CTC-429P9.3	0.7495	LP|RSPO3+	0.1096	51
CTC-429P9.5	0.6958	LP|NKs	0.0458	51
CTC-436P18.3	0.9416	Epi|M cells	0.0531	51
CTC-444N24.11	0.6556	LP|MT-hi	0.3398	51
CTC-444N24.6	0.7463	LP|Glia	0.0170	51
CTC-444N24.8	0.7918	LP|Pericytes	0.0943	51
CTC-448D22.1	nan	Epi|Best4+ Enterocytes	0.0000	51
CTC-459F4.1	0.7926	LP|Post-capillary Venules	0.0118	51
CTC-459F4.3	0.6224	Epi|M cells	0.1630	51
CTC-462L7.1	0.7846	LP|RSPO3+	0.0204	51
CTC-471J1.2	0.8430	LP|WNT2B+ Fos-lo 2	0.0340	51
CTC-479C5.12	0.7169	LP|CD8+ IL17+	0.1734	51
CTC-487M23.8	0.8178	LP|Myofibroblasts	0.0132	51
CTC-490G23.2	0.9704	Epi|Enterocytes	0.2523	51
CTC-490G23.4	0.9549	Epi|Best4+ Enterocytes	0.0005	51
CTC-503J8.4	0.8265	LP|Pericytes	0.0529	51
CTC-503J8.6	0.7004	LP|CD69- Mast	0.2798	51
CTC-505O3.3	0.9192	LP|CD8+ IL17+	0.1683	51
CTC-507E2.1	0.8608	LP|CD8+ IL17+	0.0220	51
CTC-508F8.1	0.9585	LP|GC	0.0497	51
CTC-523E23.11	0.7835	LP|NKs	0.1450	51
CTC-523E23.5	0.9506	LP|CD8+ IL17+	0.0341	51
CTC-524C5.2	0.6294	Epi|Cycling TA	0.2542	51
CTC-529P8.1	0.9982	Epi|Tuft	0.0154	51
CTC-534A2.2	0.6861	LP|ILCs	0.0988	51
CTC-537E7.2	0.9853	Epi|Tuft	0.0231	51
CTC-537E7.3	nan	Epi|Best4+ Enterocytes	0.0000	51
CTC-548K16.1	0.9169	Epi|M cells	0.0429	51
CTC-548K16.6	0.8868	LP|NKs	0.0301	51
CTC-550B14.8	0.9708	LP|Pericytes	0.0049	51
CTC-558O2.1	0.9713	Epi|Tuft	0.0866	51
CTC-559E9.5	0.8188	LP|Glia	0.0167	51
CTC-559E9.6	0.7028	LP|WNT5B+ 2	0.0537	51
CTC-573N18.1	0.9999	Epi|M cells	0.0140	51
CTC1	0.7398	LP|NKs	0.0876	51
CTCF	0.5587	LP|CD8+ IL17+	0.4526	51
CTCFL	0.9697	LP|GC	0.0389	51
CTD-2001C12.1	0.9802	Epi|Enteroendocrine	0.0338	51
CTD-2002H8.2	0.9228	LP|ILCs	0.0092	51
CTD-2005H7.1	0.9427	Epi|Stem	0.0024	51
CTD-2006C1.2	0.5974	LP|CD69+ Mast	0.2199	51
CTD-2006H14.2	0.7460	LP|CD4+ PD1+	0.0209	51
CTD-2006K23.1	nan	Epi|Best4+ Enterocytes	0.0000	51
CTD-2007H13.3	0.9095	Epi|M cells	0.0059	51
CTD-2008L17.2	0.9072	LP|Glia	0.0135	51
CTD-2008P7.9	0.9866	Epi|Enteroendocrine	0.0145	51
CTD-2012J19.3	0.7979	Epi|M cells	0.0096	51
CTD-2012K14.6	0.8526	LP|NKs	0.0150	51
CTD-2012K14.7	0.7796	LP|RSPO3+	0.0153	51
CTD-2013N24.2	0.9930	Epi|Cycling TA	0.0004	51
CTD-2014B16.3	nan	Epi|Best4+ Enterocytes	0.0000	51
CTD-2015H6.3	0.8597	Epi|Immature Goblet	0.2421	51
CTD-2017C7.1	0.8745	LP|CD8+ IL17+	0.0200	51
CTD-2017D11.1	0.7636	Epi|Tuft	0.1970	51
CTD-2020K17.1	0.8855	LP|ILCs	0.6693	51
CTD-2020K17.3	0.7793	Epi|Immature Goblet	0.0069	51
CTD-2020K17.4	0.8601	LP|CD8+ IL17+	0.3096	51
CTD-2021H9.3	0.9731	Epi|Enterocytes	0.0004	51
CTD-2026G6.3	0.8775	Epi|Best4+ Enterocytes	0.0071	51
CTD-2031P19.3	0.8330	LP|Post-capillary Venules	0.0327	51
CTD-2033A16.1	0.9420	LP|Pericytes	0.0137	51
CTD-2033C11.1	0.9258	LP|Inflammatory Monocytes	0.0054	51
CTD-2034I4.2	0.9032	Epi|TA 1	0.0271	51
CTD-2035E11.3	0.8646	LP|NKs	0.4568	51
CTD-2035E11.4	0.8585	LP|Endothelial	0.0119	51
CTD-2035E11.5	0.7814	LP|WNT2B+ Fos-lo 2	0.0517	51
CTD-2036P10.3	0.8553	LP|Glia	0.0185	51
CTD-2037K23.2	0.8038	LP|MT-hi	0.3676	51
CTD-2044J15.2	0.9034	Epi|M cells	0.0251	51
CTD-2047H16.2	0.9058	Epi|M cells	0.1970	51
CTD-2047H16.4	0.7991	LP|ILCs	0.0191	51
CTD-2049O4.1	0.9963	Epi|Stem	0.0025	51
CTD-2078B5.2	0.9106	LP|Pericytes	0.0865	51
CTD-2081C10.7	0.9503	LP|Endothelial	0.0160	51
CTD-2083E4.4	0.8043	LP|CD4+ PD1+	0.0608	51
CTD-2085J24.4	0.8377	LP|Myofibroblasts	0.0250	51
CTD-2086O20.3	0.8192	LP|Pericytes	0.0336	51
CTD-2090I13.1	0.5732	Epi|Stem	0.5441	51
CTD-2105E13.13	0.7686	LP|Glia	0.0310	51
CTD-2105E13.14	0.9539	Epi|Immature Enterocytes 2	0.0040	51
CTD-2105E13.6	0.9564	Epi|Goblet	0.0020	51
CTD-2116F7.1	0.8701	LP|Tregs	0.0056	51
CTD-2118P12.1	0.7576	LP|CD8+ IL17+	0.0231	51
CTD-2126E3.1	0.9691	Epi|Stem	0.0013	51
CTD-2127H9.1	0.9006	LP|Pericytes	0.0412	51
CTD-2132N18.4	0.9649	Epi|M cells	0.0599	51
CTD-2139B15.2	0.8239	Epi|Goblet	0.0298	51
CTD-2147F2.1	0.9325	Epi|TA 1	0.0075	51
CTD-2162K18.3	0.8162	Epi|Best4+ Enterocytes	0.0361	51
CTD-2162K18.5	0.8643	LP|CD4+ PD1+	0.1074	51
CTD-2165H16.4	0.8566	LP|CD4+ PD1+	0.0516	51
CTD-2184C24.2	0.9526	Epi|Goblet	0.0085	51
CTD-2186M15.3	0.6272	LP|RSPO3+	0.1028	51
CTD-2192J16.22	0.8458	LP|Cycling T	0.0064	51
CTD-2192J16.26	0.9280	LP|ILCs	0.0331	51
CTD-2196E14.4	0.8295	LP|CD8+ IL17+	0.0370	51
CTD-2196E14.5	0.9269	Epi|Goblet	0.0795	51
CTD-2196E14.6	0.7589	LP|CD4+ PD1+	0.0330	51
CTD-2196E14.9	0.8543	Epi|Goblet	0.0288	51
CTD-2199O4.1	0.8014	Epi|Enteroendocrine	0.0225	51
CTD-2199O4.6	0.9798	Epi|M cells	0.0017	51
CTD-2201E18.3	0.6942	LP|Endothelial	0.0861	51
CTD-2201E18.5	0.8544	LP|NKs	0.0180	51
CTD-2201I18.1	nan	Epi|Best4+ Enterocytes	0.0000	51
CTD-2203K17.1	0.8852	LP|Cycling T	0.0064	51
CTD-2210P24.4	0.9038	LP|Pericytes	0.0917	51
CTD-2213F21.2	0.9007	Epi|Immature Enterocytes 1	0.0040	51
CTD-2227E11.1	0.9310	LP|Plasma	0.0305	51
CTD-2228K2.5	0.9616	Epi|Enterocytes	9.5775	51
CTD-2228K2.7	0.8864	Epi|TA 1	0.2300	51
CTD-2231E14.4	0.9993	Epi|Goblet	0.0485	51
CTD-2231E14.8	0.9773	Epi|TA 1	0.0005	51
CTD-2235C13.3	0.9539	Epi|Best4+ Enterocytes	0.0044	51
CTD-2245F17.3	0.9111	LP|DC1	0.0061	51
CTD-2246P4.1	0.9424	LP|Microvascular	0.0052	51
CTD-2256P15.1	0.9017	LP|WNT2B+ Fos-hi	0.0233	51
CTD-2256P15.2	0.8568	LP|RSPO3+	0.0899	51
CTD-2256P15.4	0.8209	LP|RSPO3+	0.0108	51
CTD-2256P15.5	0.9564	Epi|Immature Goblet	0.0016	51
CTD-2260A17.1	0.7729	LP|Inflammatory Monocytes	0.0071	51
CTD-2260A17.2	0.8153	LP|Cycling B	0.0523	51
CTD-2260A17.3	0.9384	Epi|Stem	0.0032	51
CTD-2267D19.2	0.8271	LP|Microvascular	0.5229	51
CTD-2267D19.6	0.9750	Epi|Cycling TA	0.0021	51
CTD-2269F5.1	0.8751	LP|WNT2B+ Fos-lo 2	0.0930	51
CTD-2270L9.2	0.6252	LP|GC	0.0218	51
CTD-2270L9.4	0.6646	LP|Inflammatory Fibroblasts	0.1452	51
CTD-2283N19.1	0.9155	LP|WNT2B+ Fos-lo 2	0.0074	51
CTD-2284J15.1	0.9481	LP|RSPO3+	0.0463	51
CTD-2286N8.2	0.8395	LP|NKs	0.0052	51
CTD-2287O16.5	0.6806	LP|WNT5B+ 2	0.0686	51
CTD-2288F12.1	0.8224	Epi|M cells	0.0756	51
CTD-2291D10.1	0.8728	LP|Glia	0.0122	51
CTD-2292M16.8	0.8086	Epi|Enteroendocrine	0.0955	51
CTD-2293H3.1	0.7581	LP|NKs	0.0983	51
CTD-2302E22.4	0.8364	Epi|Tuft	0.0444	51
CTD-2303H24.2	0.8450	LP|GC	0.0243	51
CTD-2306M5.1	0.9162	Epi|Tuft	0.0225	51
CTD-2308L22.1	0.8721	LP|WNT2B+ Fos-hi	0.0049	51
CTD-2310F14.1	0.9359	LP|WNT5B+ 2	0.0030	51
CTD-2313F11.1	0.9900	Epi|Immature Enterocytes 2	0.0003	51
CTD-2313J17.5	0.7477	Epi|TA 1	0.0101	51
CTD-2313N18.5	0.8443	LP|CD8+ IELs	0.0437	51
CTD-2314B22.3	0.9014	LP|Inflammatory Fibroblasts	0.0727	51
CTD-2314G24.2	0.9222	LP|WNT2B+ Fos-lo 2	0.0728	51
CTD-2319I12.1	0.9931	LP|DC1	12.2116	51
CTD-2319I12.2	0.9232	LP|DC2	0.0416	51
CTD-2319I12.4	0.9905	LP|CD69- Mast	0.6786	51
CTD-2325M2.1	0.8925	LP|RSPO3+	0.0271	51
CTD-2325P2.4	0.9267	Epi|M cells	0.0671	51
CTD-2331H12.7	0.8607	Epi|Cycling TA	0.0052	51
CTD-2336O2.1	0.6844	LP|CD69- Mast	0.6230	51
CTD-2337J16.1	0.9879	LP|Macrophages	0.1128	51
CTD-2340E1.2	0.9135	LP|CD69+ Mast	0.0046	51
CTD-2341M24.1	0.8032	LP|ILCs	0.0757	51
CTD-2349P21.10	0.8488	LP|CD8+ LP	0.0039	51
CTD-2349P21.9	0.8094	LP|CD8+ IELs	0.0258	51
CTD-2350C19.1	0.9392	LP|Pericytes	0.0180	51
CTD-2350C19.2	0.9064	LP|Cycling Monocytes	0.0658	51
CTD-2357A8.3	nan	Epi|Best4+ Enterocytes	0.0000	51
CTD-2366F13.1	0.6367	Epi|Stem	0.0297	51
CTD-2366F13.2	0.9601	Epi|TA 2	0.0002	51
CTD-2368P22.1	0.7596	LP|ILCs	0.3539	51
CTD-2369P2.2	0.9414	LP|GC	1.3637	51
CTD-2369P2.8	0.9037	LP|WNT5B+ 1	0.0187	51
CTD-2371O3.2	0.8826	LP|MT-hi	0.1158	51
CTD-2373H9.5	0.8995	LP|CD8+ IELs	0.0135	51
CTD-2376I4.2	0.9913	Epi|Immature Goblet	0.0010	51
CTD-2377D24.6	0.9100	Epi|M cells	0.2375	51
CTD-2377D24.8	0.9908	Epi|TA 2	0.0006	51
CTD-2377O17.1	0.9689	Epi|Best4+ Enterocytes	0.0004	51
CTD-2410N18.3	0.9677	Epi|Tuft	0.0387	51
CTD-2501E16.2	0.9469	LP|MT-hi	0.0500	51
CTD-2503I6.1	0.8819	LP|ILCs	0.0201	51
CTD-2507G9.1	0.7079	Epi|TA 1	0.0118	51
CTD-2514K5.2	0.8850	LP|CD69+ Mast	0.0625	51
CTD-2515A14.1	0.9207	LP|Pericytes	0.0298	51
CTD-2516F10.2	0.8841	LP|GC	0.0094	51
CTD-2517M22.14	0.7957	LP|WNT2B+ Fos-lo 2	0.0056	51
CTD-2517O10.6	0.9636	LP|MT-hi	0.1285	51
CTD-2521M24.8	0.8201	LP|Myofibroblasts	0.0132	51
CTD-2521M24.9	0.7141	LP|NKs	0.2236	51
CTD-2524L6.3	0.9945	Epi|Immature Goblet	0.0044	51
CTD-2526A2.2	nan	Epi|Best4+ Enterocytes	0.0000	51
CTD-2527I21.7	0.9274	LP|WNT5B+ 1	0.0381	51
CTD-2528A14.5	0.9479	LP|CD8+ IELs	0.0066	51
CTD-2528L19.6	0.8284	LP|MT-hi	0.0476	51
CTD-2530H12.4	0.9905	LP|Pericytes	0.0169	51
CTD-2532N20.1	0.9076	LP|NKs	0.0094	51
CTD-2537I9.13	0.7757	LP|MT-hi	0.0418	51
CTD-2538C1.2	0.7279	LP|CD4+ PD1+	0.0532	51
CTD-2540B15.9	0.8938	Epi|Stem	0.0226	51
CTD-2540F13.2	0.8136	Epi|M cells	0.1137	51
CTD-2541M15.1	0.9353	Epi|TA 1	0.0044	51
CTD-2541M15.4	0.6788	LP|Myofibroblasts	0.0119	51
CTD-2544N14.3	0.8758	LP|GC	0.0134	51
CTD-2547H18.1	0.9604	Epi|Immature Goblet	0.3548	51
CTD-2547L16.1	0.8303	LP|Macrophages	0.0158	51
CTD-2547L24.4	0.9192	LP|CD4+ PD1+	0.0230	51
CTD-2553L13.4	0.8152	LP|NKs	0.0109	51
CTD-2555A7.2	0.9732	Epi|Tuft	0.0986	51
CTD-2555C10.3	0.8848	LP|CD4+ PD1+	0.0350	51
CTD-2555K7.2	0.8984	LP|WNT2B+ Fos-lo 2	0.0136	51
CTD-2555K7.4	0.9979	Epi|TA 1	0.0016	51
CTD-2555O16.3	0.9894	Epi|Immature Goblet	0.0019	51
CTD-2555O16.4	0.8555	LP|NKs	0.0066	51
CTD-2561B21.11	0.9152	LP|Glia	0.0368	51
CTD-2561B21.5	0.9641	Epi|M cells	0.0389	51
CTD-2561J22.5	0.9425	LP|Cycling B	0.0387	51
CTD-2562J15.4	0.8138	LP|Cycling T	0.0090	51
CTD-2562J15.6	0.8150	LP|Glia	0.0612	51
CTD-2566J3.1	0.9464	Epi|Immature Enterocytes 1	0.1224	51
CTD-2568A17.1	0.9509	LP|Cycling B	0.0034	51
CTD-2568A17.8	0.9915	Epi|M cells	0.0102	51
CTD-2571L23.8	0.8578	Epi|Enteroendocrine	0.0276	51
CTD-2574D22.2	0.9509	LP|CD4+ PD1+	0.0176	51
CTD-2574D22.4	0.7169	LP|RSPO3+	0.0191	51
CTD-2576D5.4	0.8729	LP|CD69- Mast	0.2343	51
CTD-2583P5.3	0.9667	LP|CD69- Mast	0.1648	51
CTD-2587H24.10	0.9504	Epi|Goblet	0.0071	51
CTD-2587M2.1	0.7003	LP|Glia	0.0145	51
CTD-2588C8.8	0.9999	Epi|Enteroendocrine	0.0040	51
CTD-2589H19.6	0.8927	Epi|Immature Enterocytes 1	0.0136	51
CTD-2589M5.4	0.9525	Epi|Goblet	0.0675	51
CTD-2611O12.7	0.8435	Epi|Tuft	0.0206	51
CTD-2611O12.8	0.9537	Epi|Immature Enterocytes 1	0.0064	51
CTD-2616J11.14	0.9963	Epi|TA 1	0.0011	51
CTD-2619J13.13	0.8492	LP|Glia	0.0026	51
CTD-2619J13.14	0.7063	Epi|TA 1	0.0314	51
CTD-2619J13.17	0.9095	LP|ILCs	0.0391	51
CTD-2619J13.19	0.9351	LP|NKs	0.0058	51
CTD-2620I22.7	0.9045	LP|Post-capillary Venules	0.0157	51
CTD-2622I13.3	0.9807	Epi|TA 1	0.0010	51
CTD-2626G11.2	0.8836	Epi|M cells	0.1684	51
CTD-2630F21.1	0.9361	LP|ILCs	0.0133	51
CTD-2651B20.1	0.9710	LP|NKs	0.0226	51
CTD-2651B20.3	0.8506	LP|WNT2B+ Fos-lo 2	0.0250	51
CTD-2651B20.6	0.9215	LP|CD8+ IELs	0.0145	51
CTD-2651B20.7	0.9724	LP|Glia	0.0292	51
CTD-2659N19.10	0.8017	Epi|TA 1	0.0131	51
CTD-3010D24.3	0.9260	Epi|Enteroendocrine	0.0548	51
CTD-3018O17.3	0.7787	Epi|Tuft	0.1434	51
CTD-3025N20.2	0.8515	LP|WNT5B+ 2	0.0046	51
CTD-3025N20.3	0.8077	LP|CD4+ PD1+	0.0139	51
CTD-3051D23.4	0.9144	Epi|Tuft	0.1654	51
CTD-3064H18.1	0.8946	Epi|Enteroendocrine	0.1540	51
CTD-3064M3.7	0.9503	LP|Macrophages	0.0058	51
CTD-3065J16.9	0.8440	Epi|M cells	0.0728	51
CTD-3074O7.12	0.8530	LP|ILCs	0.0398	51
CTD-3074O7.5	0.6447	Epi|Secretory TA	0.1056	51
CTD-3076O17.2	0.8501	LP|ILCs	0.0459	51
CTD-3088G3.8	0.7952	LP|MT-hi	0.0282	51
CTD-3092A11.2	0.8955	LP|CD69- Mast	0.6136	51
CTD-3093M3.1	0.8233	LP|RSPO3+	0.0313	51
CTD-3094K11.1	0.9462	Epi|Tuft	0.9626	51
CTD-3099C6.11	0.9791	Epi|TA 1	0.0008	51
CTD-3099C6.9	0.7180	Epi|M cells	0.0648	51
CTD-3105H18.13	0.9339	LP|Pericytes	0.0318	51
CTD-3105H18.14	0.6813	Epi|Tuft	0.0174	51
CTD-3110H11.1	0.8991	LP|CD8+ IELs	0.0092	51
CTD-3118D7.1	0.9244	Epi|M cells	0.0450	51
CTD-3131K8.2	0.8084	LP|MT-hi	0.0487	51
CTD-3138B18.5	0.6139	LP|CD8+ IELs	0.1666	51
CTD-3138B18.6	0.9342	LP|WNT5B+ 1	0.0036	51
CTD-3184A7.4	0.7801	LP|MT-hi	0.3762	51
CTD-3185P2.1	0.7142	Epi|Tuft	0.0728	51
CTD-3193K9.4	0.9552	LP|Pericytes	0.7435	51
CTD-3193O13.1	0.9747	Epi|Enterocyte Progenitors	0.0035	51
CTD-3193O13.9	0.9535	Epi|Enteroendocrine	0.0179	51
CTD-3195I5.1	0.6596	LP|Pericytes	0.0691	51
CTD-3195I5.5	0.8091	LP|DC1	0.0148	51
CTD-3203P2.1	0.9492	LP|NKs	0.0077	51
CTD-3203P2.2	0.9705	LP|CD69+ Mast	1.3931	51
CTD-3214H19.4	0.9262	LP|CD8+ IL17+	0.0181	51
CTD-3222D19.5	0.8495	LP|Follicular	0.0889	51
CTD-3222D19.7	0.7002	LP|CD8+ IELs	0.0134	51
CTD-3247F14.2	0.9013	LP|Pericytes	0.0189	51
CTDNEP1	0.3709	LP|Inflammatory Fibroblasts	0.6955	51
CTDP1	0.6048	LP|CD8+ IELs	0.1950	51
CTDSP1	0.6124	LP|NKs	1.0193	51
CTDSP2	0.6664	Epi|Enterocytes	1.2082	51
CTDSPL	0.6990	LP|Myofibroblasts	0.4253	51
CTDSPL2	0.5622	LP|CD8+ IL17+	0.2592	51
CTF1	0.8819	LP|Myofibroblasts	0.0234	51
CTGF	0.8731	LP|Microvascular	8.0088	51
CTH	0.7168	LP|MT-hi	0.1147	51
CTHRC1	0.9617	LP|Inflammatory Fibroblasts	3.0712	51
CTIF	0.7624	LP|Myofibroblasts	0.0898	51
CTLA4	0.9659	LP|Tregs	3.6831	51
CTNNA1	0.8051	LP|Glia	3.5157	51
CTNNAL1	0.9470	LP|Glia	3.2372	51
CTNNB1	0.7260	LP|Endothelial	2.5644	51
CTNNBIP1	0.6175	LP|Microvascular	0.7043	51
CTNNBL1	0.8887	LP|CD69- Mast	3.0931	51
CTNND1	0.7371	Epi|M cells	1.3717	51
CTNND2	0.9769	Epi|Tuft	0.0642	51
CTNS	0.9157	LP|CD69- Mast	0.4287	51
CTPS1	0.7774	LP|Cycling T	0.2526	51
CTPS2	0.6329	Epi|M cells	0.0938	51
CTR9	0.6016	LP|ILCs	0.4881	51
CTRC	nan	Epi|Best4+ Enterocytes	0.0000	51
CTRL	0.9621	Epi|Immature Enterocytes 1	0.0048	51
CTSA	0.8084	Epi|Enterocytes	5.2830	51
CTSB	0.8910	LP|Cycling Monocytes	13.1494	51
CTSC	0.8735	LP|WNT2B+ Fos-lo 1	22.9253	51
CTSD	0.8708	LP|Cycling Monocytes	17.1328	51
CTSE	0.9886	Epi|M cells	5.8344	51
CTSF	0.8751	LP|Glia	2.2064	51
CTSG	0.9851	LP|CD69- Mast	36.4014	51
CTSH	0.8218	LP|Cycling Monocytes	4.2067	51
CTSK	0.9383	LP|Inflammatory Fibroblasts	11.1615	51
CTSL	0.8041	LP|Inflammatory Fibroblasts	3.0331	51
CTSO	0.7735	LP|RSPO3+	0.7388	51
CTSS	0.9081	LP|Inflammatory Monocytes	17.6813	51
CTSV	0.9143	Epi|M cells	0.2067	51
CTSW	0.9628	LP|NKs	15.5838	51
CTSZ	0.8579	LP|Cycling Monocytes	5.5607	51
CTTN	0.6973	Epi|Enterocytes	1.3441	51
CTTNBP2	0.9560	LP|CD69+ Mast	0.8479	51
CTTNBP2NL	0.7413	LP|Endothelial	0.5245	51
CTU1	0.7161	LP|NKs	0.1964	51
CTU2	0.6760	LP|Pericytes	0.2278	51
CTXN1	0.9364	LP|Inflammatory Fibroblasts	0.0210	51
CTXN2	0.9977	Epi|Enteroendocrine	0.0534	51
CUBN	0.9143	LP|Endothelial	0.0986	51
CUEDC1	0.8596	LP|Glia	0.2873	51
CUEDC2	0.8490	LP|CD69- Mast	3.5096	51
CUL1	0.4648	LP|CD8+ IL17+	0.3159	51
CUL2	0.5571	Epi|Enteroendocrine	0.2616	51
CUL3	0.5339	LP|GC	0.4736	51
CUL4A	0.5124	Epi|M cells	0.3451	51
CUL4B	0.5875	LP|WNT2B+ Fos-lo 2	0.1830	51
CUL5	0.5879	LP|Pericytes	0.4515	51
CUL7	0.7794	Epi|Tuft	0.1612	51
CUL9	0.8999	LP|Tregs	0.4710	51
CUTA	0.3619	LP|ILCs	3.7057	51
CUTC	0.7029	LP|RSPO3+	0.7188	51
CUX1	0.5325	LP|Inflammatory Monocytes	0.4988	51
CUZD1	0.9196	LP|Endothelial	0.0078	51
CWC15	0.3649	LP|Glia	1.0432	51
CWC22	0.6634	LP|CD69- Mast	0.4048	51
CWC25	0.5775	LP|ILCs	0.9334	51
CWC27	0.4236	LP|Myofibroblasts	0.3843	51
CWF19L1	0.5064	Epi|Tuft	0.1513	51
CWF19L2	0.5008	LP|CD69+ Mast	0.3412	51
CWH43	0.8838	Epi|TA 2	0.3633	51
CX3CL1	0.9045	LP|Endothelial	0.4141	51
CX3CR1	0.9646	LP|NKs	1.0373	51
CXADR	0.8906	Epi|Enterocytes	1.6689	51
CXADRP3	0.9741	Epi|Stem	0.0007	51
CXCL1	0.9765	LP|Inflammatory Fibroblasts	26.3905	51
CXCL10	0.9429	LP|Inflammatory Monocytes	2.7266	51
CXCL11	0.9674	LP|Post-capillary Venules	0.4106	51
CXCL12	0.9565	LP|RSPO3+	19.6487	51
CXCL13	0.9701	LP|CD4+ PD1+	3.1044	51
CXCL14	0.9356	LP|WNT5B+ 1	162.2634	51
CXCL16	0.8956	LP|CD69- Mast	2.4550	51
CXCL17	0.9985	Epi|M cells	0.0789	51
CXCL2	0.9255	LP|ILCs	5.3539	51
CXCL3	0.8650	LP|Inflammatory Fibroblasts	2.7918	51
CXCL5	0.9842	LP|Inflammatory Fibroblasts	0.5625	51
CXCL6	0.9867	LP|Inflammatory Fibroblasts	5.0454	51
CXCL9	0.9416	LP|DC1	0.7240	51
CXCR2	0.9822	LP|NKs	0.1339	51
CXCR3	0.8599	LP|CD8+ LP	1.0190	51
CXCR4	0.8259	LP|ILCs	21.9163	51
CXCR5	0.9629	LP|GC	1.5958	51
CXCR6	0.9691	LP|CD8+ IL17+	4.9438	51
CXXC1	0.4757	LP|Cycling B	0.4877	51
CXXC4	0.9833	Epi|Enteroendocrine	0.6486	51
CXXC5	0.8587	LP|Glia	2.1345	51
CXorf21	0.8889	LP|DC2	0.6139	51
CXorf23	0.7702	Epi|Goblet	0.2035	51
CXorf24	0.6359	LP|WNT5B+ 2	0.1366	51
CXorf36	0.9648	LP|Microvascular	1.7352	51
CXorf38	0.8912	LP|CD69- Mast	0.6786	51
CXorf40A	0.7884	LP|ILCs	0.4219	51
CXorf40B	0.7513	LP|CD69- Mast	0.5527	51
CXorf56	0.6733	LP|ILCs	0.2022	51
CXorf57	0.9531	Epi|Enteroendocrine	0.0879	51
CXorf61	0.9980	Epi|Tuft	0.0251	51
CXorf65	0.8610	LP|MT-hi	0.0840	51
CYB561	0.7213	LP|Microvascular	0.4028	51
CYB561A3	0.8954	LP|GC	2.6395	51
CYB561D1	0.7862	LP|CD4+ PD1+	0.2844	51
CYB561D2	0.5987	Epi|M cells	0.8453	51
CYB5A	0.7213	LP|Microvascular	3.8435	51
CYB5B	0.4368	LP|NKs	1.0055	51
CYB5D1	0.7277	LP|Endothelial	0.1776	51
CYB5D2	0.8056	LP|Microvascular	0.7112	51
CYB5R1	0.7105	LP|Glia	0.8040	51
CYB5R2	0.9087	LP|Glia	0.1827	51
CYB5R3	0.7073	LP|Pericytes	3.1526	51
CYB5R4	0.7255	LP|CD69- Mast	0.8022	51
CYB5RL	0.7326	LP|Post-capillary Venules	0.0532	51
CYBA	0.7132	LP|Cycling Monocytes	30.7425	51
CYBB	0.9592	LP|Inflammatory Monocytes	2.7296	51
CYBRD1	0.8629	LP|RSPO3+	1.6154	51
CYC1	0.7298	Epi|TA 2	6.5013	51
CYCS	0.7328	Epi|Enterocyte Progenitors	11.7876	51
CYFIP1	0.7231	LP|Macrophages	0.7043	51
CYFIP2	0.8127	LP|MT-hi	0.9202	51
CYGB	0.8842	LP|WNT5B+ 1	6.7861	51
CYHR1	0.6317	LP|RSPO3+	0.8763	51
CYLD	0.7166	LP|CD4+ PD1+	1.1327	51
CYP17A1	0.9467	LP|Endothelial	0.0048	51
CYP17A1-AS1	0.9607	LP|Glia	0.0176	51
CYP1B1	0.9553	LP|Post-capillary Venules	0.8404	51
CYP1B1-AS1	0.9518	LP|Post-capillary Venules	0.0606	51
CYP20A1	0.5718	LP|MT-hi	0.4287	51
CYP24A1	0.9905	Epi|Enterocytes	0.0017	51
CYP26A1	0.9946	LP|ILCs	0.0734	51
CYP26B1	0.9771	LP|Inflammatory Fibroblasts	0.3320	51
CYP27A1	0.8851	LP|Glia	1.3543	51
CYP27B1	0.8334	LP|ILCs	0.0265	51
CYP27C1	0.8965	LP|Glia	0.0648	51
CYP2B6	0.9559	Epi|Enterocytes	0.2849	51
CYP2C18	0.9196	Epi|Immature Enterocytes 1	0.1281	51
CYP2C19	0.9745	Epi|Immature Enterocytes 1	0.0052	51
CYP2C9	0.9307	Epi|Immature Enterocytes 1	0.0626	51
CYP2D6	0.9105	Epi|Immature Enterocytes 1	0.0919	51
CYP2J2	0.8599	Epi|Enterocyte Progenitors	0.3239	51
CYP2R1	0.6090	LP|CD8+ IL17+	0.1690	51
CYP2S1	0.8826	Epi|Enterocytes	0.4427	51
CYP2U1	0.8825	LP|Glia	0.2543	51
CYP2W1	0.9745	Epi|Enteroendocrine	0.3593	51
CYP39A1	0.8912	Epi|M cells	0.1626	51
CYP3A4	0.9741	Epi|Enterocytes	0.3202	51
CYP3A43	0.8149	LP|Glia	0.0058	51
CYP3A5	0.9024	Epi|Immature Enterocytes 1	2.1567	51
CYP3A7	0.9987	Epi|Tuft	0.0226	51
CYP46A1	0.8587	LP|Microvascular	0.2043	51
CYP4A22-AS1	0.9398	LP|Endothelial	0.0175	51
CYP4F11	0.8294	Epi|Immature Enterocytes 2	0.0500	51
CYP4F12	0.8611	Epi|M cells	0.7403	51
CYP4F2	0.9194	Epi|Immature Enterocytes 2	0.0583	51
CYP4F3	0.8796	Epi|Enteroendocrine	0.1176	51
CYP4F35P	0.9052	LP|NKs	0.0780	51
CYP4F8	0.9240	Epi|Tuft	0.0216	51
CYP4V2	0.6083	LP|RSPO3+	0.1904	51
CYP4X1	0.9654	LP|Pericytes	0.1291	51
CYP51A1	0.9865	LP|CD69- Mast	0.8111	51
CYP7B1	0.8994	LP|RSPO3+	0.3715	51
CYR61	0.9699	LP|Glia	26.1873	51
CYS1	0.9270	LP|WNT5B+ 1	0.2690	51
CYSLTR1	0.8296	LP|Microvascular	0.7033	51
CYSTM1	0.8235	Epi|Enterocytes	11.5126	51
CYTH1	0.6679	LP|NKs	0.8691	51
CYTH2	0.6442	LP|CD69- Mast	1.0731	51
CYTH3	0.8075	LP|WNT5B+ 2	0.2527	51
CYTH4	0.8248	LP|NKs	0.8651	51
CYTIP	0.8063	LP|CD8+ IL17+	4.2323	51
CYTL1	0.9655	LP|Glia	1.9644	51
CYYR1	0.9683	LP|Endothelial	3.3594	51
CYorf17	0.9478	Epi|Goblet	0.0361	51
D2HGDH	0.7227	Epi|Enteroendocrine	0.5895	51
D86994.2	0.9533	LP|Plasma	0.0083	51
D87007.1	0.9275	LP|Myofibroblasts	0.0205	51
D87015.1	0.9502	LP|Endothelial	0.0084	51
D87024.1	nan	Epi|Best4+ Enterocytes	0.0000	51
DAAM1	0.8108	LP|GC	1.2778	51
DAAM2	0.9497	LP|Pericytes	0.4772	51
DAB1	0.9633	LP|Glia	0.0403	51
DAB2	0.8341	LP|Macrophages	1.8863	51
DAB2IP	0.8656	Epi|M cells	0.6355	51
DACH1	0.8421	LP|RSPO3+	0.4556	51
DACT1	0.9047	LP|RSPO3+	0.2881	51
DACT2	0.9382	Epi|Stem	0.0468	51
DACT3	0.9108	LP|Myofibroblasts	0.2380	51
DAD1	0.7734	LP|CD69- Mast	11.1387	51
DAG1	0.9021	LP|Glia	1.2507	51
DAGLA	0.9105	Epi|Enteroendocrine	0.1327	51
DAGLB	0.8051	LP|Microvascular	0.2603	51
DAK	0.6034	Epi|M cells	0.2308	51
DALRD3	0.4611	Epi|Tuft	0.3963	51
DANCR	0.5239	LP|Cycling B	1.8646	51
DAND5	0.8743	LP|WNT2B+ Fos-hi	0.0134	51
DAO	0.9592	Epi|Immature Enterocytes 2	0.0436	51
DAP	0.5064	LP|CD69- Mast	0.6958	51
DAP3	0.4691	LP|CD69- Mast	0.9097	51
DAPK1	0.9202	LP|Macrophages	0.5834	51
DAPK1-IT1	0.9299	LP|CD69- Mast	0.1539	51
DAPK2	0.7836	Epi|Goblet	0.4578	51
DAPK3	0.6330	LP|Pericytes	0.5531	51
DAPL1	0.9237	LP|CD69- Mast	0.6155	51
DAPP1	0.8744	LP|GC	0.9554	51
DARC	0.9994	LP|Post-capillary Venules	32.7122	51
DARS	0.5975	LP|Myofibroblasts	1.2596	51
DARS2	0.6658	Epi|Cycling TA	0.1014	51
DAXX	0.6975	LP|GC	0.8342	51
DAZAP1	0.6219	LP|Cycling B	1.1739	51
DAZAP2	0.5481	LP|Inflammatory Monocytes	3.4832	51
DBF4	0.7793	LP|Cycling T	0.6661	51
DBF4B	0.7426	LP|Glia	0.0655	51
DBI	0.6361	Epi|Enterocyte Progenitors	9.6697	51
DBN1	0.8062	LP|Myofibroblasts	0.5414	51
DBNDD1	0.9799	LP|GC	0.3329	51
DBNDD2	0.9683	Epi|Tuft	0.0035	51
DBNL	0.7328	LP|GC	2.5996	51
DBP	0.6841	LP|WNT5B+ 1	0.4278	51
DBR1	0.6606	LP|Glia	0.1759	51
DBT	0.4748	Epi|Tuft	0.1425	51
DCAF10	0.4704	LP|Endothelial	0.3096	51
DCAF11	0.7263	LP|ILCs	1.0767	51
DCAF12	0.7950	LP|GC	0.7599	51
DCAF13	0.4653	LP|CD69+ Mast	0.5982	51
DCAF15	0.6971	Epi|M cells	0.3000	51
DCAF16	0.5271	LP|Glia	0.1902	51
DCAF17	0.7690	LP|CD4+ PD1+	0.1597	51
DCAF4	0.5149	LP|Post-capillary Venules	0.0829	51
DCAF4L1	0.9009	LP|Post-capillary Venules	0.0126	51
DCAF5	0.4846	LP|CD8+ IELs	0.3255	51
DCAF6	0.4467	LP|Myofibroblasts	0.3317	51
DCAF7	0.3881	LP|Endothelial	0.6166	51
DCAF8	0.5530	LP|ILCs	0.4150	51
DCAKD	0.9141	LP|CD69- Mast	0.6136	51
DCBLD1	0.8699	LP|Inflammatory Fibroblasts	0.6861	51
DCBLD2	0.8884	LP|Pericytes	0.4030	51
DCC	0.9850	LP|Plasma	0.0165	51
DCDC2	0.9056	Epi|Immature Goblet	0.0116	51
DCDC2B	0.9653	Epi|Stem	0.0004	51
DCHS1	0.8610	LP|Myofibroblasts	0.2782	51
DCK	0.8625	LP|Cycling B	2.7528	51
DCLK1	0.9366	LP|Myofibroblasts	0.2347	51
DCLK2	0.9658	Epi|Tuft	0.4562	51
DCLRE1A	0.7360	LP|MT-hi	0.0508	51
DCLRE1B	0.8534	Epi|M cells	0.2037	51
DCLRE1C	0.6000	LP|Cycling B	0.3779	51
DCN	0.9488	LP|RSPO3+	79.8998	51
DCP1A	0.6251	LP|ILCs	0.6060	51
DCP1B	0.6503	LP|CD4+ PD1+	0.1378	51
DCP2	0.6670	Epi|Tuft	0.5713	51
DCPS	0.7477	LP|Cycling B	0.8976	51
DCST2	0.9185	Epi|Best4+ Enterocytes	0.0097	51
DCTD	0.5816	LP|WNT5B+ 1	0.6490	51
DCTN1	0.4884	Epi|Tuft	0.3346	51
DCTN2	0.4967	LP|WNT5B+ 1	1.3503	51
DCTN3	0.5225	LP|Cycling T	2.0599	51
DCTN4	0.5297	Epi|Tuft	0.2382	51
DCTN5	0.4950	LP|CD8+ IL17+	0.2609	51
DCTN6	0.6423	LP|Glia	1.4000	51
DCTPP1	0.7189	Epi|Cycling TA	2.1096	51
DCUN1D1	0.5894	Epi|M cells	0.3891	51
DCUN1D2	0.8333	Epi|Tuft	0.1186	51
DCUN1D3	0.7430	LP|Endothelial	0.1013	51
DCUN1D4	0.6792	LP|Myofibroblasts	0.2416	51
DCUN1D5	0.6118	LP|Cycling B	0.7006	51
DCXR	0.7020	LP|CD69- Mast	3.2118	51
DDA1	0.6860	LP|CD69- Mast	1.1497	51
DDAH1	0.8427	Epi|M cells	0.9637	51
DDAH2	0.7126	LP|RSPO3+	2.8002	51
DDB1	0.4804	LP|CD69- Mast	0.6907	51
DDB2	0.7881	LP|Cycling T	0.6145	51
DDC	0.9637	Epi|Enteroendocrine	2.3419	51
DDHD1	0.8824	LP|WNT5B+ 2	0.9026	51
DDHD2	0.6434	LP|Pericytes	0.2227	51
DDI2	0.4246	LP|RSPO3+	0.1540	51
DDIT3	0.7683	LP|Glia	2.6427	51
DDIT4	0.7809	LP|ILCs	6.8938	51
DDIT4L	0.9860	LP|Pericytes	0.1984	51
DDN	0.9455	Epi|Enterocytes	0.0003	51
DDO	0.8781	LP|Glia	0.0531	51
DDOST	0.4094	LP|Cycling Monocytes	1.3842	51
DDR1	0.8493	Epi|Goblet	1.0861	51
DDR1-AS1	0.7802	LP|CD4+ PD1+	0.0673	51
DDR2	0.8783	LP|WNT2B+ Fos-lo 2	1.3667	51
DDRGK1	0.4522	LP|Post-capillary Venules	1.1159	51
DDT	0.5793	Epi|TA 2	4.4025	51
DDTL	0.9519	LP|CD69- Mast	0.1539	51
DDX1	0.5941	LP|Glia	0.9426	51
DDX10	0.8410	LP|CD69- Mast	0.7030	51
DDX11	0.7261	LP|Cycling T	0.2242	51
DDX11-AS1	0.8075	LP|Cycling Monocytes	0.0136	51
DDX17	0.5463	LP|WNT2B+ Fos-lo 2	2.5294	51
DDX18	0.6941	LP|ILCs	3.2211	51
DDX19A	0.5125	LP|Glia	0.2672	51
DDX19B	0.5269	LP|NKs	0.3367	51
DDX20	0.5362	LP|Cycling T	0.1475	51
DDX21	0.5816	LP|DC2	1.4755	51
DDX23	0.5441	LP|CD8+ IL17+	0.3598	51
DDX24	0.5612	LP|ILCs	2.2855	51
DDX25	0.9019	Epi|TA 1	0.0094	51
DDX26B	0.7170	Epi|Enteroendocrine	0.1895	51
DDX27	0.5560	LP|GC	0.7222	51
DDX28	0.7260	LP|MT-hi	0.2390	51
DDX31	0.7786	LP|MT-hi	0.1305	51
DDX39A	0.8175	LP|Cycling B	3.0201	51
DDX39B	0.5366	LP|ILCs	0.2047	51
DDX39B-AS1	0.9775	Epi|Immature Enterocytes 2	0.0026	51
DDX3X	0.7157	LP|ILCs	3.1184	51
DDX3Y	0.8110	LP|ILCs	0.5842	51
DDX41	0.5230	LP|Cycling B	0.4137	51
DDX42	0.4336	Epi|Enteroendocrine	0.3554	51
DDX43	0.8380	LP|Post-capillary Venules	0.0402	51
DDX46	0.3775	LP|Endothelial	1.4614	51
DDX47	0.8150	LP|CD4+ PD1+	0.0433	51
DDX49	0.4337	LP|CD8+ IL17+	0.3993	51
DDX5	0.6027	LP|CD69+ Mast	15.1688	51
DDX50	0.7368	LP|CD69- Mast	0.8885	51
DDX51	0.7481	Epi|Enteroendocrine	0.2182	51
DDX52	0.4648	LP|CD69- Mast	0.3685	51
DDX54	0.5015	LP|Cycling B	0.4840	51
DDX55	0.7026	LP|CD69- Mast	0.3303	51
DDX56	0.7931	LP|CD69- Mast	1.0789	51
DDX58	0.6455	LP|MT-hi	0.2179	51
DDX59	0.6411	LP|Glia	0.2413	51
DDX6	0.6662	LP|NKs	0.9137	51
DDX60	0.8394	Epi|Enterocytes	0.5817	51
DDX60L	0.7826	LP|Inflammatory Monocytes	0.3879	51
DEAF1	0.6597	LP|CD4+ PD1+	0.3781	51
DEC1	0.9570	Epi|Cycling TA	0.0066	51
DECR1	0.6746	Epi|Enterocyte Progenitors	2.6800	51
DECR2	0.7201	LP|CD69- Mast	0.4287	51
DEDD	0.8050	LP|CD69- Mast	0.6136	51
DEDD2	0.6703	LP|ILCs	1.0112	51
DEF6	0.7728	LP|CD8+ IL17+	1.0919	51
DEF8	0.8827	LP|GC	2.1862	51
DEFA5	0.9507	Epi|Secretory TA	10.5212	51
DEFA6	0.9606	Epi|Secretory TA	6.0898	51
DEFB1	0.9691	Epi|Tuft	4.0374	51
DEFB126	0.9402	Epi|TA 1	0.0007	51
DEFB4A	0.9954	Epi|Enterocytes	0.5335	51
DEGS1	0.6577	LP|Myofibroblasts	1.3161	51
DEGS2	0.9027	Epi|Tuft	1.0396	51
DEK	0.7263	LP|Cycling B	4.4282	51
DENND1A	0.7432	LP|Inflammatory Monocytes	0.2053	51
DENND1B	0.7309	LP|DC1	0.8010	51
DENND1C	0.9071	LP|CD69- Mast	1.3572	51
DENND2A	0.8236	Epi|Immature Enterocytes 2	0.9803	51
DENND2C	0.7777	LP|Myofibroblasts	0.0554	51
DENND2D	0.8221	LP|CD4+ PD1+	1.7446	51
DENND3	0.8535	LP|GC	0.6067	51
DENND4A	0.6621	LP|GC	0.1723	51
DENND4B	0.7842	LP|MT-hi	0.3583	51
DENND4C	0.6122	Epi|Tuft	0.3123	51
DENND5A	0.8572	LP|Endothelial	0.5460	51
DENND5B	0.7852	LP|Follicular	0.1922	51
DENND6A	0.6100	LP|NKs	0.1404	51
DENND6B	0.7001	LP|Plasma	0.3434	51
DENR	0.5298	LP|CD4+ PD1+	0.7317	51
DEPDC1	0.9343	LP|Cycling B	0.3144	51
DEPDC1B	0.9587	LP|Cycling B	0.4216	51
DEPDC4	0.7556	Epi|TA 1	0.0272	51
DEPDC5	0.7244	Epi|Tuft	0.1102	51
DEPDC7	0.9662	LP|Glia	0.8210	51
DEPTOR	0.8041	Epi|Stem	0.1854	51
DERA	0.5357	Epi|Enterocyte Progenitors	0.6715	51
DERL1	0.4877	LP|Inflammatory Fibroblasts	0.9419	51
DERL2	0.7250	LP|CD69- Mast	1.9393	51
DERL3	0.9796	LP|Plasma	8.1568	51
DES	0.9984	LP|Myofibroblasts	1.8290	51
DESI1	0.5945	LP|DC1	0.5888	51
DESI2	0.6283	LP|WNT5B+ 1	0.5512	51
DET1	0.8651	LP|CD69- Mast	0.2798	51
DEXI	0.5347	LP|CD8+ IELs	0.4267	51
DFFA	0.7508	LP|Microvascular	0.8619	51
DFFB	0.7402	LP|CD4+ PD1+	0.0863	51
DFNA5	0.8659	LP|Myofibroblasts	0.0954	51
DFNB31	0.8193	LP|CD8+ IL17+	0.1647	51
DFNB59	0.8227	LP|WNT5B+ 2	0.0261	51
DGAT1	0.7940	Epi|Immature Enterocytes 2	1.0175	51
DGAT2	0.9608	LP|DC1	0.4365	51
DGCR11	0.9529	LP|MT-hi	0.0941	51
DGCR14	0.7022	LP|CD69- Mast	0.3339	51
DGCR2	0.6703	Epi|Enterocytes	0.5199	51
DGCR5	0.9276	LP|Pericytes	0.0123	51
DGCR6	0.8247	LP|Pericytes	0.3864	51
DGCR6L	0.6105	LP|CD69- Mast	1.3969	51
DGCR8	0.6551	Epi|Enteroendocrine	0.2083	51
DGKA	0.8450	LP|MT-hi	0.6694	51
DGKB	0.9887	Epi|Enterocyte Progenitors	0.0006	51
DGKD	0.6515	LP|NKs	0.2878	51
DGKE	0.8848	LP|Microvascular	0.5529	51
DGKG	0.9476	LP|Pericytes	0.0712	51
DGKH	0.7593	LP|Pericytes	0.3999	51
DGKQ	0.7260	Epi|Best4+ Enterocytes	0.2006	51
DGKZ	0.8060	LP|NKs	1.3017	51
DGUOK	0.3727	LP|GC	1.5660	51
DGUOK-AS1	0.7957	Epi|Cycling TA	0.1666	51
DHCR24	0.8625	Epi|Immature Enterocytes 2	0.7648	51
DHCR7	0.6819	Epi|Cycling TA	0.2003	51
DHDDS	0.7494	Epi|Goblet	0.5840	51
DHDH	0.9522	Epi|M cells	0.0909	51
DHFR	0.9268	LP|Cycling B	1.6778	51
DHFRL1	0.7917	LP|RSPO3+	0.2112	51
DHODH	0.5395	Epi|Cycling TA	0.1172	51
DHPS	0.5155	LP|CD8+ IL17+	0.9851	51
DHRS1	0.5211	Epi|Enterocyte Progenitors	0.5181	51
DHRS11	0.8665	Epi|Immature Enterocytes 2	2.3402	51
DHRS12	0.6776	LP|Glia	0.3819	51
DHRS13	0.6669	LP|NKs	0.1345	51
DHRS2	0.9868	Epi|Enteroendocrine	0.0118	51
DHRS3	0.8676	LP|Glia	1.5674	51
DHRS4	0.7691	Epi|TA 2	0.7121	51
DHRS4-AS1	0.6575	LP|RSPO3+	0.3012	51
DHRS4L2	0.5217	Epi|TA 2	0.9045	51
DHRS7	0.5766	LP|NKs	2.4644	51
DHRS7B	0.7130	LP|Microvascular	0.8927	51
DHRS7C	0.9784	LP|WNT5B+ 2	0.9468	51
DHRS9	0.9161	Epi|Enterocytes	2.7666	51
DHRSX	0.4982	LP|WNT5B+ 2	0.3731	51
DHRSX-IT1	0.8295	LP|MT-hi	0.0289	51
DHTKD1	0.9166	LP|CD69- Mast	0.9869	51
DHX15	0.3913	LP|Cycling B	0.5342	51
DHX16	0.4976	LP|Cycling B	0.2062	51
DHX29	0.5654	LP|CD69- Mast	0.7457	51
DHX30	0.6261	LP|MT-hi	0.6724	51
DHX32	0.8430	Epi|Goblet	0.6376	51
DHX33	0.6006	LP|RSPO3+	0.1407	51
DHX34	0.7284	LP|MT-hi	0.1109	51
DHX35	0.7145	Epi|Tuft	0.0888	51
DHX36	0.5525	LP|CD8+ IL17+	1.2165	51
DHX37	0.5878	Epi|Enteroendocrine	0.0915	51
DHX38	0.5351	Epi|Enteroendocrine	0.2836	51
DHX40	0.7343	Epi|M cells	0.2375	51
DHX57	0.5390	Epi|Enteroendocrine	0.1195	51
DHX58	0.6480	LP|Microvascular	0.1040	51
DHX8	0.5435	Epi|M cells	0.1854	51
DHX9	0.5002	Epi|Enteroendocrine	0.6726	51
DIABLO	0.8021	LP|CD69- Mast	0.2188	51
DIAPH1	0.7018	LP|CD8+ IL17+	0.7339	51
DIAPH2	0.7776	LP|RSPO3+	0.7361	51
DIAPH3	0.9273	LP|Cycling B	0.1696	51
DICER1	0.5511	LP|Inflammatory Monocytes	0.4620	51
DICER1-AS1	0.8473	LP|Pericytes	0.1842	51
DIDO1	0.5115	Epi|Tuft	0.3374	51
DIEXF	0.6391	Epi|Enteroendocrine	0.1500	51
DIMT1	0.7869	LP|CD69- Mast	0.9796	51
DIO2	0.9533	LP|Inflammatory Fibroblasts	0.3087	51
DIO3	0.9265	Epi|Enterocytes	0.0469	51
DIO3OS	0.8434	LP|RSPO3+	0.5627	51
DIP2A	0.7550	LP|NKs	0.6597	51
DIP2B	0.6529	Epi|Tuft	0.2325	51
DIP2C	0.8731	LP|Glia	0.2420	51
DIRAS1	0.9674	LP|Myofibroblasts	0.0809	51
DIRAS3	0.9150	LP|Inflammatory Fibroblasts	0.0746	51
DIRC2	0.7591	Epi|Enterocytes	0.1952	51
DIRC3	0.9786	LP|Inflammatory Fibroblasts	0.0416	51
DIS3	0.6158	LP|Post-capillary Venules	0.3385	51
DIS3L	0.7007	LP|MT-hi	0.2386	51
DIS3L2	0.5782	LP|ILCs	0.2359	51
DISC1	0.7936	LP|Endothelial	0.1240	51
DISP1	0.9110	LP|Microvascular	0.1277	51
DISP2	0.9131	Epi|Goblet	0.1145	51
DIXDC1	0.8880	LP|Glia	0.6281	51
DKC1	0.6093	LP|CD69- Mast	0.6425	51
DKFZP434E1119	0.9285	LP|CD69+ Mast	0.1278	51
DKFZP761J1410	0.7944	LP|Pericytes	0.2410	51
DKFZP779L1853	0.8080	LP|Glia	0.0734	51
DKK1	0.9292	LP|GC	0.0181	51
DKK3	0.9611	LP|Glia	10.0715	51
DLAT	0.7127	LP|GC	0.3947	51
DLC1	0.9137	LP|Pericytes	1.6742	51
DLD	0.6704	Epi|M cells	1.2265	51
DLEC1	0.8399	Epi|M cells	0.0297	51
DLEU1	0.5585	LP|Cycling T	0.2334	51
DLEU2	0.8222	LP|Cycling T	0.3107	51
DLEU2L	0.9277	LP|GC	0.0060	51
DLEU7	0.9568	LP|Macrophages	0.0573	51
DLG1	0.5355	Epi|M cells	0.4193	51
DLG1-AS1	0.9128	Epi|TA 1	0.0041	51
DLG2	0.9547	LP|WNT5B+ 2	0.1889	51
DLG3	0.7702	Epi|Immature Enterocytes 2	0.3532	51
DLG3-AS1	0.8751	Epi|Enterocyte Progenitors	0.0135	51
DLG4	0.7960	LP|Pericytes	0.0869	51
DLG5	0.9055	Epi|M cells	0.5547	51
DLG5-AS1	0.9740	Epi|Enteroendocrine	0.0947	51
DLGAP1	0.9243	LP|Tregs	0.0134	51
DLGAP1-AS1	0.7738	LP|Tregs	0.6473	51
DLGAP1-AS2	0.6473	Epi|Tuft	0.0418	51
DLGAP1-AS5	nan	Epi|Best4+ Enterocytes	0.0000	51
DLGAP3	0.9390	LP|Cycling Monocytes	0.1210	51
DLGAP4	0.6488	Epi|Tuft	0.6103	51
DLGAP5	0.9614	LP|Cycling T	0.7175	51
DLK2	0.8968	LP|CD8+ IL17+	0.0228	51
DLL1	0.9181	LP|ILCs	1.8018	51
DLL3	0.9488	LP|GC	0.0512	51
DLL4	0.9561	LP|Microvascular	1.1820	51
DLST	0.5112	LP|CD8+ IL17+	0.3369	51
DLX2	0.9946	LP|Glia	0.7641	51
DLX4	0.9666	LP|Glia	0.0120	51
DMAP1	0.6456	LP|CD69- Mast	0.7177	51
DMBT1	0.9220	Epi|Best4+ Enterocytes	2.5485	51
DMC1	0.9315	LP|Cycling B	0.0789	51
DMD	0.9082	LP|Pericytes	0.8437	51
DMGDH	0.9230	Epi|Tuft	0.0500	51
DMKN	0.9589	LP|WNT5B+ 1	10.3308	51
DMPK	0.8398	LP|Pericytes	0.2520	51
DMRT2	0.8882	Epi|Cycling TA	0.0338	51
DMRTA1	0.8991	Epi|TA 1	0.0365	51
DMRTA2	nan	Epi|Best4+ Enterocytes	0.0000	51
DMTF1	0.4975	LP|ILCs	0.2374	51
DMTN	0.7676	LP|Endothelial	0.1497	51
DMWD	0.6575	LP|Glia	0.2508	51
DMXL1	0.6215	LP|GC	0.2387	51
DMXL2	0.9067	LP|Inflammatory Monocytes	0.7526	51
DNA2	0.8950	LP|Cycling B	0.0916	51
DNAAF1	0.9618	LP|Plasma	0.4544	51
DNAAF2	0.4339	LP|CD8+ IL17+	0.3263	51
DNAAF3	0.9618	LP|Post-capillary Venules	0.0105	51
DNAH1	0.7766	Epi|Enteroendocrine	0.0680	51
DNAH10	0.9919	Epi|Cycling TA	0.0010	51
DNAH14	0.8093	LP|WNT5B+ 2	0.1218	51
DNAH17	0.9115	LP|DC2	0.0201	51
DNAH2	0.8603	LP|Glia	0.0187	51
DNAH3	0.8757	LP|Pericytes	0.0280	51
DNAH5	0.9498	LP|WNT5B+ 2	0.0088	51
DNAH6	0.9084	LP|CD8+ IELs	0.0315	51
DNAH7	0.9077	Epi|Immature Enterocytes 1	0.0846	51
DNAH9	0.8848	LP|Pericytes	0.0159	51
DNAJA1	0.7785	LP|CD69- Mast	16.5120	51
DNAJA2	0.5767	LP|CD69- Mast	0.8951	51
DNAJA3	0.4694	Epi|Cycling TA	0.2357	51
DNAJA4	0.6046	LP|Post-capillary Venules	0.3264	51
DNAJB1	0.7516	LP|CD69+ Mast	12.4138	51
DNAJB11	0.5170	LP|Plasma	1.3667	51
DNAJB12	0.3645	LP|CD4+ PD1+	0.3565	51
DNAJB13	0.9908	Epi|TA 1	0.0021	51
DNAJB14	0.4846	LP|NKs	0.5955	51
DNAJB2	0.7067	LP|Glia	0.7874	51
DNAJB4	0.8417	LP|CD69+ Mast	1.6388	51
DNAJB5	0.8502	LP|Myofibroblasts	0.1117	51
DNAJB6	0.6123	LP|CD69+ Mast	3.7644	51
DNAJB7	0.9250	Epi|Enterocyte Progenitors	0.0051	51
DNAJB9	0.8245	LP|Plasma	4.9594	51
DNAJC1	0.5332	LP|WNT5B+ 1	1.2148	51
DNAJC10	0.7521	LP|GC	0.9678	51
DNAJC11	0.6346	Epi|TA 2	0.2229	51
DNAJC12	0.9314	Epi|Enteroendocrine	0.7522	51
DNAJC13	0.4987	LP|RSPO3+	0.1692	51
DNAJC14	0.7026	LP|CD69- Mast	0.2334	51
DNAJC15	0.4859	Epi|Enterocyte Progenitors	1.9593	51
DNAJC16	0.8351	LP|CD69- Mast	0.3339	51
DNAJC17	0.5340	LP|Endothelial	0.2822	51
DNAJC18	0.7654	LP|Glia	0.1836	51
DNAJC19	0.6052	LP|MT-hi	1.6438	51
DNAJC2	0.4894	LP|GC	0.5893	51
DNAJC21	0.4788	LP|CD8+ IELs	0.3976	51
DNAJC22	0.8245	Epi|Goblet	0.2308	51
DNAJC24	0.5479	LP|ILCs	0.1321	51
DNAJC25	0.5982	Epi|Enteroendocrine	0.1965	51
DNAJC27	0.7459	LP|CD8+ IL17+	0.1489	51
DNAJC27-AS1	0.5657	LP|CD69+ Mast	0.0436	51
DNAJC28	0.8477	LP|RSPO3+	0.0213	51
DNAJC3	0.6047	LP|Plasma	1.1651	51
DNAJC3-AS1	0.7724	LP|MT-hi	0.1870	51
DNAJC30	0.4187	LP|Myofibroblasts	0.2644	51
DNAJC4	0.6917	LP|DC1	1.5182	51
DNAJC5	0.6810	Epi|Enterocytes	0.5251	51
DNAJC5B	0.9535	LP|GC	0.2401	51
DNAJC6	0.8926	LP|Glia	0.0112	51
DNAJC7	0.5013	LP|GC	1.2739	51
DNAJC8	0.5801	LP|CD69- Mast	2.5449	51
DNAJC9	0.8517	LP|Cycling T	1.8101	51
DNAJC9-AS1	0.9024	Epi|Enteroendocrine	0.0324	51
DNAL1	0.5894	LP|Glia	0.1742	51
DNAL4	0.5792	LP|WNT5B+ 1	0.2466	51
DNALI1	0.8110	LP|RSPO3+	0.2343	51
DNASE1	0.7021	LP|GC	0.2506	51
DNASE1L1	0.7056	LP|Endothelial	0.2522	51
DNASE1L2	0.8960	LP|Cycling T	0.0035	51
DNASE1L3	0.9700	LP|DC1	17.9722	51
DNASE2	0.5599	LP|Glia	0.7198	51
DNASE2B	0.9161	Epi|Goblet	0.0047	51
DND1	0.6922	LP|CD8+ IELs	0.0668	51
DNER	0.9946	LP|GC	0.0900	51
DNHD1	0.7525	LP|RSPO3+	0.0477	51
DNLZ	0.8602	LP|MT-hi	0.0493	51
DNM1	0.8658	LP|Inflammatory Fibroblasts	0.1295	51
DNM1L	0.3950	Epi|M cells	0.2607	51
DNM2	0.7700	Epi|Goblet	1.5864	51
DNM3	0.9356	LP|Post-capillary Venules	0.1369	51
DNMBP	0.7547	Epi|Enterocytes	0.2801	51
DNMBP-AS1	0.8198	Epi|Immature Enterocytes 2	0.0488	51
DNMT1	0.8346	LP|Cycling B	1.9789	51
DNMT3A	0.6470	LP|CD4+ PD1+	0.3019	51
DNMT3B	0.8536	LP|Post-capillary Venules	0.0119	51
DNPEP	0.6148	Epi|Goblet	1.2151	51
DNPH1	0.6797	Epi|Cycling TA	3.3720	51
DNTTIP1	0.6770	Epi|M cells	0.9812	51
DNTTIP2	0.6467	LP|ILCs	1.0922	51
DOC2A	0.9200	Epi|Enteroendocrine	0.1049	51
DOC2B	0.9671	Epi|Enterocytes	0.0019	51
DOCK1	0.8441	LP|Endothelial	0.4135	51
DOCK10	0.7282	LP|MT-hi	0.4463	51
DOCK11	0.7069	LP|Macrophages	0.2618	51
DOCK2	0.8067	LP|Inflammatory Monocytes	0.5561	51
DOCK4	0.9036	LP|Microvascular	0.3087	51
DOCK5	0.8547	LP|Glia	0.8357	51
DOCK6	0.8947	LP|Microvascular	0.8829	51
DOCK7	0.8355	LP|Glia	0.3951	51
DOCK8	0.7129	LP|CD8+ IELs	0.8833	51
DOCK9	0.9244	LP|Endothelial	0.7090	51
DOCK9-AS2	0.7620	Epi|M cells	0.0222	51
DOHH	0.5678	LP|CD8+ IL17+	0.3482	51
DOK1	0.6004	LP|Cycling Monocytes	0.3380	51
DOK2	0.8783	LP|NKs	3.1041	51
DOK3	0.8964	LP|GC	0.6466	51
DOK4	0.8480	Epi|Enterocytes	0.8707	51
DOK5	0.8638	LP|Endothelial	0.1186	51
DOK6	0.9177	LP|MT-hi	0.0500	51
DOK7	0.8997	LP|ILCs	0.0381	51
DOLK	0.6690	LP|Inflammatory Fibroblasts	0.2335	51
DOLPP1	0.6970	Epi|Immature Enterocytes 2	0.1897	51
DONSON	0.8617	LP|Cycling B	0.3011	51
DOPEY1	0.7375	Epi|Enteroendocrine	0.1525	51
DOPEY2	0.8105	Epi|Goblet	0.4396	51
DOT1L	0.5207	Epi|Immature Enterocytes 1	0.1325	51
DPAGT1	0.5077	LP|Inflammatory Fibroblasts	0.2981	51
DPCD	0.6696	LP|RSPO3+	0.5046	51
DPEP1	0.9110	Epi|Stem	0.1089	51
DPEP2	0.8662	LP|Myofibroblasts	0.4300	51
DPEP3	0.9458	LP|Plasma	0.0283	51
DPF2	0.5609	LP|MT-hi	0.5609	51
DPF3	0.7615	LP|Cycling T	0.0785	51
DPH1	0.6752	LP|DC1	0.0081	51
DPH2	0.4895	Epi|Stem	0.1518	51
DPH3	0.6041	LP|CD69+ Mast	0.7280	51
DPH5	0.5307	LP|CD4+ Memory	0.3017	51
DPH6	0.5796	LP|WNT5B+ 1	0.1942	51
DPH6-AS1	0.9575	Epi|Cycling TA	0.0008	51
DPH7	0.6124	LP|Glia	0.3515	51
DPM1	0.3758	LP|Microvascular	0.9519	51
DPM2	0.5047	LP|WNT5B+ 2	0.7162	51
DPM3	0.4539	Epi|M cells	1.1406	51
DPP10	0.8931	Epi|TA 2	0.0254	51
DPP3	0.5935	LP|Cycling T	0.4288	51
DPP4	0.7617	LP|CD8+ IL17+	0.4697	51
DPP6	0.9942	Epi|Enteroendocrine	0.1029	51
DPP7	0.5601	LP|Cycling Monocytes	2.2049	51
DPP8	0.6610	LP|Endothelial	0.4848	51
DPP9	0.5688	Epi|Tuft	0.3118	51
DPT	0.9778	LP|RSPO3+	6.2267	51
DPY19L1	0.6192	LP|Microvascular	0.1451	51
DPY19L2	0.9869	LP|Pericytes	0.1901	51
DPY19L3	0.7518	LP|WNT2B+ Fos-lo 2	0.1423	51
DPY19L4	0.7457	LP|RSPO3+	0.2766	51
DPY30	0.2992	LP|MT-hi	1.2066	51
DPYD	0.8679	LP|Inflammatory Monocytes	0.5856	51
DPYSL2	0.7780	LP|Endothelial	1.3795	51
DPYSL3	0.9313	Epi|Tuft	1.7790	51
DPYSL5	0.8385	LP|Tregs	0.0097	51
DQX1	0.8419	Epi|Goblet	0.1720	51
DR1	0.5336	LP|Cycling T	0.7074	51
DRAM1	0.8051	LP|WNT5B+ 1	0.6055	51
DRAM2	0.7260	LP|Follicular	2.0041	51
DRAP1	0.7053	LP|CD69- Mast	5.4572	51
DRAXIN	0.6761	LP|CD69+ Mast	0.0514	51
DRD2	0.9997	Epi|M cells	0.0800	51
DRD4	0.8706	Epi|M cells	0.0102	51
DRD5	0.9617	Epi|Enterocyte Progenitors	0.0157	51
DRG1	0.4467	LP|Cycling B	0.6404	51
DRG2	0.5349	LP|CD69- Mast	0.4287	51
DRGX	0.9992	Epi|M cells	0.1584	51
DROSHA	0.5016	LP|RSPO3+	0.1345	51
DRP2	0.9945	Epi|Immature Goblet	0.0021	51
DSC1	0.9957	Epi|TA 1	0.0003	51
DSC2	0.8991	Epi|Enterocytes	1.9471	51
DSCAML1	0.9403	Epi|Enteroendocrine	0.0386	51
DSCC1	0.9168	LP|Cycling B	0.3019	51
DSCR3	0.5266	LP|CD8+ IELs	0.3775	51
DSE	0.8468	LP|DC1	0.8079	51
DSEL	0.9015	LP|Myofibroblasts	0.8867	51
DSG2	0.8593	Epi|Enterocytes	1.7824	51
DSG3	0.9703	Epi|Tuft	0.0161	51
DSG4	nan	Epi|Best4+ Enterocytes	0.0000	51
DSN1	0.8159	LP|Cycling T	0.3689	51
DSP	0.8641	Epi|M cells	1.6874	51
DST	0.8754	LP|Glia	3.2951	51
DSTN	0.8306	LP|Myofibroblasts	14.1648	51
DSTYK	0.8610	LP|CD69- Mast	0.8325	51
DTD1	0.5827	LP|Microvascular	0.6020	51
DTD2	0.6136	LP|Pericytes	0.1162	51
DTHD1	0.9217	LP|CD8+ LP	0.2917	51
DTL	0.9276	LP|Cycling T	0.2520	51
DTNA	0.9554	LP|Myofibroblasts	0.1002	51
DTNB	0.7282	LP|Tregs	0.1584	51
DTNBP1	0.6694	LP|CD69- Mast	0.8322	51
DTWD1	0.7583	LP|RSPO3+	0.8889	51
DTWD2	0.7480	LP|Cycling Monocytes	0.0753	51
DTX1	0.9547	LP|GC	0.3059	51
DTX2	0.6453	Epi|M cells	0.2969	51
DTX2P1-UPK3BP1-PMS2P11	0.6581	LP|GC	0.3292	51
DTX3	0.9104	LP|Pericytes	0.9488	51
DTX3L	0.6650	Epi|Enterocytes	0.4044	51
DTX4	0.7791	LP|WNT2B+ Fos-lo 2	0.3945	51
DTYMK	0.8201	LP|Cycling Monocytes	2.0142	51
DUOX1	0.7396	LP|Glia	0.1713	51
DUOX2	0.9788	Epi|Enterocytes	4.2567	51
DUOXA1	0.9640	Epi|Enterocytes	0.0400	51
DUOXA2	0.9761	Epi|Enterocytes	3.9506	51
DUS1L	0.6302	Epi|Secretory TA	0.5267	51
DUS2	0.8906	LP|GC	0.6121	51
DUS3L	0.5110	LP|ILCs	0.2025	51
DUS4L	0.6313	LP|Microvascular	0.0752	51
DUSP1	0.7213	LP|ILCs	25.6229	51
DUSP10	0.9045	LP|CD69- Mast	2.1763	51
DUSP11	0.6103	LP|CD4+ PD1+	0.8179	51
DUSP12	0.7588	LP|CD69- Mast	0.7362	51
DUSP14	0.9093	LP|CD69- Mast	1.2385	51
DUSP15	0.8650	LP|Glia	0.1073	51
DUSP16	0.9699	LP|CD69- Mast	1.2801	51
DUSP18	0.6053	Epi|Tuft	0.2656	51
DUSP19	0.8281	Epi|Enteroendocrine	0.0512	51
DUSP2	0.8442	LP|CD8+ LP	13.4022	51
DUSP21	0.9467	Epi|Enterocyte Progenitors	0.0053	51
DUSP22	0.6092	LP|MT-hi	0.5533	51
DUSP23	0.8835	LP|Post-capillary Venules	6.1093	51
DUSP26	0.9724	LP|Plasma	0.0756	51
DUSP27	0.9351	Epi|Immature Enterocytes 2	0.0104	51
DUSP28	0.6182	LP|NKs	0.2106	51
DUSP3	0.6346	LP|Macrophages	0.3602	51
DUSP4	0.8997	LP|Tregs	3.7902	51
DUSP5	0.8695	LP|Plasma	2.9212	51
DUSP6	0.8747	LP|CD69+ Mast	3.6179	51
DUSP7	0.7838	LP|Microvascular	0.1267	51
DUSP8	0.8317	Epi|Goblet	0.1950	51
DUT	0.8010	LP|Cycling B	7.8732	51
DVL1	0.6206	Epi|Secretory TA	0.1494	51
DVL2	0.6655	LP|RSPO3+	0.3852	51
DVL3	0.6544	LP|Pericytes	0.3371	51
DXO	0.6200	LP|MT-hi	0.2924	51
DYDC2	0.9456	Epi|Enterocyte Progenitors	0.0020	51
DYM	0.7435	LP|CD69- Mast	0.3339	51
DYNC1H1	0.6166	Epi|Tuft	1.0619	51
DYNC1I1	0.9804	LP|Glia	0.0804	51
DYNC1I2	0.5897	LP|Glia	1.3235	51
DYNC1LI1	0.4615	LP|DC2	0.4218	51
DYNC1LI2	0.5883	LP|Endothelial	0.9331	51
DYNC2H1	0.8243	LP|WNT5B+ 2	0.2346	51
DYNC2LI1	0.8208	LP|RSPO3+	0.5784	51
DYNLL1	0.5407	LP|CD69+ Mast	15.0125	51
DYNLL1-AS1	0.6046	LP|WNT5B+ 2	0.0700	51
DYNLL2	0.6326	LP|CD69- Mast	0.6136	51
DYNLRB1	0.6326	LP|Glia	4.5374	51
DYNLRB2	0.9217	LP|CD4+ PD1+	0.0608	51
DYNLT1	0.4511	LP|CD69- Mast	3.0844	51
DYNLT3	0.7490	LP|ILCs	1.6595	51
DYRK1A	0.5049	Epi|Tuft	0.2355	51
DYRK1B	0.7523	LP|MT-hi	0.3047	51
DYRK2	0.7731	Epi|Enterocytes	0.7058	51
DYRK3	0.7932	LP|ILCs	0.1367	51
DYRK4	0.7527	Epi|Immature Goblet	0.7834	51
DYSF	0.9627	LP|Microvascular	0.8372	51
DYX1C1	0.8486	LP|RSPO3+	0.0197	51
DZANK1	0.8364	LP|CD4+ PD1+	0.0700	51
DZIP1	0.8784	LP|WNT5B+ 1	0.2414	51
DZIP1L	0.8706	LP|WNT5B+ 1	0.0722	51
DZIP3	0.7563	Epi|Enteroendocrine	0.4245	51
E2F1	0.9241	LP|Cycling T	0.4075	51
E2F2	0.8766	LP|Cycling B	0.1703	51
E2F3	0.6875	Epi|M cells	0.2191	51
E2F3-IT1	0.9712	Epi|Immature Goblet	0.0010	51
E2F4	0.5237	LP|CD4+ PD1+	0.5420	51
E2F5	0.9727	LP|GC	1.5667	51
E2F6	0.6166	LP|Inflammatory Fibroblasts	0.1948	51
E2F7	0.9373	LP|Cycling B	0.0418	51
E2F8	0.9308	LP|Cycling B	0.1991	51
E4F1	0.7300	LP|CD69- Mast	0.4123	51
EAF1	0.7663	LP|Inflammatory Monocytes	0.3733	51
EAF1-AS1	0.8796	LP|NKs	0.0522	51
EAF2	0.9418	LP|GC	3.2513	51
EAPP	0.5469	LP|Glia	1.8062	51
EARS2	0.6139	LP|MT-hi	0.0822	51
EBAG9	0.4256	LP|Microvascular	0.5756	51
EBF1	0.9667	LP|Pericytes	2.0215	51
EBF4	0.8434	LP|WNT5B+ 2	0.1278	51
EBI3	0.9040	LP|DC2	0.2868	51
EBLN2	0.6833	LP|MT-hi	0.1434	51
EBNA1BP2	0.6106	Epi|Cycling TA	1.1300	51
EBP	0.7193	Epi|Cycling TA	1.7495	51
EBPL	0.6312	Epi|Stem	1.3791	51
ECD	0.7832	LP|CD69- Mast	0.4986	51
ECE1	0.7990	LP|Post-capillary Venules	1.2972	51
ECE2	0.7118	Epi|Cycling TA	0.2607	51
ECEL1	nan	Epi|Best4+ Enterocytes	0.0000	51
ECH1	0.5739	Epi|TA 2	4.8762	51
ECHDC1	0.5786	Epi|Enterocyte Progenitors	1.0303	51
ECHDC2	0.6430	LP|WNT5B+ 1	1.1285	51
ECHDC3	0.7365	LP|RSPO3+	0.1597	51
ECHS1	0.7168	Epi|Enterocyte Progenitors	3.7770	51
ECI1	0.6493	Epi|Cycling TA	0.9855	51
ECI2	0.6024	Epi|Enteroendocrine	0.9484	51
ECM1	0.8889	LP|WNT5B+ 2	3.5688	51
ECM2	0.9780	LP|Pericytes	0.9169	51
ECSCR	0.9650	LP|Post-capillary Venules	6.7775	51
ECSIT	0.5626	Epi|Stem	0.7802	51
ECT2	0.8841	Epi|Cycling TA	0.2590	51
ECT2L	0.8545	LP|ILCs	0.0085	51
EDA	0.9044	LP|Glia	0.0814	51
EDA2R	0.9174	LP|WNT2B+ Fos-lo 2	0.1078	51
EDAR	0.9583	LP|WNT5B+ 1	0.1164	51
EDARADD	0.8671	LP|CD69- Mast	0.2283	51
EDC3	0.5381	LP|Cycling T	0.1410	51
EDC4	0.9550	Epi|Tuft	0.0211	51
EDEM1	0.7281	LP|DC1	0.5083	51
EDEM2	0.8458	LP|CD69- Mast	1.5009	51
EDEM3	0.7240	Epi|Goblet	0.4789	51
EDF1	0.3114	Epi|Enterocyte Progenitors	8.0486	51
EDIL3	0.9159	LP|WNT2B+ Fos-lo 1	3.7184	51
EDN1	0.9532	LP|Endothelial	1.7645	51
EDN2	0.9488	Epi|Immature Enterocytes 1	0.2835	51
EDN3	0.9008	Epi|Enterocytes	0.5909	51
EDNRA	0.9899	LP|Pericytes	2.1311	51
EDNRB	0.9470	LP|WNT5B+ 1	5.3446	51
EEA1	0.6615	LP|WNT5B+ 1	0.5838	51
EED	0.7314	LP|Cycling B	0.6598	51
EEF1A1	0.5207	LP|CD4+ Memory	137.8922	51
EEF1B2	0.5574	LP|DC1	16.5912	51
EEF1D	0.5355	LP|CD4+ PD1+	23.0857	51
EEF1E1	0.5947	LP|Cycling B	0.7913	51
EEF1G	0.8500	LP|CD69- Mast	0.6630	51
EEF2	0.5994	LP|GC	16.6744	51
EEF2K	0.7991	Epi|Best4+ Enterocytes	0.1823	51
EEFSEC	0.7603	LP|MT-hi	0.4171	51
EEPD1	0.7308	Epi|Stem	0.2210	51
EFCAB11	0.6741	LP|Cycling Monocytes	0.1366	51
EFCAB13	0.7322	LP|Endothelial	0.0451	51
EFCAB14	0.6203	LP|Endothelial	0.7923	51
EFCAB2	0.7555	LP|Inflammatory Monocytes	0.3255	51
EFCAB4A	0.8382	Epi|Immature Goblet	0.9825	51
EFCAB4B	0.8384	Epi|Goblet	0.2598	51
EFCAB5	0.9080	Epi|Immature Enterocytes 1	0.1050	51
EFCAB6	0.9059	LP|Myofibroblasts	0.0088	51
EFCAB7	0.6645	LP|WNT5B+ 2	0.0864	51
EFCC1	0.9009	LP|WNT5B+ 1	0.4366	51
EFEMP1	0.9742	LP|RSPO3+	14.1218	51
EFEMP2	0.8492	LP|Inflammatory Fibroblasts	2.6581	51
EFHB	0.8708	LP|Glia	0.0415	51
EFHC1	0.7501	LP|WNT5B+ 2	0.8139	51
EFHC2	0.8814	LP|CD69+ Mast	0.1167	51
EFHD1	0.9791	LP|Pericytes	0.9359	51
EFHD2	0.8339	LP|NKs	4.8218	51
EFNA1	0.8973	LP|Microvascular	3.6280	51
EFNA2	0.8911	Epi|Enterocytes	0.4575	51
EFNA3	0.8086	Epi|Immature Enterocytes 1	0.1349	51
EFNA4	0.6855	Epi|Stem	0.3187	51
EFNA5	0.7738	LP|RSPO3+	0.0626	51
EFNB1	0.7410	Epi|M cells	0.7579	51
EFNB2	0.9175	LP|Endothelial	1.3427	51
EFNB3	0.8735	LP|Inflammatory Fibroblasts	0.0657	51
EFR3A	0.6452	LP|Pericytes	0.4737	51
EFR3B	0.9824	Epi|Enteroendocrine	0.0569	51
EFS	0.9457	LP|Glia	0.4757	51
EFTUD1	0.8219	Epi|Tuft	0.2989	51
EFTUD2	0.5124	Epi|M cells	0.3099	51
EGF	0.8999	Epi|TA 1	0.0173	51
EGFL6	0.9819	LP|Pericytes	0.6766	51
EGFL7	0.9619	LP|Microvascular	8.1940	51
EGFL8	0.8639	LP|CD4+ PD1+	0.0453	51
EGFLAM	0.9882	LP|Pericytes	0.9506	51
EGFR	0.7941	Epi|Enterocytes	0.2945	51
EGFR-AS1	0.9957	Epi|Immature Goblet	0.0051	51
EGLN1	0.6008	LP|Post-capillary Venules	0.4504	51
EGLN2	0.5704	LP|Microvascular	1.2138	51
EGLN3	0.8956	Epi|Enterocytes	1.6772	51
EGOT	0.9427	LP|WNT5B+ 1	0.1898	51
EGR1	0.8191	LP|Glia	12.0312	51
EGR2	0.7508	LP|Glia	0.6634	51
EGR3	0.9105	LP|CD69+ Mast	1.0189	51
EGR4	0.8923	LP|CD69+ Mast	0.1699	51
EHBP1	0.9372	LP|Glia	1.1364	51
EHBP1L1	0.7524	LP|Inflammatory Monocytes	0.7878	51
EHD1	0.6847	LP|GC	1.1352	51
EHD2	0.9137	LP|Pericytes	3.0657	51
EHD3	0.8750	LP|Pericytes	0.1253	51
EHD4	0.9234	LP|Microvascular	3.4250	51
EHF	0.9081	Epi|Tuft	1.8106	51
EHHADH	0.7830	Epi|Enterocyte Progenitors	0.1592	51
EHMT1	0.7374	LP|GC	0.6585	51
EHMT2	0.4784	LP|WNT5B+ 2	0.2584	51
EHMT2-AS1	0.9506	Epi|Enterocytes	0.0031	51
EI24	0.5071	LP|Glia	1.3627	51
EID1	0.7042	LP|Glia	9.3563	51
EID2	0.5598	LP|Microvascular	0.1217	51
EID2B	0.6147	LP|WNT5B+ 2	0.1212	51
EID3	0.6149	LP|CD4+ Activated Fos-hi	0.1396	51
EIF1	0.5488	LP|ILCs	47.5536	51
EIF1AD	0.6027	LP|CD8+ IL17+	0.3002	51
EIF1AX	0.4679	LP|ILCs	2.3174	51
EIF1AY	0.5402	LP|Cycling B	0.5172	51
EIF1B	0.8695	Epi|Tuft	7.6848	51
EIF2A	0.5712	LP|CD69- Mast	1.3540	51
EIF2AK1	0.4075	Epi|Tuft	0.5003	51
EIF2AK2	0.6064	LP|Glia	0.6487	51
EIF2AK3	0.8298	Epi|Goblet	0.3027	51
EIF2AK4	0.7012	LP|Endothelial	0.5188	51
EIF2B1	0.5887	LP|CD4+ PD1+	0.6491	51
EIF2B2	0.5410	LP|Microvascular	0.3570	51
EIF2B3	0.6220	LP|WNT5B+ 1	0.3724	51
EIF2B4	0.6151	LP|Glia	0.4831	51
EIF2B5	0.5583	Epi|M cells	0.4836	51
EIF2B5-AS1	0.8931	LP|CD69+ Mast	0.1028	51
EIF2D	0.6771	LP|RSPO3+	0.5498	51
EIF2S1	0.4933	LP|Cycling T	0.7957	51
EIF2S2	0.5345	LP|Cycling B	2.6875	51
EIF2S3	0.6844	LP|GC	1.8984	51
EIF2S3L	0.7971	LP|CD4+ PD1+	0.0092	51
EIF3A	0.4065	LP|Inflammatory Monocytes	1.1489	51
EIF3B	0.5926	Epi|Secretory TA	0.5832	51
EIF3C	0.5540	LP|ILCs	0.0727	51
EIF3CL	0.8677	LP|CD4+ PD1+	0.0434	51
EIF3D	0.4777	LP|GC	2.8335	51
EIF3E	0.5893	LP|CD4+ Memory	8.1678	51
EIF3F	0.5191	LP|GC	5.7811	51
EIF3G	0.6904	LP|NKs	5.4438	51
EIF3H	0.5874	LP|GC	5.8444	51
EIF3I	0.4118	LP|Post-capillary Venules	2.2902	51
EIF3J	0.3688	LP|Glia	0.9498	51
EIF3J-AS1	0.7365	LP|Glia	0.7422	51
EIF3K	0.4455	Epi|TA 2	7.8825	51
EIF3L	0.5258	LP|GC	5.4043	51
EIF3M	0.4831	LP|GC	2.6264	51
EIF4A1	0.6744	LP|NKs	0.8835	51
EIF4A2	0.5356	LP|Glia	6.5538	51
EIF4A3	0.7103	LP|ILCs	3.1712	51
EIF4B	0.4607	LP|CD4+ Memory	1.9190	51
EIF4E	0.4411	LP|Cycling B	1.2663	51
EIF4E2	0.4873	Epi|M cells	1.3192	51
EIF4E3	0.7433	LP|Inflammatory Monocytes	0.3852	51
EIF4EBP1	0.6959	Epi|Cycling TA	1.5287	51
EIF4EBP2	0.6908	Epi|Enterocytes	1.3694	51
EIF4EBP3	0.9326	Epi|Secretory TA	0.0062	51
EIF4ENIF1	0.6103	Epi|Tuft	0.1515	51
EIF4G1	0.5028	Epi|M cells	0.6999	51
EIF4G2	0.4683	LP|ILCs	3.4578	51
EIF4G3	0.6037	Epi|Tuft	0.3542	51
EIF4H	0.4752	LP|Cycling T	1.4476	51
EIF5	0.6025	LP|CD69+ Mast	5.2322	51
EIF5A	0.4924	Epi|Cycling TA	2.3887	51
EIF5A2	0.8412	Epi|M cells	0.4004	51
EIF5AL1	0.6837	Epi|Cycling TA	0.2654	51
EIF5B	0.4245	LP|Endothelial	1.7632	51
EIF6	0.4935	Epi|Enterocytes	2.5417	51
ELAC1	0.3917	LP|Cycling B	0.1541	51
ELAC2	0.5998	LP|CD8+ IL17+	0.3359	51
ELANE	0.9342	LP|WNT2B+ Fos-hi	0.4369	51
ELAVL1	0.5694	LP|Cycling B	1.2705	51
ELAVL2	0.9164	Epi|Enteroendocrine	0.0211	51
ELAVL3	0.9938	Epi|M cells	0.1506	51
ELAVL4	0.9600	LP|DC2	0.1163	51
ELF1	0.8154	LP|CD69+ Mast	4.2940	51
ELF2	0.5613	LP|CD4+ PD1+	0.5851	51
ELF3	0.8952	Epi|Tuft	15.9807	51
ELF4	0.6873	Epi|Enterocytes	0.1666	51
ELF5	0.8306	Epi|TA 1	0.0113	51
ELK1	0.6275	LP|Cycling T	0.1913	51
ELK3	0.8691	LP|Endothelial	1.3638	51
ELK4	0.6097	LP|Post-capillary Venules	0.3803	51
ELL	0.6902	LP|MT-hi	0.3690	51
ELL2	0.8537	LP|CD69+ Mast	0.7834	51
ELL3	0.9259	Epi|Immature Goblet	0.0081	51
ELMO1	0.7714	LP|Microvascular	0.8852	51
ELMO2	0.6292	LP|MT-hi	0.1493	51
ELMO3	0.7721	Epi|Immature Enterocytes 2	0.4153	51
ELMOD1	0.8965	LP|Glia	0.0155	51
ELMOD2	0.6328	Epi|M cells	0.3094	51
ELMOD3	0.5275	LP|MT-hi	0.3445	51
ELMSAN1	0.6691	LP|GC	0.6201	51
ELN	0.9243	LP|RSPO3+	1.1233	51
ELOF1	0.4538	LP|RSPO3+	0.9418	51
ELOVL1	0.5348	LP|Post-capillary Venules	0.6669	51
ELOVL3	0.9122	LP|Post-capillary Venules	0.0230	51
ELOVL4	0.8198	LP|WNT2B+ Fos-lo 1	0.1126	51
ELOVL5	0.7712	LP|GC	1.6197	51
ELOVL6	0.7844	LP|ILCs	0.2991	51
ELOVL7	0.9486	Epi|Tuft	0.3464	51
ELP2	0.4815	LP|CD8+ IL17+	0.4162	51
ELP3	0.6002	LP|CD69- Mast	0.2334	51
ELP4	0.5275	LP|Microvascular	0.1602	51
ELP5	0.4145	LP|Myofibroblasts	0.6179	51
ELP6	0.6503	LP|CD8+ IL17+	0.6756	51
ELTD1	0.9741	LP|Microvascular	4.8243	51
EMB	0.7815	LP|CD8+ IL17+	1.1552	51
EMC1	0.5711	LP|WNT5B+ 2	0.2086	51
EMC10	0.6031	Epi|Tuft	1.3595	51
EMC2	0.7156	LP|Glia	0.9774	51
EMC3	0.3941	LP|CD69- Mast	1.0342	51
EMC4	0.5277	LP|Glia	2.1014	51
EMC6	0.6363	LP|CD69- Mast	1.8760	51
EMC7	0.5527	LP|Microvascular	1.9931	51
EMC8	0.5176	LP|Microvascular	0.5503	51
EMC9	0.7001	Epi|Cycling TA	0.6402	51
EMCN	0.9708	LP|Microvascular	4.6467	51
EMD	0.5407	LP|ILCs	0.8709	51
EME1	0.9421	LP|Cycling T	0.0786	51
EME2	0.6809	LP|MT-hi	0.0910	51
EMG1	0.4151	Epi|Cycling TA	0.6757	51
EMID1	0.9033	LP|WNT5B+ 2	1.8419	51
EMILIN1	0.8834	LP|WNT5B+ 2	4.7853	51
EMILIN2	0.9174	LP|CD69- Mast	0.8621	51
EMILIN3	0.9613	LP|WNT5B+ 1	0.0182	51
EML1	0.8770	LP|Inflammatory Fibroblasts	0.4728	51
EML2	0.8379	LP|CD69- Mast	1.0622	51
EML3	0.7443	LP|CD69- Mast	0.6786	51
EML4	0.7599	LP|ILCs	2.0806	51
EML5	0.8011	LP|ILCs	0.0080	51
EML6	0.8593	LP|GC	0.0912	51
EMP1	0.9008	Epi|Enterocytes	4.1776	51
EMP2	0.8371	LP|Glia	4.7126	51
EMP3	0.6985	LP|CD69- Mast	9.5526	51
EMR1	0.8940	LP|Inflammatory Monocytes	0.1505	51
EMR2	0.9188	LP|CD69- Mast	0.9222	51
EMX1	0.9525	Epi|Enterocyte Progenitors	0.0041	51
EMX2	0.8717	LP|ILCs	0.0336	51
ENAH	0.7996	LP|Myofibroblasts	0.7254	51
ENAM	0.9568	LP|Plasma	0.5598	51
ENC1	0.7898	LP|WNT5B+ 1	0.5396	51
ENDOD1	0.9009	LP|Glia	1.1777	51
ENDOG	0.6783	Epi|TA 2	0.3848	51
ENDOV	0.6609	LP|MT-hi	0.7369	51
ENG	0.9565	LP|Microvascular	11.2248	51
ENGASE	0.5924	Epi|Stem	0.2097	51
ENHO	0.9736	LP|WNT5B+ 1	5.5395	51
ENKD1	0.8286	Epi|M cells	0.2163	51
ENKUR	0.9434	Epi|Enterocytes	0.0582	51
ENO1	0.6359	LP|Cycling T	9.6333	51
ENO1-AS1	0.8389	Epi|M cells	0.0572	51
ENO1-IT1	0.9037	LP|Inflammatory Monocytes	0.0199	51
ENO2	0.7979	LP|Glia	0.3331	51
ENO3	0.6753	LP|CD8+ IL17+	0.0620	51
ENO4	0.9786	Epi|Tuft	0.0048	51
ENOPH1	0.6087	LP|Glia	0.7265	51
ENOSF1	0.6475	Epi|Cycling TA	0.4719	51
ENOX1	0.9338	LP|Pericytes	0.0677	51
ENOX2	0.7361	LP|CD4+ PD1+	0.1781	51
ENPEP	0.9974	LP|Pericytes	0.5524	51
ENPP1	0.9070	LP|DC1	0.4582	51
ENPP2	0.9572	LP|Microvascular	5.5688	51
ENPP3	0.9325	LP|CD69+ Mast	0.2836	51
ENPP4	0.8239	Epi|M cells	0.2972	51
ENPP5	0.8728	LP|NKs	0.1211	51
ENPP6	0.9226	LP|WNT5B+ 2	0.2494	51
ENSA	0.5400	LP|DC1	2.8503	51
ENTHD2	0.5508	LP|GC	0.1650	51
ENTPD1	0.8190	LP|Post-capillary Venules	1.7917	51
ENTPD1-AS1	0.7560	LP|MT-hi	0.1985	51
ENTPD2	0.9549	LP|Glia	0.5999	51
ENTPD3	0.9089	LP|RSPO3+	0.0081	51
ENTPD3-AS1	0.6060	LP|Glia	0.2586	51
ENTPD4	0.5454	LP|CD69- Mast	0.2343	51
ENTPD5	0.8481	Epi|Immature Enterocytes 2	0.9354	51
ENTPD6	0.7489	Epi|Tuft	0.6836	51
ENTPD7	0.7139	Epi|M cells	0.0346	51
ENTPD8	0.9574	Epi|Goblet	3.4685	51
ENY2	0.5669	LP|Post-capillary Venules	3.7015	51
EOGT	0.8076	LP|Endothelial	0.1854	51
EOMES	0.9700	LP|NKs	0.7236	51
EP300	0.6393	LP|CD8+ IL17+	0.2366	51
EP400	0.4977	Epi|Tuft	0.1814	51
EP400NL	0.8155	LP|CD69- Mast	0.1478	51
EPAS1	0.9090	LP|Endothelial	4.5259	51
EPB41	0.7329	LP|MT-hi	0.5151	51
EPB41L1	0.9102	Epi|Tuft	0.5334	51
EPB41L2	0.8566	LP|Glia	2.2830	51
EPB41L3	0.8543	LP|Macrophages	0.3875	51
EPB41L4A	0.9217	Epi|M cells	0.4933	51
EPB41L4A-AS1	0.6326	LP|RSPO3+	1.3305	51
EPB41L4B	0.8659	Epi|Immature Enterocytes 2	0.6344	51
EPB41L5	0.7034	LP|ILCs	0.1375	51
EPB42	0.8446	LP|MT-hi	0.1194	51
EPC1	0.5256	LP|MT-hi	1.2545	51
EPC2	0.5257	LP|ILCs	0.1799	51
EPCAM	0.8574	Epi|Enterocytes	31.9387	51
EPDR1	0.9433	LP|Glia	0.6103	51
EPG5	0.6790	Epi|Tuft	0.2048	51
EPHA1	0.8150	Epi|M cells	0.0934	51
EPHA1-AS1	0.8756	LP|MT-hi	0.1944	51
EPHA10	0.8201	Epi|Immature Enterocytes 2	0.1857	51
EPHA2	0.8692	Epi|Enterocytes	0.4025	51
EPHA3	0.9473	LP|Pericytes	0.5124	51
EPHA4	0.8889	LP|Endothelial	0.2501	51
EPHA7	0.9336	LP|WNT2B+ Fos-lo 2	0.5363	51
EPHB1	0.9466	LP|Post-capillary Venules	0.0158	51
EPHB2	0.8996	Epi|Stem	0.7497	51
EPHB3	0.9314	Epi|Stem	1.0496	51
EPHB4	0.8974	LP|Post-capillary Venules	0.5399	51
EPHB6	0.8884	LP|CD4+ PD1+	0.3501	51
EPHX1	0.8282	LP|RSPO3+	2.7659	51
EPHX2	0.9071	Epi|M cells	2.9880	51
EPHX3	0.9664	Epi|M cells	0.0527	51
EPHX4	0.9412	LP|Post-capillary Venules	0.1837	51
EPM2A	0.9015	Epi|M cells	0.0822	51
EPM2AIP1	0.5366	LP|ILCs	0.4403	51
EPN1	0.6435	Epi|M cells	1.0634	51
EPN2	0.6906	LP|WNT5B+ 2	0.3637	51
EPN3	0.8889	Epi|Goblet	0.2829	51
EPOR	0.7865	LP|RSPO3+	0.3309	51
EPPK1	0.8842	Epi|Tuft	0.2493	51
EPRS	0.5904	Epi|M cells	0.7257	51
EPS15	0.7164	LP|GC	0.7886	51
EPS15L1	0.8424	LP|CD69- Mast	0.6786	51
EPS8	0.8696	LP|Pericytes	2.2536	51
EPS8L1	0.8782	Epi|Goblet	0.6098	51
EPS8L2	0.8362	Epi|Tuft	1.5253	51
EPS8L3	0.8976	Epi|Tuft	2.5919	51
EPSTI1	0.6239	LP|Tregs	0.8486	51
EPT1	0.5358	Epi|Enteroendocrine	0.1129	51
ERAL1	0.6577	Epi|M cells	0.4474	51
ERAP1	0.5303	Epi|M cells	0.2900	51
ERAP2	0.7366	LP|MT-hi	0.9018	51
ERBB2	0.7637	Epi|Immature Enterocytes 1	0.9056	51
ERBB2IP	0.6957	Epi|Enterocytes	0.8838	51
ERBB3	0.8811	LP|Glia	2.5176	51
ERBB4	0.9741	Epi|Enterocyte Progenitors	0.0023	51
ERC1	0.7758	LP|Endothelial	0.3980	51
ERCC1	0.6378	LP|CD69- Mast	1.2617	51
ERCC2	0.4235	LP|WNT5B+ 2	0.1079	51
ERCC3	0.6379	LP|Glia	0.3254	51
ERCC4	0.5837	LP|Glia	0.2007	51
ERCC5	0.6000	LP|CD69- Mast	0.3339	51
ERCC6	0.6209	LP|Glia	0.0426	51
ERCC6L	0.9601	LP|Cycling T	0.0611	51
ERCC6L2	0.6701	LP|Pericytes	0.2405	51
ERCC8	0.7428	LP|MT-hi	0.1365	51
EREG	0.9788	LP|Inflammatory Monocytes	2.7259	51
ERF	0.7400	LP|CD69+ Mast	0.4598	51
ERG	0.9644	LP|Microvascular	1.1321	51
ERGIC1	0.6913	Epi|Immature Goblet	1.0622	51
ERGIC2	0.4776	LP|Myofibroblasts	0.8439	51
ERGIC3	0.4769	LP|Inflammatory Fibroblasts	2.8305	51
ERH	0.5098	LP|Cycling B	4.6067	51
ERI1	0.7205	LP|Cycling B	0.2374	51
ERI2	0.7716	LP|Cycling Monocytes	0.1536	51
ERI3	0.7524	Epi|Enteroendocrine	1.4270	51
ERICH1	0.5414	LP|Inflammatory Monocytes	0.7809	51
ERICH2	0.9598	LP|WNT2B+ Fos-lo 2	0.0056	51
ERLEC1	0.6815	LP|Plasma	1.6923	51
ERLIN1	0.5164	LP|Endothelial	0.1944	51
ERLIN2	0.4815	LP|Myofibroblasts	0.1869	51
ERMAP	0.7922	Epi|M cells	0.1519	51
ERMARD	0.8033	LP|MT-hi	0.2130	51
ERMP1	0.8844	Epi|M cells	0.4670	51
ERN1	0.8485	LP|CD8+ IL17+	1.0206	51
ERN2	0.9007	Epi|Goblet	1.1620	51
ERO1L	0.8410	Epi|Enterocytes	1.2898	51
ERO1LB	0.6488	Epi|Tuft	0.4753	51
ERP27	0.8282	LP|CD8+ IL17+	0.0401	51
ERP29	0.5849	LP|Cycling Monocytes	4.9680	51
ERP44	0.4849	LP|GC	1.4566	51
ERRFI1	0.8056	Epi|Enterocytes	0.5842	51
ERV3-1	0.6938	LP|MT-hi	0.6681	51
ERVK13-1	0.7427	Epi|Tuft	0.1186	51
ERVK3-1	0.8272	LP|CD69- Mast	0.6786	51
ERVMER34-1	0.9259	LP|Inflammatory Fibroblasts	0.0190	51
ERVW-1	0.9821	Epi|TA 2	0.0007	51
ESAM	0.9727	LP|Microvascular	8.5249	51
ESCO1	0.5054	LP|Tregs	0.2256	51
ESCO2	0.9275	LP|Cycling T	0.2977	51
ESD	0.5880	LP|RSPO3+	2.5380	51
ESF1	0.6016	LP|Myofibroblasts	0.9035	51
ESPL1	0.9831	Epi|Tuft	0.5832	51
ESPN	0.9349	Epi|Tuft	2.0039	51
ESR1	0.8968	LP|Pericytes	0.0224	51
ESR2	0.8485	LP|Plasma	0.1018	51
ESRP1	0.7963	Epi|Immature Goblet	0.5182	51
ESRP2	0.8561	Epi|Goblet	0.2472	51
ESRRA	0.7377	Epi|Immature Enterocytes 2	0.7994	51
ESRRG	0.9484	Epi|Enteroendocrine	0.0433	51
ESYT1	0.6669	LP|Cycling T	0.7314	51
ESYT2	0.5318	LP|ILCs	0.3807	51
ESYT3	0.9705	Epi|TA 1	0.0109	51
ETAA1	0.7132	LP|ILCs	0.1747	51
ETF1	0.5657	LP|DC2	0.8161	51
ETFA	0.6661	Epi|Enterocyte Progenitors	2.6940	51
ETFB	0.6246	Epi|Cycling TA	3.9334	51
ETFDH	0.5402	Epi|Enterocyte Progenitors	0.3309	51
ETHE1	0.8796	Epi|Immature Enterocytes 2	14.8197	51
ETNK1	0.8372	Epi|Immature Enterocytes 2	2.6109	51
ETNK2	0.9260	LP|RSPO3+	0.1014	51
ETS1	0.7638	LP|Microvascular	1.2659	51
ETS2	0.7751	Epi|Stem	2.5598	51
ETV1	0.9733	Epi|Enteroendocrine	1.0725	51
ETV2	0.7434	Epi|Tuft	0.1577	51
ETV3	0.8939	LP|ILCs	1.0368	51
ETV4	0.9321	Epi|Tuft	0.1582	51
ETV5	0.9111	LP|Cycling Monocytes	0.7114	51
ETV6	0.7462	LP|DC1	0.5938	51
ETV7	0.8362	LP|Tregs	0.3161	51
EVA1A	0.8866	LP|WNT2B+ Fos-lo 1	0.5448	51
EVA1B	0.8049	LP|Microvascular	1.0692	51
EVA1C	0.9231	LP|Post-capillary Venules	0.8802	51
EVC	0.8861	LP|Myofibroblasts	0.1076	51
EVC2	0.8279	LP|WNT2B+ Fos-lo 2	0.0557	51
EVI2A	0.7676	LP|MT-hi	1.9329	51
EVI2B	0.8127	LP|Inflammatory Monocytes	3.7038	51
EVI5	0.7571	LP|Glia	0.5442	51
EVI5L	0.6534	LP|Microvascular	0.0701	51
EVL	0.8206	LP|CD8+ IL17+	7.9522	51
EVPL	0.9396	Epi|Enteroendocrine	0.2605	51
EVPLL	0.9563	Epi|TA 1	0.0044	51
EVX2	0.9073	Epi|M cells	0.0111	51
EWSR1	0.4769	LP|CD69- Mast	1.9281	51
EXD2	0.5553	LP|Glia	0.0860	51
EXD3	0.8269	LP|CD69- Mast	0.7485	51
EXO1	0.9366	LP|Cycling B	0.0818	51
EXO5	0.7694	LP|CD8+ IL17+	0.1508	51
EXOC1	0.4710	LP|Endothelial	0.3283	51
EXOC2	0.7632	LP|CD4+ PD1+	0.3297	51
EXOC3	0.3733	Epi|Tuft	0.2581	51
EXOC3L1	0.9524	LP|Microvascular	0.5171	51
EXOC3L2	0.9881	LP|Microvascular	1.1751	51
EXOC3L4	0.9384	Epi|M cells	0.3462	51
EXOC4	0.4699	Epi|Tuft	0.2691	51
EXOC5	0.6141	LP|CD69- Mast	0.3685	51
EXOC6	0.8380	LP|Post-capillary Venules	0.6058	51
EXOC6B	0.7994	LP|CD69- Mast	0.1943	51
EXOC7	0.6281	Epi|Tuft	1.0054	51
EXOC8	0.6355	Epi|M cells	0.0952	51
EXOG	0.7967	LP|MT-hi	0.8261	51
EXOSC1	0.5228	LP|CD69- Mast	0.8843	51
EXOSC10	0.6745	LP|Glia	0.4056	51
EXOSC2	0.6650	LP|MT-hi	0.2276	51
EXOSC3	0.6669	LP|Cycling B	0.8202	51
EXOSC4	0.6523	Epi|Tuft	0.8846	51
EXOSC5	0.6929	Epi|Stem	0.6894	51
EXOSC6	0.6729	LP|NKs	0.2358	51
EXOSC7	0.5779	LP|RSPO3+	0.6537	51
EXOSC8	0.5534	LP|Cycling Monocytes	0.8991	51
EXOSC9	0.6379	LP|Cycling T	0.4007	51
EXPH5	0.8358	Epi|Immature Enterocytes 2	0.2357	51
EXT1	0.7127	LP|Pericytes	0.4097	51
EXT2	0.6406	LP|Myofibroblasts	0.3980	51
EXTL2	0.7985	LP|WNT2B+ Fos-lo 1	0.3896	51
EXTL3	0.7243	LP|Pericytes	0.1711	51
EXTL3-AS1	0.7849	Epi|TA 1	0.0136	51
EYA2	0.8791	Epi|Tuft	0.1349	51
EYA3	0.8285	LP|GC	0.5602	51
EYS	0.8778	LP|ILCs	0.0087	51
EZH1	0.7050	LP|MT-hi	0.3726	51
EZH2	0.8900	LP|Cycling T	0.7943	51
EZR	0.7665	LP|GC	5.1988	51
F10	0.9289	LP|RSPO3+	0.7160	51
F11-AS1	0.9686	Epi|Goblet	0.0035	51
F11R	0.8437	Epi|Enterocytes	1.1885	51
F12	0.8780	Epi|Cycling TA	0.4281	51
F13A1	0.9822	LP|Macrophages	1.2443	51
F2R	0.8783	LP|WNT5B+ 2	2.0640	51
F2RL1	0.9032	Epi|Enterocytes	0.7312	51
F2RL2	0.9413	LP|WNT5B+ 2	0.2342	51
F2RL3	0.9864	LP|Microvascular	1.5076	51
F3	0.9699	LP|WNT5B+ 2	10.3671	51
F5	0.9666	LP|Tregs	0.2019	51
F8	0.8758	LP|CD69- Mast	0.2301	51
F8A1	0.7030	LP|NKs	0.4956	51
F8A2	0.8762	LP|Cycling Monocytes	0.0050	51
FA2H	0.8585	Epi|Best4+ Enterocytes	0.3588	51
FAAH	0.7658	Epi|Cycling TA	0.4691	51
FAAH2	0.8866	Epi|Tuft	0.1826	51
FABP1	0.9294	Epi|Immature Enterocytes 2	255.0975	51
FABP2	0.9103	Epi|Immature Goblet	3.4143	51
FABP3	0.9466	LP|Macrophages	0.2644	51
FABP4	0.9375	LP|WNT2B+ Fos-hi	3.3805	51
FABP5	0.9726	LP|Microvascular	139.1889	51
FABP6	0.9683	Epi|Immature Enterocytes 1	0.0984	51
FADD	0.5395	LP|Cycling T	0.3602	51
FADS1	0.8801	LP|Glia	0.5386	51
FADS2	0.8548	LP|Pericytes	0.2219	51
FADS3	0.9514	LP|Glia	2.6859	51
FADS6	0.8103	Epi|Immature Enterocytes 1	0.0324	51
FAF1	0.5937	LP|CD4+ PD1+	0.3305	51
FAF2	0.5866	LP|RSPO3+	0.3169	51
FAH	0.9232	LP|CD69- Mast	1.6670	51
FAHD1	0.6782	Epi|Enterocyte Progenitors	0.4966	51
FAHD2A	0.6358	LP|Glia	0.3661	51
FAHD2B	0.7516	LP|CD8+ IL17+	0.2606	51
FAIM	0.9327	LP|CD69- Mast	1.7420	51
FAIM2	0.9573	LP|CD69- Mast	0.6400	51
FAIM3	0.8863	LP|Follicular	1.9943	51
FAM101A	0.9403	Epi|Goblet	0.8413	51
FAM101B	0.8879	LP|Microvascular	1.2137	51
FAM102A	0.7281	Epi|Enterocytes	0.7813	51
FAM102B	0.7348	LP|WNT2B+ Fos-lo 2	0.2079	51
FAM103A1	0.5819	LP|CD69- Mast	1.1123	51
FAM104A	0.7000	LP|CD8+ IL17+	0.8258	51
FAM104B	0.7597	LP|CD69- Mast	0.9818	51
FAM105A	0.7078	LP|WNT2B+ Fos-lo 1	1.2462	51
FAM105B	0.8250	LP|GC	0.5938	51
FAM106A	0.8016	Epi|M cells	0.0147	51
FAM107A	0.9634	LP|Endothelial	1.5236	51
FAM107B	0.6716	LP|Cycling B	1.4706	51
FAM109A	0.7463	Epi|M cells	0.2099	51
FAM109B	0.7510	LP|RSPO3+	0.2207	51
FAM110A	0.8573	LP|CD69- Mast	1.7260	51
FAM110B	0.9050	LP|Pericytes	0.3419	51
FAM110C	0.8526	Epi|Goblet	0.2084	51
FAM110D	0.9719	LP|Microvascular	1.3745	51
FAM111A	0.7502	LP|Cycling Monocytes	0.6757	51
FAM111B	0.9205	LP|Cycling B	0.3610	51
FAM114A1	0.7844	LP|Myofibroblasts	1.1475	51
FAM114A2	0.6997	LP|MT-hi	0.3418	51
FAM115A	0.6602	LP|Myofibroblasts	0.3958	51
FAM115C	0.8817	LP|MT-hi	0.1756	51
FAM117A	0.7259	LP|NKs	0.2132	51
FAM117B	0.7023	LP|Follicular	0.1415	51
FAM118A	0.6837	LP|MT-hi	0.9137	51
FAM118B	0.6404	Epi|Enterocyte Progenitors	0.2936	51
FAM120A	0.7545	Epi|M cells	1.8062	51
FAM120AOS	0.5218	Epi|Goblet	0.5762	51
FAM120B	0.7256	LP|Endothelial	0.2637	51
FAM120C	0.5956	LP|Glia	0.0668	51
FAM122A	0.7341	LP|Pericytes	0.5384	51
FAM122B	0.5949	LP|CD8+ IL17+	0.3059	51
FAM122C	0.8190	LP|MT-hi	0.3472	51
FAM124A	0.9450	LP|Post-capillary Venules	0.1609	51
FAM124B	0.9498	LP|Endothelial	0.2006	51
FAM126A	0.8283	LP|Glia	0.5712	51
FAM126B	0.7567	Epi|M cells	0.7175	51
FAM127A	0.7829	LP|RSPO3+	1.8866	51
FAM127B	0.7017	LP|Pericytes	1.1065	51
FAM127C	0.8432	LP|RSPO3+	0.4298	51
FAM129A	0.8965	LP|Glia	0.9851	51
FAM129B	0.7518	LP|Endothelial	0.6792	51
FAM129C	0.9731	LP|Follicular	0.6661	51
FAM131A	0.7733	Epi|Enteroendocrine	0.2675	51
FAM132A	0.9052	Epi|Immature Enterocytes 2	0.8837	51
FAM132B	0.8904	LP|Inflammatory Fibroblasts	0.0466	51
FAM133B	0.6313	LP|Glia	2.4960	51
FAM134A	0.4561	Epi|Enterocytes	0.5009	51
FAM134B	0.8341	Epi|Enterocytes	1.1899	51
FAM134C	0.5381	LP|NKs	0.3439	51
FAM135A	0.7038	Epi|Enterocytes	0.2830	51
FAM136A	0.5629	LP|Cycling B	0.7836	51
FAM13A	0.8052	LP|RSPO3+	0.5624	51
FAM13A-AS1	0.7171	Epi|Tuft	0.0312	51
FAM13B	0.6418	LP|GC	0.2961	51
FAM13C	0.9531	LP|Pericytes	0.8294	51
FAM149A	0.8941	LP|RSPO3+	0.1177	51
FAM149B1	0.6741	Epi|M cells	0.0859	51
FAM150A	0.9873	LP|Myofibroblasts	0.1772	51
FAM150B	0.9731	LP|WNT5B+ 1	3.0166	51
FAM151A	0.9339	Epi|M cells	0.0620	51
FAM151B	0.8455	LP|Inflammatory Monocytes	0.0297	51
FAM153A	0.9942	Epi|M cells	0.0566	51
FAM153B	0.8813	LP|CD4+ Memory	0.0613	51
FAM154B	0.7849	LP|RSPO3+	0.0292	51
FAM155A	0.9868	LP|Post-capillary Venules	0.3687	51
FAM155B	0.9569	Epi|Immature Goblet	0.0010	51
FAM156B	0.9980	Epi|Tuft	0.0228	51
FAM157C	0.8941	LP|MT-hi	0.0712	51
FAM159A	0.8811	LP|Follicular	0.5852	51
FAM160A1	0.8794	Epi|Tuft	0.0251	51
FAM160A2	0.6350	Epi|Immature Enterocytes 1	0.5368	51
FAM160B1	0.6829	LP|Endothelial	0.1925	51
FAM160B2	0.7357	Epi|Enteroendocrine	0.2664	51
FAM161A	0.8207	LP|RSPO3+	0.1903	51
FAM161B	0.8050	LP|Pericytes	0.0860	51
FAM162A	0.7552	Epi|Enterocyte Progenitors	5.5280	51
FAM162B	0.9922	LP|Pericytes	2.2967	51
FAM166A	0.9662	Epi|Enterocytes	0.0007	51
FAM166B	0.9318	Epi|Cycling TA	0.0007	51
FAM167A	0.9212	LP|Inflammatory Fibroblasts	0.1078	51
FAM167B	0.9701	LP|Microvascular	5.8368	51
FAM168A	0.7758	LP|Myofibroblasts	0.1453	51
FAM168B	0.5206	Epi|M cells	0.3694	51
FAM169A	0.8768	LP|ILCs	0.0560	51
FAM171A1	0.9000	Epi|M cells	0.8212	51
FAM171B	0.8794	LP|WNT5B+ 2	0.2133	51
FAM172A	0.5727	LP|RSPO3+	0.3398	51
FAM173A	0.4633	LP|CD8+ IELs	1.0645	51
FAM173B	0.6458	LP|CD69- Mast	0.1478	51
FAM174A	0.7491	LP|Microvascular	0.8370	51
FAM174B	0.8112	Epi|Immature Goblet	0.3427	51
FAM175A	0.5380	LP|CD4+ Memory	0.2160	51
FAM175B	0.6092	LP|GC	0.2431	51
FAM177A1	0.5844	Epi|Enterocyte Progenitors	2.8959	51
FAM177B	0.9840	Epi|Goblet	0.7712	51
FAM178A	0.6632	LP|MT-hi	0.4529	51
FAM178B	0.9410	LP|Glia	0.0276	51
FAM179A	0.9335	LP|Cycling T	0.1428	51
FAM179B	0.5390	LP|Glia	0.2524	51
FAM181B	0.9925	LP|Glia	0.2375	51
FAM182A	0.9930	Epi|TA 1	0.0007	51
FAM183A	0.9642	Epi|Tuft	0.0177	51
FAM184A	0.9584	LP|Tregs	0.1599	51
FAM184B	0.7386	LP|CD69+ Mast	0.2625	51
FAM185A	0.5117	LP|RSPO3+	0.0697	51
FAM188A	0.5885	LP|WNT5B+ 1	0.2387	51
FAM188B	0.8714	LP|Post-capillary Venules	0.1569	51
FAM189A1	0.8279	Epi|Immature Enterocytes 2	0.0300	51
FAM189A2	0.9490	LP|Post-capillary Venules	0.0232	51
FAM189B	0.6798	LP|Pericytes	0.2146	51
FAM192A	0.7843	LP|CD69- Mast	1.7527	51
FAM193A	0.7176	Epi|Tuft	0.1983	51
FAM193B	0.5941	Epi|Enteroendocrine	0.1844	51
FAM195A	0.7375	Epi|Enterocyte Progenitors	2.1380	51
FAM195B	0.7773	Epi|Tuft	0.0650	51
FAM198A	0.9122	LP|WNT5B+ 2	0.0339	51
FAM198B	0.8869	LP|Microvascular	1.0730	51
FAM199X	0.6682	Epi|M cells	0.2600	51
FAM19A2	0.8768	LP|WNT5B+ 1	0.1766	51
FAM19A5	0.9336	LP|WNT5B+ 1	0.0609	51
FAM200A	0.6960	LP|Glia	0.1283	51
FAM200B	0.4992	LP|Inflammatory Monocytes	0.8308	51
FAM201A	0.9094	Epi|Stem	0.0383	51
FAM203A	0.9118	Epi|Tuft	0.0239	51
FAM204A	0.4516	LP|Myofibroblasts	0.7835	51
FAM206A	0.5565	LP|Microvascular	0.0833	51
FAM207A	0.6128	LP|Cycling B	0.7786	51
FAM208A	0.4725	LP|MT-hi	0.2611	51
FAM208B	0.6191	LP|GC	0.2934	51
FAM209A	0.8403	LP|CD8+ LP	0.0053	51
FAM209B	0.8777	LP|CD69+ Mast	0.0116	51
FAM20A	0.9691	LP|Inflammatory Fibroblasts	0.4810	51
FAM20B	0.6257	LP|Microvascular	0.1602	51
FAM20C	0.9297	LP|Inflammatory Fibroblasts	1.3532	51
FAM210A	0.5292	Epi|Enteroendocrine	0.2536	51
FAM210B	0.8790	LP|Glia	1.4186	51
FAM211A	0.6849	Epi|Immature Enterocytes 1	0.3837	51
FAM211B	0.9050	Epi|Tuft	0.2845	51
FAM212A	0.9634	LP|CD69- Mast	1.5761	51
FAM212B	0.8612	LP|Pericytes	0.1991	51
FAM213A	0.9089	LP|Microvascular	4.8534	51
FAM213B	0.6560	Epi|Best4+ Enterocytes	0.3921	51
FAM214A	0.6329	LP|GC	0.2461	51
FAM214B	0.7106	Epi|M cells	0.2734	51
FAM215B	0.6765	LP|Tregs	0.8157	51
FAM216A	0.7456	LP|RSPO3+	0.1710	51
FAM217B	0.7945	Epi|Tuft	0.5686	51
FAM218A	0.8620	LP|Glia	0.0301	51
FAM219A	0.8805	LP|Endothelial	0.3209	51
FAM219B	0.4722	LP|NKs	0.3074	51
FAM21A	0.8335	LP|MT-hi	0.0629	51
FAM21B	0.6440	LP|Pericytes	0.0253	51
FAM21C	0.7118	Epi|Enterocyte Progenitors	0.0387	51
FAM21D	0.9869	Epi|Best4+ Enterocytes	0.0034	51
FAM220A	0.6090	LP|NKs	0.0787	51
FAM221A	0.6966	Epi|Tuft	0.2570	51
FAM221B	0.9928	Epi|Tuft	0.1086	51
FAM222A	0.8124	LP|Glia	0.0511	51
FAM222B	0.7152	Epi|Tuft	0.2587	51
FAM225B	0.9504	LP|Pericytes	0.0212	51
FAM226B	0.7787	LP|GC	0.0560	51
FAM227A	0.7845	LP|Pericytes	0.0687	51
FAM227B	0.8232	LP|CD4+ PD1+	0.1368	51
FAM228B	0.8137	LP|RSPO3+	0.5283	51
FAM229A	0.9064	Epi|Tuft	0.2934	51
FAM229B	0.8362	LP|Glia	0.8166	51
FAM230A	0.9827	Epi|TA 1	0.0060	51
FAM24B	0.6238	LP|CD4+ PD1+	0.0732	51
FAM26E	0.9422	LP|Glia	0.1477	51
FAM26F	0.9082	LP|Cycling Monocytes	4.0008	51
FAM27A	0.9320	LP|CD69- Mast	0.4085	51
FAM27D1	0.9705	LP|Pericytes	0.0039	51
FAM27E3	0.9826	LP|MT-hi	0.0804	51
FAM32A	0.3802	LP|Microvascular	0.8569	51
FAM35A	0.4321	Epi|Enterocyte Progenitors	0.1908	51
FAM3A	0.5142	LP|Pericytes	0.4744	51
FAM3B	0.8954	Epi|Enterocyte Progenitors	0.8276	51
FAM3C	0.8386	Epi|M cells	3.5310	51
FAM3D	0.8667	Epi|Goblet	11.4132	51
FAM41C	0.7021	LP|CD8+ IL17+	0.0953	51
FAM43A	0.7942	LP|Microvascular	1.1976	51
FAM45A	0.7441	LP|Inflammatory Monocytes	0.9902	51
FAM46A	0.8279	LP|CD69+ Mast	2.2381	51
FAM46B	0.9740	Epi|M cells	0.1140	51
FAM46C	0.8072	LP|Plasma	1.9505	51
FAM47E	0.8660	Epi|Goblet	0.0723	51
FAM47E-STBD1	0.9240	Epi|Enterocytes	0.0514	51
FAM49A	0.8838	LP|Inflammatory Monocytes	1.0418	51
FAM49B	0.7529	LP|NKs	3.9072	51
FAM50A	0.4827	LP|Pericytes	1.0306	51
FAM50B	0.6809	LP|Glia	0.2396	51
FAM53A	0.8455	LP|CD4+ PD1+	0.0206	51
FAM53B	0.7786	LP|MT-hi	0.4584	51
FAM53C	0.7035	LP|Glia	1.0288	51
FAM57A	0.7348	LP|CD69- Mast	0.1478	51
FAM57B	0.9153	LP|WNT2B+ Fos-lo 2	0.0049	51
FAM58A	0.6649	LP|GC	0.6423	51
FAM60A	0.7548	LP|GC	0.9994	51
FAM63A	0.7027	Epi|Immature Enterocytes 2	0.1802	51
FAM63B	0.7499	LP|WNT5B+ 1	0.9891	51
FAM64A	0.9388	LP|Cycling T	0.2517	51
FAM65A	0.8601	LP|Endothelial	0.5216	51
FAM65B	0.8398	LP|Follicular	1.1630	51
FAM65C	0.9125	LP|Inflammatory Fibroblasts	0.4226	51
FAM66C	0.7744	LP|WNT5B+ 1	0.0467	51
FAM66D	0.9471	LP|WNT5B+ 2	0.0115	51
FAM69A	0.8534	LP|Myofibroblasts	0.2286	51
FAM69B	0.9681	LP|Endothelial	0.1986	51
FAM71A	0.8715	Epi|Goblet	0.0197	51
FAM71D	0.9108	LP|CD69- Mast	0.3055	51
FAM71E1	0.8619	Epi|Tuft	0.0623	51
FAM71F2	0.8441	Epi|Enteroendocrine	0.0249	51
FAM72A	0.9266	LP|Glia	0.3771	51
FAM72B	0.8537	LP|Cycling Monocytes	0.0491	51
FAM72C	0.9712	LP|Cycling B	0.0932	51
FAM72D	0.9729	LP|Cycling B	0.1451	51
FAM73A	0.5613	LP|MT-hi	0.1683	51
FAM73B	0.7226	Epi|M cells	0.2817	51
FAM74A6	0.9484	LP|Myofibroblasts	0.0176	51
FAM76A	0.5441	LP|Pericytes	0.2195	51
FAM76B	0.8993	LP|GC	0.8544	51
FAM78A	0.7590	LP|NKs	0.2288	51
FAM78B	0.9102	LP|Glia	0.0342	51
FAM81A	0.9312	LP|Cycling B	0.1906	51
FAM83A	0.9572	Epi|Enterocytes	0.0143	51
FAM83B	0.8487	Epi|TA 1	0.1268	51
FAM83D	0.9091	Epi|Cycling TA	0.3059	51
FAM83E	0.8962	Epi|Goblet	0.2602	51
FAM83F	0.8536	Epi|Goblet	0.2598	51
FAM83G	0.8822	Epi|Immature Enterocytes 1	0.3279	51
FAM83H	0.8165	Epi|Immature Enterocytes 2	0.2771	51
FAM83H-AS1	0.8015	Epi|Immature Goblet	0.0276	51
FAM84A	0.9390	Epi|M cells	3.7071	51
FAM84B	0.9165	LP|Post-capillary Venules	0.6332	51
FAM85A	0.8557	Epi|M cells	0.0724	51
FAM85B	0.8458	LP|WNT2B+ Fos-lo 2	0.0033	51
FAM86A	0.5812	LP|Myofibroblasts	0.1736	51
FAM86B1	0.8062	Epi|Enteroendocrine	0.1059	51
FAM86C1	0.6970	LP|MT-hi	0.0662	51
FAM89A	0.8517	LP|WNT5B+ 1	0.3180	51
FAM89B	0.6330	LP|CD8+ IL17+	1.0208	51
FAM8A1	0.6777	Epi|Immature Enterocytes 2	0.2707	51
FAM90A1	0.8574	LP|Microvascular	0.0035	51
FAM91A1	0.6889	LP|Macrophages	0.3842	51
FAM92A1	0.8762	LP|WNT5B+ 1	0.9732	51
FAM92B	0.9838	LP|Plasma	0.1777	51
FAM95B1	0.9263	Epi|Immature Enterocytes 1	0.1308	51
FAM96A	0.5176	LP|Cycling B	1.1748	51
FAM96B	0.3940	LP|Glia	2.8192	51
FAM98A	0.6295	LP|Glia	0.2968	51
FAM98B	0.5424	LP|Myofibroblasts	0.2101	51
FAM98C	0.6003	LP|Glia	0.5302	51
FAM9B	0.8887	LP|WNT5B+ 1	0.0059	51
FAM9C	0.9410	Epi|Enteroendocrine	0.0066	51
FAN1	0.8699	Epi|Tuft	0.2781	51
FANCA	0.8274	LP|Cycling B	0.3357	51
FANCB	0.8701	LP|Cycling B	0.1290	51
FANCC	0.8538	LP|WNT5B+ 2	0.1906	51
FANCD2	0.8875	LP|Cycling T	0.3149	51
FANCE	0.7379	LP|CD4+ PD1+	0.0506	51
FANCF	0.7246	LP|MT-hi	0.4103	51
FANCG	0.8214	LP|Cycling T	0.2611	51
FANCI	0.8946	LP|Cycling T	0.3866	51
FANCL	0.6820	LP|Microvascular	0.3383	51
FANCM	0.8508	LP|MT-hi	0.1578	51
FANK1	0.9563	LP|Tregs	0.4334	51
FAP	0.9825	LP|Inflammatory Fibroblasts	0.8929	51
FAR1	0.7611	LP|CD69- Mast	0.6786	51
FAR1-IT1	0.9009	LP|NKs	0.0100	51
FAR2	0.7297	Epi|Enterocyte Progenitors	0.3259	51
FARP1	0.8364	LP|WNT5B+ 2	1.0206	51
FARP1-AS1	0.8141	LP|Cycling T	0.0093	51
FARP2	0.7946	Epi|Tuft	0.4846	51
FARS2	0.6424	LP|ILCs	0.3460	51
FARSA	0.4583	LP|Cycling B	0.5466	51
FARSB	0.6375	Epi|Cycling TA	0.5637	51
FAS	0.7635	LP|Tregs	0.7300	51
FASLG	0.9456	Epi|TA 1	0.0022	51
FASN	0.7181	Epi|Cycling TA	0.2587	51
FASTK	0.4021	LP|Pericytes	0.7421	51
FASTKD1	0.6332	Epi|TA 1	0.1956	51
FASTKD2	0.6726	LP|MT-hi	0.2929	51
FASTKD3	0.7719	LP|CD69- Mast	0.2334	51
FASTKD5	0.5272	LP|GC	0.1358	51
FAT1	0.7561	LP|Pericytes	0.4758	51
FAT3	0.9757	LP|WNT5B+ 2	0.0367	51
FAT4	0.9475	LP|Myofibroblasts	0.5173	51
FAU	0.4885	LP|Follicular	37.2567	51
FAXC	0.9314	LP|Glia	0.0350	51
FAXDC2	0.9106	Epi|Tuft	0.6520	51
FBF1	0.7193	LP|Microvascular	0.0837	51
FBL	0.5546	Epi|Stem	2.6288	51
FBLIM1	0.7644	Epi|Immature Enterocytes 1	1.3194	51
FBLL1	0.9906	Epi|Tuft	0.0209	51
FBLN1	0.9480	LP|RSPO3+	29.3682	51
FBLN2	0.9769	LP|Glia	5.5372	51
FBLN5	0.8887	LP|Glia	2.1661	51
FBLN7	0.9402	LP|CD4+ PD1+	1.1435	51
FBN1	0.8998	LP|Inflammatory Fibroblasts	1.4637	51
FBN2	0.9339	LP|WNT5B+ 2	0.3334	51
FBP1	0.7427	Epi|Stem	0.6080	51
FBP2	0.9840	Epi|TA 2	0.0015	51
FBRS	0.5174	Epi|Tuft	0.2916	51
FBRSL1	0.6763	Epi|Enteroendocrine	0.1893	51
FBXL12	0.7709	LP|CD69- Mast	0.6667	51
FBXL13	0.8987	LP|Pericytes	0.0494	51
FBXL14	0.8025	Epi|Tuft	0.0246	51
FBXL15	0.4972	Epi|Tuft	0.8891	51
FBXL16	0.8557	LP|CD8+ IL17+	0.0398	51
FBXL17	0.4572	Epi|Tuft	0.1426	51
FBXL18	0.7685	LP|CD4+ PD1+	0.0697	51
FBXL19	0.8472	Epi|Tuft	0.1514	51
FBXL19-AS1	0.7538	LP|WNT2B+ Fos-hi	0.0593	51
FBXL2	0.9289	LP|Glia	0.2297	51
FBXL20	0.5226	LP|Pericytes	0.0911	51
FBXL22	0.9260	LP|Myofibroblasts	0.1309	51
FBXL3	0.7174	LP|Glia	0.7547	51
FBXL4	0.4783	Epi|Enteroendocrine	0.1340	51
FBXL5	0.6374	LP|Inflammatory Monocytes	0.9186	51
FBXL6	0.5919	Epi|TA 2	0.1748	51
FBXL7	0.9168	LP|Myofibroblasts	0.2601	51
FBXL8	0.7336	LP|RSPO3+	0.1742	51
FBXO10	0.8576	LP|CD4+ PD1+	0.0787	51
FBXO11	0.5950	LP|MT-hi	0.4205	51
FBXO16	0.8614	LP|Plasma	0.0721	51
FBXO17	0.8979	LP|Glia	0.5053	51
FBXO18	0.7185	LP|Inflammatory Fibroblasts	0.7071	51
FBXO2	0.8232	LP|CD8+ IL17+	0.1406	51
FBXO21	0.7597	LP|WNT5B+ 1	0.8338	51
FBXO22	0.4725	LP|Cycling T	0.2569	51
FBXO24	0.8378	LP|WNT2B+ Fos-lo 2	0.0102	51
FBXO25	0.4664	Epi|M cells	0.4205	51
FBXO27	0.9755	LP|DC1	0.3235	51
FBXO28	0.5465	LP|CD4+ PD1+	0.2195	51
FBXO3	0.6650	LP|Glia	0.6027	51
FBXO30	0.7633	LP|Myofibroblasts	0.1746	51
FBXO31	0.7984	Epi|M cells	0.3368	51
FBXO32	0.8367	Epi|Enterocytes	1.1721	51
FBXO33	0.5429	LP|CD8+ LP	0.2098	51
FBXO34	0.6822	LP|CD69- Mast	0.5234	51
FBXO36	0.7335	LP|Endothelial	0.0492	51
FBXO38	0.5585	LP|CD4+ PD1+	0.1639	51
FBXO4	0.6264	LP|Cycling B	0.2856	51
FBXO41	0.8170	LP|GC	0.0455	51
FBXO42	0.8626	LP|CD69- Mast	0.6136	51
FBXO43	0.9583	LP|Cycling T	0.0918	51
FBXO44	0.6625	LP|RSPO3+	0.2286	51
FBXO45	0.7173	LP|CD8+ IL17+	0.1542	51
FBXO46	0.6004	Epi|Enteroendocrine	0.0960	51
FBXO48	0.6370	LP|CD69+ Mast	0.1096	51
FBXO5	0.9024	LP|Cycling B	0.7818	51
FBXO6	0.6822	LP|DC2	0.3084	51
FBXO7	0.6462	LP|Glia	1.3686	51
FBXO8	0.6843	LP|Glia	0.4742	51
FBXO9	0.5055	LP|Microvascular	0.4280	51
FBXW11	0.6279	Epi|Enteroendocrine	0.3005	51
FBXW2	0.4179	LP|Cycling T	0.3660	51
FBXW4	0.6905	Epi|Tuft	0.3144	51
FBXW5	0.5725	Epi|Enterocytes	1.7370	51
FBXW7	0.7009	LP|Plasma	0.4752	51
FBXW8	0.8467	LP|GC	0.1376	51
FBXW9	0.7408	LP|CD8+ IL17+	0.2248	51
FCAMR	0.9227	Epi|Cycling TA	0.0054	51
FCAR	0.9531	LP|Macrophages	0.0380	51
FCER1A	0.9639	LP|DC2	8.3513	51
FCER1G	0.9009	LP|Inflammatory Monocytes	21.4811	51
FCER2	0.9802	LP|Follicular	1.7660	51
FCF1	0.6135	LP|CD4+ PD1+	0.1834	51
FCGBP	0.9822	Epi|Goblet	126.5804	51
FCGR1A	0.9704	LP|Inflammatory Monocytes	0.7324	51
FCGR2A	0.9340	LP|Macrophages	1.9681	51
FCGR2B	0.9680	LP|Glia	3.0491	51
FCGR3A	0.9710	LP|NKs	5.0286	51
FCGR3B	nan	Epi|Best4+ Enterocytes	0.0000	51
FCGRT	0.7776	LP|Cycling Monocytes	10.4979	51
FCHO1	0.7813	LP|GC	0.2308	51
FCHO2	0.7866	LP|Microvascular	0.3263	51
FCHSD1	0.6063	LP|Glia	0.1167	51
FCHSD2	0.8113	LP|GC	0.3553	51
FCN1	0.9891	LP|Inflammatory Monocytes	10.6997	51
FCN3	0.9949	LP|Endothelial	3.1045	51
FCRL1	0.9745	LP|Follicular	0.4797	51
FCRL2	0.9593	LP|Follicular	0.6706	51
FCRL3	0.9474	LP|GC	0.4387	51
FCRL4	0.9725	LP|Follicular	0.0502	51
FCRL5	0.9526	LP|Plasma	0.8837	51
FCRL6	0.9757	Epi|Immature Goblet	0.0012	51
FCRLA	0.9824	LP|GC	3.3220	51
FCRLB	0.8668	LP|GC	0.1249	51
FDCSP	0.9849	LP|Inflammatory Fibroblasts	4.0729	51
FDFT1	0.6532	LP|CD69- Mast	1.7287	51
FDPS	0.6011	LP|CD69- Mast	2.2532	51
FDX1	0.7498	LP|CD69- Mast	2.4666	51
FDX1L	0.5694	Epi|Enteroendocrine	0.2710	51
FDXACB1	0.6123	LP|Pericytes	0.0721	51
FDXR	0.7865	LP|Cycling T	0.3946	51
FECH	0.7142	Epi|M cells	0.2631	51
FEM1A	0.8377	LP|CD69- Mast	0.5597	51
FEM1B	0.5809	Epi|Tuft	0.2420	51
FEM1C	0.7058	Epi|Enterocytes	0.2939	51
FEN1	0.9127	LP|Cycling B	1.4931	51
FENDRR	0.9436	LP|WNT5B+ 2	3.6381	51
FER	0.9243	LP|CD69+ Mast	0.5518	51
FER1L6	0.9939	Epi|Goblet	0.1403	51
FERMT1	0.9593	Epi|M cells	3.4590	51
FERMT2	0.8681	LP|Myofibroblasts	1.5067	51
FERMT3	0.8374	LP|GC	2.4553	51
FES	0.8698	LP|ILCs	1.1092	51
FEV	0.9998	Epi|Enteroendocrine	3.9757	51
FEZ1	0.9621	LP|Glia	2.6314	51
FEZ2	0.6966	LP|Post-capillary Venules	1.4204	51
FFAR2	0.9543	LP|Inflammatory Monocytes	0.1544	51
FFAR4	0.9822	Epi|Goblet	2.2313	51
FGD1	0.8400	LP|Myofibroblasts	0.0492	51
FGD2	0.8904	LP|DC2	0.5976	51
FGD3	0.8138	LP|NKs	0.4877	51
FGD4	0.7072	LP|Inflammatory Monocytes	0.3870	51
FGD5	0.9437	LP|Microvascular	0.6030	51
FGD5-AS1	0.5798	LP|Myofibroblasts	0.7583	51
FGD6	0.8887	LP|GC	0.4510	51
FGF12	0.9774	LP|Endothelial	0.0878	51
FGF13	0.9389	LP|RSPO3+	0.3285	51
FGF14	nan	Epi|Best4+ Enterocytes	0.0000	51
FGF14-AS2	0.8654	LP|RSPO3+	0.1688	51
FGF18	0.8423	LP|DC2	0.0208	51
FGF19	nan	Epi|Best4+ Enterocytes	0.0000	51
FGF2	0.9488	LP|Glia	0.3479	51
FGF22	0.9378	LP|MT-hi	0.1038	51
FGF23	0.9444	LP|Plasma	0.3989	51
FGF7	0.9587	LP|Inflammatory Fibroblasts	4.5409	51
FGF9	0.9789	LP|WNT5B+ 1	1.1029	51
FGFBP1	0.8904	Epi|Enterocyte Progenitors	0.3317	51
FGFBP2	0.9817	LP|NKs	7.3186	51
FGFBP3	0.8344	Epi|Enteroendocrine	0.1992	51
FGFR1	0.8891	LP|RSPO3+	1.3407	51
FGFR1OP	0.5995	LP|Cycling B	0.2494	51
FGFR1OP2	0.6564	LP|CD8+ IL17+	1.2061	51
FGFR2	0.8784	Epi|Goblet	0.3584	51
FGFR3	0.8173	Epi|Immature Enterocytes 2	0.2109	51
FGFR4	0.8923	Epi|Tuft	1.0060	51
FGFRL1	0.7375	Epi|Stem	0.0782	51
FGGY	0.7633	Epi|Stem	0.3080	51
FGL2	0.8989	LP|Glia	5.1378	51
FGR	0.9399	LP|Inflammatory Monocytes	2.3955	51
FH	0.6690	Epi|Cycling TA	0.8338	51
FHAD1	0.8589	LP|Myofibroblasts	0.0178	51
FHDC1	0.9382	Epi|Tuft	0.4491	51
FHIT	0.7646	LP|CD4+ Memory	0.4448	51
FHL1	0.9411	LP|Myofibroblasts	9.4608	51
FHL2	0.8070	Epi|Enterocytes	2.6036	51
FHL3	0.8498	LP|Myofibroblasts	0.9671	51
FHOD1	0.9223	LP|CD69- Mast	1.1628	51
FHOD3	0.9570	LP|Glia	0.1364	51
FIBCD1	0.9230	Epi|Immature Goblet	0.2191	51
FIBIN	0.9774	LP|Glia	3.2318	51
FIBP	0.6994	LP|CD69- Mast	2.3506	51
FICD	0.7810	LP|Plasma	0.2110	51
FIG4	0.5675	LP|CD8+ IL17+	0.1673	51
FIGN	0.9665	LP|Glia	0.6987	51
FIGNL1	0.7918	LP|Cycling T	0.1508	51
FILIP1	0.9327	LP|Endothelial	0.5796	51
FILIP1L	0.8685	LP|Pericytes	2.1793	51
FIP1L1	0.7426	LP|WNT5B+ 2	1.2664	51
FIS1	0.5718	LP|Post-capillary Venules	3.5539	51
FITM1	0.7294	LP|ILCs	0.0136	51
FITM2	0.6104	Epi|Stem	0.0908	51
FIZ1	0.7507	LP|MT-hi	0.1138	51
FJX1	0.9343	LP|Pericytes	0.1389	51
FKBP10	0.8806	LP|WNT5B+ 1	1.9274	51
FKBP11	0.9105	LP|Plasma	7.5788	51
FKBP14	0.7883	LP|Myofibroblasts	0.3094	51
FKBP15	0.6329	LP|Macrophages	0.2536	51
FKBP1A	0.8176	LP|Microvascular	17.8240	51
FKBP1B	0.8960	LP|DC1	0.7794	51
FKBP1C	0.7842	LP|Microvascular	0.1012	51
FKBP2	0.7168	LP|Plasma	7.9289	51
FKBP3	0.5507	LP|Cycling B	1.5048	51
FKBP4	0.6307	LP|Pericytes	1.0608	51
FKBP5	0.8506	LP|CD4+ PD1+	0.9355	51
FKBP7	0.8363	LP|WNT5B+ 2	1.1089	51
FKBP8	0.4649	LP|Glia	2.8144	51
FKBP9	0.8473	LP|Endothelial	1.0669	51
FKBPL	0.9067	LP|CD69- Mast	0.6667	51
FKRP	0.6805	Epi|Enteroendocrine	0.0867	51
FKSG63	0.9535	LP|Post-capillary Venules	0.0018	51
FKTN	0.7220	LP|Pericytes	0.1323	51
FLAD1	0.4321	LP|CD8+ IL17+	0.3368	51
FLCN	0.6740	LP|MT-hi	0.3489	51
FLG2	0.8848	LP|CD8+ IELs	0.0024	51
FLI1	0.7782	LP|Endothelial	0.9416	51
FLI1-AS1	0.9386	LP|CD69- Mast	0.4085	51
FLII	0.5664	Epi|M cells	0.5552	51
FLJ00104	0.9159	LP|NKs	0.0219	51
FLJ20306	0.7387	LP|Endothelial	0.0263	51
FLJ27365	0.6941	LP|WNT5B+ 2	0.3087	51
FLJ30594	0.9534	Epi|M cells	0.0578	51
FLNA	0.9165	LP|Myofibroblasts	7.2139	51
FLNB	0.8864	Epi|Immature Enterocytes 2	3.1313	51
FLNC	0.9428	LP|Myofibroblasts	0.1503	51
FLOT1	0.6199	LP|Glia	1.8711	51
FLOT2	0.6764	Epi|Tuft	0.5713	51
FLRT2	0.9386	LP|RSPO3+	0.3265	51
FLRT3	0.9840	LP|Glia	0.3982	51
FLT1	0.9837	LP|Microvascular	3.8427	51
FLT3	0.9903	LP|DC1	0.7377	51
FLT3LG	0.8004	LP|CD8+ IL17+	0.7593	51
FLT4	0.9621	LP|Microvascular	0.0832	51
FLVCR1	0.7820	Epi|Enteroendocrine	0.2739	51
FLVCR1-AS1	0.7169	LP|CD4+ PD1+	0.1418	51
FLVCR2	0.8169	Epi|Enterocytes	0.1161	51
FLYWCH1	0.5532	LP|Microvascular	0.1679	51
FLYWCH2	0.6819	LP|Microvascular	1.3822	51
FMN1	0.8685	Epi|Goblet	0.2127	51
FMN2	0.9316	Epi|Stem	0.0180	51
FMNL1	0.8037	LP|NKs	1.8793	51
FMNL2	0.8236	LP|Glia	0.3256	51
FMNL3	0.8017	LP|Microvascular	0.1891	51
FMO1	0.9748	LP|Inflammatory Fibroblasts	0.1638	51
FMO3	0.9641	LP|Pericytes	0.2013	51
FMO4	0.8505	LP|MT-hi	0.1577	51
FMO5	0.8684	Epi|Enterocytes	0.6693	51
FMOD	0.8501	LP|RSPO3+	0.7512	51
FMR1	0.4811	LP|RSPO3+	0.1808	51
FMR1-AS1	0.9728	Epi|Cycling TA	0.0007	51
FMR1-IT1	0.7699	LP|CD8+ IELs	0.0533	51
FN1	0.9115	LP|Myofibroblasts	8.3478	51
FN3K	0.8082	Epi|Tuft	0.2895	51
FN3KRP	0.6176	LP|Cycling T	0.5680	51
FNBP1	0.7024	LP|GC	2.3888	51
FNBP1L	0.8126	Epi|Enteroendocrine	0.4778	51
FNBP4	0.5447	Epi|Tuft	0.6211	51
FNDC1	0.9204	LP|WNT2B+ Fos-lo 2	0.2806	51
FNDC3A	0.6018	LP|Plasma	0.4396	51
FNDC3B	0.7305	LP|WNT5B+ 2	0.8182	51
FNDC4	0.8633	LP|Inflammatory Fibroblasts	0.3115	51
FNDC5	0.9963	Epi|Stem	0.0066	51
FNIP1	0.5661	LP|Pericytes	0.1783	51
FNIP2	0.8698	LP|DC1	1.5138	51
FNTA	0.7046	LP|Glia	1.7355	51
FNTB	0.6735	LP|Pericytes	0.1282	51
FOCAD	0.5351	Epi|Tuft	0.0894	51
FOLR1	0.9308	LP|WNT5B+ 2	0.0622	51
FOLR2	0.9704	LP|Macrophages	1.2623	51
FOLR3	1.0000	Epi|M cells	0.3101	51
FOPNL	0.5902	LP|CD4+ PD1+	0.5660	51
FOS	0.8214	LP|Glia	72.3655	51
FOSB	0.7692	LP|ILCs	16.4035	51
FOSL1	0.8861	LP|CD69+ Mast	0.1756	51
FOSL2	0.7278	LP|ILCs	1.7919	51
FOXA1	0.8898	Epi|M cells	0.3584	51
FOXA2	0.9149	Epi|Immature Goblet	0.3382	51
FOXA3	0.9433	Epi|Goblet	1.6748	51
FOXC1	0.9601	LP|Post-capillary Venules	0.1699	51
FOXD2	0.7700	Epi|Tuft	0.1337	51
FOXD2-AS1	0.8729	Epi|Enteroendocrine	0.1169	51
FOXD3	1.0000	LP|Glia	0.5323	51
FOXD4	0.9773	Epi|Cycling TA	0.0003	51
FOXD4L1	0.9831	Epi|Secretory TA	0.0003	51
FOXE3	0.9577	Epi|Stem	0.0047	51
FOXF1	0.9224	LP|WNT5B+ 2	3.4195	51
FOXF2	0.8935	LP|WNT5B+ 2	0.8457	51
FOXH1	0.8928	Epi|Enterocyte Progenitors	0.0079	51
FOXJ1	0.8931	LP|CD4+ Activated Fos-hi	0.2543	51
FOXJ2	0.8670	LP|CD69- Mast	0.4287	51
FOXJ3	0.7113	LP|MT-hi	0.3753	51
FOXK1	0.6917	Epi|M cells	0.3366	51
FOXK2	0.6845	LP|CD4+ PD1+	0.2186	51
FOXL1	0.9477	LP|WNT5B+ 2	0.2681	51
FOXM1	0.9259	LP|Cycling T	0.3478	51
FOXN1	0.9420	Epi|Enterocyte Progenitors	0.0042	51
FOXN2	0.7756	LP|MT-hi	0.4749	51
FOXN3	0.6063	LP|MT-hi	0.8709	51
FOXN3-AS1	0.8243	LP|Plasma	0.0408	51
FOXO1	0.7474	LP|Glia	0.4338	51
FOXO3	0.7125	LP|CD69- Mast	1.0498	51
FOXO4	0.7872	Epi|Tuft	0.1769	51
FOXO6	0.9664	Epi|Stem	0.0020	51
FOXP1	0.4352	LP|CD69+ Mast	2.5036	51
FOXP1-IT1	0.6922	Epi|Goblet	0.0847	51
FOXP2	0.8820	LP|RSPO3+	0.1483	51
FOXP3	0.9899	LP|Tregs	1.4295	51
FOXP4	0.9249	Epi|Tuft	0.7858	51
FOXQ1	0.9239	LP|Inflammatory Fibroblasts	0.0681	51
FOXRED1	0.6610	Epi|Cycling TA	0.2338	51
FOXRED2	0.7878	LP|Cycling Monocytes	0.1029	51
FOXS1	0.9959	LP|Pericytes	1.5922	51
FPGS	0.7070	LP|CD69- Mast	0.6042	51
FPGT	0.5369	LP|Glia	0.1670	51
FPGT-TNNI3K	0.9232	Epi|M cells	0.0355	51
FPR1	0.9870	LP|Inflammatory Monocytes	1.7759	51
FPR3	0.9688	LP|Macrophages	1.1935	51
FRA10AC1	0.6768	LP|Glia	0.7439	51
FRAS1	0.9747	Epi|M cells	0.1607	51
FRAT1	0.8172	LP|Macrophages	0.2108	51
FRAT2	0.7025	LP|Inflammatory Monocytes	0.3996	51
FREM1	0.9454	Epi|Enteroendocrine	0.0481	51
FREM2	0.9629	Epi|Enteroendocrine	0.0020	51
FRG1	0.4384	LP|CD69- Mast	0.7075	51
FRG1B	0.8175	LP|CD69- Mast	1.0523	51
FRK	0.8568	Epi|M cells	0.2242	51
FRMD1	0.9078	Epi|Best4+ Enterocytes	0.5609	51
FRMD3	0.9480	LP|Pericytes	0.7665	51
FRMD4A	0.9315	LP|Glia	1.4380	51
FRMD4B	0.8371	LP|Tregs	0.9017	51
FRMD5	0.9809	Epi|M cells	0.1536	51
FRMD6	0.8880	LP|Glia	0.5823	51
FRMD8	0.7446	LP|Microvascular	0.4779	51
FRMPD1	0.8237	LP|CD69+ Mast	0.0032	51
FRMPD2	0.8824	LP|Myofibroblasts	0.0051	51
FRMPD3	0.9241	LP|RSPO3+	0.0230	51
FRRS1	0.9166	Epi|Enteroendocrine	0.0354	51
FRRS1L	0.7844	Epi|Tuft	0.0453	51
FRS2	0.6084	LP|WNT2B+ Fos-lo 2	0.1239	51
FRS3	0.7388	LP|Microvascular	0.0511	51
FRY	0.8956	LP|WNT5B+ 1	0.6276	51
FRY-AS1	0.9398	LP|Pericytes	0.1179	51
FRYL	0.7125	Epi|M cells	1.1003	51
FRZB	0.9467	LP|WNT5B+ 1	12.3317	51
FSCN1	0.9051	LP|Microvascular	1.9782	51
FSCN2	0.9077	LP|Glia	0.0034	51
FSCN3	0.9783	LP|CD4+ PD1+	0.0387	51
FSD1	0.9090	LP|ILCs	0.2758	51
FSD1L	0.7874	LP|WNT5B+ 2	0.1747	51
FSD2	0.9628	Epi|Enteroendocrine	0.0513	51
FSIP1	0.8214	Epi|Goblet	0.1010	51
FSIP2	0.9210	Epi|Goblet	0.2589	51
FST	0.9873	LP|Glia	1.7100	51
FSTL1	0.8705	LP|Inflammatory Fibroblasts	3.6505	51
FSTL3	0.9732	LP|Glia	1.8034	51
FTCDNL1	0.8781	LP|DC2	0.0878	51
FTH1	0.8303	Epi|Enterocytes	502.2471	51
FTL	0.8798	LP|Macrophages	414.5997	51
FTO	0.6264	LP|WNT2B+ Fos-lo 2	0.1585	51
FTO-IT1	0.7484	LP|Glia	0.0073	51
FTSJ1	0.6287	LP|Cycling T	0.3081	51
FTSJ2	0.5968	LP|Cycling B	0.3716	51
FTSJ3	0.5614	LP|CD69- Mast	0.3106	51
FTX	0.6714	LP|Myofibroblasts	0.2705	51
FUBP1	0.4532	LP|Cycling B	0.6062	51
FUBP3	0.4717	LP|Microvascular	0.2888	51
FUCA1	0.9154	LP|Cycling Monocytes	6.4974	51
FUCA2	0.6078	LP|WNT2B+ Fos-hi	1.0073	51
FUK	0.8609	LP|Microvascular	0.3347	51
FUNDC1	0.6504	LP|Glia	0.5689	51
FUNDC2	0.6230	LP|CD69- Mast	1.8347	51
FUOM	0.7100	LP|CD69- Mast	1.1337	51
FURIN	0.9256	Epi|Tuft	2.9101	51
FUS	0.5341	LP|MT-hi	4.1241	51
FUT1	0.9576	LP|Endothelial	0.0919	51
FUT10	0.6782	LP|Pericytes	0.0753	51
FUT11	0.7140	LP|NKs	0.3283	51
FUT2	0.8856	Epi|Enterocytes	1.0609	51
FUT3	0.8815	Epi|Enterocytes	1.5159	51
FUT4	0.7288	Epi|Cycling TA	0.1193	51
FUT6	0.9303	Epi|Tuft	0.7823	51
FUT7	0.8920	LP|Cycling T	0.2214	51
FUT8	0.7962	LP|Myofibroblasts	0.7723	51
FUZ	0.6416	LP|Pericytes	0.2188	51
FXN	0.6856	LP|CD69- Mast	0.5850	51
FXR1	0.5481	LP|CD69- Mast	0.8037	51
FXR2	0.4875	LP|NKs	0.1265	51
FXYD1	0.9767	LP|Glia	4.0956	51
FXYD2	0.9190	LP|Cycling T	0.1946	51
FXYD3	0.8883	Epi|Immature Enterocytes 2	63.0559	51
FXYD4	0.9629	Epi|Immature Goblet	0.0176	51
FXYD5	0.8157	LP|ILCs	12.6041	51
FXYD6	0.8788	LP|RSPO3+	1.7434	51
FXYD7	0.9721	LP|ILCs	0.4321	51
FYB	0.8747	Epi|Tuft	7.4177	51
FYCO1	0.6465	Epi|M cells	0.1599	51
FYN	0.7742	LP|CD8+ LP	2.4517	51
FYTTD1	0.6762	LP|GC	0.9616	51
FZD1	0.8708	LP|WNT2B+ Fos-lo 1	0.4747	51
FZD10-AS1	0.8960	LP|Inflammatory Fibroblasts	0.1500	51
FZD2	0.9741	LP|CD69- Mast	0.6667	51
FZD3	0.8728	LP|CD4+ PD1+	0.3504	51
FZD4	0.9350	LP|Microvascular	0.6452	51
FZD5	0.8343	Epi|Enterocytes	0.5910	51
FZD6	0.9353	LP|Endothelial	0.5800	51
FZD7	0.8538	LP|RSPO3+	0.3053	51
FZD8	0.8365	LP|Glia	0.0610	51
FZD9	0.9874	Epi|Tuft	0.0345	51
FZR1	0.5639	Epi|Tuft	0.2459	51
G0S2	0.9499	LP|Inflammatory Monocytes	10.1711	51
G2E3	0.8748	LP|CD69- Mast	0.7540	51
G3BP1	0.4341	LP|ILCs	0.9616	51
G3BP2	0.7116	LP|Tregs	1.9683	51
G6PC	0.9719	Epi|Enterocytes	0.0117	51
G6PC3	0.6445	LP|Inflammatory Fibroblasts	0.5314	51
G6PD	0.7891	LP|NKs	0.9082	51
GAA	0.7482	LP|Glia	0.6404	51
GAB1	0.7848	LP|Glia	0.2794	51
GAB2	0.8852	Epi|Tuft	0.3165	51
GAB3	0.8778	LP|CD8+ IL17+	0.3476	51
GABARAP	0.5674	LP|Inflammatory Monocytes	0.7890	51
GABARAPL1	0.6541	LP|Endothelial	0.7293	51
GABARAPL2	0.6491	LP|Microvascular	6.0069	51
GABBR1	0.7697	LP|Glia	0.2248	51
GABBR2	0.9975	LP|Pericytes	0.0447	51
GABPA	0.6294	LP|Endothelial	0.2292	51
GABPB1	0.6571	LP|CD69+ Mast	0.3569	51
GABPB1-AS1	0.7272	LP|MT-hi	1.0574	51
GABPB2	0.4488	Epi|Tuft	0.2160	51
GABRA2	0.8895	LP|Glia	0.2746	51
GABRA4	0.9868	Epi|Stem	0.0030	51
GABRB2	0.9450	Epi|Stem	0.0342	51
GABRB3	0.9338	Epi|Enteroendocrine	0.0342	51
GABRE	0.7841	LP|Microvascular	0.1759	51
GABRP	0.9975	Epi|M cells	0.4865	51
GAD1	0.9447	Epi|Immature Goblet	0.0016	51
GADD45A	0.6523	LP|Tregs	1.2786	51
GADD45B	0.8160	LP|WNT5B+ 1	11.3711	51
GADD45G	0.9051	LP|WNT5B+ 1	4.3701	51
GADD45GIP1	0.4243	LP|Microvascular	2.9187	51
GAK	0.6180	Epi|Immature Enterocytes 2	0.7533	51
GAL	0.9581	Epi|Enteroendocrine	0.0796	51
GAL3ST1	0.9065	LP|Glia	0.1790	51
GAL3ST2	0.9691	Epi|Stem	0.0003	51
GAL3ST4	0.8265	LP|Cycling Monocytes	0.1619	51
GALC	0.8980	LP|CD69+ Mast	1.0202	51
GALE	0.8786	Epi|Goblet	2.3715	51
GALK1	0.7734	LP|CD69- Mast	0.9145	51
GALK2	0.4537	LP|Glia	0.2888	51
GALM	0.7027	LP|CD8+ IL17+	0.9901	51
GALNS	0.7565	LP|RSPO3+	0.3547	51
GALNT1	0.7585	LP|CD69- Mast	0.9127	51
GALNT10	0.6191	LP|Tregs	0.3024	51
GALNT11	0.7953	LP|CD69- Mast	0.8426	51
GALNT12	0.8678	Epi|Goblet	0.5859	51
GALNT14	0.9576	LP|GC	0.0574	51
GALNT15	0.9468	LP|Post-capillary Venules	0.2259	51
GALNT16	0.9262	LP|Microvascular	0.0854	51
GALNT18	0.9657	LP|Microvascular	1.3960	51
GALNT2	0.8738	LP|Glia	1.2845	51
GALNT3	0.8427	Epi|Immature Goblet	0.7331	51
GALNT5	0.9521	Epi|Goblet	0.7935	51
GALNT6	0.9021	LP|CD69+ Mast	0.8635	51
GALNT7	0.8026	Epi|Goblet	0.6353	51
GALNT8	0.9775	Epi|Immature Goblet	0.0688	51
GALNTL6	0.9701	Epi|Immature Goblet	0.0072	51
GALR2	0.8916	LP|Tregs	0.0376	51
GALR3	0.9540	Epi|Cycling TA	0.0004	51
GALT	0.5658	LP|ILCs	0.5181	51
GAMT	0.8053	LP|Pericytes	0.6182	51
GAN	0.6529	Epi|Enteroendocrine	0.3373	51
GANAB	0.5557	LP|CD69- Mast	0.6282	51
GANC	0.8950	Epi|Tuft	0.4912	51
GAPDH	0.6441	LP|Cycling B	51.4448	51
GAPT	0.9461	LP|CD69- Mast	1.3886	51
GAPVD1	0.7035	LP|MT-hi	0.4600	51
GAR1	0.5674	Epi|Cycling TA	0.5682	51
GAREM	0.8249	Epi|Goblet	0.1786	51
GAREML	0.9061	LP|CD4+ PD1+	0.1265	51
GARNL3	0.8461	LP|WNT2B+ Fos-lo 2	0.0287	51
GARS	0.5736	LP|Cycling B	0.6348	51
GART	0.4859	LP|Cycling T	0.3222	51
GAS1	0.9818	LP|Inflammatory Fibroblasts	0.4845	51
GAS2	0.9637	LP|WNT2B+ Fos-lo 2	0.0113	51
GAS2L1	0.7993	LP|Microvascular	0.4238	51
GAS2L3	0.9438	LP|Glia	0.3484	51
GAS5	0.5998	Epi|Stem	11.0107	51
GAS5-AS1	0.8341	LP|Inflammatory Fibroblasts	0.0027	51
GAS6	0.8629	LP|Microvascular	3.4940	51
GAS6-AS2	0.9364	LP|Inflammatory Fibroblasts	0.0216	51
GAS7	0.9542	LP|Glia	1.9785	51
GAS8	0.7829	Epi|Enteroendocrine	0.1809	51
GATA1	1.0000	Epi|Immature Goblet	0.0002	51
GATA2	0.9771	LP|CD69- Mast	6.6959	51
GATA3	0.8298	LP|CD4+ Activated Fos-lo	1.4578	51
GATA4	0.9583	Epi|Immature Enterocytes 2	0.0001	51
GATA5	0.9348	Epi|Tuft	0.0037	51
GATA6	0.8598	Epi|M cells	0.3724	51
GATA6-AS1	0.8398	Epi|Stem	0.2466	51
GATAD1	0.6635	Epi|M cells	0.5012	51
GATAD2A	0.7547	LP|MT-hi	0.6703	51
GATAD2B	0.5901	LP|MT-hi	0.2918	51
GATC	0.7462	Epi|Enteroendocrine	0.1259	51
GATM	0.9581	LP|Glia	2.1805	51
GATS	0.8363	LP|Follicular	0.0094	51
GATSL3	0.7730	LP|Endothelial	0.1577	51
GBA	0.7682	Epi|Enterocytes	0.7152	51
GBA2	0.6915	Epi|Immature Enterocytes 2	0.5062	51
GBAS	0.5149	LP|Myofibroblasts	0.8102	51
GBE1	0.7802	LP|CD69+ Mast	0.5166	51
GBF1	0.6832	Epi|M cells	0.3154	51
GBGT1	0.8654	LP|WNT5B+ 2	0.2367	51
GBP1	0.7613	LP|Glia	1.6586	51
GBP2	0.7520	LP|Tregs	2.6437	51
GBP3	0.7882	Epi|Enterocytes	0.9153	51
GBP4	0.7985	LP|Microvascular	1.1048	51
GBP5	0.8886	LP|Tregs	1.0776	51
GBP7	0.8644	LP|Glia	0.0772	51
GCA	0.8765	LP|Inflammatory Monocytes	2.4746	51
GCAT	0.7521	Epi|Cycling TA	0.3261	51
GCC1	0.7146	LP|ILCs	0.2251	51
GCC2	0.5627	LP|MT-hi	1.4076	51
GCDH	0.5359	LP|CD4+ PD1+	0.3523	51
GCFC2	0.5889	LP|WNT5B+ 1	0.2129	51
GCG	0.9999	Epi|Enteroendocrine	80.5249	51
GCH1	0.8225	Epi|Enteroendocrine	0.6523	51
GCHFR	0.7603	LP|GC	1.8454	51
GCK	0.8954	LP|WNT2B+ Fos-lo 1	0.0289	51
GCKR	0.9798	Epi|TA 1	0.0001	51
GCLC	0.8477	Epi|Enteroendocrine	0.7649	51
GCLM	0.7344	LP|WNT5B+ 1	0.7080	51
GCN1L1	0.6877	LP|MT-hi	0.2427	51
GCNT1	0.7408	Epi|Enteroendocrine	0.2878	51
GCNT2	0.8772	LP|GC	0.2960	51
GCNT3	0.9417	Epi|Enterocytes	3.3543	51
GCNT4	0.9627	LP|CD4+ Memory	0.0160	51
GCOM1	0.9814	Epi|Best4+ Enterocytes	0.0046	51
GCSAM	0.9490	LP|Cycling B	1.2076	51
GCSAML	0.9995	LP|CD69+ Mast	1.1722	51
GCSH	0.7076	LP|WNT2B+ Fos-hi	1.2115	51
GDA	0.9358	Epi|Immature Enterocytes 1	0.8098	51
GDAP1	0.7720	Epi|Enteroendocrine	0.1288	51
GDAP2	0.5976	LP|CD8+ IL17+	0.1777	51
GDE1	0.6248	LP|WNT5B+ 1	0.9153	51
GDF10	0.9818	LP|CD4+ PD1+	0.0249	51
GDF11	0.9352	LP|Pericytes	0.1531	51
GDF15	0.8509	LP|WNT5B+ 1	1.1251	51
GDF9	0.8531	Epi|M cells	0.0076	51
GDI1	0.7293	LP|Glia	0.9860	51
GDI2	0.6619	LP|GC	4.5821	51
GDNF	0.9662	LP|Glia	0.4684	51
GDPD1	0.9445	Epi|Tuft	0.1837	51
GDPD2	0.9552	Epi|Immature Enterocytes 2	0.2499	51
GDPD3	0.9340	Epi|Goblet	2.1915	51
GDPD5	0.9443	Epi|Tuft	0.4342	51
GDPGP1	0.7117	Epi|Immature Enterocytes 1	0.0205	51
GEM	0.9238	LP|Pericytes	3.4560	51
GEMIN2	0.6383	LP|Cycling B	0.2356	51
GEMIN4	0.6769	Epi|Cycling TA	0.1264	51
GEMIN5	0.6376	LP|Microvascular	0.0920	51
GEMIN6	0.5017	LP|Cycling B	0.2810	51
GEMIN7	0.5767	LP|GC	0.4172	51
GEMIN8	0.7408	LP|Glia	0.4349	51
GEN1	0.7430	LP|GC	0.0851	51
GET4	0.8212	Epi|Immature Goblet	0.0122	51
GFER	0.6487	Epi|Immature Enterocytes 2	1.0363	51
GFI1	0.8800	LP|CD8+ IL17+	0.4873	51
GFI1B	0.9863	Epi|Tuft	0.7999	51
GFM1	0.5145	LP|Microvascular	0.3667	51
GFM2	0.4560	LP|CD4+ PD1+	0.1178	51
GFOD1	0.8585	LP|NKs	0.7899	51
GFOD2	0.7400	LP|Endothelial	0.4729	51
GFPT1	0.7505	Epi|Immature Goblet	1.1967	51
GFPT2	0.8742	LP|MT-hi	0.2207	51
GFRA1	0.9711	LP|Glia	0.6491	51
GFRA2	0.9717	LP|Glia	0.6744	51
GFRA3	0.9974	LP|Glia	6.8560	51
GGA1	0.6947	LP|MT-hi	1.3018	51
GGA2	0.9346	LP|GC	3.0093	51
GGA3	0.7951	LP|CD69- Mast	0.3339	51
GGACT	0.7072	LP|CD8+ IELs	0.1138	51
GGCT	0.7229	Epi|Cycling TA	1.7642	51
GGCX	0.5346	LP|GC	0.3412	51
GGH	0.8574	Epi|M cells	2.4810	51
GGNBP2	0.5304	LP|GC	1.3793	51
GGPS1	0.5115	LP|RSPO3+	0.7493	51
GGT1	0.8859	Epi|Enterocytes	0.2530	51
GGT5	0.8923	LP|WNT2B+ Fos-hi	2.6953	51
GGT6	0.8802	Epi|Enterocytes	1.4082	51
GGT7	0.8113	Epi|Tuft	0.4215	51
GHDC	0.8560	LP|CD69- Mast	0.6786	51
GHITM	0.6768	Epi|Enterocyte Progenitors	5.4672	51
GHR	0.8886	LP|RSPO3+	0.1328	51
GHRH	nan	Epi|Best4+ Enterocytes	0.0000	51
GHRL	0.8160	LP|DC2	0.1904	51
GHRLOS	0.6858	Epi|Goblet	0.0077	51
GID4	0.5268	LP|Endothelial	0.0954	51
GID8	0.7379	LP|CD69- Mast	1.3187	51
GIF	0.9836	Epi|Immature Goblet	0.0140	51
GIGYF1	0.5902	Epi|Tuft	0.2846	51
GIGYF2	0.4981	LP|WNT2B+ Fos-lo 2	0.3268	51
GIMAP1	0.8622	LP|Endothelial	2.2017	51
GIMAP2	0.7943	LP|CD8+ IL17+	1.0729	51
GIMAP4	0.8457	LP|Endothelial	4.3453	51
GIMAP5	0.8253	LP|Endothelial	2.6674	51
GIMAP6	0.8703	LP|Endothelial	1.6210	51
GIMAP7	0.8589	LP|Endothelial	7.5363	51
GIMAP8	0.9085	LP|Endothelial	0.6595	51
GIN1	0.6837	LP|RSPO3+	0.1624	51
GINM1	0.6716	LP|Glia	1.2676	51
GINS1	0.9069	LP|Cycling B	0.1490	51
GINS2	0.9114	LP|Cycling B	1.2929	51
GINS3	0.8628	LP|Glia	0.1482	51
GINS4	0.8674	LP|CD69- Mast	0.2956	51
GIPC1	0.7988	Epi|Immature Enterocytes 2	2.4000	51
GIPC2	0.7941	Epi|Tuft	0.4512	51
GIPC3	0.9407	LP|Endothelial	0.0893	51
GIPR	0.8992	Epi|Enteroendocrine	0.1970	51
GIT1	0.7339	LP|Endothelial	0.2880	51
GIT2	0.6196	LP|GC	0.5430	51
GJA1	0.8859	LP|WNT5B+ 2	1.2730	51
GJA4	0.9871	LP|Pericytes	2.5028	51
GJA5	0.9978	LP|Endothelial	0.3578	51
GJB1	0.8401	Epi|TA 2	0.8331	51
GJB2	0.8680	Epi|M cells	0.3454	51
GJB3	0.9791	Epi|M cells	0.6009	51
GJB4	0.9948	Epi|M cells	0.2766	51
GJB5	0.8604	Epi|Cycling TA	0.0198	51
GJB7	0.9680	LP|Glia	0.0289	51
GJC1	0.9857	LP|Pericytes	1.2214	51
GJC2	0.9342	LP|Post-capillary Venules	0.0237	51
GJC3	0.9696	Epi|Tuft	0.0064	51
GK	0.8572	LP|Inflammatory Monocytes	1.0485	51
GK-IT1	0.8631	LP|MT-hi	0.0564	51
GK5	0.9123	Epi|M cells	0.3424	51
GKAP1	0.7416	Epi|Tuft	0.2536	51
GLA	0.7915	LP|Cycling Monocytes	1.3327	51
GLB1	0.4813	LP|WNT5B+ 1	0.5190	51
GLB1L	0.7436	LP|WNT5B+ 2	0.1283	51
GLB1L2	0.7991	Epi|Cycling TA	0.1315	51
GLCCI1	0.8168	LP|Tregs	0.5371	51
GLCE	0.6997	Epi|M cells	0.1297	51
GLDC	0.8890	LP|MT-hi	0.0429	51
GLDN	0.8990	Epi|Immature Enterocytes 2	0.1324	51
GLE1	0.5875	LP|Cycling T	0.2287	51
GLG1	0.6370	Epi|Tuft	0.8003	51
GLI1	0.8963	LP|Myofibroblasts	0.3096	51
GLI2	0.9123	LP|WNT2B+ Fos-lo 2	0.1103	51
GLI3	0.9099	LP|RSPO3+	0.2810	51
GLI4	0.5673	LP|CD8+ IL17+	0.2673	51
GLIPR1	0.7378	LP|DC2	2.4440	51
GLIPR1L2	0.8570	LP|Glia	0.0580	51
GLIPR2	0.7440	LP|NKs	1.9524	51
GLIS1	0.9375	LP|Inflammatory Fibroblasts	0.0555	51
GLIS2	0.8866	LP|WNT5B+ 2	0.1829	51
GLIS3	0.9362	LP|Inflammatory Fibroblasts	0.6211	51
GLIS3-AS1	0.9177	Epi|Enterocyte Progenitors	0.0057	51
GLMN	0.8522	LP|ILCs	0.7438	51
GLO1	0.6514	LP|CD8+ IL17+	1.5003	51
GLOD4	0.5453	Epi|Enterocyte Progenitors	1.0295	51
GLOD5	0.8579	Epi|Immature Enterocytes 2	0.1306	51
GLP2R	0.9745	LP|WNT5B+ 1	0.7115	51
GLRA1	0.7893	LP|Glia	0.0158	51
GLRA2	0.9818	Epi|M cells	0.1176	51
GLRA3	0.8386	LP|GC	0.0793	51
GLRA4	0.9781	Epi|Enterocytes	0.1888	51
GLRX	0.7498	Epi|M cells	3.9871	51
GLRX2	0.4975	Epi|Enterocyte Progenitors	0.3842	51
GLRX3	0.5915	LP|Cycling B	1.4127	51
GLRX5	0.4897	LP|Pericytes	1.0697	51
GLS	0.6493	Epi|M cells	0.7387	51
GLS2	0.8665	LP|ILCs	0.0160	51
GLT1D1	0.9929	Epi|Immature Enterocytes 2	0.0002	51
GLT8D1	0.7132	LP|Glia	0.9107	51
GLT8D2	0.8845	LP|WNT5B+ 1	1.4675	51
GLTP	0.6070	LP|Glia	0.8547	51
GLTPD1	0.7011	Epi|Tuft	0.5297	51
GLTPD2	0.9729	Epi|Goblet	0.0708	51
GLTSCR1	0.6900	Epi|Tuft	0.1363	51
GLTSCR1L	0.6403	Epi|Tuft	0.1679	51
GLTSCR2	0.5831	LP|CD4+ Memory	9.3896	51
GLUD1	0.5466	LP|WNT5B+ 1	1.1566	51
GLUD2	0.9521	LP|ILCs	0.0149	51
GLUL	0.9230	LP|CD69- Mast	16.0335	51
GLYATL1	0.9490	Epi|M cells	0.0024	51
GLYCTK	0.6931	Epi|M cells	0.3005	51
GLYR1	0.6220	LP|CD69- Mast	0.5409	51
GM2A	0.8744	LP|Macrophages	0.9254	51
GMCL1	0.6887	Epi|Tuft	0.6549	51
GMDS	0.8638	Epi|Immature Goblet	4.2853	51
GMDS-AS1	0.7797	LP|CD69- Mast	0.2283	51
GMEB1	0.6538	LP|MT-hi	0.3306	51
GMEB2	0.6993	LP|Cycling T	0.1279	51
GMFB	0.5475	LP|GC	0.4901	51
GMFG	0.6774	LP|Cycling T	6.6031	51
GMIP	0.6814	LP|GC	0.2876	51
GMNN	0.8054	Epi|Best4+ Enterocytes	1.4485	51
GMPPA	0.5777	Epi|Immature Goblet	0.4746	51
GMPPB	0.8627	LP|CD8+ IL17+	0.0323	51
GMPR	0.9768	LP|CD69- Mast	2.9135	51
GMPR2	0.6199	LP|Microvascular	0.7096	51
GMPS	0.5966	LP|Cycling T	0.5387	51
GNA11	0.8698	Epi|Enterocytes	1.8519	51
GNA12	0.7263	LP|Inflammatory Fibroblasts	0.2469	51
GNA13	0.6391	LP|Inflammatory Monocytes	0.5222	51
GNA14	0.8674	LP|Post-capillary Venules	0.1553	51
GNA15	0.8519	LP|DC1	0.7392	51
GNAI1	0.8517	LP|Pericytes	0.9569	51
GNAI2	0.6983	LP|Endothelial	2.6302	51
GNAI3	0.4326	LP|Cycling B	0.8221	51
GNAL	0.7691	LP|Myofibroblasts	0.0850	51
GNAO1	0.9218	LP|Myofibroblasts	0.1628	51
GNAQ	0.6717	LP|Endothelial	1.0095	51
GNAS	0.4523	Epi|Enteroendocrine	3.2091	51
GNAS-AS1	0.9658	Epi|Secretory TA	0.0002	51
GNAZ	0.9387	LP|CD69+ Mast	0.0635	51
GNB1	0.4964	LP|Endothelial	1.0989	51
GNB1L	0.6835	LP|CD8+ IL17+	0.2235	51
GNB2	0.4743	LP|Microvascular	2.5433	51
GNB2L1	0.5044	Epi|Stem	34.7437	51
GNB3	0.8226	LP|Plasma	0.0452	51
GNB4	0.7734	LP|Post-capillary Venules	0.3554	51
GNB5	0.7932	LP|CD69- Mast	0.6368	51
GNE	0.8598	Epi|M cells	0.4848	51
GNG10	0.7572	LP|Inflammatory Monocytes	0.0677	51
GNG11	0.9532	LP|Microvascular	29.5134	51
GNG12	0.8061	Epi|Enterocytes	1.5151	51
GNG12-AS1	0.8540	Epi|Goblet	0.0262	51
GNG13	0.9999	Epi|Tuft	5.6820	51
GNG2	0.8013	LP|Glia	1.8466	51
GNG4	0.9665	LP|CD4+ PD1+	0.5092	51
GNG5	0.3987	Epi|Immature Enterocytes 2	4.0581	51
GNG5P2	0.5992	Epi|M cells	0.0723	51
GNG7	0.8766	LP|Plasma	1.3779	51
GNG8	0.9818	LP|Tregs	0.1880	51
GNGT2	0.8259	LP|CD8+ IL17+	0.5397	51
GNL1	0.5833	LP|Microvascular	0.7217	51
GNL2	0.4564	LP|CD8+ IL17+	0.3571	51
GNL3	0.6469	LP|ILCs	1.2079	51
GNL3L	0.5728	Epi|Tuft	0.0951	51
GNLY	0.9797	LP|NKs	83.6104	51
GNMT	0.9073	LP|Glia	0.0098	51
GNPAT	0.5007	LP|Glia	0.4482	51
GNPDA1	0.7997	LP|Cycling Monocytes	0.7198	51
GNPDA2	0.7090	LP|Myofibroblasts	0.3556	51
GNPNAT1	0.7459	Epi|Immature Goblet	0.4739	51
GNPTAB	0.7531	Epi|Best4+ Enterocytes	0.9573	51
GNPTG	0.4571	LP|CD4+ PD1+	0.5019	51
GNRH1	0.8602	LP|WNT5B+ 2	0.0917	51
GNS	0.8162	LP|Macrophages	0.9624	51
GOLGA1	0.6049	LP|RSPO3+	0.1342	51
GOLGA2	0.4843	LP|Microvascular	0.4194	51
GOLGA3	0.5778	Epi|Goblet	0.4080	51
GOLGA4	0.4529	LP|CD69- Mast	0.8283	51
GOLGA5	0.5281	LP|CD69- Mast	0.2012	51
GOLGA6L4	0.8232	Epi|M cells	0.0975	51
GOLGA6L9	0.8700	LP|Glia	0.0383	51
GOLGA7	0.6063	LP|CD8+ IL17+	1.3688	51
GOLGA7B	0.9205	Epi|Enteroendocrine	0.0943	51
GOLGA8A	0.8085	LP|MT-hi	0.3182	51
GOLGA8B	0.7305	LP|MT-hi	0.2037	51
GOLGA8I	0.9102	LP|ILCs	0.0098	51
GOLGA8Q	0.9594	LP|CD8+ IELs	0.0472	51
GOLGB1	0.5115	LP|ILCs	0.7958	51
GOLIM4	0.6777	LP|Pericytes	1.1620	51
GOLM1	0.8256	Epi|M cells	2.3942	51
GOLPH3	0.3185	LP|CD4+ PD1+	0.4622	51
GOLPH3L	0.6638	Epi|M cells	0.4249	51
GOLT1A	0.8825	Epi|Tuft	0.1609	51
GOLT1B	0.5763	LP|CD8+ IL17+	0.6134	51
GON4L	0.6842	LP|MT-hi	0.7281	51
GOPC	0.4772	LP|WNT2B+ Fos-hi	0.6257	51
GORAB	0.5545	LP|Inflammatory Fibroblasts	0.1249	51
GORASP1	0.7711	Epi|M cells	0.3456	51
GORASP2	0.4719	LP|Glia	0.6954	51
GOSR1	0.6823	LP|CD69- Mast	0.7790	51
GOSR2	0.5760	LP|Microvascular	0.4377	51
GOT1	0.7551	Epi|Enterocyte Progenitors	1.0228	51
GOT2	0.6195	Epi|Cycling TA	0.4910	51
GP1BA	0.9138	LP|CD69+ Mast	0.0603	51
GP2	0.9297	Epi|Stem	0.1099	51
GP6	0.9741	LP|CD69+ Mast	0.0461	51
GP9	0.9878	Epi|Goblet	0.0216	51
GPA33	0.9162	Epi|Enterocytes	4.7864	51
GPAA1	0.4469	LP|Inflammatory Fibroblasts	1.0981	51
GPALPP1	0.8504	LP|CD69- Mast	0.6667	51
GPAM	0.8008	Epi|Enteroendocrine	0.1006	51
GPANK1	0.4532	LP|Glia	0.4379	51
GPAT2	0.9079	LP|Pericytes	0.2437	51
GPATCH1	0.8261	Epi|M cells	0.3063	51
GPATCH11	0.5678	LP|CD69- Mast	0.1539	51
GPATCH2	0.5141	Epi|Tuft	0.3228	51
GPATCH2L	0.5016	LP|Myofibroblasts	0.4026	51
GPATCH3	0.6601	LP|ILCs	0.2295	51
GPATCH4	0.4427	Epi|Cycling TA	0.3716	51
GPATCH8	0.5633	LP|Glia	0.7585	51
GPBAR1	0.9584	LP|Inflammatory Monocytes	0.4831	51
GPBP1	0.6692	LP|ILCs	2.6745	51
GPBP1L1	0.4176	Epi|Enterocytes	0.6225	51
GPC1	0.9051	LP|Glia	0.8991	51
GPC2	0.9054	Epi|Enteroendocrine	0.0689	51
GPC3	0.9715	LP|RSPO3+	0.9290	51
GPC4	0.8291	LP|WNT2B+ Fos-hi	0.4174	51
GPC6	0.9239	LP|RSPO3+	1.4476	51
GPCPD1	0.7960	LP|Inflammatory Monocytes	0.8456	51
GPD1	0.8791	Epi|Goblet	0.0389	51
GPD1L	0.7694	Epi|Immature Enterocytes 2	0.3507	51
GPD2	0.7392	Epi|Enterocytes	0.2761	51
GPER1	0.8670	LP|Glia	0.0798	51
GPHN	0.7257	Epi|Stem	0.1585	51
GPI	0.6309	LP|CD8+ IL17+	0.9870	51
GPKOW	0.5863	LP|NKs	0.3500	51
GPLD1	0.9257	Epi|M cells	0.0543	51
GPM6A	0.7409	Epi|Immature Enterocytes 1	0.3082	51
GPM6B	0.9940	LP|Glia	21.3987	51
GPN1	0.6160	LP|Cycling T	0.5084	51
GPN2	0.5569	LP|Cycling T	0.3353	51
GPN3	0.6418	LP|CD69- Mast	0.6230	51
GPNMB	0.9318	LP|RSPO3+	2.9866	51
GPR1	0.9412	LP|Microvascular	0.0338	51
GPR107	0.8356	Epi|M cells	0.5731	51
GPR108	0.4119	LP|CD8+ IL17+	0.6807	51
GPR110	0.9813	Epi|Enterocytes	0.1949	51
GPR113	0.9633	LP|Cycling T	0.0164	51
GPR114	0.9558	LP|GC	0.6318	51
GPR115	0.9501	Epi|Immature Enterocytes 1	0.1024	51
GPR116	0.9673	LP|Endothelial	2.0957	51
GPR12	0.8979	LP|NKs	0.0019	51
GPR124	0.9142	LP|Pericytes	0.6957	51
GPR125	0.7337	Epi|TA 2	0.2427	51
GPR126	0.9656	LP|Post-capillary Venules	1.2162	51
GPR128	0.9800	Epi|M cells	0.3650	51
GPR132	0.7831	LP|CD8+ IL17+	0.2326	51
GPR133	0.9500	LP|RSPO3+	0.1106	51
GPR135	0.8432	LP|RSPO3+	0.0171	51
GPR137	0.6872	Epi|M cells	0.5183	51
GPR137B	0.7558	LP|DC1	0.8574	51
GPR137C	0.9718	Epi|Enteroendocrine	0.1391	51
GPR143	0.9443	Epi|Tuft	0.0640	51
GPR146	0.9492	LP|Endothelial	1.0750	51
GPR15	0.8604	LP|CD4+ PD1+	0.0188	51
GPR150	0.8330	LP|RSPO3+	0.0218	51
GPR153	0.9729	Epi|Goblet	1.2775	51
GPR155	0.9622	LP|Glia	2.7418	51
GPR157	0.9175	LP|DC1	0.2976	51
GPR160	0.7943	Epi|Enteroendocrine	1.5692	51
GPR161	0.9018	LP|Pericytes	0.0869	51
GPR162	0.7831	LP|WNT5B+ 2	0.0983	51
GPR17	0.9998	LP|Glia	0.3047	51
GPR171	0.8864	LP|CD8+ IL17+	1.4192	51
GPR173	0.9853	Epi|Enterocytes	0.0009	51
GPR176	0.9411	LP|Inflammatory Fibroblasts	0.2305	51
GPR18	0.9635	LP|GC	4.0439	51
GPR180	0.7225	LP|Pericytes	0.2142	51
GPR183	0.8231	LP|DC2	6.5456	51
GPR19	0.9644	LP|MT-hi	0.1053	51
GPR20	0.9641	LP|Pericytes	0.1353	51
GPR27	0.9170	LP|Macrophages	0.0456	51
GPR3	0.9343	LP|Microvascular	0.0054	51
GPR34	0.9475	LP|CD69- Mast	2.4011	51
GPR35	0.9205	LP|CD69- Mast	1.5505	51
GPR37	0.9651	LP|RSPO3+	0.0304	51
GPR37L1	0.9606	Epi|Enterocytes	0.1454	51
GPR39	0.8677	Epi|Immature Enterocytes 1	0.0923	51
GPR4	0.9641	LP|Microvascular	0.4293	51
GPR55	0.9940	Epi|Goblet	0.0393	51
GPR56	0.9260	LP|NKs	1.2963	51
GPR63	0.9048	LP|Pericytes	0.5185	51
GPR64	0.9948	Epi|Stem	0.0013	51
GPR65	0.8904	LP|CD69+ Mast	4.7648	51
GPR68	0.8138	LP|ILCs	0.3848	51
GPR75-ASB3	0.6569	LP|WNT5B+ 1	0.1589	51
GPR82	0.7686	LP|CD8+ IL17+	0.4453	51
GPR83	0.9996	Epi|M cells	0.0082	51
GPR85	0.6897	Epi|TA 1	0.2413	51
GPR89A	0.8744	LP|CD69- Mast	0.6136	51
GPR98	0.8975	Epi|Enteroendocrine	0.0440	51
GPRASP1	0.8277	LP|WNT2B+ Fos-lo 2	0.1015	51
GPRASP2	0.8194	LP|Glia	0.0767	51
GPRC5A	0.9596	Epi|Enterocytes	4.7007	51
GPRC5B	0.9672	LP|Endothelial	0.8027	51
GPRC5C	0.8613	Epi|Best4+ Enterocytes	1.1656	51
GPRC5D	nan	Epi|Best4+ Enterocytes	0.0000	51
GPRIN1	0.8896	Epi|Enteroendocrine	0.0159	51
GPRIN2	0.9412	Epi|Goblet	0.7295	51
GPRIN3	0.7697	LP|CD4+ PD1+	0.5507	51
GPS1	0.3913	LP|Cycling T	0.5533	51
GPS2	0.7744	LP|CD69- Mast	0.6786	51
GPSM1	0.8732	LP|WNT2B+ Fos-lo 2	0.1625	51
GPSM2	0.8510	Epi|Cycling TA	0.4409	51
GPSM3	0.7100	LP|CD4+ PD1+	4.7150	51
GPT	0.8931	Epi|M cells	1.5516	51
GPT2	0.8931	Epi|Tuft	0.4218	51
GPX1	0.8413	LP|Cycling Monocytes	23.1528	51
GPX2	0.9076	Epi|M cells	13.3202	51
GPX3	0.8677	LP|WNT2B+ Fos-lo 1	7.6591	51
GPX4	0.5736	LP|CD69- Mast	8.0717	51
GPX7	0.7284	LP|Inflammatory Fibroblasts	0.4318	51
GPX8	0.8512	LP|RSPO3+	0.8040	51
GRAMD1A	0.7066	LP|Microvascular	1.3327	51
GRAMD1B	0.8973	LP|CD4+ PD1+	0.0574	51
GRAMD1C	0.7420	Epi|Tuft	0.1000	51
GRAMD2	0.9719	LP|Glia	0.0652	51
GRAMD3	0.8831	LP|Glia	1.1658	51
GRAMD4	0.7659	Epi|Immature Enterocytes 2	0.4471	51
GRAP	0.8993	LP|GC	0.4859	51
GRAP2	0.9552	LP|CD69- Mast	4.5751	51
GRASP	0.9713	Epi|Tuft	1.4450	51
GRB10	0.9621	LP|Microvascular	1.1022	51
GRB14	0.9856	LP|Glia	0.2133	51
GRB2	0.7638	LP|GC	2.4217	51
GRB7	0.8590	Epi|Immature Enterocytes 1	0.3162	51
GREB1	0.9117	LP|Glia	0.0335	51
GREM1	0.9785	LP|RSPO3+	0.8855	51
GREM2	0.9912	LP|RSPO3+	0.6540	51
GRHL1	0.8845	LP|CD69+ Mast	0.1613	51
GRHL2	0.8447	Epi|Tuft	0.0895	51
GRHL3	0.9806	Epi|Enterocytes	0.0064	51
GRHPR	0.7205	LP|GC	2.2110	51
GRIA3	0.9462	LP|Glia	0.2104	51
GRIA4	0.9250	LP|WNT2B+ Fos-lo 1	0.0938	51
GRID1	0.9153	LP|WNT5B+ 2	0.0725	51
GRIN1	0.9876	Epi|Goblet	0.0034	51
GRIN2B	0.9845	Epi|Tuft	0.0536	51
GRIN2D	0.9052	LP|Glia	0.0087	51
GRIN3A	0.9824	Epi|Enterocytes	0.0114	51
GRINA	0.7237	LP|Inflammatory Monocytes	1.1942	51
GRIP1	0.9549	LP|DC2	0.0813	51
GRIP2	0.9688	LP|Pericytes	0.1136	51
GRIPAP1	0.7065	Epi|Tuft	0.5663	51
GRK4	0.8494	LP|CD69- Mast	0.1943	51
GRK5	0.8548	Epi|Tuft	1.3615	51
GRK6	0.7495	LP|NKs	1.3486	51
GRM3	0.9127	Epi|Enteroendocrine	0.0321	51
GRM4	0.9321	Epi|TA 2	0.0016	51
GRM6	0.8356	LP|Pericytes	0.0124	51
GRM7	0.7995	LP|Myofibroblasts	0.0180	51
GRM8	0.9195	LP|WNT5B+ 2	0.0328	51
GRN	0.7879	LP|Cycling Monocytes	9.2517	51
GRPEL1	0.7542	LP|CD69- Mast	1.4575	51
GRPEL2	0.9058	LP|CD69- Mast	0.6786	51
GRSF1	0.7084	LP|CD69- Mast	1.6054	51
GRTP1	0.7872	Epi|Enterocyte Progenitors	0.4415	51
GRWD1	0.5164	LP|ILCs	0.3538	51
GS1-114I9.1	0.9795	Epi|Goblet	0.0068	51
GS1-124K5.11	0.7209	Epi|M cells	0.1151	51
GS1-124K5.3	0.7022	LP|NKs	0.0491	51
GS1-124K5.4	0.5823	LP|Glia	0.0970	51
GS1-166A23.2	0.8407	Epi|M cells	0.0067	51
GS1-204I12.4	0.9649	Epi|M cells	0.0156	51
GS1-251I9.4	0.6417	LP|CD69- Mast	1.4840	51
GS1-259H13.2	0.8044	LP|WNT2B+ Fos-lo 2	0.0191	51
GS1-279B7.2	0.9224	LP|Glia	0.0094	51
GS1-358P8.4	0.5867	LP|Pericytes	0.0754	51
GS1-393G12.12	0.7921	Epi|Immature Enterocytes 1	0.0535	51
GS1-393G12.14	0.9081	LP|Inflammatory Fibroblasts	0.0037	51
GSAP	0.8625	LP|NKs	0.4542	51
GSDMA	0.9668	LP|Cycling Monocytes	0.0349	51
GSDMB	0.8564	Epi|Enterocytes	0.7878	51
GSDMD	0.5355	Epi|Enterocytes	1.6986	51
GSE1	0.7174	Epi|Tuft	0.5006	51
GSG1	0.9871	Epi|Best4+ Enterocytes	0.0002	51
GSG2	0.9604	LP|Cycling B	0.0798	51
GSK3A	0.5652	LP|MT-hi	0.3111	51
GSK3B	0.8164	LP|CD69- Mast	0.8434	51
GSKIP	0.8037	Epi|Enterocyte Progenitors	1.8514	51
GSN	0.8781	LP|Microvascular	39.8906	51
GSN-AS1	0.8101	LP|Glia	0.0101	51
GSPT1	0.4691	LP|Tregs	0.9574	51
GSPT2	0.8329	LP|CD69- Mast	0.4566	51
GSR	0.6573	LP|CD69- Mast	0.2343	51
GSS	0.6610	Epi|Cycling TA	0.7485	51
GSTA1	0.8748	Epi|M cells	0.4192	51
GSTA2	0.9480	Epi|Enterocyte Progenitors	0.0118	51
GSTA4	0.8008	LP|RSPO3+	0.8028	51
GSTCD	0.8692	LP|CD69- Mast	0.1478	51
GSTK1	0.4952	Epi|Enterocyte Progenitors	3.9018	51
GSTM1	0.8589	LP|CD4+ PD1+	0.0467	51
GSTM2	0.8488	LP|RSPO3+	0.0931	51
GSTM3	0.8569	LP|RSPO3+	2.9711	51
GSTM4	0.7216	Epi|Enterocyte Progenitors	0.9079	51
GSTM5	0.9619	LP|RSPO3+	1.9023	51
GSTO1	0.6231	LP|CD69- Mast	3.6905	51
GSTO2	0.8426	Epi|Enteroendocrine	0.5605	51
GSTP1	0.6201	LP|DC1	16.1510	51
GSTT1	0.7026	LP|WNT2B+ Fos-lo 1	1.5832	51
GSTZ1	0.7052	Epi|Enterocyte Progenitors	0.5331	51
GTDC1	0.8822	LP|CD69- Mast	0.7457	51
GTF2A1	0.5536	LP|Pericytes	0.2079	51
GTF2A2	0.3963	LP|Cycling B	1.7254	51
GTF2B	0.6234	LP|ILCs	1.4090	51
GTF2E1	0.5133	LP|Microvascular	0.1009	51
GTF2E2	0.6103	LP|GC	0.8107	51
GTF2F1	0.4610	LP|CD69- Mast	0.5934	51
GTF2F2	0.5496	LP|MT-hi	0.5584	51
GTF2H1	0.4734	LP|RSPO3+	0.2828	51
GTF2H2	0.8347	LP|CD69- Mast	0.7457	51
GTF2H2C	0.6958	Epi|Enteroendocrine	0.1112	51
GTF2H3	0.5317	LP|CD4+ PD1+	0.1717	51
GTF2H4	0.9941	Epi|Enteroendocrine	0.0153	51
GTF2H5	0.6893	LP|Glia	2.1207	51
GTF2I	0.6162	LP|CD69- Mast	1.4872	51
GTF2IRD1	0.7069	LP|WNT2B+ Fos-lo 2	0.0986	51
GTF2IRD2	0.5801	LP|WNT5B+ 2	0.2482	51
GTF2IRD2B	0.6236	Epi|Tuft	0.2767	51
GTF3A	0.6078	LP|Cycling T	3.1624	51
GTF3C1	0.7589	LP|NKs	0.4479	51
GTF3C2	0.6516	LP|CD69- Mast	0.2798	51
GTF3C3	0.5440	LP|Post-capillary Venules	0.1603	51
GTF3C4	0.6156	Epi|Enteroendocrine	0.1206	51
GTF3C5	0.6415	Epi|Tuft	0.4583	51
GTF3C6	0.3844	LP|Cycling T	1.6930	51
GTPBP1	0.6169	LP|ILCs	0.3585	51
GTPBP10	0.5640	LP|CD8+ IL17+	0.1316	51
GTPBP2	0.7939	Epi|Enterocytes	0.1671	51
GTPBP3	0.5542	LP|MT-hi	0.2106	51
GTPBP4	0.6321	LP|MT-hi	0.6407	51
GTPBP6	0.4545	LP|NKs	0.5456	51
GTPBP8	0.5439	LP|Cycling T	0.3496	51
GTSE1	0.9450	LP|Cycling T	0.9065	51
GTSF1	0.8656	LP|Cycling B	0.2646	51
GUCA2A	0.9481	Epi|Enterocytes	93.3026	51
GUCA2B	0.9737	Epi|Best4+ Enterocytes	60.3750	51
GUCD1	0.7188	Epi|Enterocytes	0.7763	51
GUCY1A2	0.9904	LP|Pericytes	0.5910	51
GUCY1A3	0.9507	LP|RSPO3+	1.9615	51
GUCY1B3	0.9736	LP|Pericytes	1.7904	51
GUCY2C	0.8903	Epi|Best4+ Enterocytes	0.7645	51
GUCY2D	0.9528	LP|ILCs	0.0144	51
GUF1	0.4415	Epi|Enteroendocrine	0.1092	51
GUK1	0.5562	LP|Microvascular	7.8735	51
GULP1	0.8659	Epi|Enteroendocrine	1.4561	51
GUSB	0.6093	LP|Cycling Monocytes	1.1150	51
GUSBP11	0.9042	LP|Plasma	0.4436	51
GVQW1	0.8877	LP|Tregs	0.0120	51
GXYLT1	0.5406	LP|CD8+ IL17+	0.1756	51
GXYLT2	0.8184	LP|WNT2B+ Fos-lo 2	0.0705	51
GYG1	0.7526	LP|CD8+ IL17+	1.3229	51
GYG2	0.8209	Epi|Stem	0.0613	51
GYLTL1B	0.9492	LP|Follicular	0.1032	51
GYPC	0.7377	LP|CD4+ PD1+	4.6807	51
GYS1	0.5837	LP|Pericytes	0.1016	51
GZF1	0.8147	LP|DC2	0.3034	51
GZMA	0.9275	LP|NKs	21.5396	51
GZMB	0.9686	LP|NKs	18.8356	51
GZMH	0.9635	LP|NKs	4.3419	51
GZMK	0.9723	LP|CD8+ LP	10.3092	51
GZMM	0.9217	LP|NKs	5.1950	51
H19	0.9882	LP|Endothelial	1.0144	51
H1F0	0.7226	Epi|Goblet	2.2035	51
H1FX	0.6871	LP|Inflammatory Monocytes	2.5801	51
H1FX-AS1	0.8782	LP|Pericytes	0.1308	51
H2AFJ	0.7195	Epi|Tuft	4.8630	51
H2AFV	0.7785	LP|Cycling B	7.3319	51
H2AFX	0.7875	LP|Cycling T	1.8471	51
H2AFY	0.6854	LP|ILCs	4.7166	51
H2AFY2	0.7332	LP|WNT5B+ 1	0.4007	51
H2AFZ	0.8034	LP|Cycling Monocytes	23.5852	51
H3F3A	0.4853	LP|Inflammatory Monocytes	24.8358	51
H3F3B	0.7103	LP|CD69+ Mast	68.2114	51
H3F3C	0.6985	LP|Glia	0.1616	51
H6PD	0.7169	LP|Inflammatory Fibroblasts	0.3781	51
HAAO	0.8940	LP|RSPO3+	2.4519	51
HABP2	0.9877	Epi|Stem	0.0009	51
HABP4	0.8102	LP|Glia	0.2510	51
HACE1	0.8374	LP|MT-hi	0.1275	51
HACL1	0.7548	LP|MT-hi	0.4910	51
HADH	0.7979	Epi|Enterocyte Progenitors	1.9639	51
HADHA	0.4871	Epi|Enterocyte Progenitors	1.9475	51
HADHB	0.5986	Epi|Enterocyte Progenitors	1.7653	51
HAGH	0.5746	LP|Microvascular	1.1909	51
HAGHL	0.8306	LP|CD8+ IELs	0.2702	51
HAL	0.9886	Epi|Tuft	0.0119	51
HAMP	0.9407	LP|GC	0.0525	51
HAND2	0.9968	LP|Glia	0.8071	51
HAND2-AS1	0.9918	LP|Glia	0.8503	51
HAP1	0.9136	Epi|Tuft	0.2469	51
HAPLN1	0.9534	LP|WNT2B+ Fos-hi	5.2163	51
HAPLN3	0.8979	LP|Post-capillary Venules	1.0474	51
HAR1A	0.8049	LP|ILCs	0.0477	51
HAR1B	0.8948	LP|CD8+ IL17+	0.0407	51
HARBI1	0.7493	LP|Glia	0.1072	51
HARS	0.5340	LP|CD69- Mast	0.6635	51
HARS2	0.6348	LP|MT-hi	0.2021	51
HAS1	0.9742	LP|Inflammatory Fibroblasts	0.2413	51
HAS2	0.8807	LP|WNT2B+ Fos-lo 2	0.3747	51
HAS2-AS1	0.8656	LP|Glia	0.0503	51
HAS3	0.9685	Epi|Enterocytes	0.3003	51
HAT1	0.6851	LP|Cycling B	1.1105	51
HAUS1	0.7292	LP|Cycling B	1.0260	51
HAUS2	0.8496	LP|CD69- Mast	0.6400	51
HAUS3	0.6880	LP|CD4+ PD1+	0.2140	51
HAUS4	0.7517	LP|Cycling Monocytes	0.2853	51
HAUS5	0.7288	LP|Cycling T	0.1626	51
HAUS6	0.7325	LP|Cycling T	0.2234	51
HAUS7	0.6698	LP|CD69- Mast	0.1943	51
HAUS8	0.8932	LP|Cycling B	0.6942	51
HAVCR1	0.9588	Epi|Immature Enterocytes 2	0.0024	51
HAVCR2	0.8912	LP|CD8+ IL17+	1.3881	51
HAX1	0.5184	LP|CD69- Mast	1.8752	51
HBA1	0.9565	LP|NKs	0.6237	51
HBA2	0.8971	LP|NKs	0.2692	51
HBB	0.9444	LP|CD69+ Mast	1.7607	51
HBD	0.9724	LP|Plasma	0.0507	51
HBEGF	0.8714	LP|Inflammatory Monocytes	1.1619	51
HBP1	0.6411	LP|CD4+ PD1+	1.1690	51
HBS1L	0.5623	LP|CD69+ Mast	0.3525	51
HCAR1	0.8670	LP|GC	0.0268	51
HCAR2	0.9545	LP|DC2	0.2818	51
HCAR3	0.9666	LP|Inflammatory Monocytes	0.2826	51
HCCS	0.6940	Epi|Tuft	0.7804	51
HCFC1	0.6677	LP|MT-hi	0.3937	51
HCFC1R1	0.7982	LP|Pericytes	2.6424	51
HCFC2	0.6694	LP|ILCs	0.1830	51
HCG11	0.7204	LP|RSPO3+	0.2099	51
HCG14	0.9091	LP|Pericytes	0.0074	51
HCG15	0.9583	LP|CD4+ PD1+	0.0120	51
HCG17	0.9030	LP|Myofibroblasts	0.0090	51
HCG18	0.8145	LP|ILCs	0.8425	51
HCG25	0.8312	LP|ILCs	0.0219	51
HCG27	0.8807	Epi|Enterocytes	0.0806	51
HCG9	0.9245	Epi|Tuft	0.0138	51
HCK	0.9839	Epi|Tuft	11.0328	51
HCLS1	0.7848	LP|GC	2.8463	51
HCN2	nan	Epi|Best4+ Enterocytes	0.0000	51
HCN3	0.9084	Epi|Enteroendocrine	0.0988	51
HCP5	0.6961	LP|MT-hi	0.7853	51
HCRT	0.9931	Epi|M cells	0.0318	51
HCST	0.8935	LP|NKs	15.8252	51
HDAC1	0.5535	LP|GC	1.5853	51
HDAC10	0.5484	Epi|Tuft	0.2801	51
HDAC11	0.8746	LP|Glia	0.4458	51
HDAC2	0.8184	LP|CD69- Mast	3.2731	51
HDAC3	0.5312	LP|CD4+ PD1+	0.5313	51
HDAC4	0.7559	LP|CD69- Mast	0.2188	51
HDAC5	0.7326	LP|Pericytes	0.6793	51
HDAC6	0.6276	Epi|Tuft	0.2261	51
HDAC7	0.8087	LP|Endothelial	0.9908	51
HDAC8	0.6035	LP|CD69- Mast	0.2343	51
HDAC9	0.8805	LP|ILCs	0.4848	51
HDC	0.9882	LP|CD69- Mast	5.9285	51
HDDC2	0.6059	LP|RSPO3+	1.3698	51
HDDC3	0.5560	LP|MT-hi	0.4502	51
HDGF	0.6184	Epi|M cells	1.0215	51
HDGFRP2	0.5644	Epi|Tuft	0.2936	51
HDGFRP3	0.7967	LP|Post-capillary Venules	0.3679	51
HDHD1	0.5986	LP|Cycling B	0.2731	51
HDHD2	0.6480	LP|Glia	0.4894	51
HDHD3	0.8293	Epi|Enterocytes	2.0204	51
HDLBP	0.5954	Epi|Immature Goblet	1.4851	51
HDX	0.7890	LP|Myofibroblasts	0.0609	51
HEATR1	0.4855	LP|MT-hi	0.1143	51
HEATR2	0.6683	Epi|Goblet	0.1179	51
HEATR3	0.7876	LP|Macrophages	0.1181	51
HEATR4	nan	Epi|Best4+ Enterocytes	0.0000	51
HEATR5A	0.5750	Epi|Immature Enterocytes 2	0.1385	51
HEATR5B	0.4906	LP|Endothelial	0.0909	51
HEATR6	0.7161	Epi|Tuft	0.0895	51
HEBP1	0.7464	LP|CD69- Mast	1.5998	51
HEBP2	0.4789	Epi|Immature Enterocytes 2	1.1599	51
HECA	0.6187	LP|Inflammatory Monocytes	0.3994	51
HECTD1	0.6367	LP|ILCs	1.0322	51
HECTD2	0.7656	LP|Myofibroblasts	0.1090	51
HECTD3	0.6192	Epi|Immature Enterocytes 2	0.1567	51
HECTD4	0.5664	Epi|M cells	0.1739	51
HECW1	0.8763	LP|WNT2B+ Fos-lo 1	0.0324	51
HECW2	0.9585	LP|Endothelial	0.3321	51
HEG1	0.9424	LP|Endothelial	2.6221	51
HELB	0.8415	LP|MT-hi	0.1430	51
HELLS	0.8614	LP|Cycling B	0.6496	51
HELQ	0.6572	LP|GC	0.2400	51
HELZ	0.6031	LP|CD8+ IELs	0.5817	51
HELZ2	0.6741	LP|Post-capillary Venules	0.4608	51
HEMK1	0.5200	LP|MT-hi	0.2166	51
HENMT1	0.8577	LP|CD69- Mast	0.8840	51
HEPACAM2	0.9362	Epi|Immature Goblet	2.7210	51
HEPH	0.9012	Epi|M cells	2.3639	51
HERC1	0.6367	LP|Endothelial	0.4208	51
HERC2	0.5704	Epi|Tuft	0.4646	51
HERC3	0.5496	LP|NKs	0.1211	51
HERC4	0.4990	Epi|Enterocytes	0.3915	51
HERC5	0.7167	LP|WNT2B+ Fos-lo 2	0.1833	51
HERC6	0.6356	LP|MT-hi	0.1495	51
HERPUD1	0.8570	LP|Plasma	18.8324	51
HERPUD2	0.6981	LP|MT-hi	0.6866	51
HES1	0.8833	LP|Glia	21.8929	51
HES2	0.8894	Epi|Immature Goblet	0.3162	51
HES4	0.9195	LP|Pericytes	5.9521	51
HES5	0.9555	LP|Pericytes	0.1414	51
HES6	0.8722	Epi|Immature Goblet	1.1410	51
HES7	0.9023	LP|ILCs	0.0092	51
HESX1	0.9431	Epi|Enteroendocrine	0.0702	51
HEXA	0.6420	LP|Cycling Monocytes	1.5319	51
HEXA-AS1	0.9218	Epi|M cells	0.0220	51
HEXB	0.6806	LP|Cycling Monocytes	2.5151	51
HEXDC	0.6816	LP|MT-hi	0.3436	51
HEXIM1	0.8221	LP|Glia	2.6989	51
HEXIM2	0.6049	LP|RSPO3+	0.1098	51
HEY1	0.9609	LP|Endothelial	1.3129	51
HEY2	0.9836	LP|Pericytes	0.7340	51
HEYL	0.9850	LP|Pericytes	0.6582	51
HFE	0.6869	LP|Myofibroblasts	0.0772	51
HGD	0.9484	Epi|M cells	0.7865	51
HGF	0.9445	LP|Inflammatory Fibroblasts	0.7244	51
HGS	0.4265	Epi|M cells	0.3518	51
HGSNAT	0.5022	LP|Inflammatory Fibroblasts	0.4751	51
HHAT	0.7195	LP|WNT2B+ Fos-lo 1	0.0275	51
HHEX	0.9095	LP|GC	2.7005	51
HHIP	0.9931	LP|Myofibroblasts	6.8182	51
HHIP-AS1	0.9683	LP|Myofibroblasts	1.8455	51
HHIPL1	0.9231	LP|WNT2B+ Fos-lo 2	0.0307	51
HHLA2	0.9540	Epi|Enterocytes	1.5652	51
HHLA3	0.6470	LP|CD4+ PD1+	0.1890	51
HIAT1	0.7106	LP|CD69- Mast	0.7742	51
HIATL1	0.5951	LP|Inflammatory Monocytes	0.3739	51
HIATL2	0.6480	LP|WNT5B+ 2	0.0238	51
HIBADH	0.6416	Epi|M cells	0.6957	51
HIBCH	0.6701	Epi|Enterocyte Progenitors	1.0769	51
HIC1	0.8329	LP|ILCs	0.9282	51
HIC2	0.6419	LP|ILCs	0.0854	51
HID1	0.8934	Epi|Goblet	0.5504	51
HIF1A	0.7829	LP|Inflammatory Fibroblasts	2.1995	51
HIF1A-AS2	0.8920	Epi|Tuft	0.0270	51
HIF1AN	0.4744	LP|Cycling T	0.2211	51
HIF3A	0.9538	LP|Microvascular	0.3407	51
HIGD1A	0.7982	Epi|Immature Enterocytes 2	5.0624	51
HIGD1B	0.9980	LP|Pericytes	6.8871	51
HIGD2A	0.3621	Epi|Secretory TA	3.9004	51
HIGD2B	0.7127	Epi|Enterocyte Progenitors	0.0111	51
HILPDA	0.6522	LP|Glia	0.2576	51
HINFP	0.5772	Epi|M cells	0.2565	51
HINT1	0.5397	Epi|Enterocyte Progenitors	13.6038	51
HINT2	0.5143	Epi|Tuft	1.6103	51
HINT3	0.7824	LP|ILCs	0.6763	51
HIP1	0.8125	LP|Pericytes	0.5081	51
HIP1R	0.9280	Epi|Tuft	1.4566	51
HIPK1	0.6765	LP|MT-hi	0.5534	51
HIPK2	0.7716	Epi|M cells	0.8136	51
HIPK3	0.7346	LP|Post-capillary Venules	0.5722	51
HIPK4	nan	Epi|Best4+ Enterocytes	0.0000	51
HIRA	0.5652	LP|NKs	0.1099	51
HIRIP3	0.8061	LP|Cycling T	0.8502	51
HIST1H1A	0.9341	LP|Cycling B	0.0134	51
HIST1H1B	0.9478	LP|Cycling B	0.1278	51
HIST1H1C	0.9197	Epi|Enterocytes	8.1175	51
HIST1H1D	0.9449	LP|CD69- Mast	0.6786	51
HIST1H1E	0.8524	LP|Cycling T	0.2079	51
HIST1H2AB	0.9292	LP|Cycling T	0.0276	51
HIST1H2AC	0.7652	Epi|Enterocytes	1.3955	51
HIST1H2AE	0.8298	Epi|Goblet	0.2253	51
HIST1H2AG	0.7496	Epi|Goblet	0.0589	51
HIST1H2AH	0.8804	LP|Glia	0.0526	51
HIST1H2AI	0.9580	Epi|Immature Enterocytes 1	0.0087	51
HIST1H2AJ	0.9720	Epi|Enteroendocrine	0.0170	51
HIST1H2AK	0.8368	LP|CD8+ IL17+	0.0153	51
HIST1H2AL	0.9083	LP|Cycling B	0.0491	51
HIST1H2AM	0.9078	LP|Cycling T	0.1120	51
HIST1H2BB	0.9784	Epi|Goblet	0.0291	51
HIST1H2BC	0.8511	Epi|Goblet	0.3164	51
HIST1H2BD	0.8744	Epi|Enterocytes	0.8406	51
HIST1H2BF	0.8736	Epi|Goblet	0.0380	51
HIST1H2BG	0.8972	LP|Plasma	0.1107	51
HIST1H2BH	0.8884	LP|Cycling B	0.1432	51
HIST1H2BI	nan	Epi|Best4+ Enterocytes	0.0000	51
HIST1H2BJ	0.8634	LP|Plasma	0.2287	51
HIST1H2BK	0.7258	LP|Plasma	2.0015	51
HIST1H2BL	0.9916	Epi|Cycling TA	0.0015	51
HIST1H2BN	0.6345	LP|Glia	0.1007	51
HIST1H2BO	nan	Epi|Best4+ Enterocytes	0.0000	51
HIST1H3A	0.8047	Epi|Tuft	0.0235	51
HIST1H3B	0.9850	Epi|Cycling TA	0.0047	51
HIST1H3C	0.9232	LP|Cycling T	0.0361	51
HIST1H3D	0.8172	LP|Cycling T	0.1086	51
HIST1H3E	0.9715	Epi|Immature Enterocytes 1	0.0116	51
HIST1H3F	0.9795	Epi|Immature Enterocytes 1	0.0126	51
HIST1H3G	0.9043	Epi|Cycling TA	0.0177	51
HIST1H3H	0.9550	Epi|Immature Enterocytes 1	0.0053	51
HIST1H3I	0.8789	LP|Cycling T	0.0041	51
HIST1H3J	0.9496	Epi|Immature Goblet	0.0006	51
HIST1H4A	0.8601	Epi|Goblet	0.0353	51
HIST1H4B	0.8629	Epi|Immature Enterocytes 1	0.0223	51
HIST1H4C	0.9112	LP|Cycling B	18.1066	51
HIST1H4D	0.8733	Epi|Goblet	0.0116	51
HIST1H4E	0.8765	Epi|Goblet	0.2657	51
HIST1H4F	0.9666	Epi|Immature Enterocytes 1	0.0014	51
HIST1H4H	0.8515	Epi|Enterocytes	0.2097	51
HIST1H4I	0.9643	Epi|M cells	0.1068	51
HIST1H4J	0.8369	Epi|Tuft	0.1124	51
HIST1H4K	0.8642	Epi|Immature Enterocytes 1	0.0067	51
HIST2H2AA3	0.8156	LP|Inflammatory Monocytes	0.4703	51
HIST2H2AA4	0.9452	Epi|M cells	0.0404	51
HIST2H2AB	0.8951	LP|NKs	0.0203	51
HIST2H2AC	0.8308	LP|Cycling T	0.3215	51
HIST2H2BE	0.7743	Epi|Goblet	0.4243	51
HIST2H2BF	0.8639	Epi|Tuft	0.0304	51
HIST2H4A	0.9970	Epi|Tuft	0.0253	51
HIST3H2A	0.8587	LP|CD8+ IL17+	0.0535	51
HIST3H2BB	nan	Epi|Best4+ Enterocytes	0.0000	51
HIST4H4	0.7649	Epi|M cells	0.0783	51
HIVEP1	0.6618	LP|RSPO3+	0.1559	51
HIVEP2	0.8405	LP|CD4+ PD1+	0.4199	51
HIVEP3	0.6932	LP|Tregs	0.2491	51
HJURP	0.9575	LP|Cycling B	0.6230	51
HK1	0.5409	Epi|Tuft	0.3903	51
HK2	0.9207	Epi|Enterocytes	1.8152	51
HKDC1	0.9506	Epi|Enterocytes	0.5666	51
HKR1	0.5266	LP|Post-capillary Venules	0.1530	51
HLA-A	0.5468	LP|Microvascular	47.3671	51
HLA-B	0.5749	LP|Microvascular	64.9949	51
HLA-C	0.6028	LP|Microvascular	49.0262	51
HLA-DMA	0.8812	LP|Cycling Monocytes	11.5386	51
HLA-DMB	0.8898	LP|Cycling Monocytes	6.0987	51
HLA-DOA	0.9062	LP|GC	0.8386	51
HLA-DOB	0.9521	LP|DC1	1.7448	51
HLA-DPA1	0.9475	LP|DC1	95.8824	51
HLA-DPB1	0.9550	LP|DC1	131.9435	51
HLA-DQA1	0.9478	LP|DC1	36.1107	51
HLA-DQA2	0.9361	LP|DC1	5.7336	51
HLA-DQB1	0.9432	LP|DC1	24.7957	51
HLA-DQB1-AS1	0.9970	Epi|Enterocyte Progenitors	0.0004	51
HLA-DQB2	0.9512	LP|DC1	2.7499	51
HLA-DRA	0.9258	LP|DC1	186.0076	51
HLA-DRB1	0.9239	LP|DC1	92.5312	51
HLA-DRB5	0.9213	LP|DC1	31.0268	51
HLA-E	0.7256	LP|Microvascular	20.2894	51
HLA-F	0.6174	Epi|Goblet	2.3488	51
HLA-F-AS1	0.8744	LP|RSPO3+	0.2515	51
HLA-G	0.6751	Epi|Goblet	1.0239	51
HLCS	0.6200	Epi|Tuft	0.0960	51
HLF	0.9367	LP|Tregs	0.1526	51
HLTF	0.6726	LP|CD69+ Mast	0.2291	51
HLX	0.9517	LP|Microvascular	1.8771	51
HM13	0.6398	LP|Inflammatory Fibroblasts	1.8311	51
HM13-AS1	0.8455	LP|Microvascular	0.0122	51
HM13-IT1	0.8680	LP|GC	0.0058	51
HMBOX1	0.6967	LP|Microvascular	0.4832	51
HMBS	0.7262	Epi|Cycling TA	0.5144	51
HMCES	0.9122	LP|GC	3.4971	51
HMCN1	0.9550	LP|Glia	0.1746	51
HMCN2	0.9164	Epi|Enterocytes	0.2956	51
HMG20A	0.5782	LP|MT-hi	0.2305	51
HMG20B	0.6724	LP|Glia	1.3313	51
HMGA1	0.8949	LP|Cycling B	7.3960	51
HMGA1P4	0.8111	LP|ILCs	0.0697	51
HMGA2	0.8826	Epi|TA 1	0.0903	51
HMGB1	0.7966	LP|Cycling B	34.0795	51
HMGB2	0.9243	LP|Cycling B	22.4659	51
HMGB3	0.8242	LP|Cycling Monocytes	1.2593	51
HMGCL	0.6459	Epi|Enterocyte Progenitors	0.8989	51
HMGCR	0.6695	Epi|Immature Enterocytes 2	0.3169	51
HMGCS1	0.6568	LP|ILCs	0.6231	51
HMGCS2	0.8860	Epi|Enterocyte Progenitors	6.7787	51
HMGN1	0.8016	LP|Cycling B	17.5751	51
HMGN2	0.8519	LP|Cycling B	24.8809	51
HMGN3	0.6150	LP|ILCs	4.0132	51
HMGN3-AS1	0.8538	LP|RSPO3+	0.0744	51
HMGN4	0.5912	LP|CD8+ IELs	0.0831	51
HMGN5	0.8522	LP|CD69- Mast	0.9721	51
HMGXB3	0.6891	LP|Endothelial	0.2050	51
HMGXB4	0.5589	LP|Cycling T	0.6044	51
HMHA1	0.7740	LP|NKs	1.4794	51
HMMR	0.9447	LP|Cycling B	0.7916	51
HMOX1	0.9107	LP|Macrophages	1.3569	51
HMOX2	0.6629	LP|CD8+ IL17+	1.5756	51
HMSD	0.9013	LP|Cycling B	0.0513	51
HMX2	0.9991	Epi|Tuft	0.4572	51
HN1	0.7313	Epi|Enterocytes	5.9922	51
HN1L	0.7809	Epi|M cells	0.6421	51
HNF1A	0.8723	Epi|Goblet	0.1658	51
HNF1A-AS1	0.8682	Epi|Enteroendocrine	0.2719	51
HNF1B	0.8333	Epi|M cells	0.2313	51
HNF4A	0.8553	Epi|Enterocytes	1.0540	51
HNF4G	0.8318	Epi|M cells	0.2548	51
HNMT	0.7227	Epi|M cells	1.4502	51
HNRNPA0	0.6177	LP|ILCs	5.3974	51
HNRNPA1	0.4833	LP|Cycling B	13.8215	51
HNRNPA1L2	0.7131	LP|CD69- Mast	0.3303	51
HNRNPA2B1	0.6120	LP|Cycling B	11.2640	51
HNRNPA3	0.5931	LP|Cycling B	5.0048	51
HNRNPAB	0.6108	Epi|Cycling TA	1.8181	51
HNRNPC	0.6065	LP|Cycling B	5.6659	51
HNRNPCL1	0.8799	LP|Cycling Monocytes	0.0075	51
HNRNPD	0.6815	LP|Cycling B	2.4053	51
HNRNPDL	0.4749	LP|Glia	4.0394	51
HNRNPF	0.6419	LP|Cycling T	4.6104	51
HNRNPH1	0.5006	LP|WNT2B+ Fos-lo 2	2.3352	51
HNRNPH2	0.4266	LP|CD8+ IL17+	0.9158	51
HNRNPH3	0.3948	LP|Pericytes	1.2849	51
HNRNPK	0.4440	LP|Cycling B	5.4411	51
HNRNPL	0.6120	LP|CD4+ PD1+	0.7818	51
HNRNPLL	0.7063	LP|Tregs	0.6833	51
HNRNPM	0.5179	LP|CD69- Mast	3.0612	51
HNRNPR	0.5592	LP|Cycling T	1.9405	51
HNRNPU	0.4679	LP|Inflammatory Monocytes	2.2277	51
HNRNPU-AS1	0.5438	Epi|M cells	0.2869	51
HNRNPUL1	0.5018	LP|CD4+ Activated Fos-lo	1.0207	51
HNRNPUL2	0.4250	LP|WNT2B+ Fos-lo 2	0.3842	51
HOMER1	0.7937	Epi|Tuft	0.2982	51
HOMER2	0.8619	LP|CD69+ Mast	0.0861	51
HOMER3	0.7611	LP|Inflammatory Fibroblasts	0.2816	51
HOMEZ	0.5103	LP|Glia	0.1104	51
HOOK1	0.8738	Epi|M cells	0.5560	51
HOOK2	0.7401	Epi|Tuft	1.5138	51
HOOK3	0.5484	LP|CD4+ PD1+	0.5033	51
HOPX	0.9461	LP|NKs	11.1632	51
HORMAD1	0.9077	LP|Myofibroblasts	0.0088	51
HOTAIRM1	0.9518	Epi|Tuft	5.0699	51
HOTTIP	0.8485	Epi|M cells	0.2032	51
HOXA-AS2	0.8748	LP|Microvascular	0.2917	51
HOXA-AS3	0.9760	Epi|Tuft	0.4110	51
HOXA-AS4	0.8406	Epi|Tuft	0.3101	51
HOXA1	0.9003	Epi|Tuft	0.0803	51
HOXA10	0.8047	LP|WNT5B+ 1	1.2970	51
HOXA11	0.9132	LP|WNT5B+ 1	0.4675	51
HOXA11-AS	0.7838	Epi|Tuft	0.3648	51
HOXA13	0.8383	Epi|M cells	0.1763	51
HOXA2	0.8648	LP|RSPO3+	0.1102	51
HOXA3	0.9298	Epi|Tuft	0.6226	51
HOXA4	0.8929	LP|Glia	0.1400	51
HOXA5	0.7801	LP|ILCs	0.3316	51
HOXA6	0.8679	Epi|Tuft	0.1439	51
HOXA7	0.8418	LP|ILCs	0.6287	51
HOXA9	0.7345	LP|Post-capillary Venules	0.4949	51
HOXB-AS1	0.8909	LP|Pericytes	0.8889	51
HOXB-AS3	0.8574	LP|WNT2B+ Fos-lo 1	0.6227	51
HOXB13	0.8918	Epi|M cells	0.9083	51
HOXB2	0.7880	LP|CD69- Mast	1.5504	51
HOXB3	0.7363	LP|Pericytes	0.3500	51
HOXB4	0.7876	LP|Post-capillary Venules	0.5853	51
HOXB5	0.7797	Epi|Tuft	0.4140	51
HOXB6	0.8381	Epi|Tuft	0.8884	51
HOXB7	0.7394	LP|Endothelial	0.9855	51
HOXB8	0.9291	Epi|Enteroendocrine	0.5592	51
HOXB9	0.9179	Epi|Enteroendocrine	1.4516	51
HOXC6	0.9439	LP|RSPO3+	0.0502	51
HOXC9	0.9027	LP|Glia	0.0721	51
HOXD-AS1	0.8723	LP|Endothelial	0.2718	51
HOXD-AS2	0.7992	LP|Glia	0.1849	51
HOXD1	0.8740	LP|Post-capillary Venules	0.3935	51
HOXD10	0.8283	Epi|Tuft	0.0507	51
HOXD11	0.8325	LP|RSPO3+	0.2587	51
HOXD12	nan	Epi|Best4+ Enterocytes	0.0000	51
HOXD13	0.9391	Epi|M cells	0.1538	51
HOXD3	0.8867	LP|Endothelial	0.0660	51
HOXD4	0.8399	Epi|M cells	0.0428	51
HOXD8	0.8750	LP|Microvascular	0.4430	51
HOXD9	0.9189	LP|Microvascular	0.3628	51
HP	0.9661	LP|Inflammatory Monocytes	0.0453	51
HP1BP3	0.4377	LP|Pericytes	1.1483	51
HPCA	0.9385	Epi|Tuft	0.1607	51
HPCAL1	0.7787	LP|Microvascular	1.8232	51
HPDL	0.8829	Epi|Cycling TA	0.1536	51
HPGD	0.9382	LP|CD69+ Mast	8.7751	51
HPGDS	0.9638	LP|CD69+ Mast	13.7473	51
HPN	0.9269	LP|WNT2B+ Fos-lo 2	0.0145	51
HPR	0.9815	Epi|Stem	0.0002	51
HPRT1	0.7334	LP|CD69- Mast	1.7028	51
HPS1	0.5974	Epi|Enterocytes	0.8992	51
HPS3	0.6666	LP|Macrophages	0.2701	51
HPS4	0.5536	LP|MT-hi	0.3438	51
HPS5	0.8147	LP|DC1	0.3677	51
HPS6	0.5122	LP|RSPO3+	0.1189	51
HPSE	0.8709	LP|Inflammatory Monocytes	0.3648	51
HPX	0.9619	Epi|M cells	0.0251	51
HR	0.8886	Epi|Best4+ Enterocytes	0.3087	51
HRAS	0.5913	Epi|Enteroendocrine	0.5275	51
HRASLS	0.9874	Epi|Cycling TA	0.0004	51
HRASLS2	0.9576	Epi|Enterocytes	1.9220	51
HRASLS5	0.9811	LP|CD69+ Mast	0.1303	51
HRC	0.9953	LP|Pericytes	0.3454	51
HRCT1	0.9168	Epi|Best4+ Enterocytes	2.4223	51
HRH1	0.8117	LP|Endothelial	0.2516	51
HRH2	0.9232	LP|Inflammatory Monocytes	0.2836	51
HRH4	0.9164	LP|CD8+ IL17+	0.0409	51
HRK	0.9861	LP|GC	0.6741	51
HRSP12	0.7544	LP|CD69- Mast	0.5864	51
HS1BP3	0.7154	Epi|M cells	0.2538	51
HS2ST1	0.7288	LP|GC	0.3369	51
HS3ST1	0.9377	LP|CD69+ Mast	1.4140	51
HS3ST3A1	0.9268	LP|WNT5B+ 2	0.1258	51
HS3ST3B1	0.8592	LP|Tregs	0.5746	51
HS3ST6	0.9384	Epi|Best4+ Enterocytes	0.0126	51
HS6ST1	0.9017	LP|CD69- Mast	0.7742	51
HS6ST2	0.9079	LP|WNT2B+ Fos-lo 2	0.0201	51
HSBP1	0.5146	LP|Glia	3.5031	51
HSBP1L1	0.8249	Epi|Tuft	2.0421	51
HSCB	0.4784	LP|NKs	0.3480	51
HSD11B1	0.9336	LP|Inflammatory Fibroblasts	0.5657	51
HSD11B1L	0.7454	LP|Pericytes	0.2022	51
HSD11B2	0.8944	Epi|Immature Enterocytes 2	3.1454	51
HSD17B1	0.7952	Epi|Enteroendocrine	0.1079	51
HSD17B10	0.3648	LP|Cycling B	1.6403	51
HSD17B11	0.6378	Epi|Enterocytes	3.1825	51
HSD17B12	0.6869	LP|Microvascular	1.4959	51
HSD17B13	0.8600	Epi|M cells	0.0088	51
HSD17B14	0.9639	LP|CD69- Mast	1.1030	51
HSD17B2	0.9271	LP|WNT5B+ 2	8.2946	51
HSD17B3	0.9330	Epi|M cells	0.0274	51
HSD17B4	0.8174	LP|CD69- Mast	1.4301	51
HSD17B6	0.9965	LP|Myofibroblasts	3.2581	51
HSD17B7	0.6009	LP|CD4+ PD1+	0.4056	51
HSD17B8	0.6839	Epi|Cycling TA	0.6479	51
HSD3B1	0.9834	Epi|Immature Enterocytes 2	0.0026	51
HSD3B2	0.9709	Epi|Immature Enterocytes 2	0.2415	51
HSD3B7	0.8395	Epi|M cells	0.5373	51
HSDL1	0.5388	LP|Myofibroblasts	0.1037	51
HSDL2	0.6042	LP|DC1	0.4225	51
HSF1	0.4914	LP|Microvascular	0.7271	51
HSF2	0.5945	LP|Myofibroblasts	0.1793	51
HSF2BP	0.9213	LP|Cycling Monocytes	0.0349	51
HSF4	0.8720	LP|RSPO3+	0.1176	51
HSH2D	0.8737	LP|GC	1.1867	51
HSP90AA1	0.6411	LP|CD69+ Mast	26.3641	51
HSP90AB1	0.6517	LP|CD69+ Mast	15.3062	51
HSP90B1	0.5882	LP|Plasma	6.6133	51
HSPA12A	0.9725	LP|Glia	0.6967	51
HSPA12B	0.9670	LP|Endothelial	1.0202	51
HSPA13	0.6723	LP|Plasma	0.3350	51
HSPA14	0.6041	LP|Cycling B	0.4265	51
HSPA1A	0.7619	LP|Glia	19.5500	51
HSPA1B	0.7708	LP|CD69+ Mast	11.5278	51
HSPA1L	0.7660	LP|Plasma	0.0759	51
HSPA2	0.9265	LP|Glia	3.2163	51
HSPA4	0.7411	LP|GC	0.9796	51
HSPA4L	0.8002	Epi|Tuft	0.1552	51
HSPA5	0.7761	LP|CD69- Mast	10.2049	51
HSPA6	0.8893	LP|Plasma	1.9633	51
HSPA8	0.5609	LP|ILCs	16.9319	51
HSPA9	0.5966	LP|CD69- Mast	1.7393	51
HSPB1	0.7599	LP|Pericytes	23.2888	51
HSPB11	0.6816	LP|Cycling B	1.8071	51
HSPB2	0.9607	LP|Glia	1.4139	51
HSPB3	0.9636	Epi|Immature Enterocytes 1	0.2973	51
HSPB6	0.9614	LP|RSPO3+	0.8669	51
HSPB8	0.9220	LP|Post-capillary Venules	0.2845	51
HSPB9	0.9839	Epi|Immature Enterocytes 1	0.0033	51
HSPBAP1	0.7585	LP|CD69- Mast	0.3055	51
HSPBP1	0.4998	Epi|TA 2	0.5824	51
HSPD1	0.6384	Epi|Cycling TA	4.3763	51
HSPE1	0.6777	LP|CD69+ Mast	11.6911	51
HSPG2	0.9515	LP|Microvascular	7.2370	51
HSPH1	0.8344	LP|CD69+ Mast	3.9594	51
HTATIP2	0.6684	Epi|Enterocytes	1.7763	51
HTATSF1	0.5096	LP|Cycling T	0.6394	51
HTR1D	0.9472	Epi|Immature Enterocytes 2	0.0088	51
HTR3A	0.9942	LP|GC	1.5084	51
HTR3C	0.9999	Epi|Tuft	0.9576	51
HTR3E	0.9999	Epi|Tuft	3.6573	51
HTR4	0.9209	Epi|M cells	0.0411	51
HTR4-IT1	0.9870	Epi|M cells	0.0416	51
HTRA1	0.9185	LP|Microvascular	3.7499	51
HTRA2	0.4914	LP|Glia	0.5166	51
HTRA3	0.9453	LP|Inflammatory Fibroblasts	2.0203	51
HTRA4	0.8920	LP|Pericytes	0.0183	51
HTT	0.5557	LP|Microvascular	0.2917	51
HULC	0.9761	Epi|TA 1	0.0009	51
HUNK	0.8641	Epi|Stem	0.0928	51
HUS1	0.5165	Epi|Enterocytes	0.2896	51
HUS1B	0.8761	LP|WNT5B+ 1	0.0692	51
HUWE1	0.6160	Epi|Enteroendocrine	0.4792	51
HVCN1	0.9247	LP|GC	2.1687	51
HYAL1	0.9446	LP|Microvascular	0.4770	51
HYAL2	0.9438	LP|Post-capillary Venules	4.4174	51
HYAL3	0.9097	LP|CD69- Mast	0.2798	51
HYDIN	0.9399	LP|Myofibroblasts	0.0084	51
HYI	0.6746	Epi|Enteroendocrine	1.0491	51
HYI-AS1	0.9367	LP|WNT2B+ Fos-lo 2	0.0175	51
HYKK	0.7531	LP|CD4+ PD1+	0.1263	51
HYLS1	0.7501	LP|Cycling B	0.2327	51
HYOU1	0.6367	Epi|Immature Goblet	0.3893	51
HYPK	0.6360	LP|Glia	0.1915	51
IAH1	0.6124	LP|Glia	1.4334	51
IAPP	0.8445	Epi|TA 1	0.0171	51
IARS	0.4477	Epi|Cycling TA	0.3420	51
IARS2	0.4646	Epi|TA 2	0.4517	51
IBA57	0.7206	LP|WNT5B+ 2	0.2727	51
IBTK	0.5018	Epi|M cells	0.3688	51
ICA1	0.9272	LP|CD69- Mast	4.2226	51
ICA1L	0.7544	LP|ILCs	0.1095	51
ICAM1	0.8944	LP|Post-capillary Venules	3.4260	51
ICAM2	0.9036	LP|Endothelial	5.5186	51
ICAM3	0.6927	LP|NKs	2.5370	51
ICAM4	0.9195	LP|CD69- Mast	0.6028	51
ICAM5	0.9659	LP|Post-capillary Venules	0.0494	51
ICK	0.6709	LP|Pericytes	0.2204	51
ICMT	0.5873	LP|Cycling T	0.3824	51
ICOS	0.9231	LP|CD4+ PD1+	4.1338	51
ICOSLG	0.8332	LP|GC	0.4754	51
ICT1	0.4953	Epi|Cycling TA	0.4411	51
ID1	0.8406	LP|Endothelial	13.6673	51
ID2	0.8108	LP|ILCs	21.4316	51
ID3	0.8181	LP|Glia	19.6633	51
ID4	0.9125	LP|Pericytes	2.3825	51
IDE	0.5506	LP|GC	0.1426	51
IDH1	0.7613	Epi|Enterocyte Progenitors	1.3958	51
IDH1-AS1	0.8312	Epi|M cells	0.0812	51
IDH2	0.7557	LP|Cycling Monocytes	4.0378	51
IDH3A	0.6438	Epi|Enterocyte Progenitors	0.6816	51
IDH3B	0.4858	Epi|TA 2	1.2449	51
IDH3G	0.4560	LP|CD69- Mast	1.3388	51
IDI1	0.5592	LP|GC	1.5835	51
IDI2-AS1	0.9155	LP|Cycling T	0.0057	51
IDNK	0.8768	LP|CD69- Mast	0.8480	51
IDO1	0.9816	LP|DC1	6.9883	51
IDS	0.7979	LP|MT-hi	3.5285	51
IDUA	0.7668	LP|RSPO3+	0.2590	51
IER2	0.7527	LP|Glia	20.2179	51
IER3	0.8300	LP|Glia	6.0794	51
IER3IP1	0.5770	LP|Microvascular	1.6763	51
IER5	0.7498	LP|DC1	1.6729	51
IER5L	0.7460	LP|Pericytes	0.3525	51
IFFO1	0.7021	LP|ILCs	0.2392	51
IFFO2	0.8374	LP|ILCs	0.2738	51
IFI16	0.6709	LP|Post-capillary Venules	3.0020	51
IFI27	0.8971	Epi|Enterocytes	89.4650	51
IFI27L1	0.6386	LP|Cycling T	0.5672	51
IFI27L2	0.6255	LP|WNT2B+ Fos-lo 2	3.0488	51
IFI30	0.9416	LP|DC2	3.1677	51
IFI35	0.7523	LP|Glia	2.4687	51
IFI44	0.8031	LP|CD8+ IL17+	0.7442	51
IFI44L	0.8748	LP|Endothelial	0.8974	51
IFI6	0.9225	Epi|Tuft	9.2967	51
IFIH1	0.7092	Epi|M cells	0.2699	51
IFIT1	0.8318	LP|Glia	0.9584	51
IFIT2	0.9136	LP|Glia	0.9843	51
IFIT3	0.9209	LP|Glia	2.1930	51
IFIT5	0.7212	LP|CD69- Mast	0.3529	51
IFITM1	0.8329	LP|Microvascular	4.7471	51
IFITM10	0.9385	LP|CD69+ Mast	0.2985	51
IFITM2	0.7936	LP|NKs	18.6545	51
IFITM3	0.8194	LP|Endothelial	36.7902	51
IFLTD1	0.7053	LP|CD4+ PD1+	0.0220	51
IFNAR1	0.6247	LP|Endothelial	0.7663	51
IFNAR2	0.6684	LP|Plasma	0.9124	51
IFNG	0.9486	LP|CD8+ LP	5.7434	51
IFNG-AS1	0.9419	LP|GC	0.1333	51
IFNGR1	0.6408	LP|DC2	1.7377	51
IFNGR2	0.7887	Epi|Enterocytes	2.5805	51
IFNLR1	0.8972	Epi|Enterocytes	0.1557	51
IFRD1	0.7566	LP|Glia	2.3225	51
IFRD2	0.6046	LP|Microvascular	0.6766	51
IFT122	0.6426	Epi|Tuft	0.1428	51
IFT140	0.7072	LP|Glia	0.0788	51
IFT172	0.9252	Epi|Tuft	2.7473	51
IFT20	0.5871	LP|DC1	1.2493	51
IFT27	0.7225	Epi|Tuft	1.4595	51
IFT43	0.6216	LP|Post-capillary Venules	0.7442	51
IFT46	0.7212	LP|Glia	0.2111	51
IFT52	0.6098	LP|Myofibroblasts	0.4056	51
IFT57	0.5481	LP|GC	0.8916	51
IFT74	0.7039	Epi|Enterocyte Progenitors	0.3212	51
IFT80	0.7461	LP|RSPO3+	0.1812	51
IFT81	0.7573	LP|Myofibroblasts	0.1736	51
IFT88	0.7281	LP|CD4+ PD1+	0.2994	51
IGBP1	0.5527	LP|GC	1.7585	51
IGDCC3	0.9235	LP|Myofibroblasts	0.0065	51
IGDCC4	0.9015	LP|WNT2B+ Fos-lo 2	0.2614	51
IGF1	0.9516	LP|RSPO3+	2.3899	51
IGF1R	0.7481	LP|Pericytes	0.3161	51
IGF2BP1	0.9553	LP|MT-hi	0.0619	51
IGF2BP2	0.8589	Epi|M cells	0.8736	51
IGF2BP3	0.9662	LP|GC	0.0964	51
IGF2R	0.6485	LP|Microvascular	0.3741	51
IGFALS	0.9735	Epi|Immature Goblet	0.0770	51
IGFBP2	0.7933	Epi|Cycling TA	2.5371	51
IGFBP3	0.9108	LP|WNT5B+ 2	9.1678	51
IGFBP4	0.9017	LP|Microvascular	12.5252	51
IGFBP5	0.9636	LP|Inflammatory Fibroblasts	20.0623	51
IGFBP6	0.9045	LP|RSPO3+	8.9594	51
IGFBP7	0.8821	LP|Pericytes	129.6625	51
IGFBP7-AS1	0.9143	LP|Post-capillary Venules	0.0039	51
IGFL2	0.9805	LP|CD4+ PD1+	0.1220	51
IGFLR1	0.7780	LP|CD4+ PD1+	0.1370	51
IGHA1	0.9832	LP|Plasma	1721.3538	51
IGHA2	0.9824	LP|Plasma	194.1860	51
IGHD	0.9859	LP|Follicular	2.5884	51
IGHE	0.9654	LP|Cycling B	0.1741	51
IGHG1	0.9830	LP|Plasma	72.4852	51
IGHG2	0.9862	LP|Plasma	26.2335	51
IGHG3	0.9819	LP|Plasma	133.2138	51
IGHG4	0.9762	LP|Plasma	21.8943	51
IGHJ1	0.9990	Epi|Stem	0.0005	51
IGHJ2	0.9434	LP|CD8+ IELs	0.0119	51
IGHJ3	0.8677	Epi|M cells	0.0156	51
IGHJ4	0.8559	LP|Plasma	0.0564	51
IGHJ5	0.8716	LP|CD4+ PD1+	0.0368	51
IGHJ6	0.8773	LP|CD4+ PD1+	0.0518	51
IGHM	0.9754	LP|Plasma	89.8493	51
IGHMBP2	0.7504	LP|CD4+ PD1+	0.1563	51
IGHV1-18	0.7798	LP|Plasma	0.1631	51
IGHV1-2	0.8153	LP|MT-hi	0.2195	51
IGHV1-24	0.9851	LP|Plasma	1.5015	51
IGHV1-3	0.8355	LP|CD4+ PD1+	0.0840	51
IGHV1-45	nan	Epi|Best4+ Enterocytes	0.0000	51
IGHV1-46	0.8549	LP|MT-hi	0.1866	51
IGHV1-58	0.9739	LP|CD69- Mast	0.1324	51
IGHV1-69	0.8569	LP|CD69- Mast	0.3482	51
IGHV1-8	0.8915	LP|MT-hi	0.0766	51
IGHV1OR15-1	0.8759	LP|CD4+ PD1+	1.2112	51
IGHV2-26	0.8537	LP|Cycling T	0.0134	51
IGHV2-5	0.7817	LP|Microvascular	0.0702	51
IGHV2-70	0.8871	LP|CD8+ IL17+	0.0412	51
IGHV3-11	0.8545	LP|MT-hi	0.1582	51
IGHV3-13	0.8804	LP|Plasma	0.0272	51
IGHV3-15	0.8701	LP|CD69- Mast	0.3530	51
IGHV3-20	0.9178	LP|MT-hi	0.0203	51
IGHV3-21	0.7816	LP|Plasma	0.1972	51
IGHV3-23	0.7341	LP|Plasma	0.4366	51
IGHV3-30	0.8389	LP|Plasma	0.1758	51
IGHV3-33	0.8745	LP|Plasma	0.1566	51
IGHV3-35	nan	Epi|Best4+ Enterocytes	0.0000	51
IGHV3-38	0.9507	LP|Plasma	0.0038	51
IGHV3-43	0.8991	LP|Plasma	0.0525	51
IGHV3-48	0.7619	LP|Plasma	0.1078	51
IGHV3-49	0.7703	LP|Plasma	0.0632	51
IGHV3-53	0.7895	LP|Plasma	0.0468	51
IGHV3-64	0.8954	LP|CD69+ Mast	0.0676	51
IGHV3-66	0.8559	LP|Plasma	0.0244	51
IGHV3-7	0.8260	LP|Plasma	0.3358	51
IGHV3-72	0.7986	LP|Plasma	0.0720	51
IGHV3-73	0.7944	LP|Plasma	0.0483	51
IGHV3-74	0.9209	LP|CD69- Mast	0.4379	51
IGHV3-9	0.8167	LP|Plasma	0.1409	51
IGHV3OR16-9	nan	Epi|Best4+ Enterocytes	0.0000	51
IGHV4-28	0.8858	LP|Microvascular	0.0281	51
IGHV4-31	0.7901	LP|Plasma	0.0736	51
IGHV4-34	0.8485	LP|Plasma	0.1551	51
IGHV4-39	0.7969	LP|MT-hi	0.3458	51
IGHV4-4	0.8107	LP|CD4+ PD1+	0.0962	51
IGHV4-59	0.7833	LP|Plasma	0.1294	51
IGHV4-61	0.8431	LP|MT-hi	0.0445	51
IGHV4OR15-8	0.8503	LP|Plasma	0.0453	51
IGHV5-51	0.8395	LP|MT-hi	0.2069	51
IGHV6-1	0.8450	LP|Plasma	0.0854	51
IGIP	0.6350	LP|MT-hi	0.0841	51
IGJ	0.9842	LP|Plasma	839.5543	51
IGKC	0.9815	LP|Plasma	429.1284	51
IGKV1-12	0.9124	LP|GC	0.0697	51
IGKV1-16	0.8472	LP|Plasma	0.0951	51
IGKV1-17	0.8064	LP|Plasma	0.0550	51
IGKV1-27	0.8368	LP|Plasma	0.0842	51
IGKV1-33	0.9130	LP|Inflammatory Monocytes	0.0050	51
IGKV1-39	0.7645	LP|Plasma	0.2131	51
IGKV1-5	0.8538	LP|Plasma	0.5957	51
IGKV1-6	0.8555	LP|Plasma	0.0760	51
IGKV1-8	0.9070	LP|Plasma	0.0163	51
IGKV1-9	0.8444	LP|Plasma	0.1454	51
IGKV1D-12	0.8496	LP|ILCs	0.0141	51
IGKV1D-13	0.8827	LP|Plasma	0.0659	51
IGKV1D-16	0.8407	LP|Cycling Monocytes	0.0118	51
IGKV1D-17	0.9486	LP|Cycling T	0.0274	51
IGKV1D-33	0.9399	LP|Cycling B	0.0337	51
IGKV1D-39	0.9175	LP|Plasma	0.0439	51
IGKV1D-43	0.9725	LP|Plasma	0.0167	51
IGKV1D-8	0.8057	LP|Plasma	0.0582	51
IGKV1OR2-108	0.9027	LP|Plasma	0.0055	51
IGKV2-24	0.8641	LP|Plasma	0.0251	51
IGKV2-28	0.9348	LP|Plasma	0.0069	51
IGKV2-30	0.8567	LP|Plasma	0.0834	51
IGKV2D-28	0.9260	LP|Plasma	0.0787	51
IGKV2D-29	0.8493	LP|Plasma	0.0817	51
IGKV3-11	0.7819	LP|Plasma	0.4361	51
IGKV3-15	0.8356	LP|Plasma	0.1420	51
IGKV3-20	0.7576	LP|Plasma	0.7193	51
IGKV3-7	0.9485	LP|CD8+ IL17+	0.0343	51
IGKV3D-11	0.8445	LP|Microvascular	0.0298	51
IGKV3D-15	0.9621	LP|MT-hi	0.0401	51
IGKV3D-20	0.8993	LP|CD8+ IL17+	0.0571	51
IGKV4-1	0.8431	LP|Plasma	1.2721	51
IGKV5-2	0.9709	LP|CD4+ PD1+	0.0245	51
IGKV6-21	0.8737	LP|Plasma	0.0294	51
IGKV6D-21	0.9490	LP|MT-hi	0.0607	51
IGLC2	0.9892	LP|Plasma	401.3276	51
IGLC3	0.9901	LP|Plasma	394.3254	51
IGLC7	0.9836	LP|Plasma	18.2528	51
IGLL1	0.9891	LP|Plasma	1.2012	51
IGLL5	0.9813	LP|Plasma	20.4279	51
IGLV1-36	0.8898	LP|MT-hi	0.0378	51
IGLV1-40	0.9430	LP|Plasma	1.0562	51
IGLV1-44	0.8681	LP|Plasma	0.2301	51
IGLV1-47	0.9303	LP|Plasma	0.4726	51
IGLV1-50	nan	Epi|Best4+ Enterocytes	0.0000	51
IGLV1-51	0.9386	LP|Plasma	0.7366	51
IGLV10-54	0.9333	LP|Plasma	0.1586	51
IGLV2-11	0.9381	LP|Plasma	0.7750	51
IGLV2-14	0.9223	LP|Plasma	1.1779	51
IGLV2-18	0.9130	LP|Plasma	0.0659	51
IGLV2-23	0.9034	LP|Plasma	0.5265	51
IGLV2-8	0.9413	LP|Plasma	0.7893	51
IGLV3-1	0.9373	LP|Plasma	1.7975	51
IGLV3-10	0.9151	LP|Plasma	0.1503	51
IGLV3-12	nan	Epi|Best4+ Enterocytes	0.0000	51
IGLV3-16	0.9647	LP|Plasma	0.0549	51
IGLV3-19	0.8753	LP|Plasma	0.4226	51
IGLV3-21	0.9007	LP|Plasma	0.8566	51
IGLV3-25	0.8792	LP|Plasma	0.2458	51
IGLV3-27	0.9144	LP|Plasma	0.0221	51
IGLV3-9	0.9173	LP|Plasma	0.1480	51
IGLV4-60	0.9448	LP|Plasma	0.0601	51
IGLV4-69	0.9258	LP|Plasma	0.3239	51
IGLV5-37	0.9256	LP|Plasma	0.0134	51
IGLV5-45	0.9138	LP|CD69- Mast	0.1478	51
IGLV5-48	0.9809	LP|Plasma	0.0764	51
IGLV6-57	0.9735	LP|Plasma	3.7969	51
IGLV7-43	0.9221	LP|Plasma	0.1955	51
IGLV7-46	0.9142	LP|Plasma	0.3343	51
IGLV8-61	0.9268	LP|Plasma	0.2335	51
IGLV9-49	0.9503	LP|Plasma	0.0373	51
IGSF1	0.9851	LP|Glia	0.0616	51
IGSF10	0.9831	LP|GC	0.2593	51
IGSF11	0.9978	LP|Glia	0.0390	51
IGSF21	0.9881	Epi|Tuft	0.4457	51
IGSF22	0.9179	LP|CD8+ IL17+	0.2539	51
IGSF3	0.9723	Epi|Tuft	0.9022	51
IGSF5	0.9250	Epi|TA 1	0.0015	51
IGSF6	0.9625	LP|Cycling Monocytes	3.8576	51
IGSF8	0.7743	LP|Glia	0.8257	51
IGSF9	0.9384	Epi|Immature Enterocytes 2	0.5392	51
IGSF9B	0.9298	LP|Endothelial	0.0573	51
IHH	0.8803	Epi|M cells	0.5134	51
IK	0.3430	LP|Cycling T	1.1185	51
IKBIP	0.7293	LP|Microvascular	0.9020	51
IKBKAP	0.5645	Epi|M cells	0.1006	51
IKBKB	0.6012	LP|Endothelial	0.3489	51
IKBKE	0.7083	LP|GC	0.2898	51
IKBKG	0.4931	LP|NKs	0.3588	51
IKZF1	0.7205	LP|MT-hi	1.0333	51
IKZF2	0.9303	LP|Tregs	0.3473	51
IKZF3	0.8571	LP|Tregs	0.0903	51
IKZF4	0.7434	LP|Tregs	0.1055	51
IKZF5	0.5125	Epi|Tuft	0.1431	51
IL10	0.9490	LP|Tregs	0.9331	51
IL10RA	0.7812	LP|Tregs	1.1322	51
IL10RB	0.5809	Epi|Enterocytes	0.9943	51
IL10RB-AS1	0.8723	LP|Inflammatory Monocytes	0.2623	51
IL11	0.9967	LP|Inflammatory Fibroblasts	1.7645	51
IL11RA	0.9565	LP|Glia	2.6624	51
IL12A	0.9044	LP|RSPO3+	0.0491	51
IL12RB1	0.9213	LP|CD8+ IL17+	1.8814	51
IL12RB2	0.9312	LP|NKs	0.1415	51
IL13	0.9833	LP|CD69- Mast	1.2040	51
IL13RA1	0.9006	Epi|Tuft	2.3016	51
IL13RA2	0.9889	LP|Inflammatory Fibroblasts	1.3978	51
IL15	0.7683	LP|Glia	0.4020	51
IL15RA	0.8067	LP|Microvascular	0.6693	51
IL16	0.8035	LP|GC	1.5761	51
IL17A	0.9813	LP|CD8+ IL17+	8.0067	51
IL17C	0.9971	Epi|Enterocytes	0.0056	51
IL17D	0.9415	LP|Glia	0.0100	51
IL17RA	0.7816	LP|Inflammatory Monocytes	0.5346	51
IL17RB	0.9938	Epi|Tuft	4.9928	51
IL17RC	0.7007	LP|Glia	0.3813	51
IL17RD	0.8391	LP|Endothelial	0.0326	51
IL17RE	0.8007	Epi|Immature Enterocytes 1	0.5352	51
IL18	0.8175	Epi|Immature Enterocytes 2	1.0614	51
IL18BP	0.8633	LP|Macrophages	0.4702	51
IL18R1	0.9267	LP|CD69- Mast	0.9798	51
IL18RAP	0.9345	LP|NKs	0.5027	51
IL19	0.9638	LP|Inflammatory Fibroblasts	0.0186	51
IL1A	0.9870	Epi|Immature Goblet	0.0003	51
IL1B	0.9562	LP|Inflammatory Monocytes	15.7455	51
IL1R1	0.8328	LP|WNT5B+ 2	1.3355	51
IL1R2	0.8987	Epi|Immature Goblet	1.5146	51
IL1RAP	0.8746	LP|Inflammatory Monocytes	0.1827	51
IL1RAPL1	0.9824	LP|CD69+ Mast	1.9721	51
IL1RL1	0.9844	LP|CD69+ Mast	2.2878	51
IL1RL2	0.8795	LP|Pericytes	0.0700	51
IL1RN	0.9823	LP|Inflammatory Monocytes	2.7221	51
IL2	nan	Epi|Best4+ Enterocytes	0.0000	51
IL20RA	0.7869	Epi|Best4+ Enterocytes	0.1590	51
IL20RB	0.8382	LP|WNT2B+ Fos-lo 2	0.0175	51
IL21R	0.9482	LP|GC	0.7074	51
IL22	0.9829	LP|CD8+ IL17+	7.1723	51
IL22RA1	0.9541	Epi|Enterocytes	0.4176	51
IL22RA2	0.9682	Epi|Immature Enterocytes 1	0.0004	51
IL23A	0.8612	LP|CD4+ Activated Fos-hi	0.5655	51
IL23R	0.9797	LP|ILCs	1.8446	51
IL26	0.9883	Epi|TA 1	0.0007	51
IL27RA	0.7721	LP|ILCs	1.0075	51
IL2RA	0.9772	LP|Tregs	2.5155	51
IL2RB	0.9602	LP|NKs	5.7098	51
IL2RG	0.7882	LP|CD8+ IL17+	5.9630	51
IL32	0.8286	LP|Tregs	40.0734	51
IL33	0.9828	LP|Post-capillary Venules	1.6430	51
IL34	0.9123	LP|Pericytes	1.7829	51
IL37	0.9731	Epi|Immature Goblet	0.0046	51
IL3RA	0.9369	LP|Endothelial	1.9597	51
IL4I1	0.9704	LP|ILCs	4.7551	51
IL4R	0.8281	LP|GC	1.5940	51
IL5	0.9934	LP|CD69+ Mast	0.1172	51
IL5RA	0.9874	LP|CD69+ Mast	0.2083	51
IL6	0.9181	LP|Cycling Monocytes	0.4560	51
IL6R	0.7651	LP|Tregs	0.5533	51
IL6ST	0.8562	LP|WNT2B+ Fos-lo 1	3.5394	51
IL7	0.8680	LP|WNT2B+ Fos-hi	0.5265	51
IL7R	0.8960	LP|ILCs	6.7237	51
IL8	0.9340	LP|Cycling Monocytes	10.0239	51
IL9R	0.9676	Epi|Stem	0.0006	51
ILDR1	0.8728	Epi|Tuft	0.1544	51
ILDR2	0.9478	Epi|Best4+ Enterocytes	0.0049	51
ILF2	0.7157	LP|CD69- Mast	3.5442	51
ILF3	0.5384	LP|CD69- Mast	1.1002	51
ILF3-AS1	0.5692	LP|NKs	1.0201	51
ILK	0.8262	LP|Myofibroblasts	4.3047	51
ILKAP	0.5420	Epi|M cells	0.5420	51
ILVBL	0.6236	Epi|Cycling TA	0.6334	51
IMMP1L	0.6999	Epi|Enteroendocrine	0.8133	51
IMMP2L	0.8187	LP|Glia	0.5073	51
IMMT	0.5306	Epi|Cycling TA	0.6780	51
IMP3	0.6920	LP|Microvascular	2.7479	51
IMP4	0.7187	Epi|Tuft	1.8573	51
IMPA1	0.6085	Epi|Best4+ Enterocytes	0.4265	51
IMPA2	0.7580	Epi|Cycling TA	1.0093	51
IMPACT	0.5411	LP|Post-capillary Venules	0.2355	51
IMPAD1	0.6641	LP|Myofibroblasts	0.4223	51
IMPDH1	0.6331	LP|Inflammatory Monocytes	0.4663	51
IMPDH2	0.7309	Epi|Stem	3.2959	51
IMPG2	0.9588	LP|Endothelial	0.0059	51
INADL	0.7530	Epi|M cells	0.3998	51
INCA1	0.9102	Epi|M cells	0.1731	51
INCENP	0.9379	LP|Cycling T	0.1541	51
INE1	0.7696	LP|CD8+ IELs	0.0154	51
INF2	0.7840	Epi|Immature Enterocytes 1	0.9162	51
ING1	0.8043	LP|Glia	0.7520	51
ING2	0.5675	LP|RSPO3+	0.4331	51
ING3	0.5665	LP|CD8+ IL17+	0.5263	51
ING4	0.5920	LP|Glia	0.5568	51
ING5	0.6149	LP|Glia	0.2557	51
INHBA	0.9652	LP|Inflammatory Fibroblasts	0.8351	51
INHBA-AS1	0.9135	LP|DC2	0.0352	51
INHBB	0.9741	LP|Endothelial	0.3883	51
INIP	0.5639	LP|GC	0.4031	51
INMT	0.9181	LP|Post-capillary Venules	0.4567	51
INO80	0.4836	LP|Endothelial	0.1694	51
INO80B	0.6923	LP|CD69- Mast	0.2209	51
INO80C	0.6481	LP|Microvascular	0.7556	51
INO80D	0.7156	LP|MT-hi	0.3842	51
INO80E	0.5110	Epi|Tuft	0.4584	51
INPP1	0.8015	LP|Post-capillary Venules	1.0391	51
INPP4A	0.7426	LP|CD8+ IL17+	0.6481	51
INPP4B	0.8818	LP|Pericytes	0.7090	51
INPP5A	0.7439	LP|Microvascular	0.1378	51
INPP5B	0.8798	Epi|Tuft	0.4609	51
INPP5D	0.7958	Epi|Tuft	0.6997	51
INPP5E	0.6153	LP|RSPO3+	0.0866	51
INPP5F	0.8104	LP|DC1	0.3625	51
INPP5J	0.9326	Epi|Tuft	0.3178	51
INPP5K	0.7063	LP|Glia	0.6910	51
INPPL1	0.6254	Epi|Tuft	0.2475	51
INSC	0.9494	LP|WNT5B+ 1	1.1433	51
INSIG1	0.8049	LP|DC2	2.5205	51
INSIG2	0.7947	LP|CD69- Mast	0.9347	51
INSL4	0.9937	Epi|Enterocytes	0.0021	51
INSL5	0.9999	Epi|Enteroendocrine	53.7306	51
INSM1	0.9989	Epi|Enteroendocrine	0.9177	51
INSR	0.9170	LP|Endothelial	2.8410	51
INTS1	0.5557	Epi|M cells	0.2439	51
INTS10	0.4578	LP|CD8+ IL17+	0.4719	51
INTS12	0.7171	LP|CD69- Mast	0.4377	51
INTS2	0.8068	Epi|Enteroendocrine	0.1610	51
INTS3	0.6396	LP|Endothelial	0.2382	51
INTS4	0.5297	LP|ILCs	0.2054	51
INTS5	0.5956	LP|MT-hi	0.1877	51
INTS6	0.6671	LP|CD8+ IL17+	0.5891	51
INTS6-AS1	0.8447	LP|MT-hi	0.1627	51
INTS7	0.6750	LP|Cycling T	0.1487	51
INTS8	0.4988	LP|MT-hi	0.2079	51
INTS9	0.7472	Epi|M cells	0.1324	51
INTU	0.8745	LP|Myofibroblasts	0.2824	51
INVS	0.7157	LP|GC	0.0695	51
IP6K1	0.6425	LP|MT-hi	0.4356	51
IP6K2	0.6059	Epi|Tuft	1.5355	51
IPCEF1	0.8423	LP|Tregs	0.4137	51
IPMK	0.6796	LP|Inflammatory Monocytes	0.1685	51
IPO11	0.9440	LP|Microvascular	1.1952	51
IPO13	0.6308	LP|CD4+ PD1+	0.1348	51
IPO4	0.7141	Epi|Stem	0.1267	51
IPO5	0.5736	LP|Cycling B	0.4264	51
IPO7	0.5541	Epi|M cells	0.3863	51
IPO8	0.5794	LP|Myofibroblasts	0.1871	51
IPO9	0.7804	LP|CD69- Mast	0.6786	51
IPO9-AS1	0.8518	LP|RSPO3+	0.0701	51
IPP	0.6407	LP|RSPO3+	0.1223	51
IPPK	0.7350	LP|RSPO3+	0.1202	51
IQCA1	0.9298	LP|WNT5B+ 2	0.0558	51
IQCB1	0.7062	LP|GC	0.3837	51
IQCC	0.8238	Epi|Tuft	0.0818	51
IQCD	0.8679	Epi|Enterocytes	0.1506	51
IQCE	0.6250	LP|DC1	0.1812	51
IQCG	0.7657	LP|MT-hi	0.2406	51
IQCH	0.8579	LP|ILCs	0.0140	51
IQCH-AS1	0.6910	LP|CD69+ Mast	0.0887	51
IQCK	0.8807	LP|Endothelial	0.4950	51
IQGAP1	0.7050	LP|Inflammatory Monocytes	1.7341	51
IQGAP2	0.7890	LP|Glia	1.4078	51
IQGAP3	0.9468	Epi|Cycling TA	0.0884	51
IQSEC1	0.8450	LP|Microvascular	0.6625	51
IQSEC2	0.8284	LP|CD69- Mast	0.4085	51
IQSEC3	0.8995	LP|CD4+ PD1+	0.0320	51
IRAK1	0.6918	Epi|Tuft	0.4769	51
IRAK1BP1	0.6866	LP|Microvascular	0.0689	51
IRAK2	0.8382	LP|DC1	0.1188	51
IRAK3	0.9060	LP|Inflammatory Monocytes	0.6136	51
IRAK4	0.5322	LP|CD8+ IELs	0.3510	51
IREB2	0.5790	Epi|Tuft	0.4464	51
IRF1	0.6980	LP|WNT5B+ 1	6.3727	51
IRF2	0.7185	LP|Cycling T	1.3633	51
IRF2BP1	0.5529	LP|NKs	0.1200	51
IRF2BP2	0.5491	LP|ILCs	1.2205	51
IRF2BPL	0.7104	LP|WNT5B+ 2	0.5650	51
IRF3	0.4620	LP|NKs	0.8061	51
IRF4	0.8505	LP|ILCs	0.4241	51
IRF5	0.8348	LP|Inflammatory Monocytes	0.2398	51
IRF6	0.8773	Epi|Goblet	0.6404	51
IRF7	0.6725	LP|ILCs	1.1371	51
IRF8	0.9336	LP|DC1	6.6628	51
IRF9	0.7726	LP|Glia	1.3458	51
IRGQ	0.6942	Epi|M cells	0.2063	51
IRS1	0.9159	LP|Myofibroblasts	0.4014	51
IRS2	0.7603	LP|Inflammatory Monocytes	0.6534	51
IRX2	0.8803	Epi|Immature Goblet	0.0251	51
IRX3	0.9750	LP|CD69+ Mast	0.0321	51
IRX5	0.9545	Epi|Immature Goblet	0.0035	51
ISCA1	0.5391	LP|CD69- Mast	0.8372	51
ISCA2	0.4141	Epi|Enteroendocrine	0.6359	51
ISCU	0.6066	LP|WNT5B+ 1	4.6134	51
ISG15	0.7390	Epi|Enterocytes	7.9158	51
ISG20	0.8351	LP|GC	8.6109	51
ISG20L2	0.6144	LP|CD8+ LP	0.5982	51
ISL1	0.9437	Epi|Enteroendocrine	0.5772	51
ISL2	0.9034	LP|RSPO3+	0.1736	51
ISLR	0.8782	LP|WNT2B+ Fos-lo 2	1.4272	51
ISOC1	0.6353	LP|RSPO3+	0.7514	51
ISOC2	0.6033	Epi|Cycling TA	1.6749	51
ISPD	0.8933	LP|Myofibroblasts	0.0675	51
IST1	0.4465	Epi|Enterocytes	0.6813	51
ISX	0.8182	Epi|Immature Enterocytes 2	0.2417	51
ISY1	0.5375	LP|Cycling T	0.5491	51
ISYNA1	0.9369	LP|Pericytes	1.8245	51
ITCH	0.6616	LP|NKs	0.2631	51
ITCH-IT1	0.9819	Epi|TA 1	0.0024	51
ITFG1	0.5238	LP|Microvascular	0.8173	51
ITFG2	0.5193	LP|CD8+ IELs	0.3989	51
ITFG3	0.6820	LP|Glia	0.5526	51
ITGA1	0.9090	LP|Pericytes	2.8635	51
ITGA10	0.8941	LP|Glia	0.2633	51
ITGA11	0.9475	LP|WNT5B+ 2	0.2523	51
ITGA2	0.8503	LP|Glia	0.4242	51
ITGA2B	0.9956	LP|CD69+ Mast	0.3749	51
ITGA3	0.9184	Epi|M cells	1.3064	51
ITGA4	0.7646	LP|MT-hi	0.6966	51
ITGA5	0.8950	LP|Microvascular	1.1550	51
ITGA6	0.8997	LP|Microvascular	2.8973	51
ITGA7	0.9958	LP|Pericytes	0.9972	51
ITGA8	0.8859	LP|WNT5B+ 2	0.4894	51
ITGA9	0.9305	LP|Myofibroblasts	0.3661	51
ITGAE	0.7107	LP|Cycling B	2.0180	51
ITGAL	0.8503	LP|NKs	0.8470	51
ITGAM	0.9222	LP|Inflammatory Monocytes	0.6314	51
ITGAV	0.8263	LP|Myofibroblasts	0.9603	51
ITGAX	0.9367	LP|Inflammatory Monocytes	0.5013	51
ITGB1	0.7863	LP|Myofibroblasts	6.0940	51
ITGB1BP1	0.7795	LP|Glia	3.1037	51
ITGB1BP2	0.9151	LP|Post-capillary Venules	0.0139	51
ITGB2	0.8942	LP|NKs	7.2992	51
ITGB2-AS1	0.8536	LP|GC	0.5374	51
ITGB3BP	0.7112	LP|Cycling T	0.6073	51
ITGB4	0.8440	Epi|M cells	1.3957	51
ITGB5	0.7798	LP|WNT2B+ Fos-lo 2	0.5451	51
ITGB6	0.9004	Epi|Enterocytes	0.2493	51
ITGB7	0.7845	LP|CD8+ IELs	1.3095	51
ITGB8	0.9254	LP|Glia	0.5045	51
ITIH4	0.8212	LP|Tregs	0.0166	51
ITIH5	0.9022	LP|WNT2B+ Fos-lo 1	1.9451	51
ITK	0.8376	LP|Tregs	0.5376	51
ITLN1	0.9838	Epi|Immature Goblet	61.7468	51
ITLN2	0.9676	Epi|Secretory TA	0.3674	51
ITM2A	0.8704	LP|CD4+ PD1+	7.1305	51
ITM2B	0.8089	LP|Microvascular	40.4017	51
ITM2C	0.7448	Epi|Enterocytes	13.9886	51
ITPA	0.4152	Epi|Cycling TA	0.8631	51
ITPK1	0.7737	LP|Glia	0.6621	51
ITPK1-AS1	0.8887	LP|NKs	0.0165	51
ITPKA	0.9274	Epi|Immature Enterocytes 2	0.3076	51
ITPKB	0.8471	LP|Microvascular	0.6052	51
ITPKB-AS1	0.8741	LP|MT-hi	0.0812	51
ITPKC	0.8189	Epi|Enterocytes	0.2081	51
ITPR1	0.9307	LP|Glia	1.6567	51
ITPR1-AS1	0.9077	LP|Pericytes	0.0120	51
ITPR2	0.8610	Epi|Tuft	0.7393	51
ITPR3	0.7651	Epi|Enterocytes	0.4674	51
ITPRIP	0.7107	LP|MT-hi	0.2044	51
ITPRIPL1	0.9120	LP|Cycling T	0.0935	51
ITPRIPL2	0.7556	LP|WNT2B+ Fos-lo 2	0.4718	51
ITSN1	0.7029	LP|Glia	0.2589	51
ITSN2	0.8302	LP|GC	2.0480	51
IVD	0.5577	Epi|Cycling TA	0.3573	51
IVNS1ABP	0.8211	LP|Microvascular	2.5167	51
IWS1	0.4516	Epi|M cells	0.3506	51
IYD	0.8444	Epi|Immature Enterocytes 2	0.1509	51
IZUMO1	0.9657	LP|Endothelial	0.0165	51
IZUMO2	0.7685	Epi|Enteroendocrine	0.0104	51
IZUMO4	0.8223	Epi|Enteroendocrine	0.2164	51
JAG1	0.9250	LP|Pericytes	1.4381	51
JAG2	0.9750	LP|Endothelial	0.8593	51
JAGN1	0.5320	LP|CD69- Mast	0.9547	51
JAK1	0.7358	LP|NKs	3.1301	51
JAK2	0.8572	Epi|M cells	0.3760	51
JAK3	0.8065	LP|CD4+ PD1+	0.5004	51
JAKMIP1	0.9296	LP|Tregs	0.2761	51
JAKMIP2	0.9065	LP|Glia	0.1446	51
JAM2	0.9638	LP|Post-capillary Venules	5.0784	51
JAM3	0.9348	LP|Microvascular	0.9524	51
JARID2	0.6402	LP|Inflammatory Monocytes	0.4409	51
JARID2-AS1	nan	Epi|Best4+ Enterocytes	0.0000	51
JAZF1	0.7064	LP|NKs	0.2907	51
JDP2	0.7469	LP|Inflammatory Monocytes	0.1918	51
JHDM1D	0.6846	LP|Inflammatory Monocytes	0.4339	51
JHDM1D-AS1	0.7406	Epi|Enterocyte Progenitors	0.2599	51
JKAMP	0.7289	LP|CD69- Mast	1.0639	51
JMJD1C	0.5414	LP|Inflammatory Monocytes	1.1195	51
JMJD1C-AS1	0.7638	LP|WNT5B+ 1	0.0217	51
JMJD4	0.7209	LP|CD69- Mast	0.2798	51
JMJD6	0.6085	LP|MT-hi	0.7846	51
JMJD7-PLA2G4B	0.9189	LP|Endothelial	0.0042	51
JMJD8	0.5839	LP|WNT5B+ 1	0.4250	51
JMY	0.8581	LP|ILCs	0.7772	51
JOSD1	0.7288	Epi|Enterocytes	0.9056	51
JOSD2	0.7334	LP|Glia	2.0618	51
JPH1	0.9140	Epi|M cells	0.1008	51
JPH2	0.9916	Epi|Secretory TA	0.0007	51
JPX	0.4856	LP|WNT5B+ 1	0.4721	51
JRK	0.6278	Epi|Enteroendocrine	0.1237	51
JRKL	0.5672	LP|Pericytes	0.1124	51
JSRP1	0.9701	LP|Plasma	0.6941	51
JTB	0.2832	LP|CD8+ IL17+	3.1783	51
JUN	0.8489	LP|Glia	53.5263	51
JUNB	0.7129	LP|Glia	46.4283	51
JUND	0.6988	LP|Macrophages	5.3457	51
JUP	0.8189	Epi|Enterocytes	1.9568	51
KAL1	0.9532	Epi|M cells	0.1096	51
KALRN	0.8771	Epi|Tuft	0.3897	51
KANK1	0.8635	LP|Myofibroblasts	0.4347	51
KANK2	0.8734	LP|Pericytes	1.4860	51
KANK3	0.9710	LP|Microvascular	2.2834	51
KANK4	0.9282	Epi|Stem	0.0180	51
KANSL1	0.5235	Epi|Tuft	0.3650	51
KANSL1-AS1	0.5209	LP|NKs	0.2950	51
KANSL1L	0.7575	LP|WNT2B+ Fos-lo 2	0.0831	51
KANSL2	0.6021	LP|CD4+ PD1+	0.3475	51
KANSL3	0.8317	LP|CD69- Mast	0.4377	51
KARS	0.3536	LP|Cycling B	0.9161	51
KAT2A	0.6123	Epi|Enteroendocrine	0.2455	51
KAT2B	0.7181	LP|MT-hi	0.2145	51
KAT5	0.5163	LP|Glia	0.4842	51
KAT6A	0.6335	LP|Endothelial	0.4415	51
KAT6B	0.6997	LP|MT-hi	0.5227	51
KAT7	0.7385	LP|MT-hi	0.3431	51
KAT8	0.5834	LP|Glia	0.3893	51
KATNA1	0.6532	LP|Glia	0.4765	51
KATNAL1	0.8239	LP|Glia	0.2549	51
KATNAL2	0.8368	LP|Microvascular	0.0450	51
KATNB1	0.6759	LP|Cycling T	0.2145	51
KATNBL1	0.4105	LP|Cycling Monocytes	0.5143	51
KAZALD1	0.9279	Epi|Goblet	0.6430	51
KAZN	0.8146	LP|WNT2B+ Fos-hi	0.2622	51
KB-1125A3.11	0.9153	LP|RSPO3+	0.0081	51
KB-1184D12.1	0.9898	Epi|Enteroendocrine	0.0051	51
KB-1208A12.3	0.4957	LP|Glia	0.0380	51
KB-1410C5.3	0.9852	Epi|Enterocytes	0.0066	51
KB-1410C5.5	0.8735	LP|Glia	0.0192	51
KB-1460A1.5	0.9158	LP|MT-hi	0.0979	51
KB-1471A8.1	0.8612	LP|Glia	0.0109	51
KB-1507C5.2	0.8830	LP|CD4+ PD1+	0.1928	51
KB-1572G7.2	0.8023	Epi|Tuft	0.0490	51
KB-1732A1.1	0.8852	LP|WNT5B+ 1	0.3680	51
KB-1836B5.1	0.8733	LP|CD8+ IELs	0.0027	51
KB-1958F4.1	0.8639	LP|Glia	0.0386	51
KB-1980E6.3	0.9113	LP|GC	0.1375	51
KB-208E9.1	0.9743	Epi|Best4+ Enterocytes	0.0005	51
KB-226F1.1	0.8199	LP|CD4+ Memory	0.0136	51
KB-226F1.2	0.8616	LP|GC	0.0042	51
KB-431C1.4	0.7966	LP|GC	0.0754	51
KBTBD11	0.8365	Epi|Immature Enterocytes 2	0.2627	51
KBTBD11-OT1	0.8741	Epi|Immature Enterocytes 2	0.0567	51
KBTBD12	0.9304	Epi|Goblet	0.0524	51
KBTBD2	0.7715	LP|Post-capillary Venules	0.4736	51
KBTBD3	0.5828	LP|Glia	0.3102	51
KBTBD4	0.5774	LP|Microvascular	0.2431	51
KBTBD6	0.7548	LP|CD4+ PD1+	0.1784	51
KBTBD7	0.6249	LP|WNT5B+ 1	0.2149	51
KBTBD8	0.9244	LP|GC	0.3737	51
KCMF1	0.5831	Epi|M cells	0.4716	51
KCNA2	0.9459	LP|Glia	0.0128	51
KCNA3	0.9144	LP|MT-hi	0.3983	51
KCNA5	0.9810	LP|Pericytes	0.0357	51
KCNA7	0.8467	Epi|Enteroendocrine	0.0435	51
KCNAB2	0.8111	LP|MT-hi	0.6884	51
KCNAB3	0.8239	Epi|M cells	0.0360	51
KCNC3	0.9242	LP|Inflammatory Monocytes	0.0456	51
KCNC4	0.9251	LP|Pericytes	0.1638	51
KCND1	0.8807	LP|WNT5B+ 2	0.0154	51
KCND3	0.8746	LP|Glia	0.1197	51
KCNE1	0.9061	LP|Inflammatory Monocytes	0.0470	51
KCNE2	0.9853	Epi|M cells	0.3020	51
KCNE3	0.9170	Epi|M cells	0.7502	51
KCNE4	0.9443	LP|Pericytes	0.4362	51
KCNF1	0.9856	LP|Inflammatory Fibroblasts	0.0370	51
KCNG1	0.9127	LP|Follicular	0.1566	51
KCNG3	0.9549	Epi|Best4+ Enterocytes	0.0041	51
KCNH2	0.9688	LP|Myofibroblasts	0.4647	51
KCNH3	0.9663	LP|Inflammatory Monocytes	0.0109	51
KCNH6	0.9868	Epi|Enteroendocrine	0.0382	51
KCNH8	0.9316	Epi|Tuft	0.0470	51
KCNIP2	0.9458	Epi|M cells	0.0663	51
KCNIP3	0.9721	Epi|Cycling TA	0.0001	51
KCNIP4	0.9599	LP|Glia	0.0703	51
KCNJ11	0.9352	Epi|Immature Goblet	0.0014	51
KCNJ12	0.9449	Epi|M cells	0.0740	51
KCNJ14	0.7830	LP|CD4+ Activated Fos-hi	0.0205	51
KCNJ15	0.9474	LP|Inflammatory Monocytes	0.0458	51
KCNJ2	0.9774	Epi|M cells	0.7113	51
KCNJ2-AS1	0.8887	Epi|Tuft	0.0774	51
KCNJ3	0.6707	LP|Cycling Monocytes	0.3551	51
KCNJ5	0.9007	LP|Pericytes	0.0229	51
KCNJ6	0.9910	Epi|Enteroendocrine	0.2388	51
KCNJ8	0.9977	LP|Pericytes	1.8915	51
KCNK1	0.9032	Epi|Goblet	0.8730	51
KCNK10	0.8949	Epi|TA 2	0.0275	51
KCNK12	0.9259	LP|Cycling B	0.2827	51
KCNK13	0.9494	LP|DC2	0.0556	51
KCNK15	0.9250	LP|CD4+ PD1+	0.0718	51
KCNK3	0.9280	Epi|Enteroendocrine	0.0276	51
KCNK5	0.8676	Epi|Goblet	0.4861	51
KCNK6	0.7981	LP|DC1	0.8405	51
KCNK7	0.8680	Epi|Best4+ Enterocytes	0.0250	51
KCNK9	nan	Epi|Best4+ Enterocytes	0.0000	51
KCNMA1	0.9250	Epi|Immature Goblet	0.6650	51
KCNMB1	0.9806	LP|Myofibroblasts	2.0693	51
KCNMB2	0.9451	LP|RSPO3+	0.0725	51
KCNMB3	0.8993	LP|Post-capillary Venules	0.2106	51
KCNMB4	0.9893	LP|Glia	1.4531	51
KCNN1	0.8344	LP|CD69+ Mast	0.1352	51
KCNN2	0.9659	LP|Endothelial	0.0288	51
KCNN3	0.9343	LP|Endothelial	0.5267	51
KCNN4	0.8676	Epi|Stem	0.8410	51
KCNQ1	0.9248	Epi|Tuft	0.9316	51
KCNQ1OT1	0.7349	LP|CD69+ Mast	1.2211	51
KCNQ4	0.9967	Epi|Tuft	0.6239	51
KCNQ5	1.0000	Epi|Enterocytes	0.0002	51
KCNRG	0.8740	LP|Microvascular	0.0248	51
KCNS3	0.9061	LP|Glia	1.0975	51
KCNV1	0.9185	Epi|Stem	0.0160	51
KCP	0.9115	Epi|M cells	0.1541	51
KCTD1	0.9696	LP|Glia	0.6187	51
KCTD10	0.7004	LP|Myofibroblasts	0.4118	51
KCTD11	0.8808	LP|Glia	0.3823	51
KCTD12	0.8838	LP|Post-capillary Venules	2.3306	51
KCTD13	0.9017	LP|CD69- Mast	0.6400	51
KCTD14	0.8776	Epi|Immature Goblet	0.1396	51
KCTD15	0.8575	LP|Endothelial	0.2160	51
KCTD16	0.9588	Epi|Stem	0.0062	51
KCTD17	0.5408	LP|Inflammatory Fibroblasts	0.2081	51
KCTD18	0.5009	LP|RSPO3+	0.1144	51
KCTD19	0.7733	LP|MT-hi	0.0337	51
KCTD2	0.5396	LP|Myofibroblasts	0.0893	51
KCTD20	0.5186	LP|Microvascular	0.3392	51
KCTD21	0.7995	Epi|M cells	0.1050	51
KCTD21-AS1	0.7042	LP|RSPO3+	0.0507	51
KCTD3	0.7436	LP|CD69- Mast	0.3055	51
KCTD4	0.9579	Epi|Enterocytes	0.0064	51
KCTD5	0.6356	LP|CD8+ IL17+	0.4743	51
KCTD6	0.7444	LP|Glia	0.2361	51
KCTD7	0.7315	Epi|M cells	0.1236	51
KCTD9	0.8322	LP|WNT5B+ 1	0.9136	51
KDELC1	0.8121	LP|Microvascular	0.1456	51
KDELC2	0.7169	LP|Myofibroblasts	0.2378	51
KDELR1	0.5578	Epi|Immature Goblet	1.8219	51
KDELR2	0.5282	Epi|Immature Goblet	3.1984	51
KDELR3	0.7803	LP|Inflammatory Fibroblasts	0.6780	51
KDM1A	0.5806	Epi|Cycling TA	0.2676	51
KDM1B	0.7653	LP|Inflammatory Monocytes	0.2530	51
KDM2A	0.4934	LP|Tregs	0.4528	51
KDM2B	0.7185	LP|DC2	0.3768	51
KDM3A	0.5363	LP|Glia	0.1620	51
KDM3B	0.7044	Epi|Tuft	0.3931	51
KDM4A	0.8284	Epi|Tuft	0.4599	51
KDM4A-AS1	0.6765	LP|Cycling Monocytes	0.0162	51
KDM4B	0.8303	LP|Follicular	0.5531	51
KDM4C	0.6432	Epi|Goblet	0.2804	51
KDM4D	0.9598	Epi|Tuft	0.0297	51
KDM5A	0.4577	LP|MT-hi	0.5565	51
KDM5B	0.6601	LP|ILCs	0.4841	51
KDM5C	0.5201	Epi|M cells	0.2431	51
KDM5C-IT1	0.8395	LP|Tregs	0.0200	51
KDM5D	0.7374	LP|MT-hi	0.1651	51
KDM6A	0.4388	Epi|Tuft	0.1043	51
KDM6B	0.7622	LP|ILCs	1.9514	51
KDM8	0.8810	LP|MT-hi	0.1032	51
KDR	0.9861	LP|Microvascular	3.1108	51
KDSR	0.8284	LP|Glia	1.5648	51
KEAP1	0.5172	LP|Cycling T	0.4599	51
KHDC1	0.8369	LP|Cycling B	0.1300	51
KHDRBS1	0.5698	LP|Cycling B	2.2935	51
KHDRBS2	0.9545	Epi|Immature Enterocytes 1	0.0025	51
KHDRBS3	0.9049	LP|Glia	0.6963	51
KHK	0.8357	LP|Glia	0.3985	51
KHNYN	0.6312	Epi|Goblet	0.3436	51
KHSRP	0.6097	Epi|M cells	0.4605	51
KIAA0020	0.5428	LP|ILCs	0.4025	51
KIAA0040	0.8397	LP|Pericytes	0.9871	51
KIAA0100	0.7310	Epi|Tuft	0.3022	51
KIAA0101	0.9538	LP|Cycling B	7.6187	51
KIAA0125	0.9241	LP|Plasma	1.2742	51
KIAA0141	0.5438	LP|Microvascular	0.3190	51
KIAA0195	0.7223	Epi|Enterocytes	0.2554	51
KIAA0196	0.8128	LP|CD69- Mast	0.5008	51
KIAA0226	0.7367	LP|CD4+ PD1+	0.3648	51
KIAA0226L	0.9435	LP|DC1	1.6518	51
KIAA0232	0.6129	Epi|Tuft	0.3021	51
KIAA0247	0.7755	Epi|Enterocytes	0.7572	51
KIAA0319	0.9368	Epi|Enteroendocrine	0.0179	51
KIAA0319L	0.6657	LP|CD8+ IL17+	0.5247	51
KIAA0355	0.8322	LP|Endothelial	0.6815	51
KIAA0368	0.7221	Epi|Enteroendocrine	0.3515	51
KIAA0430	0.5067	LP|GC	0.2490	51
KIAA0513	0.7440	LP|Inflammatory Monocytes	0.2322	51
KIAA0556	0.7791	Epi|Enteroendocrine	0.1022	51
KIAA0586	0.5873	Epi|Tuft	0.1421	51
KIAA0753	0.7816	Epi|Tuft	0.1044	51
KIAA0754	0.6777	Epi|Tuft	0.0617	51
KIAA0825	0.7634	LP|CD8+ IL17+	0.0407	51
KIAA0895	0.7823	LP|ILCs	0.0282	51
KIAA0895L	0.8337	Epi|Tuft	0.1909	51
KIAA0907	0.4945	LP|ILCs	0.4874	51
KIAA0922	0.9059	LP|GC	0.6059	51
KIAA0930	0.7760	LP|Macrophages	0.6505	51
KIAA0947	0.5296	LP|CD8+ IELs	0.2113	51
KIAA1009	0.6800	LP|RSPO3+	0.1865	51
KIAA1024	0.9477	LP|Inflammatory Fibroblasts	0.0032	51
KIAA1024L	0.8334	LP|Glia	0.0157	51
KIAA1033	0.7057	LP|CD69- Mast	0.6786	51
KIAA1107	0.8114	LP|Pericytes	0.0456	51
KIAA1109	0.6486	LP|Pericytes	0.4237	51
KIAA1143	0.4004	LP|Endothelial	0.3970	51
KIAA1147	0.9154	Epi|M cells	0.8220	51
KIAA1161	0.8789	Epi|Immature Enterocytes 2	0.3066	51
KIAA1191	0.5571	LP|Glia	0.4371	51
KIAA1199	0.9921	LP|Inflammatory Fibroblasts	1.4728	51
KIAA1211	0.8999	Epi|Immature Enterocytes 1	0.0602	51
KIAA1211L	0.8635	LP|ILCs	0.2163	51
KIAA1217	0.8153	Epi|Tuft	0.3608	51
KIAA1239	0.9913	Epi|Enterocytes	0.0163	51
KIAA1244	0.9172	Epi|Enteroendocrine	0.5766	51
KIAA1257	0.9333	Epi|Enteroendocrine	0.1012	51
KIAA1279	0.7155	LP|Glia	0.4303	51
KIAA1324	0.9090	Epi|Tuft	1.6327	51
KIAA1324L	0.8344	Epi|M cells	0.0847	51
KIAA1328	0.8084	LP|MT-hi	0.3259	51
KIAA1377	0.9131	Epi|Enteroendocrine	0.5396	51
KIAA1407	0.7659	LP|CD4+ PD1+	0.1225	51
KIAA1429	0.5284	Epi|Tuft	0.2426	51
KIAA1430	0.7821	LP|CD69- Mast	0.9798	51
KIAA1432	0.6589	LP|Macrophages	0.1239	51
KIAA1456	0.9505	Epi|Enteroendocrine	0.3409	51
KIAA1462	0.9570	LP|Endothelial	0.4192	51
KIAA1467	0.7483	LP|Pericytes	0.0324	51
KIAA1468	0.6603	LP|CD69- Mast	0.1648	51
KIAA1522	0.8262	Epi|Enterocytes	0.9010	51
KIAA1524	0.8988	LP|Cycling T	0.2603	51
KIAA1549	0.9637	LP|CD69- Mast	0.3339	51
KIAA1549L	0.9736	Epi|Enteroendocrine	0.0017	51
KIAA1551	0.7629	LP|CD4+ PD1+	0.9499	51
KIAA1586	0.6883	LP|CD4+ PD1+	0.2133	51
KIAA1598	0.9362	LP|DC1	1.1512	51
KIAA1614	0.8367	LP|Glia	0.0613	51
KIAA1644	0.9133	LP|Myofibroblasts	0.0876	51
KIAA1671	0.8746	LP|Microvascular	0.5857	51
KIAA1683	0.7309	LP|MT-hi	0.1728	51
KIAA1715	0.6012	LP|Pericytes	0.3451	51
KIAA1731	0.8031	LP|CD4+ PD1+	0.3013	51
KIAA1737	0.7772	Epi|Enterocytes	0.2804	51
KIAA1755	0.9011	LP|Glia	0.1520	51
KIAA1841	0.6940	LP|Endothelial	0.1336	51
KIAA1875	0.9105	Epi|Tuft	0.0420	51
KIAA1919	0.5633	LP|CD69+ Mast	0.1019	51
KIAA1958	0.7948	LP|DC1	0.0653	51
KIAA1984	0.8573	Epi|Best4+ Enterocytes	0.1190	51
KIAA2013	0.7620	Epi|Enterocytes	0.9552	51
KIAA2018	0.6315	Epi|Tuft	0.2372	51
KIAA2022	0.9778	Epi|M cells	0.0629	51
KIAA2026	0.5357	LP|Endothelial	0.4340	51
KIDINS220	0.6120	LP|MT-hi	0.5007	51
KIF11	0.9282	LP|Cycling T	0.3248	51
KIF12	0.9536	Epi|Enteroendocrine	0.8288	51
KIF13A	0.7064	LP|Endothelial	0.3080	51
KIF13B	0.8961	Epi|M cells	1.3194	51
KIF14	0.9427	LP|Cycling T	0.1908	51
KIF15	0.9567	LP|Cycling T	0.2291	51
KIF16B	0.7642	Epi|Goblet	0.3580	51
KIF18A	0.9031	LP|Cycling T	0.1136	51
KIF18B	0.9278	LP|Cycling T	0.1055	51
KIF19	0.9585	LP|Microvascular	0.5981	51
KIF1B	0.8303	Epi|Tuft	0.6097	51
KIF1C	0.8312	Epi|Tuft	1.2749	51
KIF20A	0.9212	LP|Cycling B	0.1279	51
KIF20B	0.8644	LP|Cycling T	1.0044	51
KIF21A	0.7557	Epi|Enteroendocrine	0.3152	51
KIF21B	0.8659	LP|NKs	0.1293	51
KIF22	0.7380	LP|Cycling T	1.4495	51
KIF23	0.9331	LP|Cycling T	0.4779	51
KIF24	0.9133	LP|Cycling B	0.0230	51
KIF25	0.9252	LP|Glia	0.0899	51
KIF25-AS1	0.9884	Epi|Immature Goblet	0.0018	51
KIF26A	0.9305	LP|Endothelial	0.1687	51
KIF26B	0.9633	LP|Pericytes	0.0653	51
KIF27	0.7442	LP|Microvascular	0.0645	51
KIF2A	0.7760	LP|CD4+ PD1+	0.6784	51
KIF2C	0.9532	LP|Cycling T	0.5105	51
KIF3A	0.5925	LP|CD4+ PD1+	0.2259	51
KIF3B	0.7399	Epi|M cells	0.4448	51
KIF3C	0.7820	LP|Glia	0.0509	51
KIF4A	0.9024	LP|Cycling T	0.1714	51
KIF4B	0.9983	Epi|Cycling TA	0.0003	51
KIF5B	0.3949	LP|Glia	1.6646	51
KIF5C	0.9403	Epi|Enteroendocrine	0.3166	51
KIF6	0.8535	LP|ILCs	0.0227	51
KIF7	0.8616	LP|Glia	0.0638	51
KIF9	0.7136	LP|Endothelial	0.5868	51
KIF9-AS1	0.8767	LP|GC	0.0447	51
KIFAP3	0.6354	LP|Glia	0.3002	51
KIFC1	0.9390	LP|Cycling T	0.7083	51
KIFC2	0.6803	Epi|TA 1	0.1604	51
KIFC3	0.9114	LP|Microvascular	0.7412	51
KIN	0.4741	LP|CD69- Mast	0.4099	51
KIR3DL2	0.9889	Epi|TA 1	0.0007	51
KIR3DX1	0.8584	LP|NKs	0.0202	51
KIRREL	0.9455	LP|Pericytes	0.1548	51
KIRREL3	0.9982	LP|Glia	0.1875	51
KISS1	0.8671	Epi|Cycling TA	0.0069	51
KISS1R	0.9321	LP|Plasma	0.0511	51
KIT	0.9767	LP|CD69+ Mast	4.1437	51
KITLG	0.8350	LP|WNT2B+ Fos-lo 1	0.4374	51
KL	0.9752	LP|Endothelial	0.1551	51
KLB	0.9510	Epi|Enteroendocrine	0.1910	51
KLC1	0.6557	LP|Glia	0.6569	51
KLC2	0.6319	LP|CD8+ IL17+	0.1857	51
KLC3	0.8899	LP|MT-hi	0.0382	51
KLC4	0.7756	Epi|M cells	0.7033	51
KLF1	0.9856	Epi|Best4+ Enterocytes	0.0013	51
KLF10	0.7432	LP|WNT5B+ 1	1.6284	51
KLF11	0.8390	LP|ILCs	0.6539	51
KLF12	0.7088	LP|GC	0.3305	51
KLF13	0.6904	LP|Plasma	0.8778	51
KLF15	0.8542	LP|Glia	0.0288	51
KLF16	0.6776	Epi|Enterocytes	0.1853	51
KLF2	0.7715	LP|NKs	3.4910	51
KLF3	0.6212	Epi|Goblet	0.9531	51
KLF4	0.7158	LP|Glia	4.0850	51
KLF5	0.8818	Epi|M cells	4.8637	51
KLF6	0.7144	LP|CD4+ Activated Fos-hi	12.5362	51
KLF7	0.8003	LP|Endothelial	0.4293	51
KLF8	0.8652	LP|Endothelial	0.2249	51
KLF9	0.8326	LP|Glia	0.9663	51
KLHDC1	0.8052	LP|Glia	0.1032	51
KLHDC10	0.6333	Epi|Tuft	0.2763	51
KLHDC2	0.5281	LP|Glia	0.9792	51
KLHDC3	0.6727	LP|Glia	1.0399	51
KLHDC4	0.8044	LP|NKs	0.4998	51
KLHDC7A	0.9967	Epi|Tuft	0.2685	51
KLHDC7B	0.8548	LP|Tregs	0.1596	51
KLHDC8B	0.9249	LP|Microvascular	1.0084	51
KLHDC9	0.8003	Epi|M cells	0.1926	51
KLHL11	0.9272	Epi|Tuft	0.0289	51
KLHL12	0.6924	LP|CD69- Mast	0.2798	51
KLHL13	0.8877	LP|RSPO3+	0.1350	51
KLHL14	0.9813	LP|GC	0.1506	51
KLHL15	0.6925	LP|Inflammatory Monocytes	0.1429	51
KLHL17	0.7448	Epi|Tuft	0.0451	51
KLHL18	0.6927	LP|ILCs	0.3945	51
KLHL2	0.6460	LP|Macrophages	0.1354	51
KLHL20	0.7888	LP|CD69- Mast	0.6786	51
KLHL21	0.7157	LP|Glia	0.1870	51
KLHL22	0.6406	LP|Glia	0.1521	51
KLHL23	0.8765	LP|Pericytes	0.3238	51
KLHL24	0.5138	LP|MT-hi	0.4065	51
KLHL25	0.6447	LP|CD8+ IL17+	0.0599	51
KLHL26	0.8786	LP|Glia	0.1445	51
KLHL28	0.6408	LP|CD8+ IL17+	0.3289	51
KLHL29	0.8864	LP|Glia	0.1331	51
KLHL3	0.9227	LP|Post-capillary Venules	0.1916	51
KLHL30	0.9743	Epi|Immature Enterocytes 2	0.0011	51
KLHL31	0.9875	Epi|Cycling TA	0.0003	51
KLHL32	0.9505	Epi|Immature Goblet	0.0198	51
KLHL34	0.9407	Epi|Best4+ Enterocytes	0.0167	51
KLHL35	0.6711	LP|Glia	0.0358	51
KLHL36	0.6592	LP|MT-hi	0.4982	51
KLHL42	0.7858	LP|Myofibroblasts	0.5811	51
KLHL5	0.7861	LP|Microvascular	0.6519	51
KLHL6	0.9245	LP|GC	0.9737	51
KLHL7	0.6290	LP|Myofibroblasts	0.2723	51
KLHL7-AS1	0.9906	Epi|Secretory TA	0.0001	51
KLHL8	0.6395	Epi|Enteroendocrine	0.2082	51
KLHL9	0.6792	Epi|M cells	0.3489	51
KLK1	0.9745	Epi|Immature Goblet	17.8120	51
KLK10	0.9720	LP|Post-capillary Venules	0.1819	51
KLK11	0.9954	Epi|Tuft	2.1016	51
KLK12	0.9655	Epi|Immature Goblet	0.4307	51
KLK13	0.9999	Epi|Tuft	0.0626	51
KLK15	0.9825	Epi|Immature Goblet	0.3806	51
KLK2	0.9718	Epi|Secretory TA	0.0010	51
KLK3	0.9829	Epi|Immature Goblet	0.1986	51
KLK4	0.9667	Epi|Immature Goblet	0.1196	51
KLK6	0.9703	Epi|Enterocytes	0.0213	51
KLK7	0.9877	Epi|Immature Enterocytes 1	0.0265	51
KLK8	0.9757	Epi|Enterocytes	0.0123	51
KLKB1	0.9239	Epi|Immature Enterocytes 1	0.0183	51
KLLN	0.7564	LP|GC	0.0143	51
KLRB1	0.8986	LP|CD8+ IL17+	28.7222	51
KLRC1	0.9745	LP|NKs	4.0857	51
KLRC2	0.9878	LP|CD8+ IELs	3.2141	51
KLRD1	0.9752	LP|NKs	7.8375	51
KLRF1	0.9907	LP|NKs	8.5340	51
KLRG1	0.9251	LP|CD8+ LP	1.7962	51
KLRG2	0.9465	Epi|Stem	0.0015	51
KMO	0.9234	LP|GC	0.2446	51
KMT2A	0.4831	LP|GC	0.5689	51
KMT2C	0.7595	Epi|Tuft	0.9514	51
KMT2D	0.5285	LP|MT-hi	0.1472	51
KMT2E	0.5872	LP|ILCs	3.4568	51
KMT2E-AS1	0.9256	LP|CD69- Mast	1.4243	51
KNG1	0.9724	Epi|Enterocytes	0.0662	51
KNOP1	0.7412	LP|Pericytes	0.8984	51
KNSTRN	0.8673	LP|Cycling T	0.4785	51
KNTC1	0.8049	LP|Cycling T	0.0930	51
KPNA1	0.5218	LP|CD4+ PD1+	0.2640	51
KPNA2	0.8597	LP|Cycling B	3.2471	51
KPNA3	0.4360	LP|ILCs	0.3021	51
KPNA4	0.4892	LP|Inflammatory Monocytes	0.4053	51
KPNA5	0.7274	LP|RSPO3+	0.2115	51
KPNA6	0.4318	LP|MT-hi	0.3210	51
KPNA7	0.9768	Epi|Goblet	0.0118	51
KPNB1	0.5565	LP|Cycling T	1.4225	51
KPTN	0.9299	LP|CD69- Mast	0.6400	51
KRAS	0.5106	Epi|Immature Enterocytes 2	0.9319	51
KRBA1	0.7972	LP|CD8+ IL17+	0.0651	51
KRBA2	0.7443	LP|RSPO3+	0.0396	51
KRBOX1	0.8162	LP|WNT5B+ 2	0.1131	51
KRBOX4	0.7195	LP|Microvascular	0.2752	51
KRCC1	0.4911	Epi|Enterocytes	0.9622	51
KREMEN1	0.9060	LP|WNT5B+ 2	1.3168	51
KREMEN2	0.9934	Epi|Tuft	0.7913	51
KRI1	0.5711	LP|Cycling T	0.2047	51
KRIT1	0.8211	LP|CD69- Mast	0.8314	51
KRR1	0.5897	LP|ILCs	0.7247	51
KRT1	0.9858	LP|CD69- Mast	8.6053	51
KRT10	0.4676	LP|CD69- Mast	3.3080	51
KRT12	0.9365	Epi|Enterocytes	0.0717	51
KRT13	0.9875	Epi|M cells	0.0882	51
KRT14	0.9610	Epi|Immature Enterocytes 1	0.0928	51
KRT15	0.8496	Epi|Immature Enterocytes 2	0.1464	51
KRT16	0.9793	Epi|Enterocyte Progenitors	0.0026	51
KRT17	0.9621	Epi|Enterocyte Progenitors	0.0019	51
KRT18	0.9496	Epi|Tuft	101.4983	51
KRT19	0.9248	Epi|Immature Enterocytes 2	52.6807	51
KRT2	0.9691	Epi|Tuft	0.0708	51
KRT20	0.9204	Epi|Immature Enterocytes 2	17.0086	51
KRT222	0.9756	LP|Post-capillary Venules	0.3805	51
KRT23	0.9500	Epi|M cells	0.0252	51
KRT36	0.9817	Epi|Enteroendocrine	0.0010	51
KRT4	nan	Epi|Best4+ Enterocytes	0.0000	51
KRT40	0.9981	Epi|Tuft	0.0627	51
KRT6A	nan	Epi|Best4+ Enterocytes	0.0000	51
KRT6B	0.9728	Epi|Enteroendocrine	0.0342	51
KRT7	0.9748	Epi|Tuft	1.1063	51
KRT78	0.9704	Epi|Cycling TA	0.0000	51
KRT8	0.8823	Epi|Immature Enterocytes 2	74.8764	51
KRT80	0.9798	Epi|Tuft	0.0202	51
KRT81	0.9943	LP|ILCs	3.5094	51
KRT86	0.9941	LP|ILCs	6.4761	51
KRTAP13-2	0.9564	Epi|Immature Enterocytes 1	0.0575	51
KRTAP4-1	0.9289	Epi|Immature Goblet	0.0072	51
KRTAP5-2	0.9836	Epi|Enterocytes	0.0045	51
KRTAP5-5	0.9606	Epi|Enterocytes	0.0064	51
KRTAP5-9	0.9864	Epi|Enterocyte Progenitors	0.0015	51
KRTAP5-AS1	0.9515	Epi|Tuft	0.0507	51
KRTCAP2	0.7584	LP|CD69- Mast	3.6154	51
KRTCAP3	0.8424	Epi|TA 2	2.1001	51
KRTDAP	0.9619	LP|WNT5B+ 1	0.0919	51
KSR1	0.7343	LP|Inflammatory Monocytes	0.1479	51
KSR2	0.9731	LP|CD4+ PD1+	0.6879	51
KTI12	0.7110	LP|CD8+ IL17+	0.3251	51
KTN1	0.5469	Epi|Enterocytes	3.0247	51
KTN1-AS1	0.8224	Epi|Enteroendocrine	0.0413	51
KXD1	0.4411	LP|Cycling T	0.9256	51
KYNU	0.9475	LP|Inflammatory Monocytes	1.1249	51
L1TD1	0.8997	Epi|Immature Goblet	0.3924	51
L2HGDH	0.6910	LP|Cycling T	0.0720	51
L3HYPDH	0.7846	LP|Glia	0.2310	51
L3MBTL1	0.6890	LP|Myofibroblasts	0.0363	51
L3MBTL2	0.6068	LP|CD8+ IL17+	0.2493	51
L3MBTL3	0.6846	LP|Tregs	0.1909	51
L3MBTL4	0.7239	LP|CD8+ IELs	0.0569	51
LA16c-306A4.2	0.9090	Epi|M cells	0.0447	51
LA16c-313D11.12	0.8630	Epi|M cells	0.0053	51
LA16c-321D4.2	0.9834	Epi|Immature Goblet	0.0411	51
LA16c-325D7.2	0.8923	LP|Cycling T	0.0121	51
LA16c-358B7.3	0.8239	LP|CD8+ IL17+	0.0661	51
LA16c-380H5.4	0.9712	Epi|Cycling TA	0.0004	51
LA16c-380H5.5	0.7352	Epi|Tuft	0.0421	51
LA16c-385E7.1	0.9362	LP|WNT2B+ Fos-lo 2	0.0030	51
LA16c-395F10.2	0.9618	Epi|Immature Goblet	0.1086	51
LA16c-425C2.1	0.9778	Epi|Immature Goblet	0.0035	51
LA16c-429E7.1	0.9699	Epi|Enteroendocrine	0.0507	51
LA16c-431H6.6	0.6549	LP|CD4+ PD1+	0.0628	51
LA16c-444G7.2	0.9796	LP|DC2	0.0235	51
LA16c-OS12.2	0.8227	LP|Pericytes	0.0232	51
LACC1	0.9099	LP|Cycling Monocytes	0.7427	51
LACE1	0.6959	LP|DC1	0.0627	51
LACTB	0.7089	LP|Inflammatory Monocytes	0.8029	51
LACTB2	0.8860	Epi|M cells	1.6476	51
LAD1	0.8566	Epi|M cells	1.2394	51
LAG3	0.9309	LP|CD8+ IL17+	4.5655	51
LAGE3	0.4835	LP|Cycling Monocytes	1.2327	51
LAIR1	0.8279	LP|Cycling Monocytes	0.8560	51
LAIR2	0.9645	LP|NKs	1.8635	51
LAMA1	0.9203	Epi|Enterocytes	0.9620	51
LAMA2	0.8781	LP|WNT2B+ Fos-lo 2	0.4438	51
LAMA3	0.9504	Epi|Enterocytes	1.0675	51
LAMA4	0.9028	LP|WNT5B+ 1	4.9686	51
LAMA5	0.9051	LP|WNT5B+ 2	0.8227	51
LAMB1	0.8651	LP|WNT5B+ 2	1.7951	51
LAMB2	0.8847	LP|Pericytes	1.4587	51
LAMB3	0.9214	Epi|Enterocytes	2.2114	51
LAMC1	0.8452	LP|WNT5B+ 2	1.6807	51
LAMC2	0.9184	Epi|Enterocytes	0.5328	51
LAMC3	0.9300	LP|WNT5B+ 2	0.4384	51
LAMP1	0.7288	LP|Glia	4.3234	51
LAMP2	0.7914	LP|Glia	2.4465	51
LAMP3	0.9457	LP|DC2	0.3743	51
LAMP5	0.9818	LP|Glia	0.5401	51
LAMTOR1	0.5222	LP|Cycling Monocytes	3.2915	51
LAMTOR2	0.5196	LP|Cycling Monocytes	2.7392	51
LAMTOR3	0.5409	LP|CD69- Mast	0.7052	51
LAMTOR4	0.4801	LP|Inflammatory Monocytes	5.8308	51
LAMTOR5	0.4652	LP|GC	4.0440	51
LAMTOR5-AS1	0.8266	LP|GC	0.0442	51
LANCL1	0.7442	LP|GC	0.2373	51
LANCL2	0.9193	LP|WNT5B+ 2	0.8097	51
LANCL3	0.8658	Epi|Enterocytes	0.0460	51
LAP3	0.7164	LP|Endothelial	2.4246	51
LAPTM4A	0.7437	LP|RSPO3+	13.4584	51
LAPTM4B	0.7020	LP|Endothelial	0.7148	51
LAPTM5	0.8815	LP|GC	20.3810	51
LARGE	0.8759	LP|Glia	0.2040	51
LARGE-AS1	0.9136	Epi|Enteroendocrine	0.0142	51
LARP1	0.5200	LP|MT-hi	0.5363	51
LARP1B	0.6638	Epi|Immature Goblet	0.3496	51
LARP4	0.5455	Epi|M cells	0.2466	51
LARP4B	0.6543	Epi|M cells	0.3451	51
LARP6	0.8770	LP|Inflammatory Fibroblasts	0.4150	51
LARP7	0.3750	LP|CD69- Mast	0.9623	51
LARS	0.5987	LP|CD69- Mast	0.8093	51
LARS2	0.7973	Epi|M cells	0.1018	51
LAS1L	0.4928	LP|Cycling T	0.2832	51
LASP1	0.6568	Epi|Enterocytes	1.5081	51
LAT	0.9194	LP|CD69- Mast	0.6136	51
LAT2	0.9302	LP|GC	4.2042	51
LATS1	0.5853	Epi|Enteroendocrine	0.1995	51
LATS2	0.7376	LP|Endothelial	0.1934	51
LATS2-AS1	0.8163	LP|NKs	0.0383	51
LAX1	0.9402	LP|CD69- Mast	1.5174	51
LAYN	0.8960	LP|Microvascular	1.0002	51
LBH	0.7755	LP|Pericytes	2.2829	51
LBR	0.6729	LP|GC	1.0369	51
LBX2	0.8922	LP|MT-hi	0.0610	51
LBX2-AS1	0.7283	LP|WNT5B+ 2	0.1093	51
LCA5	0.8624	LP|Pericytes	0.1658	51
LCA5L	0.8387	LP|Endothelial	0.0341	51
LCAT	0.9232	LP|Glia	0.3635	51
LCK	0.8622	LP|CD8+ IL17+	6.5049	51
LCLAT1	0.8036	Epi|M cells	0.2200	51
LCMT1	0.4762	Epi|Enterocytes	0.7339	51
LCMT2	0.8216	LP|Pericytes	0.1554	51
LCN12	0.9440	Epi|Enteroendocrine	0.1639	51
LCN15	0.9991	Epi|Enteroendocrine	12.4161	51
LCN2	0.9206	Epi|Enterocytes	11.4120	51
LCN6	0.9787	LP|Post-capillary Venules	1.2331	51
LCOR	0.7664	Epi|M cells	0.7184	51
LCORL	0.6786	Epi|Enteroendocrine	0.2446	51
LCP1	0.8003	LP|Inflammatory Monocytes	4.4202	51
LCP2	0.8049	LP|CD69- Mast	1.4268	51
LCTL	0.8563	LP|MT-hi	0.0817	51
LDB1	0.6687	LP|Cycling T	0.1084	51
LDB2	0.9481	LP|Microvascular	2.8037	51
LDB3	0.9888	LP|Pericytes	0.2238	51
LDHA	0.5630	LP|Cycling T	8.1689	51
LDHB	0.5833	LP|Cycling T	7.0689	51
LDHC	0.8256	LP|Cycling T	0.0389	51
LDHD	0.8958	Epi|Enterocyte Progenitors	0.6627	51
LDLR	0.8124	Epi|Goblet	0.5887	51
LDLRAD2	0.9268	LP|Endothelial	0.0203	51
LDLRAD3	0.9008	LP|Myofibroblasts	0.3064	51
LDLRAD4	0.8285	LP|ILCs	1.6094	51
LDLRAP1	0.7965	LP|CD4+ Memory	0.7123	51
LDOC1	0.8363	LP|Microvascular	0.3489	51
LDOC1L	0.6540	LP|Myofibroblasts	0.1425	51
LEAP2	0.7566	Epi|Immature Enterocytes 1	0.3316	51
LECT1	0.9978	Epi|M cells	0.4119	51
LEF1	0.9221	LP|CD4+ Memory	1.2525	51
LEF1-AS1	0.9224	LP|CD4+ Memory	0.0773	51
LEFTY1	0.9480	Epi|M cells	8.0314	51
LEFTY2	0.9470	LP|Endothelial	0.0226	51
LEKR1	0.8984	LP|ILCs	0.0372	51
LEMD1	0.9974	Epi|Enteroendocrine	0.0022	51
LEMD2	0.5429	LP|Cycling T	0.3168	51
LEMD3	0.7278	Epi|M cells	0.2596	51
LENG1	0.5784	LP|CD69- Mast	0.7837	51
LENG8	0.5707	Epi|Tuft	0.6357	51
LENG8-AS1	0.7877	Epi|Tuft	0.0582	51
LENG9	0.6936	Epi|Goblet	0.2492	51
LEO1	0.9358	LP|CD69- Mast	3.0555	51
LEP	0.9162	LP|NKs	0.0041	51
LEPR	0.9576	LP|Post-capillary Venules	0.7225	51
LEPRE1	0.7501	LP|Inflammatory Fibroblasts	0.6052	51
LEPREL1	0.9218	LP|Glia	0.4330	51
LEPREL1-AS1	0.8798	Epi|Tuft	0.0100	51
LEPREL4	0.7912	LP|WNT5B+ 1	0.5201	51
LEPROT	0.6909	LP|WNT5B+ 1	2.3925	51
LEPROTL1	0.7298	LP|CD4+ Activated Fos-lo	3.5849	51
LETM1	0.7542	Epi|Immature Enterocytes 2	0.7489	51
LETM2	0.7668	LP|CD69+ Mast	0.1626	51
LETMD1	0.5196	LP|RSPO3+	0.6192	51
LFNG	0.8249	Epi|Enteroendocrine	0.4608	51
LGALS1	0.7987	LP|Glia	66.5596	51
LGALS2	0.9486	LP|DC1	13.6966	51
LGALS3	0.8568	Epi|Immature Enterocytes 2	64.2766	51
LGALS3BP	0.7274	LP|WNT5B+ 2	7.3607	51
LGALS4	0.8800	Epi|Enterocyte Progenitors	80.7315	51
LGALS7B	0.9722	Epi|Enteroendocrine	0.0010	51
LGALS8	0.7012	LP|CD69+ Mast	0.6957	51
LGALS8-AS1	0.9139	LP|Pericytes	0.0227	51
LGALS9	0.7759	Epi|M cells	2.5957	51
LGALS9B	0.9651	Epi|Goblet	1.0795	51
LGALS9C	0.9557	Epi|Goblet	0.6813	51
LGALSL	0.7988	LP|Pericytes	0.3177	51
LGI2	0.9289	LP|Inflammatory Fibroblasts	0.0621	51
LGI4	0.9937	LP|Glia	8.9621	51
LGMN	0.8839	LP|Cycling Monocytes	5.1723	51
LGR4	0.8457	Epi|Enterocytes	0.5460	51
LGR5	0.9852	Epi|Stem	0.3754	51
LGR6	0.9655	Epi|M cells	0.1439	51
LGSN	0.9222	Epi|Immature Enterocytes 2	0.0175	51
LHCGR	0.6997	LP|CD8+ IELs	0.0153	51
LHFP	0.9681	LP|Pericytes	7.2833	51
LHFPL2	0.8105	Epi|Enterocytes	0.4451	51
LHPP	0.7977	Epi|Tuft	0.6274	51
LHX4	0.9562	Epi|Enterocytes	0.0517	51
LHX6	0.9930	LP|Post-capillary Venules	0.2976	51
LHX9	0.9590	Epi|Enterocyte Progenitors	0.0002	51
LIAS	0.4447	LP|CD69- Mast	0.1943	51
LIF	0.9704	LP|ILCs	1.0332	51
LIFR	0.9477	LP|Post-capillary Venules	1.4706	51
LIFR-AS1	0.8829	LP|Myofibroblasts	0.0463	51
LIG1	0.8578	LP|Cycling T	0.5484	51
LIG3	0.5967	LP|RSPO3+	0.0711	51
LIG4	0.7919	Epi|M cells	0.1092	51
LILRA3	0.9882	LP|Inflammatory Monocytes	1.2264	51
LILRA4	nan	Epi|Best4+ Enterocytes	0.0000	51
LILRA5	0.9870	LP|Inflammatory Monocytes	1.3014	51
LILRA6	nan	Epi|Best4+ Enterocytes	0.0000	51
LILRB1	0.9318	LP|GC	0.8809	51
LILRB2	0.9755	LP|Inflammatory Monocytes	1.3933	51
LILRB3	0.9605	LP|Inflammatory Monocytes	0.4711	51
LILRB4	0.9510	LP|Cycling Monocytes	0.7372	51
LILRB5	0.9739	LP|Macrophages	0.3442	51
LIMA1	0.7882	Epi|Enterocyte Progenitors	3.1366	51
LIMCH1	0.9147	LP|Microvascular	1.2151	51
LIMD1	0.8988	Epi|Tuft	0.6391	51
LIMD2	0.9009	LP|GC	12.5516	51
LIME1	nan	Epi|Best4+ Enterocytes	0.0000	51
LIMK1	0.7512	LP|GC	0.2908	51
LIMK2	0.7702	Epi|M cells	0.4445	51
LIMS1	0.7053	LP|CD4+ PD1+	2.6004	51
LIMS2	0.9188	LP|Endothelial	1.4108	51
LIMS3L	0.9113	LP|CD8+ IL17+	0.0344	51
LIN28A	0.9608	Epi|Tuft	0.0333	51
LIN37	0.7602	LP|Glia	0.0625	51
LIN52	0.8042	LP|MT-hi	0.2135	51
LIN54	0.7083	Epi|M cells	0.1139	51
LIN7A	0.9400	LP|Pericytes	0.1695	51
LIN7B	0.6853	Epi|Tuft	0.2663	51
LIN7C	0.6433	Epi|M cells	0.3696	51
LIN9	0.7970	LP|Cycling B	0.1166	51
LINC00035	0.9322	Epi|Enterocytes	2.3109	51
LINC00085	0.7854	LP|Inflammatory Monocytes	0.0933	51
LINC00086	0.9445	LP|ILCs	0.0147	51
LINC00087	0.9363	LP|Glia	0.0128	51
LINC00092	0.8531	LP|WNT5B+ 2	0.0757	51
LINC00094	0.7488	LP|RSPO3+	0.1940	51
LINC00106	0.8842	LP|CD8+ IL17+	0.0337	51
LINC00114	0.9052	Epi|Cycling TA	0.0188	51
LINC00115	0.6886	Epi|Goblet	0.0696	51
LINC00116	0.5174	LP|Microvascular	1.1986	51
LINC00152	0.8745	LP|Pericytes	6.8222	51
LINC00167	0.9516	LP|GC	0.0178	51
LINC00173	0.9633	LP|Glia	0.3182	51
LINC00174	0.8489	LP|MT-hi	0.0495	51
LINC00176	0.9602	LP|ILCs	0.7650	51
LINC00200	0.9751	Epi|Best4+ Enterocytes	0.0002	51
LINC00205	0.9131	LP|Pericytes	0.1811	51
LINC00238	0.9842	Epi|Immature Goblet	0.1203	51
LINC00240	0.8494	Epi|Tuft	0.0189	51
LINC00242	0.9837	LP|Inflammatory Fibroblasts	0.0289	51
LINC00243	0.8407	LP|MT-hi	0.0645	51
LINC00261	0.9686	Epi|Immature Goblet	0.6651	51
LINC00263	0.8909	LP|Glia	0.1003	51
LINC00271	0.8981	LP|Microvascular	0.0045	51
LINC00276	nan	Epi|Best4+ Enterocytes	0.0000	51
LINC00278	0.9473	Epi|Immature Enterocytes 1	0.0070	51
LINC00309	0.8970	LP|Plasma	0.1295	51
LINC00311	0.8496	LP|ILCs	0.0380	51
LINC00312	0.9429	LP|Post-capillary Venules	0.1570	51
LINC00319	0.9424	Epi|Immature Goblet	0.0012	51
LINC00323	0.9970	LP|CD69+ Mast	0.0716	51
LINC00324	0.6329	LP|CD8+ IL17+	0.1729	51
LINC00327	0.8951	LP|WNT2B+ Fos-lo 2	0.0101	51
LINC00330	0.7692	Epi|TA 1	0.0211	51
LINC00336	0.9538	Epi|Secretory TA	0.0008	51
LINC00337	0.9433	LP|Cycling B	0.0204	51
LINC00338	0.9105	LP|CD69- Mast	0.9130	51
LINC00339	0.6282	Epi|Enteroendocrine	0.1348	51
LINC00341	0.7314	Epi|Tuft	0.0970	51
LINC00342	0.9142	Epi|Goblet	0.2808	51
LINC00346	0.9317	LP|Pericytes	0.0381	51
LINC00365	0.9470	Epi|Immature Goblet	0.0020	51
LINC00402	0.9928	Epi|Goblet	0.0004	51
LINC00426	0.8876	LP|GC	0.2022	51
LINC00441	0.9246	LP|CD8+ IELs	0.0150	51
LINC00444	0.9798	Epi|Stem	0.0017	51
LINC00449	0.8646	LP|ILCs	0.0325	51
LINC00460	0.9684	Epi|Immature Goblet	0.0005	51
LINC00467	0.7139	LP|Cycling B	0.3087	51
LINC00470	0.9825	Epi|Enteroendocrine	0.0245	51
LINC00471	0.8579	LP|ILCs	0.0096	51
LINC00475	0.9185	LP|Myofibroblasts	0.0517	51
LINC00476	0.6390	LP|Myofibroblasts	0.3655	51
LINC00479	0.9726	Epi|Immature Enterocytes 1	0.0032	51
LINC00482	0.8575	Epi|Immature Enterocytes 2	0.0555	51
LINC00483	0.8870	Epi|Enterocytes	1.3670	51
LINC00488	0.9939	Epi|TA 1	0.0012	51
LINC00493	0.3162	Epi|M cells	1.8256	51
LINC00494	0.9808	LP|Follicular	0.0396	51
LINC00501	0.9157	Epi|Enterocytes	0.0305	51
LINC00504	0.9634	LP|NKs	0.0142	51
LINC00507	0.9468	Epi|Enterocyte Progenitors	0.0025	51
LINC00511	0.8588	LP|Glia	0.4046	51
LINC00514	0.7300	Epi|Tuft	0.0140	51
LINC00520	0.9574	Epi|Enterocytes	0.1816	51
LINC00524	0.9572	Epi|M cells	0.0082	51
LINC00525	0.9796	LP|Plasma	0.0185	51
LINC00526	0.6967	LP|Glia	0.1454	51
LINC00528	0.8411	LP|DC2	0.1674	51
LINC00535	0.9552	LP|Inflammatory Fibroblasts	0.0211	51
LINC00539	0.8684	LP|Cycling T	0.0928	51
LINC00543	0.8210	Epi|Goblet	0.1010	51
LINC00562	0.7000	Epi|TA 1	0.0247	51
LINC00568	0.8285	LP|Glia	0.0542	51
LINC00570	0.9616	Epi|Immature Goblet	0.0645	51
LINC00571	0.9575	LP|Inflammatory Fibroblasts	0.0065	51
LINC00574	0.7928	LP|RSPO3+	0.0291	51
LINC00582	0.9840	LP|Plasma	0.1558	51
LINC00589	0.9794	Epi|Enterocytes	0.0009	51
LINC00594	0.9905	Epi|TA 2	0.0006	51
LINC00607	0.9854	Epi|M cells	0.0273	51
LINC00608	0.9095	LP|CD69+ Mast	0.0031	51
LINC00618	0.8832	LP|CD4+ Memory	0.0052	51
LINC00621	0.9817	Epi|TA 1	0.0015	51
LINC00622	0.9083	LP|Inflammatory Fibroblasts	0.0160	51
LINC00623	0.9378	LP|NKs	0.0294	51
LINC00630	0.8676	LP|CD4+ PD1+	0.0249	51
LINC00632	0.9974	LP|Glia	0.6938	51
LINC00637	0.9859	Epi|TA 1	0.0013	51
LINC00638	0.9201	LP|RSPO3+	0.0334	51
LINC00639	0.8293	Epi|Immature Enterocytes 2	0.0150	51
LINC00641	0.5184	LP|CD4+ Activated Fos-lo	0.0431	51
LINC00648	0.9518	Epi|TA 1	0.0004	51
LINC00649	0.8757	LP|Tregs	0.5877	51
LINC00654	0.8427	LP|RSPO3+	0.0274	51
LINC00657	0.6721	LP|CD69- Mast	1.6829	51
LINC00659	0.9693	Epi|TA 2	0.0001	51
LINC00662	0.6795	LP|RSPO3+	0.2494	51
LINC00663	0.6844	LP|WNT5B+ 2	0.0413	51
LINC00664	0.8988	LP|CD8+ IELs	0.0162	51
LINC00665	0.7680	LP|GC	0.1802	51
LINC00667	0.5499	LP|CD69- Mast	0.6667	51
LINC00668	0.8284	Epi|Immature Enterocytes 2	0.3106	51
LINC00669	0.9782	Epi|Enteroendocrine	0.0414	51
LINC00672	0.8292	LP|Glia	0.1865	51
LINC00675	0.8384	Epi|Enterocyte Progenitors	0.7911	51
LINC00680	0.8600	LP|MT-hi	0.3181	51
LINC00682	0.9994	Epi|Cycling TA	0.0008	51
LINC00683	0.9122	Epi|Enteroendocrine	0.0254	51
LINC00685	0.6212	LP|Glia	0.7615	51
LINC00689	0.8918	LP|CD8+ IL17+	0.0149	51
LINC00691	0.9247	LP|WNT2B+ Fos-hi	0.0030	51
LINC00694	0.9459	LP|CD69+ Mast	0.0948	51
LINC00704	0.9662	Epi|Enterocytes	0.2431	51
LINC00839	0.9011	LP|WNT5B+ 1	0.1328	51
LINC00842	0.9533	Epi|M cells	0.0579	51
LINC00843	0.9248	LP|Pericytes	0.0264	51
LINC00847	0.6400	LP|CD4+ PD1+	0.1830	51
LINC00852	0.8414	LP|NKs	0.0521	51
LINC00853	0.9164	Epi|Tuft	0.0490	51
LINC00854	0.9734	LP|Endothelial	0.0148	51
LINC00857	0.7992	LP|WNT2B+ Fos-lo 1	0.0257	51
LINC00861	0.9335	LP|NKs	1.0842	51
LINC00863	0.9780	LP|CD69- Mast	1.0953	51
LINC00865	0.8857	LP|Myofibroblasts	0.1948	51
LINC00867	0.9854	Epi|Enterocyte Progenitors	0.0025	51
LINC00870	0.9123	Epi|Cycling TA	0.0010	51
LINC00877	0.9304	LP|GC	0.7749	51
LINC00880	0.9565	LP|CD4+ PD1+	0.0390	51
LINC00881	0.9686	Epi|Stem	0.0006	51
LINC00882	0.9470	LP|Glia	0.0800	51
LINC00883	0.8825	LP|Pericytes	0.1203	51
LINC00884	0.8121	LP|DC2	0.0465	51
LINC00886	0.8704	LP|CD8+ IL17+	0.0202	51
LINC00887	0.8113	Epi|Enteroendocrine	0.0174	51
LINC00892	0.9161	LP|CD8+ IL17+	1.5923	51
LINC00893	0.6744	LP|NKs	0.0713	51
LINC00894	0.7683	LP|WNT2B+ Fos-lo 2	0.0106	51
LINC00896	0.8649	LP|Inflammatory Fibroblasts	0.0110	51
LINC00899	0.8281	LP|Glia	0.1148	51
LINC00900	0.8845	LP|WNT2B+ Fos-lo 2	0.0697	51
LINC00909	0.9140	LP|CD69- Mast	1.1637	51
LINC00910	0.7207	Epi|Tuft	0.0348	51
LINC00920	0.9174	Epi|Tuft	0.2343	51
LINC00923	0.9429	Epi|Tuft	0.0149	51
LINC00924	0.9722	LP|Pericytes	0.0665	51
LINC00926	0.9556	LP|Follicular	1.6082	51
LINC00930	0.9657	Epi|Immature Goblet	0.0032	51
LINC00935	0.9933	Epi|M cells	0.0052	51
LINC00936	0.8667	LP|Inflammatory Monocytes	2.4719	51
LINC00937	0.8406	Epi|M cells	0.3276	51
LINC00938	0.5355	LP|Microvascular	0.3296	51
LINC00940	0.9591	Epi|Enteroendocrine	0.0266	51
LINC00941	0.8768	Epi|Immature Enterocytes 2	0.0120	51
LINC00944	0.8273	LP|CD8+ IL17+	0.1154	51
LINC00948	0.9888	Epi|Enterocytes	0.0016	51
LINC00954	0.8301	LP|CD4+ PD1+	0.2282	51
LINC00955	0.9612	Epi|Enterocytes	0.0205	51
LINC00957	0.7843	LP|ILCs	0.0556	51
LINC00958	0.8609	LP|NKs	0.0085	51
LINC00959	0.7476	LP|Myofibroblasts	0.0213	51
LINC00960	0.8963	Epi|M cells	0.2283	51
LINC00961	0.9364	LP|Microvascular	0.0650	51
LINC00963	0.7489	LP|CD4+ PD1+	1.0162	51
LINC00964	0.8999	LP|CD8+ LP	0.0021	51
LINC00969	0.6067	Epi|Immature Enterocytes 1	1.1628	51
LINC00971	0.7563	LP|WNT2B+ Fos-lo 2	0.0091	51
LINC00974	0.9592	Epi|Enterocyte Progenitors	0.0109	51
LINC00982	0.9799	LP|Glia	0.0945	51
LINC00984	0.8003	LP|Microvascular	0.1419	51
LINC00987	0.8946	LP|Microvascular	0.2615	51
LINC00992	0.8458	Epi|Enterocyte Progenitors	0.1510	51
LINC00996	0.9201	LP|NKs	0.5454	51
LINC00998	0.5823	LP|Pericytes	0.9841	51
LINC01001	0.9593	Epi|Tuft	0.0701	51
LINC01003	0.6245	Epi|Tuft	0.2683	51
LINC01004	0.8235	LP|CD69+ Mast	0.0841	51
LINC01006	0.8413	Epi|Immature Goblet	0.0986	51
LINC01011	0.8082	LP|RSPO3+	0.1319	51
LINC01013	0.9781	LP|Post-capillary Venules	0.7555	51
LINC01022	0.9970	Epi|Goblet	0.0273	51
LINC01023	0.7342	Epi|Tuft	0.1178	51
LINC01024	0.7918	Epi|Enteroendocrine	0.0351	51
LINC01057	0.8984	Epi|Tuft	0.1642	51
LINC01063	0.8319	LP|Inflammatory Monocytes	0.0270	51
LINC01071	0.9903	Epi|Tuft	0.1608	51
LINC01082	0.9143	LP|Myofibroblasts	5.2519	51
LINC01088	0.9329	Epi|M cells	0.0358	51
LINGO1	0.9909	LP|Pericytes	0.0926	51
LINGO3	1.0000	Epi|Enterocytes	0.0002	51
LINGO4	0.9443	Epi|Secretory TA	0.0070	51
LINS	0.6814	LP|Tregs	0.4271	51
LIPA	0.9263	LP|Macrophages	4.8056	51
LIPC	0.8548	Epi|Enterocytes	0.0414	51
LIPE	0.8779	LP|Microvascular	0.3098	51
LIPE-AS1	0.7619	LP|Inflammatory Monocytes	0.2434	51
LIPG	0.9787	Epi|Tuft	0.6543	51
LIPH	0.9186	Epi|Goblet	1.5300	51
LIPT1	0.6485	LP|RSPO3+	0.2302	51
LIPT2	0.6387	LP|Cycling B	0.0458	51
LITAF	0.7499	LP|DC2	6.3862	51
LIX1L	0.7529	Epi|M cells	0.7532	51
LL09NC01-251B2.3	0.9175	LP|GC	0.0067	51
LL0XNC01-116E7.2	0.8603	LP|Cycling B	0.0082	51
LL0XNC01-237H1.2	0.8207	LP|RSPO3+	0.0128	51
LL0XNC01-7P3.1	0.9559	LP|Pericytes	0.0205	51
LL22NC03-2H8.5	0.9055	Epi|Enteroendocrine	0.3419	51
LL22NC03-32F9.1	0.9476	Epi|Immature Enterocytes 1	0.0317	51
LL22NC03-63E9.3	0.9936	Epi|TA 1	0.0007	51
LL22NC03-75H12.2	0.9788	Epi|Goblet	0.0502	51
LL22NC03-86G7.1	0.8779	LP|Glia	0.0638	51
LL22NC03-N14H11.1	0.9893	LP|Inflammatory Fibroblasts	0.0283	51
LL22NC03-N27C7.1	0.8703	LP|WNT2B+ Fos-lo 2	0.0154	51
LLGL1	0.7393	Epi|Enteroendocrine	0.0958	51
LLGL2	0.8095	Epi|Immature Enterocytes 1	1.7128	51
LLPH	0.4972	LP|CD8+ IL17+	0.7402	51
LMAN1	0.6750	LP|Inflammatory Fibroblasts	1.4511	51
LMAN2	0.4429	LP|Plasma	2.7147	51
LMAN2L	0.6324	LP|WNT2B+ Fos-lo 1	0.1709	51
LMBR1	0.6670	LP|Endothelial	0.2283	51
LMBR1L	0.5451	LP|CD4+ PD1+	0.3103	51
LMBRD1	0.4701	LP|Glia	0.5707	51
LMBRD2	0.5638	LP|Glia	0.1161	51
LMCD1	0.9100	LP|Post-capillary Venules	1.6999	51
LMCD1-AS1	0.8489	LP|RSPO3+	0.0177	51
LMF1	0.8047	Epi|M cells	0.3462	51
LMF2	0.5552	LP|Inflammatory Fibroblasts	0.6805	51
LMLN	0.7350	LP|Endothelial	0.0701	51
LMNA	0.7997	LP|CD69+ Mast	16.8542	51
LMNB1	0.8763	LP|Cycling B	1.2985	51
LMNB2	0.7587	LP|Cycling T	0.4521	51
LMO1	0.9507	Epi|Enterocytes	0.0011	51
LMO2	0.9480	LP|GC	2.4897	51
LMO4	0.8207	LP|CD69+ Mast	3.7006	51
LMO7	0.9238	Epi|Enterocytes	2.0257	51
LMOD1	0.9802	LP|Myofibroblasts	2.6656	51
LMOD3	0.9025	LP|CD69+ Mast	0.4352	51
LMTK2	0.8535	Epi|Enterocytes	0.2688	51
LMTK3	0.9643	LP|Plasma	0.2388	51
LNP1	0.8354	LP|RSPO3+	0.0668	51
LNPEP	0.6121	LP|NKs	0.5957	51
LNX1	0.8937	LP|Microvascular	0.4579	51
LNX1-AS1	0.9686	Epi|TA 1	0.0126	51
LNX1-AS2	0.9729	Epi|Stem	0.0014	51
LNX2	0.7004	Epi|Enterocytes	0.1365	51
LOH12CR1	0.6392	LP|MT-hi	0.3020	51
LOH12CR2	0.6062	LP|WNT5B+ 1	0.0755	51
LONP1	0.7082	Epi|Tuft	0.3889	51
LONP2	0.4320	LP|Glia	0.4756	51
LONRF1	0.7662	LP|GC	0.1849	51
LONRF2	0.9968	Epi|Enteroendocrine	0.0341	51
LONRF3	0.7663	LP|NKs	0.0546	51
LOX	0.9153	LP|WNT5B+ 2	0.8000	51
LOXL1	0.8986	LP|RSPO3+	1.5445	51
LOXL1-AS1	0.8957	LP|MT-hi	0.1689	51
LOXL2	0.9016	LP|Pericytes	1.4621	51
LOXL3	0.9691	LP|Glia	0.6856	51
LPAR1	0.9205	LP|Glia	0.8391	51
LPAR2	0.7314	Epi|M cells	0.2349	51
LPAR3	0.9564	LP|WNT5B+ 2	0.0587	51
LPAR4	0.9617	LP|RSPO3+	0.1469	51
LPAR5	0.7759	LP|GC	0.3142	51
LPAR6	0.8748	LP|Endothelial	1.6279	51
LPCAT1	0.8370	LP|NKs	0.8854	51
LPCAT2	0.8173	LP|Glia	0.5106	51
LPCAT3	0.7995	Epi|Stem	1.1823	51
LPCAT4	0.7219	LP|Post-capillary Venules	0.8543	51
LPGAT1	0.6013	LP|Inflammatory Monocytes	0.3671	51
LPHN1	0.7670	Epi|Enteroendocrine	0.0852	51
LPHN2	0.8863	LP|Post-capillary Venules	0.5917	51
LPHN3	0.9154	LP|Myofibroblasts	0.9939	51
LPIN1	0.7483	LP|GC	1.0101	51
LPIN2	0.7523	Epi|Goblet	0.7591	51
LPIN3	0.8176	Epi|TA 1	0.3324	51
LPL	0.9913	LP|Pericytes	0.7755	51
LPO	0.9065	LP|MT-hi	0.0321	51
LPP	0.9023	LP|Myofibroblasts	6.0993	51
LPP-AS2	0.8464	LP|GC	0.0612	51
LPPR1	0.9826	Epi|Best4+ Enterocytes	0.0052	51
LPPR4	nan	Epi|Best4+ Enterocytes	0.0000	51
LPXN	0.7802	LP|GC	1.7638	51
LRAT	0.9775	LP|Glia	0.1048	51
LRBA	0.7706	LP|MT-hi	0.7889	51
LRCH1	0.7629	LP|Endothelial	0.3432	51
LRCH2	0.8732	LP|Inflammatory Fibroblasts	0.0812	51
LRCH3	0.7035	LP|Glia	0.4034	51
LRCH4	0.5977	LP|GC	0.7292	51
LRFN1	0.8475	LP|MT-hi	0.0710	51
LRFN3	0.7350	LP|Pericytes	0.0840	51
LRFN4	0.8238	Epi|Tuft	0.1810	51
LRG1	0.7958	LP|Post-capillary Venules	0.3462	51
LRIF1	0.5781	LP|GC	0.3298	51
LRIG1	0.7859	Epi|Stem	0.2929	51
LRIG2	0.7321	LP|CD69- Mast	0.1995	51
LRIG3	0.8802	Epi|M cells	0.3445	51
LRMP	0.9792	Epi|Tuft	14.2533	51
LRP1	0.8430	LP|WNT2B+ Fos-lo 2	1.9585	51
LRP10	0.7777	Epi|Enterocytes	3.4388	51
LRP11	0.7822	Epi|Enteroendocrine	0.2444	51
LRP12	0.7750	LP|Myofibroblasts	0.1748	51
LRP2BP	0.7937	LP|CD8+ IL17+	0.0963	51
LRP3	0.9003	LP|RSPO3+	0.0103	51
LRP4	0.9054	LP|WNT5B+ 2	0.3390	51
LRP4-AS1	0.9662	LP|CD4+ PD1+	0.0209	51
LRP5	0.9257	Epi|Tuft	1.2177	51
LRP5L	0.8308	Epi|Tuft	0.1509	51
LRP6	0.7795	Epi|Tuft	0.3348	51
LRP8	0.9097	LP|CD4+ PD1+	0.0945	51
LRPAP1	0.5722	LP|WNT5B+ 1	2.4297	51
LRPPRC	0.6057	Epi|Stem	0.4883	51
LRR1	0.8505	LP|Cycling B	0.7383	51
LRRC1	0.8808	Epi|Enterocytes	0.9121	51
LRRC10B	0.9810	Epi|Cycling TA	0.0003	51
LRRC14	0.4681	Epi|TA 1	0.1576	51
LRRC16A	0.8428	Epi|Tuft	0.3924	51
LRRC16B	0.9946	Epi|M cells	0.1972	51
LRRC17	0.9673	LP|Myofibroblasts	0.7391	51
LRRC18	0.9113	LP|WNT2B+ Fos-lo 1	0.0557	51
LRRC19	0.9205	Epi|Enterocytes	0.8654	51
LRRC2	0.8868	LP|RSPO3+	0.2206	51
LRRC20	0.7346	LP|Pericytes	0.0697	51
LRRC23	0.6655	LP|Pericytes	0.2604	51
LRRC24	0.9194	Epi|Enteroendocrine	0.1397	51
LRRC25	0.9567	LP|Inflammatory Monocytes	0.9172	51
LRRC26	0.9816	Epi|Immature Goblet	3.3276	51
LRRC27	0.7324	LP|Glia	0.1329	51
LRRC28	0.5523	LP|Microvascular	0.2498	51
LRRC29	0.7288	LP|Cycling T	0.0657	51
LRRC3	0.9118	Epi|Goblet	0.0221	51
LRRC31	0.9288	Epi|Goblet	0.1242	51
LRRC32	0.9194	LP|Pericytes	1.3551	51
LRRC34	0.7780	LP|ILCs	0.1017	51
LRRC36	0.8128	Epi|Stem	0.0226	51
LRRC37A	0.9390	LP|CD4+ PD1+	0.0126	51
LRRC37A2	0.7984	LP|MT-hi	0.0610	51
LRRC37A3	0.8439	LP|MT-hi	0.0610	51
LRRC37B	0.7942	LP|CD8+ IL17+	0.1619	51
LRRC39	0.9941	Epi|TA 1	0.0010	51
LRRC3DN	0.8183	Epi|Tuft	0.0177	51
LRRC4	0.9785	LP|GC	0.0461	51
LRRC40	0.6433	LP|CD8+ IL17+	0.2378	51
LRRC41	0.4963	LP|Glia	0.4663	51
LRRC42	0.8443	Epi|Enteroendocrine	0.6553	51
LRRC45	0.7541	LP|Cycling T	0.2859	51
LRRC46	0.9164	LP|Cycling B	0.0151	51
LRRC47	0.6099	LP|Glia	0.4467	51
LRRC48	0.7718	LP|WNT5B+ 1	0.0556	51
LRRC49	0.8003	LP|WNT5B+ 1	0.1346	51
LRRC56	0.9560	Epi|Tuft	0.4654	51
LRRC57	0.6593	LP|Microvascular	0.1805	51
LRRC58	0.6294	LP|Glia	0.3950	51
LRRC59	0.7560	LP|CD69- Mast	2.1184	51
LRRC6	0.7551	LP|WNT2B+ Fos-lo 2	0.0668	51
LRRC61	0.7405	LP|Tregs	0.2987	51
LRRC66	0.9126	Epi|Enterocytes	0.0846	51
LRRC69	0.6848	LP|Cycling Monocytes	0.3116	51
LRRC7	0.9031	LP|Glia	0.0808	51
LRRC73	0.9269	LP|Inflammatory Fibroblasts	0.0305	51
LRRC8A	0.7898	LP|Endothelial	0.4853	51
LRRC8B	0.6993	Epi|Enteroendocrine	0.1728	51
LRRC8C	0.8396	LP|Endothelial	0.4828	51
LRRC8D	0.6260	LP|Inflammatory Monocytes	0.1697	51
LRRC8E	0.8505	LP|Inflammatory Fibroblasts	0.0269	51
LRRCC1	0.7415	LP|Glia	0.3557	51
LRRD1	0.8807	LP|Glia	0.0064	51
LRRFIP1	0.6037	LP|Inflammatory Monocytes	2.9562	51
LRRFIP2	0.6065	Epi|M cells	0.7516	51
LRRIQ1	0.9502	Epi|Enteroendocrine	0.0452	51
LRRIQ3	0.7735	LP|CD8+ IL17+	0.0414	51
LRRIQ4	0.9354	Epi|Goblet	0.0181	51
LRRK1	0.7527	LP|DC1	0.1380	51
LRRK2	0.9399	LP|Inflammatory Monocytes	0.5780	51
LRRN1	0.9546	LP|Glia	0.0460	51
LRRN2	0.9168	Epi|Immature Enterocytes 1	0.2790	51
LRRN3	0.9175	LP|CD8+ IL17+	0.4323	51
LRRN4CL	0.9310	LP|WNT5B+ 1	0.7308	51
LRRTM1	0.9997	LP|Glia	1.5708	51
LRRTM2	0.9456	LP|Glia	0.0693	51
LRSAM1	0.6019	LP|RSPO3+	0.0818	51
LRTM1	0.9259	LP|RSPO3+	0.0304	51
LRTOMT	0.7789	LP|CD69- Mast	0.1539	51
LRWD1	0.7609	LP|Cycling B	0.3478	51
LSAMP	0.9077	LP|Inflammatory Fibroblasts	0.4753	51
LSAMP-AS1	0.9696	Epi|M cells	0.0047	51
LSG1	0.5994	LP|CD69- Mast	0.2343	51
LSM1	0.6084	LP|CD69- Mast	1.6630	51
LSM10	0.7782	LP|GC	2.6530	51
LSM11	0.7332	Epi|Tuft	0.0714	51
LSM12	0.5184	Epi|M cells	0.4401	51
LSM14A	0.6893	LP|GC	1.7284	51
LSM14B	0.7866	LP|MT-hi	0.2063	51
LSM2	0.5380	LP|Cycling T	2.1425	51
LSM3	0.5463	LP|Cycling B	3.0657	51
LSM4	0.6689	LP|Cycling Monocytes	3.9167	51
LSM5	0.7118	LP|Cycling B	3.9256	51
LSM6	0.6467	LP|DC1	2.3754	51
LSM7	0.4689	Epi|Cycling TA	3.3679	51
LSMD1	0.5653	LP|Endothelial	3.1473	51
LSMEM1	0.7391	LP|Glia	0.0584	51
LSMEM2	0.9464	LP|Glia	0.0221	51
LSP1	0.8230	LP|DC1	12.3369	51
LSR	0.8575	Epi|Enterocytes	3.7447	51
LSS	0.8827	LP|CD69- Mast	0.4564	51
LST1	0.9367	LP|Inflammatory Monocytes	18.7612	51
LTA	0.9228	LP|GC	0.6778	51
LTA4H	0.8398	LP|ILCs	2.4590	51
LTB	0.9047	LP|ILCs	44.4862	51
LTB4R	0.9225	LP|ILCs	0.6898	51
LTBP1	0.9666	LP|Myofibroblasts	2.2910	51
LTBP2	0.8991	LP|WNT5B+ 2	0.3538	51
LTBP3	0.7251	LP|WNT2B+ Fos-lo 2	0.8758	51
LTBP4	0.8724	LP|RSPO3+	7.7992	51
LTBR	0.6597	Epi|Tuft	0.7898	51
LTC4S	0.9874	LP|CD69- Mast	12.7264	51
LTF	0.9633	LP|Post-capillary Venules	0.2618	51
LTK	0.9125	LP|CD8+ IL17+	0.2334	51
LTN1	0.5768	LP|CD4+ PD1+	0.2699	51
LTV1	0.4617	LP|CD69- Mast	0.3530	51
LUC7L	0.5106	LP|Glia	0.5046	51
LUC7L3	0.8036	Epi|Tuft	5.1582	51
LUCAT1	0.9627	LP|Inflammatory Monocytes	0.2524	51
LUM	0.9175	LP|RSPO3+	71.3214	51
LURAP1	0.9419	LP|Glia	0.2199	51
LURAP1L	0.9523	LP|Pericytes	2.8408	51
LUZP1	0.7376	LP|Endothelial	1.2473	51
LUZP2	0.9902	Epi|Best4+ Enterocytes	0.0985	51
LXN	0.8701	LP|Microvascular	2.3664	51
LY6D	0.9820	Epi|Enterocytes	0.0073	51
LY6E	0.7857	LP|Post-capillary Venules	8.7618	51
LY6G5B	0.9149	LP|CD8+ IL17+	0.0509	51
LY6G5C	0.7298	LP|CD8+ IL17+	0.1873	51
LY6G6C	0.8648	Epi|Secretory TA	0.0111	51
LY6H	0.9635	Epi|Tuft	0.2387	51
LY6K	0.8412	LP|Post-capillary Venules	0.0772	51
LY75	0.7653	LP|DC1	0.2531	51
LY86	0.9111	LP|GC	2.3996	51
LY86-AS1	0.9336	LP|GC	0.0194	51
LY9	0.9095	LP|GC	1.7863	51
LY96	0.9010	LP|Macrophages	2.3836	51
LYAR	0.8475	LP|CD8+ LP	2.3356	51
LYG1	0.8701	LP|Pericytes	0.0205	51
LYG2	0.8095	LP|NKs	0.0451	51
LYL1	0.8960	LP|GC	2.2526	51
LYN	0.8785	LP|Inflammatory Monocytes	1.8329	51
LYNX1	0.8692	LP|Pericytes	0.0690	51
LYPD1	0.9347	Epi|Enterocytes	0.0161	51
LYPD3	0.8636	LP|CD4+ PD1+	0.2231	51
LYPD5	0.9211	LP|Post-capillary Venules	0.1005	51
LYPD6	0.8997	Epi|Cycling TA	0.0256	51
LYPD6B	0.9260	Epi|Goblet	0.0969	51
LYPD8	0.9457	Epi|Enterocytes	23.4510	51
LYPLA1	0.7541	LP|GC	2.4736	51
LYPLA2	0.4953	LP|Cycling T	0.7113	51
LYPLAL1	0.8834	LP|GC	1.6042	51
LYRM1	0.6920	LP|GC	0.6681	51
LYRM2	0.4421	LP|CD8+ IL17+	0.5507	51
LYRM4	0.7603	LP|GC	1.7308	51
LYRM5	0.7844	LP|CD69- Mast	1.2713	51
LYRM7	0.5446	LP|MT-hi	0.3796	51
LYRM9	0.6195	LP|Post-capillary Venules	0.2320	51
LYSMD1	0.8263	Epi|M cells	0.0695	51
LYSMD2	0.7986	LP|GC	2.0777	51
LYSMD3	0.4665	LP|CD69- Mast	0.1648	51
LYSMD4	0.7988	LP|Microvascular	0.1789	51
LYST	0.8042	LP|Inflammatory Monocytes	1.3957	51
LYZ	0.9393	LP|Inflammatory Monocytes	102.6950	51
LZIC	0.5180	LP|Cycling Monocytes	0.3747	51
LZTFL1	0.7229	LP|CD8+ IL17+	0.3121	51
LZTR1	0.7457	LP|Microvascular	0.2041	51
LZTS1	0.9887	LP|Pericytes	0.2685	51
LZTS2	0.8412	Epi|Tuft	0.5718	51
LZTS3	0.8923	Epi|Tuft	0.0825	51
M1AP	0.9376	Epi|Immature Goblet	0.0004	51
M6PR	0.6094	LP|Cycling Monocytes	1.6878	51
MAATS1	0.8974	LP|Glia	0.0326	51
MAB21L1	0.9842	LP|Glia	0.5745	51
MAB21L2	0.9236	LP|RSPO3+	0.6561	51
MAB21L3	0.9561	Epi|Tuft	0.0919	51
MACC1	0.8265	Epi|Tuft	0.1694	51
MACF1	0.6824	LP|Endothelial	1.1415	51
MACROD1	0.8071	Epi|Stem	0.8430	51
MACROD2	0.9426	LP|Myofibroblasts	0.2923	51
MAD1L1	0.6987	LP|NKs	0.6258	51
MAD2L1	0.9207	LP|Cycling B	1.7122	51
MAD2L1BP	0.5844	LP|MT-hi	0.4417	51
MAD2L2	0.7037	LP|Cycling T	1.0156	51
MADCAM1	0.9977	LP|Post-capillary Venules	7.6387	51
MADD	0.6709	Epi|Tuft	0.2659	51
MAEA	0.4485	LP|CD8+ IL17+	0.4791	51
MAEL	0.9382	LP|ILCs	0.0122	51
MAF	0.8382	LP|Tregs	1.8995	51
MAF1	0.4387	LP|CD4+ PD1+	1.4483	51
MAFA	0.9468	LP|Pericytes	0.0298	51
MAFB	0.8731	LP|Macrophages	1.9874	51
MAFF	0.9162	LP|ILCs	4.3730	51
MAFG	0.5002	LP|DC2	0.3060	51
MAFG-AS1	0.8387	LP|WNT5B+ 1	0.0686	51
MAFK	0.7287	LP|Pericytes	0.3610	51
MAGEB10	0.9045	LP|Inflammatory Fibroblasts	0.0025	51
MAGED1	0.7253	LP|Inflammatory Fibroblasts	0.8740	51
MAGED2	0.7120	LP|WNT5B+ 2	2.5681	51
MAGEE1	0.8190	LP|Glia	0.0571	51
MAGEF1	0.6055	LP|Glia	0.6435	51
MAGEH1	0.8408	LP|CD4+ PD1+	1.9884	51
MAGI1	0.8536	Epi|M cells	0.6930	51
MAGI1-IT1	0.9463	Epi|Goblet	0.0064	51
MAGI2	0.9109	LP|Glia	0.0650	51
MAGI2-AS3	0.7370	LP|WNT2B+ Fos-lo 2	0.5580	51
MAGI3	0.7536	Epi|Immature Enterocytes 2	0.2300	51
MAGIX	0.7822	Epi|Goblet	0.2564	51
MAGOH	0.4855	LP|CD8+ IL17+	1.6029	51
MAGOHB	0.6887	LP|Cycling T	0.8523	51
MAGT1	0.4486	LP|Pericytes	0.4288	51
MAK	0.8962	LP|CD69+ Mast	0.0263	51
MAK16	0.5397	LP|GC	0.1198	51
MAL	0.9803	LP|Glia	5.6400	51
MAL2	0.8998	Epi|Enterocytes	2.6551	51
MALAT1	0.6851	Epi|Goblet	1122.7446	51
MALL	0.8893	Epi|Immature Enterocytes 2	4.4464	51
MALSU1	0.6196	LP|Glia	0.7274	51
MALT1	0.7798	Epi|M cells	0.5825	51
MAMDC2	0.9234	LP|Myofibroblasts	0.7989	51
MAMDC2-AS1	0.8835	Epi|TA 1	0.0122	51
MAMDC4	0.8741	LP|CD69- Mast	0.4085	51
MAML1	0.8801	LP|CD69- Mast	0.8260	51
MAML2	0.5838	LP|Pericytes	0.2383	51
MAML3	0.8895	LP|CD69- Mast	0.3530	51
MAMLD1	0.9011	LP|Glia	0.0566	51
MAMSTR	0.8119	LP|Pericytes	0.1153	51
MAN1A1	0.6214	LP|MT-hi	0.4985	51
MAN1A2	0.5898	LP|Microvascular	0.5504	51
MAN1B1	0.5035	LP|WNT5B+ 2	0.4351	51
MAN1C1	0.8364	LP|WNT5B+ 2	0.2993	51
MAN2A1	0.7990	Epi|Tuft	0.7074	51
MAN2A2	0.8803	LP|Glia	0.4577	51
MAN2B1	0.7665	LP|GC	0.1726	51
MAN2B2	0.5336	LP|Glia	0.1879	51
MAN2C1	0.6148	Epi|Tuft	0.4128	51
MANBA	0.6836	LP|Macrophages	0.3522	51
MANBAL	0.6919	LP|Glia	0.8770	51
MANEA	0.8139	LP|Plasma	0.2876	51
MANEA-AS1	0.7311	LP|NKs	0.1318	51
MANEAL	0.9176	Epi|Enteroendocrine	0.0937	51
MANF	0.7458	LP|Plasma	4.0702	51
MANSC1	0.8516	LP|Endothelial	0.5232	51
MAOA	0.8937	Epi|Enterocyte Progenitors	2.4529	51
MAOB	0.9823	LP|CD69- Mast	4.8857	51
MAP10	0.7911	LP|Endothelial	0.0630	51
MAP1A	0.8209	LP|Pericytes	0.3767	51
MAP1B	0.9256	LP|Glia	2.2709	51
MAP1LC3A	0.8171	LP|WNT5B+ 1	3.3406	51
MAP1LC3B	0.5138	LP|GC	2.5958	51
MAP1LC3B2	0.6858	Epi|Enterocytes	0.4127	51
MAP1S	0.8430	LP|CD69- Mast	0.6988	51
MAP2	0.9547	LP|Pericytes	0.0450	51
MAP2K1	0.7072	LP|ILCs	1.1333	51
MAP2K2	0.5955	LP|NKs	1.4282	51
MAP2K3	0.5612	LP|CD69- Mast	0.8778	51
MAP2K4	0.6301	Epi|M cells	0.2047	51
MAP2K5	0.5343	Epi|Best4+ Enterocytes	0.1530	51
MAP2K6	0.8683	Epi|M cells	1.0671	51
MAP2K7	0.6691	LP|MT-hi	0.6451	51
MAP3K1	0.8524	LP|Inflammatory Monocytes	0.6603	51
MAP3K10	0.8266	Epi|M cells	0.1152	51
MAP3K11	0.7335	LP|Post-capillary Venules	1.1591	51
MAP3K12	0.7086	LP|WNT5B+ 2	0.0413	51
MAP3K13	0.6217	LP|Post-capillary Venules	1.2732	51
MAP3K14	0.7082	LP|MT-hi	0.1727	51
MAP3K14-AS1	0.9618	Epi|Tuft	0.0044	51
MAP3K2	0.5923	LP|Inflammatory Monocytes	0.5287	51
MAP3K3	0.7317	LP|Inflammatory Monocytes	0.3066	51
MAP3K4	0.7898	LP|CD8+ IL17+	0.3841	51
MAP3K5	0.6594	Epi|Enteroendocrine	0.2163	51
MAP3K6	0.8946	Epi|M cells	0.5745	51
MAP3K7	0.6029	Epi|M cells	0.3957	51
MAP3K7CL	0.9461	LP|GC	1.1841	51
MAP3K8	0.8763	LP|ILCs	2.7263	51
MAP3K9	0.7790	Epi|Enteroendocrine	0.0746	51
MAP4	0.7961	LP|Glia	1.4675	51
MAP4K1	0.8687	LP|GC	1.1272	51
MAP4K2	0.8765	LP|GC	0.4910	51
MAP4K3	0.6579	LP|Endothelial	0.1471	51
MAP4K4	0.7076	LP|GC	0.5074	51
MAP4K5	0.7079	LP|Glia	0.4831	51
MAP6	0.8934	LP|WNT5B+ 1	0.0294	51
MAP6D1	0.8852	Epi|Tuft	0.0179	51
MAP7	0.9166	Epi|Tuft	1.1619	51
MAP7D1	0.5717	LP|NKs	0.7365	51
MAP7D2	0.9517	Epi|Best4+ Enterocytes	0.0213	51
MAP7D3	0.7140	LP|Pericytes	0.4346	51
MAP9	0.7735	LP|Myofibroblasts	0.3694	51
MAPK1	0.7605	LP|NKs	1.3289	51
MAPK10	0.9133	LP|RSPO3+	0.5978	51
MAPK11	0.9444	LP|Endothelial	0.4539	51
MAPK12	0.9005	LP|Microvascular	0.2792	51
MAPK13	0.7580	Epi|Enterocyte Progenitors	0.8238	51
MAPK14	0.7091	LP|CD69- Mast	0.5521	51
MAPK15	0.9239	Epi|Stem	0.0011	51
MAPK1IP1L	0.6350	LP|GC	1.4542	51
MAPK3	0.7129	Epi|Immature Enterocytes 2	1.5048	51
MAPK6	0.8884	LP|CD69+ Mast	1.2862	51
MAPK7	0.5718	Epi|Enterocytes	0.1514	51
MAPK8	0.6794	LP|ILCs	0.3013	51
MAPK8IP1	0.8265	Epi|Enteroendocrine	0.0820	51
MAPK8IP2	0.9774	Epi|Enteroendocrine	0.0473	51
MAPK8IP3	0.7503	Epi|Tuft	0.2021	51
MAPK9	0.5656	Epi|Tuft	0.1779	51
MAPKAP1	0.8394	LP|RSPO3+	1.2109	51
MAPKAPK2	0.5537	LP|Inflammatory Fibroblasts	0.4951	51
MAPKAPK3	0.7142	LP|Inflammatory Monocytes	0.6831	51
MAPKAPK5	0.6501	LP|CD69- Mast	0.4708	51
MAPKAPK5-AS1	0.7437	LP|Microvascular	1.0428	51
MAPKBP1	0.8463	Epi|M cells	0.1677	51
MAPRE1	0.7072	LP|CD69- Mast	2.0835	51
MAPRE2	0.8407	LP|Glia	1.3385	51
MAPRE3	0.7605	LP|CD69+ Mast	0.2568	51
MAPT	0.9152	LP|MT-hi	0.1261	51
MARC1	0.8159	Epi|Tuft	0.2619	51
MARC2	0.8058	LP|RSPO3+	0.3896	51
MARCH1	0.9193	LP|Follicular	1.3651	51
MARCH2	0.7277	LP|Glia	0.7019	51
MARCH3	0.8755	LP|CD69- Mast	1.0208	51
MARCH5	0.5550	LP|CD69- Mast	0.5177	51
MARCH6	0.3962	Epi|M cells	0.6030	51
MARCH7	0.5180	LP|MT-hi	0.5572	51
MARCH8	0.6976	Epi|Enteroendocrine	0.2600	51
MARCH9	0.6336	Epi|Enteroendocrine	0.1973	51
MARCKS	0.8298	LP|Glia	6.0258	51
MARCKSL1	0.9006	Epi|Tuft	21.8346	51
MARCO	nan	Epi|Best4+ Enterocytes	0.0000	51
MARK1	0.9283	LP|Pericytes	0.1031	51
MARK2	0.6245	Epi|Enterocytes	0.3569	51
MARK3	0.6689	LP|MT-hi	1.0413	51
MARK4	0.6622	LP|Endothelial	0.1054	51
MARS	0.5961	Epi|M cells	0.4052	51
MARS2	0.6670	LP|CD8+ IELs	0.0502	51
MARVELD1	0.9005	LP|Glia	0.9786	51
MARVELD2	0.8019	Epi|Enterocytes	0.2491	51
MARVELD3	0.8785	Epi|Immature Enterocytes 1	1.2714	51
MASP1	0.9815	LP|Inflammatory Fibroblasts	1.1920	51
MASP2	0.9123	LP|Tregs	0.0026	51
MAST1	0.8915	Epi|Enteroendocrine	0.0864	51
MAST2	0.8875	Epi|Immature Enterocytes 1	0.8633	51
MAST3	0.6068	LP|MT-hi	0.2073	51
MAST4	0.8393	LP|Endothelial	1.1186	51
MAST4-AS1	0.9567	LP|CD69- Mast	0.1648	51
MASTL	0.8463	LP|Cycling T	0.2351	51
MAT1A	0.9885	Epi|Stem	0.0009	51
MAT2A	0.6168	LP|Pericytes	1.3595	51
MAT2B	0.6630	LP|CD8+ IL17+	1.3451	51
MATK	0.9669	Epi|Tuft	7.8354	51
MATN1	0.9467	LP|Follicular	0.0174	51
MATN1-AS1	0.8830	LP|CD8+ IL17+	0.1121	51
MATN2	0.9682	LP|Glia	11.1034	51
MATN3	0.9629	LP|WNT5B+ 1	0.1939	51
MATN4	0.9749	Epi|Immature Goblet	0.0026	51
MATR3	0.3530	LP|MT-hi	1.1265	51
MAU2	0.5809	Epi|Tuft	0.1958	51
MAVS	0.7190	LP|MT-hi	0.1752	51
MAX	0.6122	LP|CD69- Mast	1.6003	51
MAZ	0.5907	Epi|Cycling TA	0.9820	51
MB	0.9596	Epi|Goblet	1.1988	51
MB21D1	0.7009	LP|Cycling T	0.2553	51
MB21D2	0.8678	LP|Glia	0.2190	51
MBD1	0.4717	LP|Glia	0.2869	51
MBD2	0.7431	LP|Inflammatory Monocytes	0.6378	51
MBD3	0.5860	Epi|Enteroendocrine	0.3009	51
MBD4	0.8722	LP|GC	2.8861	51
MBD5	0.7843	LP|CD69- Mast	0.1478	51
MBD6	0.5344	Epi|Goblet	0.2401	51
MBIP	0.6526	LP|Glia	0.4697	51
MBLAC1	0.6549	LP|WNT5B+ 1	0.0576	51
MBLAC2	0.7431	LP|RSPO3+	0.0816	51
MBNL1	0.6693	LP|MT-hi	2.0123	51
MBNL1-AS1	0.8303	LP|Myofibroblasts	0.1813	51
MBNL2	0.8400	LP|Glia	0.8714	51
MBNL3	0.7133	LP|GC	0.1055	51
MBOAT1	0.8691	LP|CD69- Mast	0.9584	51
MBOAT2	0.8251	LP|Glia	0.5483	51
MBOAT7	0.7062	LP|ILCs	0.9141	51
MBP	0.7940	LP|NKs	1.6843	51
MBTD1	0.6324	Epi|Tuft	0.1337	51
MBTPS1	0.5490	LP|WNT5B+ 1	0.5122	51
MBTPS2	0.6306	LP|WNT5B+ 2	0.0955	51
MC1R	0.8228	LP|WNT2B+ Fos-lo 2	0.0752	51
MCAM	0.9528	LP|Pericytes	2.2204	51
MCAT	0.5549	Epi|Cycling TA	0.2840	51
MCC	0.7808	LP|Endothelial	0.4047	51
MCCC1	0.6251	Epi|Stem	0.2559	51
MCCC2	0.6902	Epi|Enteroendocrine	0.3578	51
MCEE	0.5134	LP|WNT5B+ 1	0.3048	51
MCF2L	0.9426	LP|Microvascular	1.2249	51
MCF2L-AS1	0.8479	Epi|Immature Goblet	0.1271	51
MCF2L2	0.9273	LP|Tregs	0.1070	51
MCFD2	0.5119	LP|Inflammatory Fibroblasts	0.4938	51
MCIDAS	0.9500	Epi|TA 1	0.0004	51
MCL1	0.6892	LP|ILCs	8.3314	51
MCM10	0.9555	LP|Cycling T	0.2476	51
MCM2	0.9230	LP|Cycling T	0.5431	51
MCM3	0.8246	LP|Cycling B	1.3953	51
MCM3AP	0.5307	Epi|Tuft	0.2368	51
MCM3AP-AS1	0.7762	LP|NKs	0.0679	51
MCM4	0.8629	LP|Cycling B	0.4848	51
MCM5	0.8550	LP|Cycling B	1.4928	51
MCM6	0.8586	LP|Cycling T	0.6331	51
MCM7	0.8757	LP|Cycling B	2.5131	51
MCM8	0.8023	LP|MT-hi	0.1092	51
MCM9	0.6482	LP|CD8+ IELs	0.0955	51
MCMBP	0.5888	LP|CD69- Mast	0.5224	51
MCMDC2	0.8438	Epi|TA 1	0.0154	51
MCOLN1	0.8466	LP|CD69- Mast	0.9882	51
MCOLN2	0.8294	LP|DC1	0.3853	51
MCOLN3	0.9490	Epi|Enteroendocrine	0.4884	51
MCPH1	0.7526	LP|Microvascular	0.2145	51
MCRS1	0.3894	LP|CD8+ IL17+	0.4879	51
MCTP1	0.9364	LP|Endothelial	1.0150	51
MCTP2	0.8339	LP|CD69- Mast	0.6786	51
MCTS1	0.6564	LP|Cycling B	1.6019	51
MCU	0.6747	Epi|Immature Enterocytes 2	0.2467	51
MCUR1	0.7449	LP|CD69- Mast	1.3235	51
MDC1	0.5600	LP|CD8+ IL17+	0.1114	51
MDFI	0.8487	LP|RSPO3+	0.1964	51
MDFIC	0.7680	LP|ILCs	0.6354	51
MDGA1	0.8769	LP|Inflammatory Fibroblasts	0.0799	51
MDH1	0.5243	Epi|Enterocyte Progenitors	2.6510	51
MDH1B	0.8680	LP|WNT2B+ Fos-lo 1	0.0038	51
MDH2	0.5790	Epi|TA 2	3.4778	51
MDK	0.8615	Epi|Enteroendocrine	7.7746	51
MDM1	0.8541	LP|MT-hi	0.4413	51
MDM2	0.5424	Epi|M cells	0.2139	51
MDM4	0.7136	LP|GC	1.6179	51
MDN1	0.8639	LP|CD69- Mast	0.4287	51
MDP1	0.7088	LP|Microvascular	0.1236	51
MDS2	0.9417	LP|CD4+ Memory	0.1082	51
ME1	0.8329	LP|Macrophages	0.2386	51
ME2	0.6160	LP|Cycling Monocytes	0.4877	51
ME3	0.9468	LP|Microvascular	1.3292	51
MEA1	0.5071	LP|Cycling T	1.2913	51
MEAF6	0.6029	LP|CD4+ PD1+	2.0566	51
MECOM	0.9027	LP|Endothelial	1.0080	51
MECP2	0.5936	LP|MT-hi	0.5767	51
MECR	0.5950	Epi|Stem	0.2461	51
MED1	0.4701	LP|CD8+ IL17+	0.2115	51
MED10	0.5802	LP|CD8+ IL17+	1.5739	51
MED11	0.4439	LP|RSPO3+	0.5078	51
MED12	0.7171	LP|Microvascular	0.2061	51
MED12L	0.9913	LP|GC	0.3771	51
MED13	0.5959	LP|CD69- Mast	0.4564	51
MED13L	0.6082	LP|Inflammatory Monocytes	0.3880	51
MED14	0.5990	Epi|M cells	0.1840	51
MED14-AS1	0.7917	LP|CD69- Mast	0.1478	51
MED15	0.4859	LP|NKs	0.3673	51
MED16	0.4979	Epi|M cells	0.2964	51
MED17	0.5888	LP|MT-hi	0.4611	51
MED18	0.7395	Epi|M cells	0.2032	51
MED19	0.4712	LP|Endothelial	0.6792	51
MED20	0.6153	LP|Cycling B	0.1181	51
MED21	0.4899	LP|RSPO3+	0.5171	51
MED22	0.7405	LP|CD69- Mast	0.3126	51
MED23	0.5796	Epi|Enteroendocrine	0.1820	51
MED24	0.7334	LP|Post-capillary Venules	0.4334	51
MED25	0.6638	Epi|Tuft	0.3944	51
MED26	0.7419	LP|ILCs	0.2264	51
MED27	0.5549	LP|Microvascular	0.2387	51
MED28	0.4953	LP|GC	1.2595	51
MED29	0.5527	LP|Glia	0.7616	51
MED30	0.5999	LP|ILCs	1.0726	51
MED31	0.5853	LP|CD69+ Mast	0.6968	51
MED4	0.4708	LP|RSPO3+	1.3636	51
MED6	0.7181	LP|MT-hi	0.9404	51
MED7	0.6509	LP|CD69- Mast	0.4085	51
MED8	0.4293	LP|RSPO3+	0.4827	51
MED9	0.6420	LP|NKs	0.1228	51
MEDAG	0.9743	LP|Inflammatory Fibroblasts	0.2487	51
MEF2A	0.7875	LP|Endothelial	0.7867	51
MEF2B	0.9554	Epi|Goblet	0.0013	51
MEF2BNB	0.8325	LP|CD69- Mast	1.3333	51
MEF2BNB-MEF2B	0.9842	LP|GC	0.1930	51
MEF2C	0.9011	LP|Pericytes	4.5791	51
MEF2C-AS1	0.9022	LP|Pericytes	0.1115	51
MEF2D	0.7081	Epi|Goblet	0.4601	51
MEG3	0.8963	LP|WNT2B+ Fos-hi	4.3160	51
MEGF10	0.9993	Epi|M cells	0.0167	51
MEGF11	0.8990	Epi|Enteroendocrine	0.0148	51
MEGF6	0.9756	LP|Glia	0.3585	51
MEGF8	0.7724	LP|Glia	0.2062	51
MEGF9	0.8676	LP|Glia	0.4592	51
MEGT1	0.9961	Epi|Enteroendocrine	0.0661	51
MEI1	0.8719	LP|Plasma	0.9291	51
MEIG1	0.8999	LP|Cycling T	0.0287	51
MEIS1	0.8746	Epi|Best4+ Enterocytes	0.3249	51
MEIS2	0.8980	LP|Microvascular	0.7813	51
MEIS3	0.8628	LP|Inflammatory Fibroblasts	0.1641	51
MELK	0.9304	LP|Cycling B	0.3925	51
MEMO1	0.7051	LP|MT-hi	0.3053	51
MEN1	0.6630	LP|GC	0.1982	51
MEOX1	0.9753	LP|Post-capillary Venules	1.4787	51
MEOX2	0.9734	LP|Post-capillary Venules	0.4585	51
MEP1A	0.9503	Epi|Enterocytes	2.9917	51
MEP1B	0.9546	Epi|Enterocytes	0.1252	51
MEPCE	0.6094	LP|CD69+ Mast	0.3525	51
MERTK	0.9482	LP|Macrophages	0.2654	51
MESDC1	0.7117	LP|Microvascular	0.7461	51
MESDC2	0.4505	LP|MT-hi	1.1708	51
MESP1	0.8149	Epi|TA 2	0.5623	51
MESP2	0.8887	Epi|Cycling TA	0.0239	51
MEST	0.9306	LP|Pericytes	1.3427	51
MET	0.8226	LP|Endothelial	0.1493	51
METAP1	0.4197	Epi|Cycling TA	0.2635	51
METAP1D	0.6511	LP|Glia	0.2019	51
METAP2	0.7824	LP|GC	2.9083	51
METRN	0.8976	LP|Glia	1.1322	51
METRNL	0.7426	Epi|Enterocytes	0.6098	51
METTL1	0.6811	LP|CD69- Mast	0.2343	51
METTL10	0.4597	LP|CD8+ IL17+	0.3246	51
METTL12	0.6982	Epi|Tuft	0.8044	51
METTL13	0.5354	LP|Glia	0.1961	51
METTL14	0.6819	Epi|Enteroendocrine	0.3067	51
METTL15	0.8972	LP|ILCs	1.8162	51
METTL16	0.5480	LP|Pericytes	0.2346	51
METTL17	0.6788	Epi|Tuft	0.5899	51
METTL18	0.7260	LP|CD69- Mast	0.3339	51
METTL20	0.7250	LP|Endothelial	0.1491	51
METTL21A	0.7729	LP|CD69+ Mast	0.9710	51
METTL21B	0.7758	LP|MT-hi	0.1445	51
METTL22	0.8732	LP|CD69- Mast	0.4287	51
METTL23	0.7673	LP|CD69- Mast	1.7901	51
METTL25	0.9523	LP|CD69- Mast	1.3333	51
METTL2A	0.4699	Epi|Enteroendocrine	0.1631	51
METTL2B	0.5537	LP|CD69- Mast	0.2283	51
METTL3	0.6123	Epi|M cells	0.3470	51
METTL4	0.6253	LP|CD8+ IL17+	0.2099	51
METTL5	0.4266	LP|Cycling T	0.8434	51
METTL6	0.6749	Epi|M cells	0.1731	51
METTL7A	0.7496	LP|RSPO3+	0.8608	51
METTL7B	0.9015	Epi|Immature Enterocytes 2	0.6839	51
METTL8	0.9024	LP|Tregs	1.1718	51
METTL9	0.5613	LP|Inflammatory Monocytes	2.0633	51
MEX3A	0.9159	Epi|Enteroendocrine	0.1381	51
MEX3B	0.8930	LP|CD69- Mast	0.2283	51
MEX3C	0.7002	LP|CD8+ IELs	0.2556	51
MEX3D	0.7916	LP|Pericytes	0.1036	51
MFAP1	0.5661	LP|Cycling B	0.5849	51
MFAP2	0.9000	LP|WNT5B+ 2	0.7353	51
MFAP3	0.8503	LP|Endothelial	0.3362	51
MFAP3L	0.9618	LP|Glia	0.1187	51
MFAP4	0.9355	LP|RSPO3+	27.7096	51
MFAP5	0.9856	LP|Myofibroblasts	5.4037	51
MFF	0.3461	LP|CD69- Mast	0.8778	51
MFGE8	0.9071	LP|Pericytes	7.1580	51
MFHAS1	0.7210	Epi|M cells	0.3654	51
MFI2	0.8258	Epi|Enterocytes	0.1978	51
MFI2-AS1	0.7908	LP|WNT2B+ Fos-lo 1	0.0623	51
MFN1	0.6966	LP|CD69- Mast	0.2798	51
MFN2	0.5625	Epi|M cells	0.2270	51
MFNG	0.8354	LP|Microvascular	1.4652	51
MFSD1	0.7734	LP|Macrophages	1.3663	51
MFSD10	0.6620	LP|Glia	1.4254	51
MFSD11	0.6858	LP|CD69- Mast	0.6051	51
MFSD12	0.6800	LP|Macrophages	0.3219	51
MFSD2A	0.8486	LP|Glia	0.2392	51
MFSD2B	0.8497	LP|Cycling B	0.0921	51
MFSD3	0.6803	Epi|TA 2	0.2747	51
MFSD4	0.9371	Epi|Goblet	0.5063	51
MFSD5	0.4798	Epi|Enterocytes	0.1864	51
MFSD6	0.8312	LP|Microvascular	0.4754	51
MFSD6L	0.8605	Epi|Immature Goblet	0.0661	51
MFSD7	0.7134	LP|Inflammatory Fibroblasts	0.1935	51
MFSD8	0.6831	LP|CD4+ PD1+	0.1848	51
MFSD9	0.6243	Epi|M cells	0.1169	51
MGA	0.5452	LP|CD8+ IL17+	0.1903	51
MGAM	0.9688	Epi|Enterocytes	0.0162	51
MGARP	0.9729	LP|GC	0.0275	51
MGAT1	0.7131	LP|Microvascular	1.9459	51
MGAT2	0.5704	LP|CD69- Mast	0.6936	51
MGAT3	0.9155	LP|Pericytes	0.1769	51
MGAT4A	0.8545	LP|CD8+ IL17+	2.2917	51
MGAT4B	0.8306	Epi|Immature Enterocytes 2	1.6949	51
MGAT5	0.7451	LP|WNT5B+ 2	0.5157	51
MGEA5	0.6162	LP|MT-hi	1.3029	51
MGLL	0.8507	LP|Microvascular	5.9988	51
MGME1	0.7323	LP|Cycling B	0.5150	51
MGMT	0.5846	LP|Microvascular	1.4800	51
MGP	0.9303	LP|Pericytes	17.2131	51
MGRN1	0.6360	LP|MT-hi	0.3513	51
MGST1	0.8659	Epi|Enterocyte Progenitors	7.4867	51
MGST2	0.8022	LP|Endothelial	3.6358	51
MGST3	0.7366	Epi|Immature Enterocytes 2	10.5754	51
MIA	0.9911	Epi|M cells	4.9981	51
MIA2	0.9778	Epi|Immature Enterocytes 1	0.0238	51
MIA3	0.6596	Epi|Goblet	0.6237	51
MIAT	0.8895	LP|Tregs	0.8169	51
MIB1	0.6185	LP|Myofibroblasts	0.2476	51
MIB2	0.7911	LP|NKs	1.0524	51
MICA	0.6861	LP|Glia	0.4092	51
MICAL1	0.7425	Epi|Goblet	0.5697	51
MICAL2	0.7607	Epi|M cells	0.4461	51
MICAL3	0.8172	LP|GC	0.3921	51
MICALCL	0.8306	Epi|Enterocytes	0.0404	51
MICALL1	0.8604	LP|Microvascular	0.2481	51
MICALL2	0.8132	LP|Glia	0.7937	51
MICB	0.8596	LP|Cycling T	0.2600	51
MICU1	0.6484	LP|Glia	0.4211	51
MICU2	0.4756	LP|GC	0.6404	51
MICU3	0.8462	LP|Pericytes	0.2811	51
MID1	0.7914	LP|RSPO3+	0.2198	51
MID1IP1	0.7386	LP|Glia	1.1675	51
MID2	0.8598	LP|Post-capillary Venules	0.0240	51
MIDN	0.6079	Epi|Immature Enterocytes 2	1.5719	51
MIEF1	0.5223	LP|Glia	0.2310	51
MIEF2	0.6364	LP|MT-hi	0.0912	51
MIEN1	0.5743	Epi|Tuft	2.5060	51
MIER1	0.4844	LP|Pericytes	0.6377	51
MIER2	0.9047	LP|Microvascular	0.8591	51
MIER3	0.9150	Epi|Enterocytes	0.8090	51
MIF	0.5749	Epi|Cycling TA	4.8290	51
MIF4GD	0.5890	LP|DC2	0.7559	51
MIIP	0.7543	LP|Glia	0.8271	51
MILR1	0.8314	LP|GC	0.3901	51
MINA	0.7759	LP|WNT2B+ Fos-hi	0.5616	51
MINK1	0.6762	Epi|Tuft	0.3774	51
MINOS1	0.5667	Epi|Enterocyte Progenitors	5.8912	51
MINOS1-NBL1	0.8507	Epi|Enterocyte Progenitors	0.0201	51
MINPP1	0.8828	LP|CD69- Mast	0.9762	51
MIOS	0.8185	LP|GC	0.4555	51
MIOX	0.8556	LP|GC	0.0086	51
MIPEP	0.7220	Epi|Cycling TA	0.1838	51
MIPOL1	0.8309	Epi|M cells	0.1177	51
MIR10A	0.9029	LP|Microvascular	0.2812	51
MIR1254-1	0.8183	LP|RSPO3+	0.0058	51
MIR1302-2	0.8915	LP|Cycling T	0.0061	51
MIR142	0.8097	LP|NKs	3.0302	51
MIR143HG	0.9581	LP|Myofibroblasts	1.2098	51
MIR145	0.9594	LP|Myofibroblasts	1.0878	51
MIR146A	0.9227	LP|CD69- Mast	0.2283	51
MIR155HG	0.8940	LP|Tregs	0.9359	51
MIR17HG	0.8227	LP|ILCs	0.0709	51
MIR181A1HG	0.7931	LP|Tregs	0.2577	51
MIR181A2HG	0.9544	LP|NKs	0.1838	51
MIR192	0.9854	Epi|Goblet	0.0072	51
MIR194-2	0.8385	Epi|Tuft	0.0610	51
MIR210HG	0.8925	Epi|Goblet	0.4481	51
MIR22HG	0.7093	LP|Pericytes	0.5801	51
MIR24-2	0.8525	LP|ILCs	8.7638	51
MIR29B1	0.7608	LP|DC2	0.1280	51
MIR3150B	0.9740	Epi|Enterocytes	0.0359	51
MIR3180-4	0.8447	Epi|M cells	0.0055	51
MIR3185	0.9838	Epi|TA 2	0.0003	51
MIR3188	0.9139	LP|Inflammatory Monocytes	0.0330	51
MIR3191	0.9466	Epi|Immature Enterocytes 1	0.0022	51
MIR3615	0.9731	LP|CD8+ IELs	0.0207	51
MIR3648	0.9606	LP|WNT2B+ Fos-lo 2	0.0071	51
MIR3655	0.9014	LP|Cycling B	0.0081	51
MIR378D2	0.9558	LP|DC1	0.0083	51
MIR425	nan	Epi|Best4+ Enterocytes	0.0000	51
MIR4258	0.9755	LP|Glia	0.0206	51
MIR4435-1HG	0.8333	LP|Tregs	3.4529	51
MIR4453	0.8624	Epi|Tuft	0.1293	51
MIR4458HG	0.6625	Epi|M cells	0.3703	51
MIR4519	0.7283	Epi|Tuft	0.1450	51
MIR497HG	0.9058	LP|Myofibroblasts	0.5319	51
MIR503HG	0.9395	LP|Myofibroblasts	0.1468	51
MIR5188	nan	Epi|Best4+ Enterocytes	0.0000	51
MIR566	nan	Epi|Best4+ Enterocytes	0.0000	51
MIR570	0.8949	Epi|Immature Enterocytes 2	0.0062	51
MIR600HG	0.9638	LP|MT-hi	0.0616	51
MIR616	0.9733	LP|Glia	0.0203	51
MIR663A	0.9580	LP|Glia	0.0451	51
MIR7-3HG	1.0000	Epi|Enteroendocrine	0.0113	51
MIR744	0.9779	Epi|Secretory TA	0.0005	51
MIR940	0.8016	Epi|Immature Enterocytes 1	0.0705	51
MIS12	0.5696	LP|Cycling T	0.3326	51
MIS18A	0.8231	LP|CD69- Mast	0.6667	51
MIS18A-AS1	0.9770	LP|Microvascular	0.0086	51
MIS18BP1	0.8316	LP|CD69- Mast	1.5634	51
MISP	0.9253	Epi|Enterocytes	6.5427	51
MITD1	0.4419	LP|GC	0.6577	51
MITF	0.9561	LP|CD69+ Mast	1.5178	51
MIXL1	0.9758	LP|GC	0.2152	51
MKI67	0.9512	LP|Cycling T	2.2216	51
MKI67IP	0.5996	LP|CD69- Mast	0.9935	51
MKKS	0.5082	Epi|Cycling TA	1.2418	51
MKL1	0.5785	LP|DC1	0.1536	51
MKL2	0.9089	LP|Post-capillary Venules	0.9167	51
MKLN1	0.5979	LP|Glia	0.4737	51
MKLN1-AS1	0.7818	LP|MT-hi	0.9090	51
MKLN1-AS2	0.7998	LP|CD4+ PD1+	0.0318	51
MKNK1	0.7100	LP|Macrophages	0.6886	51
MKNK2	0.6404	Epi|Enterocytes	1.1004	51
MKRN1	0.4321	Epi|Enterocyte Progenitors	1.0700	51
MKRN2	0.6254	LP|Glia	0.3068	51
MKRN3	0.8209	LP|Pericytes	0.0188	51
MKS1	0.6292	LP|WNT5B+ 2	0.1198	51
MKX	0.9389	LP|Pericytes	0.0225	51
MLEC	0.7212	Epi|Cycling TA	3.7440	51
MLF1	0.7736	LP|CD69+ Mast	0.6240	51
MLF1IP	0.9340	LP|Cycling B	1.0508	51
MLF2	0.4423	LP|Glia	1.8217	51
MLH1	0.6990	LP|Cycling B	0.3780	51
MLH3	0.6915	LP|RSPO3+	0.4061	51
MLIP	0.9634	Epi|Enterocytes	0.0020	51
MLK4	0.7981	Epi|TA 1	0.0911	51
MLK7-AS1	0.9564	Epi|Stem	0.0013	51
MLKL	0.7737	LP|Microvascular	0.3991	51
MLLT10	0.5270	LP|CD8+ IL17+	0.3339	51
MLLT11	0.8343	LP|Glia	0.2824	51
MLLT3	0.9031	Epi|Goblet	1.6625	51
MLLT4	0.8334	Epi|M cells	1.0488	51
MLLT4-AS1	0.8934	Epi|Goblet	0.0848	51
MLLT6	0.6777	Epi|Tuft	0.9189	51
MLN	0.9603	LP|Inflammatory Monocytes	0.0079	51
MLPH	0.9480	LP|CD69- Mast	2.5347	51
MLST8	0.5771	Epi|Enteroendocrine	0.4646	51
MLTK	0.8816	LP|Pericytes	1.5343	51
MLX	0.5389	Epi|Enterocyte Progenitors	0.7801	51
MLXIP	0.7305	Epi|Stem	1.8798	51
MLXIPL	0.9766	Epi|Enteroendocrine	0.7429	51
MLYCD	0.6379	Epi|Enteroendocrine	0.2795	51
MMAA	0.6686	LP|RSPO3+	0.1169	51
MMAB	0.6915	Epi|Cycling TA	0.7898	51
MMACHC	0.7905	LP|RSPO3+	0.0346	51
MMADHC	0.5327	LP|GC	1.6904	51
MMD	0.8137	LP|WNT5B+ 1	0.9626	51
MME	0.9282	LP|Inflammatory Fibroblasts	0.3293	51
MMEL1	0.9040	Epi|Best4+ Enterocytes	0.4269	51
MMGT1	0.4467	LP|Pericytes	0.1963	51
MMP1	0.9708	LP|Inflammatory Fibroblasts	12.5310	51
MMP10	0.9696	LP|Inflammatory Fibroblasts	0.7668	51
MMP11	0.9581	LP|WNT5B+ 1	2.2803	51
MMP12	0.9730	LP|Macrophages	5.3614	51
MMP14	0.8526	LP|Inflammatory Fibroblasts	1.9026	51
MMP15	0.8139	Epi|Immature Enterocytes 2	0.6296	51
MMP17	0.9590	LP|Glia	0.2626	51
MMP19	0.8827	LP|Inflammatory Fibroblasts	0.5401	51
MMP2	0.9217	LP|Inflammatory Fibroblasts	12.9324	51
MMP23B	0.9070	LP|RSPO3+	1.5644	51
MMP24	0.9520	LP|Post-capillary Venules	0.0053	51
MMP24-AS1	0.6739	Epi|Enterocytes	2.2112	51
MMP25	0.9527	LP|ILCs	0.2923	51
MMP28	0.8633	Epi|Immature Enterocytes 2	0.7001	51
MMP3	0.9904	LP|Inflammatory Fibroblasts	18.5003	51
MMP7	0.9640	Epi|M cells	0.4674	51
MMP9	0.9588	LP|Macrophages	1.3324	51
MMRN1	0.9963	LP|Post-capillary Venules	0.5693	51
MMRN2	0.9666	LP|Microvascular	2.0610	51
MMS19	0.5120	Epi|Tuft	0.1441	51
MMS22L	0.5843	LP|Cycling T	0.1511	51
MN1	0.9252	LP|Endothelial	0.0856	51
MNAT1	0.5745	LP|MT-hi	0.3758	51
MND1	0.9660	LP|Cycling B	0.8953	51
MNDA	0.9682	LP|Inflammatory Monocytes	7.7225	51
MNS1	0.9305	LP|RSPO3+	0.4096	51
MNT	0.4661	LP|DC2	0.1481	51
MNX1	0.9194	Epi|Enteroendocrine	0.1641	51
MNX1-AS1	0.9114	Epi|Stem	0.0947	51
MNX1-AS2	0.9322	Epi|Immature Goblet	0.0065	51
MOAP1	0.6539	LP|NKs	0.4667	51
MOB1A	0.7158	LP|GC	2.9973	51
MOB1B	0.7497	LP|WNT5B+ 2	0.2029	51
MOB2	0.7647	LP|Microvascular	1.3952	51
MOB3A	0.8131	LP|GC	1.4447	51
MOB3B	0.6981	Epi|Enterocytes	0.3824	51
MOB3C	0.5841	Epi|M cells	0.1409	51
MOB4	0.4671	LP|ILCs	0.9158	51
MOBP	0.9277	Epi|Stem	0.0124	51
MOCOS	0.8264	Epi|Tuft	0.0742	51
MOCS1	0.9342	LP|Pericytes	0.4748	51
MOCS2	0.6622	LP|Glia	0.7632	51
MOCS3	0.6135	LP|MT-hi	0.0877	51
MOG	0.8999	LP|WNT2B+ Fos-lo 2	0.0054	51
MOGAT2	0.9210	Epi|M cells	0.6897	51
MOGAT3	0.8952	Epi|Immature Enterocytes 2	0.4921	51
MOGS	0.6090	LP|MT-hi	0.3836	51
MOK	0.6879	LP|WNT5B+ 1	0.1381	51
MON1A	0.6654	LP|Glia	0.1382	51
MON1B	0.5172	Epi|M cells	0.2517	51
MON2	0.5667	LP|WNT2B+ Fos-lo 2	0.2077	51
MORC2	0.6515	Epi|Enteroendocrine	0.1327	51
MORC2-AS1	0.7909	LP|CD69- Mast	0.1478	51
MORC3	0.5670	LP|CD8+ IL17+	0.2601	51
MORC4	0.7693	LP|RSPO3+	0.2203	51
MORF4L1	0.5815	LP|Glia	6.3242	51
MORF4L2	0.5930	LP|Myofibroblasts	3.0660	51
MORF4L2-AS1	0.8026	LP|MT-hi	0.0415	51
MORN1	0.7506	LP|CD4+ PD1+	0.0641	51
MORN2	0.6865	LP|Glia	0.4514	51
MORN3	0.9594	LP|CD69- Mast	0.2334	51
MORN4	0.7589	Epi|Enteroendocrine	0.0624	51
MOSPD1	0.5873	LP|Pericytes	0.2307	51
MOSPD2	0.7357	LP|Glia	0.2771	51
MOSPD3	0.6572	LP|CD8+ IL17+	0.6700	51
MOV10	0.7365	Epi|Immature Enterocytes 1	0.4259	51
MOXD1	0.9519	LP|Glia	1.0616	51
MPC1	0.7009	Epi|Enterocyte Progenitors	2.3956	51
MPC2	0.6674	Epi|Cycling TA	4.5398	51
MPDU1	0.5535	Epi|M cells	0.7621	51
MPDZ	0.8609	LP|Endothelial	0.2392	51
MPEG1	0.9337	LP|DC1	3.0703	51
MPG	0.7331	LP|ILCs	2.9456	51
MPHOSPH10	0.5693	LP|RSPO3+	0.6216	51
MPHOSPH6	0.6728	LP|WNT5B+ 2	0.9500	51
MPHOSPH8	0.5147	LP|CD69- Mast	2.2167	51
MPHOSPH9	0.7780	LP|MT-hi	0.5311	51
MPI	0.6016	Epi|Immature Enterocytes 2	0.2843	51
MPLKIP	0.4101	LP|Microvascular	1.1664	51
MPND	0.7098	Epi|Immature Enterocytes 2	0.3417	51
MPP1	0.8297	LP|CD69+ Mast	0.7471	51
MPP3	0.8153	LP|DC1	0.0247	51
MPP4	0.9228	LP|ILCs	0.0097	51
MPP5	0.7577	Epi|Enterocytes	0.3558	51
MPP6	0.8646	LP|GC	0.1510	51
MPP7	0.7812	LP|CD4+ PD1+	0.2426	51
MPPE1	0.6574	LP|CD69- Mast	0.6841	51
MPPED2	0.9607	LP|Glia	0.1037	51
MPRIP	0.8309	LP|Pericytes	1.6381	51
MPRIP-AS1	0.8592	LP|Pericytes	0.1208	51
MPST	0.7280	Epi|Immature Enterocytes 2	4.5191	51
MPV17	0.7160	LP|CD69- Mast	1.1509	51
MPV17L	0.6941	LP|ILCs	0.2028	51
MPV17L2	0.6675	LP|Microvascular	0.2543	51
MPZ	0.9987	LP|Glia	8.6481	51
MPZL1	0.8444	Epi|M cells	1.8708	51
MPZL2	0.9305	LP|Microvascular	2.8366	51
MPZL3	0.8348	LP|ILCs	0.4243	51
MR1	0.7278	LP|MT-hi	0.3853	51
MRAP2	0.8651	Epi|Immature Goblet	0.1074	51
MRAS	0.8076	LP|Myofibroblasts	0.1890	51
MRC1L1	0.9648	LP|Macrophages	0.0758	51
MRC2	0.9149	LP|WNT2B+ Fos-lo 2	1.0448	51
MRE11A	0.6435	LP|Cycling T	0.1802	51
MREG	0.8762	Epi|Enterocytes	0.0130	51
MRFAP1	0.5707	LP|WNT5B+ 2	2.9755	51
MRFAP1L1	0.6580	LP|CD8+ IL17+	0.7919	51
MRGBP	0.6891	LP|Cycling T	0.2433	51
MRGPRF	0.9208	LP|Glia	1.8545	51
MRI1	0.7354	LP|MT-hi	0.3136	51
MRM1	0.6803	Epi|TA 2	0.1013	51
MROH1	0.6545	Epi|Goblet	0.2636	51
MROH6	0.7554	Epi|M cells	0.1350	51
MROH7	0.9311	Epi|Tuft	0.1080	51
MROH8	0.7155	LP|Cycling B	0.0226	51
MRP63	0.3924	Epi|Cycling TA	2.1463	51
MRPL1	0.5268	LP|Tregs	0.7371	51
MRPL10	0.7372	LP|CD8+ IL17+	1.0824	51
MRPL11	0.5987	Epi|Cycling TA	1.7525	51
MRPL12	0.7217	Epi|Cycling TA	2.8542	51
MRPL13	0.5848	Epi|Enterocyte Progenitors	1.3845	51
MRPL14	0.5628	Epi|Cycling TA	2.1785	51
MRPL15	0.5866	Epi|Enterocyte Progenitors	0.9340	51
MRPL16	0.6940	LP|CD69- Mast	1.8163	51
MRPL17	0.6883	LP|Endothelial	1.2187	51
MRPL18	0.5949	LP|ILCs	2.7697	51
MRPL19	0.5211	Epi|M cells	0.6396	51
MRPL2	0.5052	Epi|Cycling TA	0.7335	51
MRPL20	0.3343	Epi|Cycling TA	2.0697	51
MRPL21	0.5337	Epi|Cycling TA	1.4724	51
MRPL22	0.5478	Epi|M cells	1.5835	51
MRPL23	0.5311	Epi|Cycling TA	3.4351	51
MRPL24	0.5423	Epi|TA 2	1.1502	51
MRPL27	0.5463	Epi|Cycling TA	2.3189	51
MRPL28	0.4097	LP|Cycling B	0.9462	51
MRPL3	0.4865	Epi|Cycling TA	1.0280	51
MRPL30	0.8670	LP|CD8+ IL17+	0.0204	51
MRPL32	0.4874	LP|Pericytes	1.3315	51
MRPL33	0.6365	LP|Endothelial	2.9685	51
MRPL34	0.6179	Epi|Enterocyte Progenitors	2.3775	51
MRPL35	0.6834	Epi|Enterocyte Progenitors	0.6931	51
MRPL36	0.4477	LP|Endothelial	0.9973	51
MRPL37	0.6280	Epi|Cycling TA	1.0961	51
MRPL38	0.8001	LP|MT-hi	0.1254	51
MRPL39	0.5912	LP|Cycling B	0.4579	51
MRPL4	0.5380	LP|Cycling B	1.1542	51
MRPL40	0.4938	LP|WNT5B+ 2	1.1027	51
MRPL41	0.6538	Epi|Immature Enterocytes 2	4.7896	51
MRPL42	0.3995	LP|Cycling B	0.7080	51
MRPL43	0.4610	LP|RSPO3+	1.1943	51
MRPL44	0.6758	LP|CD69- Mast	0.7337	51
MRPL45	0.4755	LP|WNT5B+ 1	0.4784	51
MRPL46	0.5670	Epi|Cycling TA	0.5993	51
MRPL47	0.5071	LP|Cycling B	1.2106	51
MRPL48	0.5119	Epi|Cycling TA	0.7372	51
MRPL49	0.5634	LP|CD8+ IL17+	0.4865	51
MRPL50	0.5210	Epi|M cells	0.8398	51
MRPL51	0.6098	LP|Cycling B	4.5128	51
MRPL52	0.4567	LP|Cycling B	2.0332	51
MRPL53	0.9271	LP|CD69- Mast	1.2335	51
MRPL54	0.4268	Epi|Tuft	1.8297	51
MRPL55	0.4456	LP|Pericytes	1.4650	51
MRPL9	0.6044	LP|Post-capillary Venules	1.0771	51
MRPS10	0.7856	LP|CD69- Mast	1.7745	51
MRPS11	0.4474	LP|Cycling T	0.9743	51
MRPS12	0.5955	Epi|Cycling TA	1.6156	51
MRPS14	0.6900	LP|CD69- Mast	1.7264	51
MRPS15	0.6244	LP|CD69- Mast	1.8178	51
MRPS16	0.5367	Epi|Cycling TA	1.4402	51
MRPS17	0.5908	Epi|Cycling TA	0.2709	51
MRPS18A	0.4946	Epi|Cycling TA	0.8602	51
MRPS18B	0.5202	LP|Glia	1.2444	51
MRPS18C	0.5264	LP|CD69- Mast	1.6248	51
MRPS2	0.6240	Epi|Cycling TA	0.6301	51
MRPS21	0.4127	LP|WNT5B+ 2	2.5784	51
MRPS22	0.8327	LP|CD69- Mast	1.8326	51
MRPS23	0.7112	LP|CD69- Mast	1.3643	51
MRPS24	0.8511	LP|MT-hi	0.2030	51
MRPS25	0.7039	Epi|Cycling TA	1.4627	51
MRPS26	0.5552	Epi|Cycling TA	1.2943	51
MRPS27	0.7113	LP|CD69- Mast	0.6080	51
MRPS28	0.4894	LP|Glia	0.8051	51
MRPS30	0.5290	LP|CD4+ PD1+	0.5615	51
MRPS31	0.7711	LP|CD69- Mast	1.4887	51
MRPS33	0.6316	Epi|TA 2	1.9073	51
MRPS34	0.5430	Epi|Cycling TA	2.2669	51
MRPS35	0.6092	Epi|Enterocyte Progenitors	1.0420	51
MRPS36	0.5326	Epi|Enterocyte Progenitors	1.6572	51
MRPS5	0.4976	Epi|TA 2	0.9821	51
MRPS6	0.7144	LP|WNT5B+ 1	3.1614	51
MRPS7	0.4965	Epi|Cycling TA	1.6283	51
MRPS9	0.5664	Epi|TA 2	0.6201	51
MRRF	0.5668	Epi|Cycling TA	0.3339	51
MRS2	0.4932	LP|Pericytes	0.2610	51
MRTO4	0.5654	Epi|Cycling TA	0.4318	51
MRVI1	0.9247	LP|Myofibroblasts	1.0660	51
MRVI1-AS1	0.9722	LP|GC	0.0449	51
MS4A1	0.9817	LP|GC	14.7332	51
MS4A10	0.8369	LP|CD69+ Mast	0.0104	51
MS4A12	0.9460	Epi|Enterocytes	11.7368	51
MS4A2	0.9994	Epi|Tuft	0.0267	51
MS4A4A	0.9813	LP|Cycling Monocytes	3.1246	51
MS4A6A	0.9595	LP|Cycling Monocytes	12.4817	51
MS4A7	0.9502	LP|Cycling Monocytes	4.6272	51
MS4A8	0.9857	Epi|Enteroendocrine	3.7787	51
MSANTD1	0.9212	LP|NKs	0.0035	51
MSANTD2	0.7860	LP|CD69- Mast	0.1943	51
MSANTD3	0.7439	LP|Inflammatory Fibroblasts	0.1191	51
MSANTD4	0.5871	LP|CD8+ IL17+	0.0921	51
MSC	0.8632	LP|WNT5B+ 1	0.9070	51
MSH2	0.7734	LP|Cycling B	0.3539	51
MSH3	0.6165	LP|CD8+ IELs	0.2591	51
MSH5	0.8068	Epi|M cells	0.0195	51
MSH6	0.8257	LP|Cycling B	0.4557	51
MSI1	0.8269	Epi|Enteroendocrine	0.0362	51
MSI2	0.6636	Epi|Tuft	0.7740	51
MSL1	0.4028	LP|Glia	0.2973	51
MSL2	0.5761	LP|CD8+ IELs	0.2463	51
MSL3	0.8536	LP|CD69- Mast	1.7836	51
MSLN	0.9791	Epi|M cells	1.4633	51
MSMB	0.9944	Epi|Best4+ Enterocytes	0.0046	51
MSMO1	0.8832	LP|CD69- Mast	1.3691	51
MSMP	0.9472	LP|GC	0.0336	51
MSN	0.7760	LP|Microvascular	3.5387	51
MSR1	0.9845	LP|Macrophages	0.5927	51
MSRA	0.7701	LP|CD69+ Mast	0.9568	51
MSRB1	0.7304	LP|Inflammatory Monocytes	0.9170	51
MSRB2	0.6457	LP|Myofibroblasts	1.5370	51
MSRB3	0.9207	LP|Myofibroblasts	1.2202	51
MSS51	0.8361	Epi|Enteroendocrine	0.0233	51
MST1	0.7656	Epi|Tuft	0.1554	51
MST1R	0.9092	Epi|M cells	0.6949	51
MST4	0.7944	LP|NKs	0.3869	51
MSTO1	0.8894	LP|CD69- Mast	0.4085	51
MSX1	0.9206	LP|Endothelial	0.2857	51
MSX2	0.9656	LP|Inflammatory Fibroblasts	0.0370	51
MT-ATP6	0.6396	Epi|TA 1	136.0477	51
MT-ATP8	0.7391	Epi|Tuft	0.4973	51
MT-CO1	0.7781	Epi|Immature Enterocytes 1	871.5069	51
MT-CO2	0.7237	Epi|Immature Enterocytes 1	460.1548	51
MT-CO3	0.7697	Epi|TA 1	557.2382	51
MT-CYB	0.6431	Epi|TA 1	198.0229	51
MT-ND1	0.6953	Epi|Immature Enterocytes 1	142.7128	51
MT-ND2	0.6397	Epi|Immature Enterocytes 1	140.3771	51
MT-ND3	0.7207	Epi|M cells	104.5256	51
MT-ND4	0.6380	Epi|TA 1	232.7411	51
MT-ND4L	0.6646	Epi|TA 1	5.6945	51
MT-ND5	0.6326	Epi|Immature Enterocytes 1	28.8477	51
MT-ND6	0.7159	Epi|TA 1	2.4646	51
MT-RNR1	0.7505	Epi|Immature Enterocytes 1	208.5630	51
MT-RNR2	0.7602	Epi|Immature Enterocytes 1	617.4724	51
MT-TA	0.9349	Epi|M cells	0.1248	51
MT-TC	0.8994	Epi|Tuft	0.0139	51
MT-TD	0.9630	Epi|M cells	0.1687	51
MT-TE	0.8449	LP|WNT2B+ Fos-lo 2	0.0684	51
MT-TF	0.9659	Epi|Enterocytes	0.0114	51
MT-TG	0.9601	Epi|M cells	0.1002	51
MT-TH	0.7425	Epi|TA 1	0.0375	51
MT-TI	0.7885	Epi|Immature Enterocytes 1	0.2190	51
MT-TK	0.7954	Epi|M cells	0.0616	51
MT-TL1	0.9057	Epi|Immature Enterocytes 1	0.4587	51
MT-TL2	0.9587	Epi|Enterocytes	0.0027	51
MT-TM	0.8971	Epi|Enterocytes	0.2771	51
MT-TN	0.8141	LP|Pericytes	0.0298	51
MT-TP	0.7524	Epi|Enteroendocrine	0.1108	51
MT-TQ	0.9007	LP|Myofibroblasts	0.0208	51
MT-TR	0.9950	Epi|TA 1	0.0026	51
MT-TS1	0.8016	Epi|Immature Enterocytes 1	0.0602	51
MT-TS2	0.9108	Epi|Enterocyte Progenitors	0.0032	51
MT-TT	0.7636	LP|MT-hi	0.1134	51
MT-TV	0.8941	Epi|Goblet	0.8523	51
MT-TW	0.9453	Epi|Immature Enterocytes 1	0.0091	51
MT-TY	0.8666	Epi|TA 1	0.0159	51
MT1A	0.8308	Epi|Stem	0.2955	51
MT1B	0.9297	Epi|Enterocyte Progenitors	0.0171	51
MT1E	0.8984	Epi|Best4+ Enterocytes	15.6286	51
MT1F	0.9005	Epi|Best4+ Enterocytes	4.8298	51
MT1G	0.9594	Epi|Best4+ Enterocytes	50.6551	51
MT1H	0.9768	Epi|Best4+ Enterocytes	11.5308	51
MT1HL1	0.9533	Epi|Best4+ Enterocytes	0.0970	51
MT1M	0.9191	Epi|Best4+ Enterocytes	5.9603	51
MT1X	0.9048	Epi|Best4+ Enterocytes	11.0915	51
MT2A	0.8797	Epi|Best4+ Enterocytes	28.3154	51
MT3	0.9332	Epi|Cycling TA	0.1203	51
MTA1	0.5598	LP|Glia	0.3761	51
MTA2	0.6220	Epi|Tuft	0.1104	51
MTA3	0.7999	Epi|Tuft	0.7028	51
MTAP	0.6771	LP|CD69- Mast	0.3675	51
MTBP	0.7741	LP|Cycling T	0.0613	51
MTCH1	0.5170	LP|Endothelial	2.0091	51
MTCH2	0.6853	Epi|Enterocyte Progenitors	2.1197	51
MTCP1	0.8012	LP|WNT5B+ 1	0.0078	51
MTDH	0.4621	LP|Cycling B	3.2115	51
MTERF	0.5840	LP|ILCs	0.1574	51
MTERFD1	0.7146	LP|Glia	0.3994	51
MTERFD2	0.7707	LP|GC	1.2799	51
MTERFD3	0.6747	LP|DC1	0.2789	51
MTF1	0.5733	LP|MT-hi	0.2248	51
MTF2	0.8036	LP|GC	1.8187	51
MTFMT	0.5042	LP|Glia	0.1917	51
MTFP1	0.6299	Epi|Cycling TA	0.2501	51
MTFR1	0.5546	LP|Pericytes	0.1644	51
MTFR1L	0.6992	LP|CD69- Mast	0.7259	51
MTFR2	0.9333	LP|Cycling T	0.3043	51
MTG1	0.7815	LP|MT-hi	0.3072	51
MTG2	0.5363	LP|CD4+ PD1+	0.2111	51
MTHFD1	0.7051	Epi|Cycling TA	0.4745	51
MTHFD1L	0.7782	LP|Cycling Monocytes	0.2297	51
MTHFD2	0.7088	LP|Cycling B	1.5059	51
MTHFD2L	0.6072	LP|ILCs	0.3673	51
MTHFR	0.5824	LP|GC	0.2747	51
MTHFS	0.6463	LP|CD69- Mast	0.8154	51
MTHFSD	0.6209	Epi|M cells	0.0983	51
MTIF2	0.5565	Epi|TA 2	0.2728	51
MTIF3	0.4998	LP|Microvascular	1.4361	51
MTL5	0.8280	Epi|Stem	0.1199	51
MTM1	0.6419	Epi|M cells	0.1822	51
MTMR1	0.6163	Epi|Tuft	0.0861	51
MTMR10	0.6344	LP|Glia	0.1499	51
MTMR11	0.8628	Epi|Goblet	1.3735	51
MTMR12	0.7356	LP|GC	0.2091	51
MTMR14	0.8778	LP|GC	2.1437	51
MTMR2	0.6688	LP|Myofibroblasts	0.3195	51
MTMR3	0.5764	Epi|Tuft	0.1827	51
MTMR4	0.5482	Epi|Tuft	0.2187	51
MTMR6	0.5367	LP|Macrophages	0.2463	51
MTMR8	0.8150	Epi|Tuft	0.0192	51
MTMR9	0.7795	LP|CD69- Mast	0.6400	51
MTO1	0.9131	LP|CD69- Mast	1.3572	51
MTOR	0.6505	LP|CD69- Mast	0.1765	51
MTPAP	0.6898	Epi|Enteroendocrine	0.2182	51
MTPN	0.6801	LP|Inflammatory Monocytes	1.5442	51
MTR	0.6667	LP|WNT5B+ 2	0.2186	51
MTRF1	0.7427	LP|CD8+ IL17+	0.1712	51
MTRF1L	0.5630	LP|Endothelial	0.4012	51
MTRNR2L1	0.9038	Epi|Immature Enterocytes 1	35.4375	51
MTRNR2L10	0.6945	Epi|Goblet	0.1721	51
MTRNR2L11	0.7901	Epi|Enteroendocrine	0.2008	51
MTRNR2L12	0.8561	Epi|Best4+ Enterocytes	1.1291	51
MTRNR2L13	0.7926	Epi|Goblet	0.1947	51
MTRNR2L2	0.7200	Epi|Immature Enterocytes 1	0.1199	51
MTRNR2L3	0.7401	Epi|TA 1	0.6950	51
MTRNR2L4	0.7673	Epi|Goblet	0.1100	51
MTRNR2L5	0.8487	Epi|Tuft	0.0289	51
MTRNR2L6	0.7416	LP|WNT2B+ Fos-lo 2	0.0790	51
MTRNR2L7	0.8473	Epi|Immature Enterocytes 1	0.0527	51
MTRNR2L8	0.6746	LP|WNT2B+ Fos-lo 2	0.1862	51
MTRNR2L9	0.7745	Epi|Goblet	0.0615	51
MTRR	0.6058	Epi|Enteroendocrine	0.1892	51
MTSS1	0.9264	Epi|Tuft	1.1357	51
MTSS1L	0.9034	LP|Glia	0.1950	51
MTUS1	0.8999	LP|Post-capillary Venules	1.5875	51
MTUS2	0.9832	Epi|Immature Goblet	0.0066	51
MTUS2-AS1	nan	Epi|Best4+ Enterocytes	0.0000	51
MTX1	0.4652	Epi|Cycling TA	0.7624	51
MTX2	0.5003	Epi|M cells	0.6747	51
MTX3	0.8721	Epi|Enteroendocrine	0.1125	51
MUC1	0.9623	Epi|Goblet	8.2149	51
MUC12	0.9026	Epi|Immature Enterocytes 1	8.4085	51
MUC13	0.9401	Epi|Enterocytes	10.3100	51
MUC17	0.9493	Epi|Enterocytes	0.2678	51
MUC19	0.8384	LP|ILCs	0.0119	51
MUC2	0.9914	Epi|Goblet	100.3159	51
MUC20	0.9060	Epi|Immature Enterocytes 1	0.7785	51
MUC3A	0.9183	LP|CD69- Mast	0.1324	51
MUC4	0.9126	Epi|Goblet	2.2309	51
MUC5AC	0.9935	Epi|Goblet	0.9727	51
MUC5B	0.8913	Epi|Immature Goblet	1.3041	51
MUC6	nan	Epi|Best4+ Enterocytes	0.0000	51
MUL1	0.5799	LP|Glia	0.2770	51
MUM1	0.7184	LP|WNT5B+ 2	1.0402	51
MUM1L1	0.9662	Epi|Stem	0.0031	51
MURC	0.9493	LP|Glia	0.0212	51
MUS81	0.6015	LP|GC	0.4456	51
MUSK	0.9520	LP|RSPO3+	0.1978	51
MUT	0.6618	Epi|Enteroendocrine	0.3704	51
MUTYH	0.6298	LP|Glia	0.2828	51
MVB12A	0.4776	LP|WNT5B+ 1	0.8004	51
MVB12B	0.7682	LP|ILCs	0.1958	51
MVD	0.5538	LP|NKs	0.4632	51
MVK	0.6666	Epi|Enteroendocrine	0.2001	51
MVP	0.7417	Epi|Immature Enterocytes 2	4.5004	51
MX1	0.8579	LP|GC	1.5470	51
MX2	0.7821	LP|Glia	0.6899	51
MXD1	0.9126	Epi|Enterocytes	2.7786	51
MXD3	0.9293	LP|Cycling B	0.8196	51
MXD4	0.4348	LP|WNT5B+ 2	0.5316	51
MXI1	0.8630	Epi|Enterocytes	1.3290	51
MXRA5	0.8972	LP|WNT2B+ Fos-lo 2	1.5949	51
MXRA7	0.8255	LP|Myofibroblasts	0.6114	51
MXRA8	0.8822	LP|Glia	3.1856	51
MYADM	0.7324	LP|CD69+ Mast	3.6526	51
MYADML2	0.8922	Epi|Secretory TA	0.0011	51
MYB	0.8579	Epi|Stem	0.5184	51
MYBBP1A	0.8566	LP|Microvascular	0.4210	51
MYBL1	0.8958	LP|NKs	0.5057	51
MYBL2	0.9691	LP|Cycling B	1.5151	51
MYBPC1	0.9821	Epi|M cells	0.0520	51
MYBPC2	0.9448	LP|RSPO3+	0.0134	51
MYBPC3	0.9198	Epi|TA 2	0.0023	51
MYC	0.7682	LP|WNT5B+ 1	1.5086	51
MYCBP	0.4613	Epi|Enterocyte Progenitors	0.3326	51
MYCBP2	0.6143	LP|ILCs	1.0976	51
MYCBPAP	0.8308	Epi|Goblet	0.0518	51
MYCL	0.9287	LP|DC1	0.5397	51
MYCN	0.9605	LP|Microvascular	0.0812	51
MYCT1	0.9646	LP|Microvascular	1.5623	51
MYD88	0.7209	LP|DC1	0.6498	51
MYEF2	0.8092	Epi|Enteroendocrine	0.2043	51
MYEOV	0.9256	Epi|Tuft	0.3251	51
MYEOV2	0.3518	LP|Glia	2.7180	51
MYH10	0.8886	LP|RSPO3+	0.3127	51
MYH11	0.9949	LP|Myofibroblasts	9.3152	51
MYH14	0.8929	Epi|Enterocytes	2.9064	51
MYH15	0.8933	Epi|Tuft	0.0293	51
MYH3	0.8275	Epi|Enteroendocrine	0.0300	51
MYH4	0.9695	Epi|Tuft	0.0019	51
MYH7B	0.9033	Epi|Tuft	0.0966	51
MYH9	0.7173	LP|Pericytes	3.7646	51
MYL1	0.9464	Epi|Cycling TA	0.0028	51
MYL12A	0.5997	LP|Microvascular	16.8857	51
MYL12B	0.6771	Epi|Enterocytes	18.1724	51
MYL2	0.9553	LP|Plasma	0.0803	51
MYL4	0.9833	LP|CD69- Mast	0.4085	51
MYL5	0.5556	LP|CD69- Mast	0.1943	51
MYL6	0.7001	LP|Myofibroblasts	55.7858	51
MYL6B	0.6243	Epi|Tuft	0.8423	51
MYL9	0.9590	LP|Myofibroblasts	38.0518	51
MYLIP	0.6607	LP|ILCs	1.8041	51
MYLK	0.9802	LP|Myofibroblasts	13.2306	51
MYLK-AS1	0.8118	Epi|Enteroendocrine	0.0659	51
MYLK4	0.9472	LP|ILCs	0.0117	51
MYLPF	0.8000	LP|NKs	0.1026	51
MYNN	0.7943	LP|CD8+ IL17+	0.5411	51
MYO10	0.8103	Epi|Tuft	0.6050	51
MYO15A	0.8804	LP|Pericytes	0.0860	51
MYO15B	0.9254	Epi|Immature Enterocytes 1	4.1684	51
MYO16	0.9693	LP|CD4+ Activated Fos-lo	0.0138	51
MYO18A	0.8163	LP|Endothelial	0.0249	51
MYO19	0.6931	Epi|Cycling TA	0.2775	51
MYO1A	0.8665	Epi|Immature Enterocytes 2	1.2045	51
MYO1B	0.9351	LP|Pericytes	2.4290	51
MYO1C	0.7468	LP|Microvascular	1.3548	51
MYO1D	0.8490	Epi|Immature Enterocytes 2	1.3230	51
MYO1E	0.8241	LP|GC	0.6207	51
MYO1F	0.9043	LP|NKs	4.0237	51
MYO1G	0.8333	LP|NKs	1.4054	51
MYO1H	0.9964	Epi|Immature Enterocytes 2	0.0007	51
MYO3A	0.9840	Epi|M cells	0.0151	51
MYO3B	0.8411	LP|Inflammatory Fibroblasts	0.0187	51
MYO5A	0.7703	LP|Glia	0.2791	51
MYO5B	0.8831	Epi|Enterocytes	0.7454	51
MYO5C	0.8298	Epi|Goblet	0.3615	51
MYO6	0.8993	Epi|M cells	2.5507	51
MYO7A	0.9094	LP|CD4+ PD1+	0.0861	51
MYO7B	0.9010	Epi|Tuft	1.1424	51
MYO9A	0.5752	LP|Pericytes	0.2629	51
MYO9B	0.6736	LP|Macrophages	0.6715	51
MYOCD	0.9945	LP|Myofibroblasts	1.1386	51
MYOF	0.7960	Epi|M cells	0.5413	51
MYOM1	0.9914	Epi|Best4+ Enterocytes	0.9721	51
MYOM2	0.9800	LP|NKs	1.6212	51
MYOM3	0.9223	Epi|Immature Enterocytes 1	0.0341	51
MYOT	0.9996	LP|Glia	4.5655	51
MYOZ3	0.8791	LP|Myofibroblasts	0.0904	51
MYPN	0.9696	Epi|Enterocytes	0.0335	51
MYPOP	0.6876	LP|MT-hi	0.1905	51
MYRF	0.8918	Epi|Goblet	0.1707	51
MYRFL	0.9530	LP|Myofibroblasts	0.0368	51
MYRIP	0.9677	LP|Post-capillary Venules	0.2850	51
MYSM1	0.7003	Epi|Enteroendocrine	0.2366	51
MYT1L	0.7012	Epi|Enteroendocrine	0.0130	51
MYZAP	0.9838	Epi|Tuft	0.0144	51
MZB1	0.9746	LP|Plasma	27.1211	51
MZF1	0.6388	LP|CD4+ PD1+	0.2542	51
MZT1	0.7718	LP|Cycling B	1.2702	51
MZT2A	0.6166	LP|DC1	2.8981	51
MZT2B	0.5664	LP|Cycling B	5.2306	51
Metazoa_SRP	0.7313	LP|GC	0.0190	51
N4BP1	0.6016	Epi|Goblet	0.3039	51
N4BP2	0.7130	LP|ILCs	0.2761	51
N4BP2L1	0.7199	LP|CD69- Mast	0.9584	51
N4BP2L2	0.4614	LP|MT-hi	3.0213	51
N4BP3	0.8948	LP|GC	0.2094	51
N6AMT1	0.6339	LP|Myofibroblasts	0.1691	51
N6AMT2	0.6488	LP|RSPO3+	0.2799	51
NAA10	0.6019	LP|Endothelial	2.0628	51
NAA15	0.4652	LP|Cycling T	0.3000	51
NAA16	0.6232	LP|CD8+ IELs	0.2542	51
NAA20	0.4960	LP|WNT5B+ 1	1.3860	51
NAA25	0.5391	LP|CD8+ IELs	0.1903	51
NAA30	0.5347	LP|CD69- Mast	0.1943	51
NAA35	0.6090	LP|CD8+ IL17+	0.2847	51
NAA38	0.6267	LP|Cycling B	2.5416	51
NAA40	0.6596	Epi|Enteroendocrine	0.1407	51
NAA50	0.7208	LP|Cycling B	1.2990	51
NAA60	0.8603	LP|MT-hi	0.1213	51
NAAA	0.8438	LP|DC1	3.1778	51
NAALAD2	0.9388	LP|RSPO3+	0.1388	51
NAALADL1	0.8059	Epi|Immature Enterocytes 1	0.8691	51
NAALADL2	0.7994	LP|RSPO3+	0.1536	51
NAB1	0.7999	LP|CD4+ PD1+	0.6683	51
NAB2	0.6979	LP|RSPO3+	0.3977	51
NABP1	0.7829	LP|DC1	1.3460	51
NABP2	0.6155	LP|Cycling T	0.6943	51
NACA	0.3853	Epi|Stem	17.8181	51
NACA2	0.4760	LP|CD4+ PD1+	0.7623	51
NACAD	0.9394	LP|Glia	0.0583	51
NACC1	0.6951	Epi|Tuft	0.2513	51
NACC2	0.7895	LP|Inflammatory Monocytes	0.2656	51
NADK	0.5579	LP|Macrophages	0.4844	51
NADK2	0.6244	LP|Cycling Monocytes	0.1184	51
NADSYN1	0.5991	Epi|Tuft	0.4040	51
NAE1	0.5705	Epi|Best4+ Enterocytes	0.7809	51
NAF1	0.7398	LP|ILCs	0.4237	51
NAGA	0.7523	LP|Cycling Monocytes	0.7188	51
NAGK	0.6923	LP|Cycling Monocytes	1.4790	51
NAGLU	0.8681	Epi|M cells	0.5320	51
NAGPA	0.5607	LP|MT-hi	0.2707	51
NAGS	0.8325	Epi|Enteroendocrine	0.1434	51
NAIF1	0.5691	LP|CD4+ PD1+	0.0970	51
NAIP	0.8991	LP|Macrophages	0.7885	51
NAMPT	0.8910	LP|Inflammatory Monocytes	3.3006	51
NAMPTL	0.8494	LP|Inflammatory Monocytes	0.0250	51
NANOG	0.7868	Epi|TA 1	0.0102	51
NANOS1	0.9303	LP|Glia	0.0862	51
NANOS3	0.8188	LP|Glia	0.0201	51
NANP	0.7329	LP|ILCs	0.0833	51
NANS	0.7187	Epi|Immature Goblet	4.0963	51
NAP1L1	0.7179	LP|DC1	10.5046	51
NAP1L2	0.8601	LP|ILCs	0.1086	51
NAP1L3	0.9061	LP|RSPO3+	0.1279	51
NAP1L4	0.6843	LP|Cycling T	1.4127	51
NAP1L5	0.8429	LP|CD69+ Mast	0.2510	51
NAP1L6	0.8912	LP|Glia	0.0529	51
NAPA	0.5108	LP|Glia	1.3057	51
NAPA-AS1	0.7754	LP|Plasma	0.1872	51
NAPB	0.9283	LP|CD69- Mast	0.6786	51
NAPEPLD	0.7959	Epi|M cells	0.5751	51
NAPG	0.4217	LP|GC	0.2443	51
NAPRT1	0.6584	Epi|Immature Enterocytes 2	1.9369	51
NAPSA	0.9234	LP|DC1	0.1868	51
NARF	0.5120	LP|Post-capillary Venules	0.8584	51
NARFL	0.5936	LP|Glia	0.2737	51
NARG2	0.5769	Epi|Tuft	0.3547	51
NARS	0.6469	Epi|Enterocyte Progenitors	1.5369	51
NARS2	0.6237	Epi|Stem	0.2300	51
NASP	0.7111	LP|Cycling B	2.4724	51
NAT1	0.8950	Epi|M cells	0.7254	51
NAT10	0.4990	Epi|Cycling TA	0.1205	51
NAT14	0.8901	LP|Glia	0.4328	51
NAT2	0.9099	Epi|Enterocyte Progenitors	0.3755	51
NAT6	0.6983	LP|RSPO3+	0.1534	51
NAT8	0.9311	Epi|Immature Enterocytes 2	0.0196	51
NAT8L	1.0000	Epi|Enteroendocrine	0.0164	51
NAT9	0.7947	LP|CD69- Mast	0.9130	51
NAV1	0.7854	LP|Myofibroblasts	0.4144	51
NAV2	0.9673	Epi|Tuft	1.0512	51
NAV2-AS3	0.9828	Epi|TA 1	0.0036	51
NAV3	0.8897	LP|WNT2B+ Fos-hi	0.0053	51
NBAS	0.8680	LP|CD69- Mast	0.6786	51
NBEA	0.8722	LP|RSPO3+	0.1177	51
NBEAL1	0.5674	Epi|Stem	6.3409	51
NBEAL2	0.7356	Epi|M cells	0.3796	51
NBL1	0.8827	LP|WNT5B+ 1	11.1899	51
NBN	0.5746	LP|Pericytes	0.3952	51
NBPF1	0.7297	Epi|Goblet	0.7158	51
NBPF10	0.8464	Epi|Best4+ Enterocytes	1.2881	51
NBPF11	0.7732	LP|CD4+ PD1+	0.0107	51
NBPF12	0.5677	LP|Pericytes	0.0481	51
NBPF14	0.9083	Epi|Best4+ Enterocytes	0.0475	51
NBPF15	0.8063	LP|Glia	0.0172	51
NBPF16	0.8788	LP|RSPO3+	0.0067	51
NBPF18P	0.8530	LP|DC2	0.0129	51
NBPF20	0.8078	LP|RSPO3+	0.0438	51
NBPF3	0.8169	LP|Myofibroblasts	0.1246	51
NBPF9	0.8591	LP|Inflammatory Monocytes	0.1625	51
NBR1	0.6402	Epi|Enterocytes	0.8390	51
NCALD	0.7566	LP|WNT5B+ 1	0.3239	51
NCAM1	0.9651	LP|Glia	1.8196	51
NCAM2	0.9928	LP|Glia	0.2163	51
NCAPD2	0.8327	LP|Cycling Monocytes	0.3183	51
NCAPD3	0.8566	LP|Cycling T	0.3447	51
NCAPG	0.9523	LP|Cycling B	0.5014	51
NCAPG2	0.8885	LP|Cycling T	0.2457	51
NCAPH	0.9438	LP|Cycling T	0.4286	51
NCAPH2	0.7423	LP|Cycling T	0.5909	51
NCBP1	0.6223	Epi|Enterocytes	0.2253	51
NCBP2	0.3803	LP|MT-hi	0.6896	51
NCBP2-AS2	0.5036	Epi|TA 2	0.8921	51
NCCRP1	0.9992	Epi|M cells	1.2327	51
NCDN	0.8098	LP|CD4+ PD1+	0.1214	51
NCEH1	0.9409	Epi|M cells	0.8135	51
NCF1	0.9001	LP|GC	6.4454	51
NCF2	0.9655	LP|Inflammatory Monocytes	1.9053	51
NCF4	0.9011	LP|Cycling Monocytes	3.0839	51
NCK1	0.6681	LP|Microvascular	1.1575	51
NCK2	0.7766	Epi|Tuft	0.6214	51
NCKAP1	0.7767	LP|Endothelial	0.8653	51
NCKAP1L	0.7643	LP|CD69- Mast	0.5894	51
NCKAP5	0.9253	LP|Pericytes	0.3117	51
NCKAP5L	0.7142	LP|CD69- Mast	0.2188	51
NCKIPSD	0.8693	LP|CD69- Mast	0.4085	51
NCL	0.5402	LP|Cycling B	3.2273	51
NCLN	0.5516	Epi|Cycling TA	0.3781	51
NCMAP	0.9918	Epi|Tuft	1.5079	51
NCOA1	0.6170	LP|CD8+ IL17+	0.4113	51
NCOA2	0.5676	LP|MT-hi	0.1977	51
NCOA3	0.8159	LP|GC	0.8447	51
NCOA4	0.8073	LP|CD69+ Mast	2.3286	51
NCOA5	0.5471	LP|Pericytes	0.1447	51
NCOA6	0.5679	Epi|Tuft	0.1814	51
NCOA7	0.8922	LP|ILCs	3.0080	51
NCOR1	0.5615	Epi|Tuft	2.2773	51
NCOR2	0.6239	LP|Pericytes	0.4085	51
NCR1	0.9838	Epi|Secretory TA	0.0001	51
NCR3	0.9181	LP|NKs	2.0061	51
NCR3LG1	0.7790	LP|ILCs	0.0675	51
NCS1	0.9211	LP|Inflammatory Fibroblasts	0.0606	51
NCSTN	0.6010	LP|Glia	0.7562	51
NDC1	0.8437	LP|Cycling B	0.3819	51
NDC80	0.9481	LP|Cycling T	0.8500	51
NDE1	0.7284	LP|Glia	0.4373	51
NDEL1	0.6535	LP|ILCs	0.5093	51
NDFIP1	0.5942	LP|RSPO3+	2.7167	51
NDFIP2	0.7780	LP|CD69- Mast	1.7423	51
NDN	0.8422	LP|RSPO3+	2.4031	51
NDNF	0.8980	LP|WNT2B+ Fos-lo 1	0.2754	51
NDNL2	0.6333	LP|CD8+ IL17+	0.9438	51
NDOR1	0.6920	LP|RSPO3+	0.0495	51
NDRG1	0.8635	Epi|Enterocytes	4.4852	51
NDRG2	0.9055	LP|Glia	5.1790	51
NDRG3	0.5529	LP|Glia	0.3091	51
NDRG4	0.9655	LP|Endothelial	0.0660	51
NDST1	0.9167	LP|Microvascular	0.8880	51
NDST2	0.8918	LP|CD69+ Mast	0.2439	51
NDST3	0.9983	Epi|TA 1	0.0037	51
NDUFA1	0.6143	Epi|Immature Enterocytes 2	9.1826	51
NDUFA10	0.6427	Epi|TA 2	2.3337	51
NDUFA11	0.4015	LP|Myofibroblasts	5.0008	51
NDUFA12	0.6943	LP|Microvascular	5.4031	51
NDUFA13	0.6452	Epi|Tuft	6.9438	51
NDUFA2	0.4852	Epi|Enterocyte Progenitors	3.4240	51
NDUFA3	0.6002	Epi|M cells	3.5319	51
NDUFA4	0.7707	LP|Myofibroblasts	25.7677	51
NDUFA4L2	0.9920	LP|Pericytes	18.2535	51
NDUFA5	0.5158	Epi|Enterocyte Progenitors	2.1055	51
NDUFA6	0.5614	Epi|Enterocyte Progenitors	3.7867	51
NDUFA6-AS1	0.6281	Epi|Tuft	0.0946	51
NDUFA7	0.6307	Epi|M cells	0.8524	51
NDUFA8	0.6812	LP|Microvascular	2.5047	51
NDUFA9	0.6359	Epi|Enterocyte Progenitors	2.1757	51
NDUFAB1	0.6452	Epi|Cycling TA	4.4876	51
NDUFAF1	0.7423	LP|CD69- Mast	0.7071	51
NDUFAF2	0.5058	LP|WNT5B+ 1	0.6999	51
NDUFAF3	0.8298	LP|CD69- Mast	8.2835	51
NDUFAF4	0.8175	LP|Pericytes	2.0820	51
NDUFAF5	0.6736	LP|Myofibroblasts	0.2438	51
NDUFAF6	0.5265	LP|Cycling B	0.3099	51
NDUFAF7	0.6312	LP|ILCs	0.2510	51
NDUFB1	0.6139	Epi|M cells	5.1721	51
NDUFB10	0.5925	Epi|Enterocyte Progenitors	5.6574	51
NDUFB11	0.4380	Epi|Cycling TA	5.2208	51
NDUFB2	0.5662	Epi|Enterocyte Progenitors	9.2458	51
NDUFB2-AS1	0.8465	LP|NKs	0.0587	51
NDUFB3	0.6372	Epi|Enterocyte Progenitors	4.2253	51
NDUFB4	0.5027	Epi|Enterocyte Progenitors	4.6470	51
NDUFB5	0.4102	Epi|Enterocyte Progenitors	2.0280	51
NDUFB6	0.4989	Epi|Enterocyte Progenitors	2.2898	51
NDUFB7	0.5542	Epi|Tuft	5.8365	51
NDUFB8	0.5646	LP|CD69- Mast	5.6678	51
NDUFB9	0.6108	Epi|TA 2	5.9569	51
NDUFC1	0.5980	Epi|Enterocyte Progenitors	3.3027	51
NDUFC2	0.4546	Epi|TA 2	4.3222	51
NDUFC2-KCTD14	0.9641	Epi|Cycling TA	0.0006	51
NDUFS1	0.6726	Epi|Enterocyte Progenitors	0.7232	51
NDUFS2	0.6479	Epi|Enterocyte Progenitors	2.3315	51
NDUFS3	0.6547	Epi|Enterocyte Progenitors	2.9063	51
NDUFS4	0.5608	LP|Glia	2.2777	51
NDUFS5	0.4774	Epi|TA 2	6.1131	51
NDUFS6	0.5247	Epi|Enterocyte Progenitors	4.2353	51
NDUFS7	0.5542	Epi|TA 2	4.1159	51
NDUFS8	0.5432	Epi|Cycling TA	3.5360	51
NDUFV1	0.6644	Epi|Enterocyte Progenitors	2.6508	51
NDUFV2	0.6252	Epi|Enterocyte Progenitors	1.2486	51
NDUFV3	0.4208	Epi|TA 2	0.7885	51
NEAT1	0.7594	Epi|Enterocytes	33.0550	51
NEB	0.9480	Epi|Tuft	0.0236	51
NEBL	0.9366	Epi|Tuft	0.4577	51
NEBL-AS1	0.9862	Epi|Tuft	0.0231	51
NECAB1	0.9670	LP|Pericytes	0.0192	51
NECAB3	0.6732	LP|Myofibroblasts	0.1839	51
NECAP1	0.4322	LP|MT-hi	0.2629	51
NECAP2	0.5909	LP|Microvascular	1.1157	51
NEDD1	0.5988	LP|Glia	0.1681	51
NEDD4	0.8648	LP|Endothelial	0.2013	51
NEDD4L	0.9270	Epi|Goblet	1.5889	51
NEDD8	0.5063	LP|CD69- Mast	5.8157	51
NEDD9	0.7231	LP|Microvascular	0.9497	51
NEFH	0.9167	LP|Cycling T	0.0307	51
NEGR1	0.8838	LP|RSPO3+	1.0525	51
NEIL1	0.9710	LP|GC	4.5707	51
NEIL2	0.5701	LP|WNT2B+ Fos-hi	0.1923	51
NEIL3	0.9704	LP|Cycling T	0.1525	51
NEK1	0.6149	LP|Pericytes	0.2576	51
NEK10	0.9495	LP|CD8+ IL17+	0.0974	51
NEK11	0.7934	LP|RSPO3+	0.0755	51
NEK2	0.9435	LP|Cycling B	0.3970	51
NEK3	0.6381	LP|Endothelial	0.2209	51
NEK4	0.5549	Epi|M cells	0.0870	51
NEK6	0.8847	LP|CD69- Mast	1.1528	51
NEK7	0.5266	Epi|M cells	0.3133	51
NEK8	0.8832	LP|ILCs	0.6141	51
NEK9	0.5731	LP|WNT2B+ Fos-lo 2	0.1762	51
NELFA	0.6267	Epi|Tuft	0.3230	51
NELFB	0.3995	Epi|Secretory TA	0.2530	51
NELFCD	0.5229	LP|Cycling T	0.5842	51
NELFE	0.4565	LP|Glia	0.9866	51
NELL2	0.9390	LP|CD4+ Memory	0.2659	51
NEMF	0.6232	LP|CD69- Mast	1.3389	51
NENF	0.6779	LP|RSPO3+	4.4498	51
NEO1	0.8602	LP|Myofibroblasts	1.0103	51
NES	0.9281	LP|Microvascular	1.3467	51
NET1	0.7577	Epi|Enterocytes	1.0478	51
NETO2	0.8903	LP|Cycling Monocytes	0.3893	51
NEU1	0.6350	LP|CD69+ Mast	1.5149	51
NEU3	0.8119	LP|GC	0.0208	51
NEU4	0.7625	Epi|Immature Enterocytes 2	0.4477	51
NEURL	0.9553	Epi|Best4+ Enterocytes	1.5867	51
NEURL1B	0.8908	LP|Pericytes	1.1241	51
NEURL2	0.8700	LP|Pericytes	0.1510	51
NEURL4	0.5770	LP|Microvascular	0.0471	51
NEUROD1	0.9984	Epi|Enteroendocrine	2.9335	51
NEUROD2	0.6703	Epi|Enteroendocrine	0.0585	51
NEUROG3	0.9996	Epi|Enteroendocrine	0.0832	51
NEXN	0.9611	LP|Myofibroblasts	3.3415	51
NEXN-AS1	0.8979	LP|Pericytes	0.0304	51
NF1	0.6308	LP|Pericytes	0.4717	51
NF2	0.5372	LP|Tregs	0.2306	51
NFAM1	0.9201	LP|Inflammatory Monocytes	0.3640	51
NFASC	0.9524	LP|Pericytes	1.2062	51
NFAT5	0.5082	LP|Tregs	0.2569	51
NFATC1	0.9117	LP|CD4+ PD1+	1.5702	51
NFATC2	0.7945	LP|CD69- Mast	0.6667	51
NFATC2IP	0.5818	LP|MT-hi	0.7397	51
NFATC3	0.7342	LP|CD8+ IELs	0.3749	51
NFATC4	0.9118	LP|Pericytes	0.5400	51
NFE2L1	0.7026	Epi|M cells	0.8003	51
NFE2L2	0.6402	LP|CD69- Mast	2.8702	51
NFE2L3	0.9154	Epi|M cells	0.6861	51
NFIA	0.8607	LP|RSPO3+	2.3830	51
NFIB	0.9068	LP|Microvascular	2.8653	51
NFIC	0.7799	LP|RSPO3+	2.0216	51
NFIL3	0.8187	LP|Inflammatory Monocytes	0.3257	51
NFIX	0.8324	LP|RSPO3+	0.6082	51
NFKB1	0.7430	LP|ILCs	1.1498	51
NFKB2	0.7532	Epi|M cells	1.0085	51
NFKBIA	0.8937	LP|CD69- Mast	50.9562	51
NFKBIB	0.6340	LP|CD69- Mast	0.5577	51
NFKBID	0.8596	LP|CD69- Mast	1.8144	51
NFKBIE	0.7281	LP|Cycling Monocytes	0.6076	51
NFKBIL1	0.6595	LP|CD69- Mast	0.5177	51
NFKBIZ	0.8577	LP|CD69+ Mast	4.8154	51
NFRKB	0.6119	Epi|M cells	0.2027	51
NFS1	0.5789	LP|Microvascular	0.1733	51
NFU1	0.5087	LP|Pericytes	0.8018	51
NFX1	0.4731	LP|MT-hi	0.2370	51
NFXL1	0.6689	LP|WNT2B+ Fos-lo 2	0.1043	51
NFYA	0.6285	Epi|M cells	0.1208	51
NFYB	0.6652	LP|Cycling B	0.6691	51
NFYC	0.6030	LP|GC	0.6979	51
NGDN	0.7437	LP|CD69- Mast	1.4287	51
NGEF	0.8567	Epi|Immature Enterocytes 1	0.2575	51
NGF	0.9614	Epi|TA 1	0.0007	51
NGFR	0.9975	LP|Glia	1.9186	51
NGFRAP1	0.7710	LP|WNT2B+ Fos-lo 2	5.7902	51
NGLY1	0.6977	LP|GC	0.7903	51
NGRN	0.7919	LP|Pericytes	0.1148	51
NHEJ1	0.9232	Epi|Goblet	0.0288	51
NHLH1	0.9381	LP|ILCs	0.0141	51
NHLRC1	0.8760	LP|CD69- Mast	0.0671	51
NHLRC2	0.5748	LP|Myofibroblasts	0.1179	51
NHLRC3	0.5820	LP|NKs	0.7669	51
NHLRC4	0.8679	LP|RSPO3+	0.0832	51
NHP2	0.5351	Epi|Cycling TA	2.7952	51
NHP2L1	0.4823	LP|Microvascular	4.2218	51
NHS	0.7966	LP|WNT2B+ Fos-lo 2	0.0406	51
NHSL1	0.8003	Epi|Immature Enterocytes 2	0.3298	51
NICN1	0.6079	LP|CD4+ PD1+	0.1181	51
NID1	0.9163	LP|Myofibroblasts	2.1095	51
NID2	0.9485	LP|Pericytes	0.5348	51
NIF3L1	0.5302	LP|Pericytes	0.2880	51
NIN	0.7969	LP|GC	0.6870	51
NINJ1	0.7657	LP|Cycling Monocytes	2.0651	51
NINJ2	0.8756	LP|Tregs	0.7295	51
NINL	0.8458	LP|WNT2B+ Fos-lo 2	0.1071	51
NIP7	0.7475	LP|CD69- Mast	0.8481	51
NIPA1	0.7782	LP|MT-hi	0.1824	51
NIPA2	0.7311	LP|CD69- Mast	1.0992	51
NIPAL1	0.8022	Epi|TA 2	0.2817	51
NIPAL2	0.8431	Epi|M cells	0.4400	51
NIPAL3	0.7747	Epi|M cells	0.6768	51
NIPBL	0.3761	LP|MT-hi	0.4711	51
NIPSNAP1	0.6637	LP|CD8+ IL17+	0.3371	51
NIPSNAP3A	0.8558	LP|CD69- Mast	2.0299	51
NIPSNAP3B	0.8223	LP|Follicular	0.0521	51
NISCH	0.7746	Epi|Enteroendocrine	0.6853	51
NIT1	0.5302	Epi|Enterocyte Progenitors	0.4638	51
NIT2	0.5671	Epi|M cells	0.7377	51
NKAIN2	0.9710	Epi|Tuft	0.0198	51
NKAP	0.4103	LP|Glia	0.5163	51
NKAPL	0.8080	LP|Post-capillary Venules	0.0585	51
NKD1	0.8671	LP|CD4+ PD1+	0.0303	51
NKD2	0.9094	LP|WNT5B+ 2	0.1922	51
NKG7	0.9770	LP|NKs	60.2149	51
NKIRAS1	0.7927	LP|RSPO3+	0.1747	51
NKIRAS2	0.4821	LP|Endothelial	0.3268	51
NKRF	0.6356	LP|DC1	0.1465	51
NKTR	0.5834	LP|MT-hi	1.4659	51
NKX2-2	0.9996	Epi|Enteroendocrine	0.3948	51
NKX2-3	0.9091	LP|Microvascular	2.4424	51
NKX3-1	0.9042	LP|ILCs	0.0871	51
NKX6-3	0.9858	Epi|Enterocyte Progenitors	0.0022	51
NLE1	0.6865	Epi|Stem	0.1487	51
NLGN2	0.8683	LP|Glia	0.1530	51
NLGN3	0.9848	LP|Glia	0.0525	51
NLGN4X	0.9871	LP|Glia	1.5261	51
NLGN4Y	0.9253	LP|Post-capillary Venules	0.0673	51
NLK	0.7761	LP|GC	0.1888	51
NLN	0.9647	Epi|Enterocytes	2.9023	51
NLRC5	0.6385	LP|CD8+ LP	0.3132	51
NLRP1	0.6700	LP|Glia	0.4187	51
NLRP11	0.9902	Epi|Immature Goblet	0.0021	51
NLRP12	0.9231	LP|Inflammatory Monocytes	0.0806	51
NLRP2	0.7913	LP|NKs	0.0878	51
NLRP3	0.9595	LP|Inflammatory Monocytes	0.5904	51
NLRP7	0.9597	LP|Plasma	0.0687	51
NLRP9	0.9964	Epi|Cycling TA	0.0005	51
NLRX1	0.8185	LP|CD69- Mast	0.1943	51
NMB	0.9412	LP|CD4+ PD1+	1.6548	51
NMD3	0.6638	LP|Pericytes	0.5557	51
NME1	0.7000	Epi|Cycling TA	2.5488	51
NME1-NME2	0.7272	LP|CD69- Mast	0.3608	51
NME2	0.7324	LP|CD69- Mast	0.2283	51
NME3	0.5797	LP|RSPO3+	2.2755	51
NME4	0.6801	LP|Myofibroblasts	1.5215	51
NME5	0.9075	LP|Post-capillary Venules	0.0604	51
NME6	0.6195	LP|MT-hi	0.3432	51
NME7	0.6647	LP|Glia	0.3635	51
NMI	0.5831	LP|Microvascular	0.9332	51
NMNAT1	0.5274	Epi|Enterocyte Progenitors	0.1381	51
NMNAT3	0.9163	LP|WNT5B+ 1	0.5181	51
NMRAL1	0.4127	LP|CD8+ IL17+	0.4631	51
NMRK1	0.8311	LP|CD8+ IL17+	1.8324	51
NMT1	0.7054	LP|CD69- Mast	0.6786	51
NMT2	0.8543	LP|CD69- Mast	0.9742	51
NMU	0.9759	Epi|Tuft	0.2694	51
NMUR1	0.9218	LP|NKs	0.2525	51
NMUR2	0.9843	Epi|Enterocytes	0.0129	51
NNMT	0.9064	LP|Inflammatory Fibroblasts	8.6536	51
NNT	0.4502	LP|CD69- Mast	0.2334	51
NNT-AS1	0.6616	LP|Pericytes	0.3062	51
NOA1	0.6657	LP|GC	0.5544	51
NOB1	0.6028	Epi|Stem	0.7975	51
NOC2L	0.4256	LP|WNT5B+ 2	0.6432	51
NOC3L	0.5297	LP|ILCs	0.1894	51
NOC4L	0.5097	LP|Cycling T	0.2721	51
NOD1	0.8417	LP|Endothelial	0.1686	51
NOD2	0.9602	LP|Inflammatory Monocytes	0.1611	51
NOL10	0.6444	LP|WNT5B+ 1	0.3728	51
NOL11	0.5302	LP|MT-hi	0.4383	51
NOL12	0.5404	LP|MT-hi	0.6349	51
NOL3	0.7035	LP|WNT5B+ 2	0.2808	51
NOL4	0.9982	Epi|Enteroendocrine	0.0766	51
NOL6	0.7177	LP|MT-hi	0.1051	51
NOL7	0.3789	LP|Glia	1.3244	51
NOL8	0.4640	LP|RSPO3+	0.2791	51
NOL9	0.6139	LP|ILCs	0.2259	51
NOLC1	0.5358	LP|Pericytes	0.5026	51
NOM1	0.6405	LP|MT-hi	0.2577	51
NOMO1	0.7831	LP|CD69- Mast	0.2283	51
NOMO2	0.8827	LP|WNT2B+ Fos-lo 2	0.0112	51
NOMO3	0.7454	LP|ILCs	0.0915	51
NONO	0.6374	LP|Cycling B	1.9141	51
NOP10	0.5009	LP|Post-capillary Venules	4.3890	51
NOP14	0.7587	LP|CD69- Mast	0.2819	51
NOP14-AS1	0.5990	LP|WNT2B+ Fos-hi	0.0872	51
NOP16	0.7026	Epi|Cycling TA	0.7882	51
NOP2	0.6144	LP|GC	0.2297	51
NOP56	0.5078	LP|Cycling B	1.1248	51
NOP58	0.5186	LP|Cycling T	1.1112	51
NOP9	0.7118	LP|CD69- Mast	0.1943	51
NOS1	0.9617	LP|Glia	0.0258	51
NOS1AP	0.8101	Epi|Goblet	0.0940	51
NOS2	0.9753	Epi|Enterocytes	1.2971	51
NOS3	0.9632	LP|Microvascular	0.6374	51
NOSIP	0.6136	LP|CD4+ Memory	2.8873	51
NOSTRIN	0.9427	LP|Microvascular	2.7008	51
NOTCH1	0.7419	LP|Microvascular	0.5287	51
NOTCH2	0.8004	Epi|Best4+ Enterocytes	0.7339	51
NOTCH2NL	0.8576	Epi|Best4+ Enterocytes	1.2303	51
NOTCH3	0.9962	LP|Pericytes	5.5787	51
NOTCH4	0.9601	LP|Endothelial	2.0874	51
NOTUM	0.9906	LP|Inflammatory Fibroblasts	0.0317	51
NOV	0.9627	LP|Endothelial	0.8815	51
NOVA1	0.8995	LP|WNT2B+ Fos-lo 2	1.8701	51
NOVA1-AS1	0.8879	Epi|Immature Enterocytes 2	0.0366	51
NOX1	0.8755	Epi|M cells	0.8057	51
NOX4	0.9548	LP|Post-capillary Venules	0.0641	51
NOXA1	0.7382	Epi|Tuft	0.2968	51
NOXO1	0.9578	Epi|M cells	1.7684	51
NPAP1	nan	Epi|Best4+ Enterocytes	0.0000	51
NPAS1	0.9334	LP|GC	0.0760	51
NPAS2	0.7683	Epi|Enterocytes	0.1455	51
NPAS3	0.8911	LP|WNT2B+ Fos-hi	0.0680	51
NPAS4	nan	Epi|Best4+ Enterocytes	0.0000	51
NPAT	0.6538	LP|MT-hi	0.2783	51
NPB	0.9725	Epi|M cells	0.3655	51
NPC1	0.7020	Epi|M cells	0.2149	51
NPC1L1	nan	Epi|Best4+ Enterocytes	0.0000	51
NPC2	0.8608	LP|Post-capillary Venules	24.7843	51
NPDC1	0.9194	LP|Endothelial	8.1392	51
NPEPL1	0.6504	LP|Microvascular	0.2256	51
NPEPPS	0.7080	Epi|M cells	0.8685	51
NPFFR1	0.7270	Epi|Tuft	0.0455	51
NPHP1	0.8067	LP|Glia	0.1355	51
NPHP3	0.6045	LP|RSPO3+	0.3507	51
NPHP4	0.6649	LP|Myofibroblasts	0.0404	51
NPHS1	0.9056	LP|CD4+ PD1+	0.0197	51
NPIPA1	0.5799	Epi|Tuft	0.0570	51
NPIPA2	0.8381	Epi|Immature Enterocytes 1	0.0225	51
NPIPA3	0.9053	Epi|Immature Enterocytes 1	0.0021	51
NPIPA5	0.7114	Epi|Tuft	0.0326	51
NPIPB11	0.9353	LP|MT-hi	0.0571	51
NPIPB15	0.8551	Epi|Tuft	0.1504	51
NPIPB3	0.8843	LP|CD8+ IELs	0.0141	51
NPIPB4	0.7855	Epi|M cells	0.0428	51
NPIPB5	0.6534	LP|Microvascular	0.1413	51
NPIPB6	0.9313	LP|DC1	0.0157	51
NPL	0.9336	LP|Macrophages	0.7605	51
NPLOC4	0.5069	Epi|M cells	0.2709	51
NPM1	0.6016	LP|Cycling B	16.5488	51
NPM2	0.8706	LP|CD8+ IL17+	0.0813	51
NPM3	0.5830	Epi|Cycling TA	0.9052	51
NPNT	0.9903	LP|Myofibroblasts	3.0939	51
NPPA-AS1	0.8490	Epi|Goblet	0.0305	51
NPPC	0.9414	Epi|M cells	0.2683	51
NPR1	0.9582	LP|Endothelial	0.4415	51
NPR2	0.7929	LP|WNT2B+ Fos-lo 2	0.0833	51
NPRL2	0.6702	LP|NKs	0.5419	51
NPRL3	0.5856	LP|NKs	0.3735	51
NPSR1	0.9190	Epi|Immature Enterocytes 2	0.0282	51
NPTN	0.6707	LP|Myofibroblasts	0.3782	51
NPTX1	0.9401	LP|WNT5B+ 2	0.0089	51
NPTX2	0.9604	LP|Glia	0.5449	51
NPTXR	0.8902	LP|NKs	0.0263	51
NPW	0.9395	Epi|Enteroendocrine	0.4491	51
NPY1R	0.9021	Epi|Best4+ Enterocytes	0.0995	51
NPY4R	0.9605	Epi|Enterocytes	0.0004	51
NPY5R	0.9612	Epi|TA 1	0.0025	51
NQO1	0.8956	LP|Microvascular	4.9301	51
NQO2	0.6840	LP|Cycling Monocytes	0.7613	51
NR0B2	0.9618	Epi|Stem	0.1559	51
NR1D1	0.8269	LP|CD8+ IL17+	0.4432	51
NR1D2	0.6751	LP|Pericytes	0.3726	51
NR1H2	0.5343	LP|Microvascular	1.1387	51
NR1H3	0.7126	LP|WNT2B+ Fos-lo 2	0.2934	51
NR1H4	0.9363	LP|Pericytes	0.4191	51
NR1I2	0.8947	Epi|Immature Enterocytes 1	0.2072	51
NR1I3	0.8913	LP|Pericytes	0.0292	51
NR2C1	0.7551	LP|CD69- Mast	0.3530	51
NR2C2	0.7166	LP|Cycling T	0.0552	51
NR2C2AP	0.5678	LP|Cycling Monocytes	0.3323	51
NR2E3	0.9233	LP|Myofibroblasts	0.0135	51
NR2F1	0.9242	LP|WNT2B+ Fos-lo 2	1.2687	51
NR2F1-AS1	0.8807	LP|RSPO3+	0.4827	51
NR2F2	0.9558	LP|Pericytes	4.4873	51
NR2F2-AS1	0.9705	LP|Pericytes	0.9671	51
NR2F6	0.7966	Epi|Immature Enterocytes 2	1.1307	51
NR3C1	0.8035	LP|CD4+ PD1+	2.8882	51
NR3C2	0.8013	Epi|Enterocytes	0.3011	51
NR4A1	0.8286	LP|ILCs	5.2730	51
NR4A2	0.8303	LP|ILCs	7.3010	51
NR4A3	0.8548	LP|DC2	1.5587	51
NR5A2	0.8793	LP|Post-capillary Venules	0.3777	51
NR6A1	0.7731	Epi|Stem	0.1012	51
NRAP	0.9517	Epi|Goblet	0.0211	51
NRARP	0.7739	Epi|TA 2	0.7606	51
NRAS	0.6454	Epi|M cells	0.4482	51
NRBF2	0.6602	LP|GC	0.8002	51
NRBP1	0.4521	LP|CD4+ PD1+	0.8588	51
NRBP2	0.8625	LP|Glia	0.3274	51
NRCAM	0.9641	LP|Inflammatory Fibroblasts	0.0893	51
NRD1	0.4413	LP|Cycling T	0.5777	51
NRDE2	0.5904	LP|Glia	0.2515	51
NREP	0.8846	LP|Pericytes	1.1017	51
NRF1	0.5747	Epi|Tuft	0.0720	51
NRG1	0.9379	LP|Inflammatory Monocytes	1.0809	51
NRG2	0.9843	Epi|Tuft	0.3785	51
NRG4	0.9207	Epi|Enterocyte Progenitors	0.0275	51
NRGN	0.9622	LP|CD69+ Mast	1.5483	51
NRIP1	0.7807	LP|ILCs	0.5546	51
NRIP2	0.9602	LP|Pericytes	0.1687	51
NRIP3	0.8857	LP|WNT5B+ 1	0.1297	51
NRL	0.7580	LP|CD8+ IELs	0.0706	51
NRM	0.7624	LP|Cycling T	0.3546	51
NRN1	0.9819	LP|Glia	4.0946	51
NRP1	0.9417	LP|Microvascular	2.0210	51
NRP2	0.9006	LP|Microvascular	0.5809	51
NRROS	0.8582	LP|CD69- Mast	0.3982	51
NRSN2	0.8093	LP|WNT5B+ 2	0.2016	51
NRTN	0.9930	Epi|Tuft	0.4269	51
NRXN1	0.9999	LP|Glia	7.3190	51
NRXN2	0.9513	LP|Glia	0.1346	51
NRXN3	0.9969	LP|Glia	1.0676	51
NSA2	0.3954	LP|CD4+ Memory	1.3289	51
NSD1	0.6258	Epi|Tuft	0.9639	51
NSDHL	0.5273	LP|Microvascular	0.1848	51
NSF	0.6395	LP|CD69- Mast	0.2954	51
NSFL1C	0.6712	LP|CD69- Mast	1.4022	51
NSG1	0.9721	LP|WNT5B+ 1	6.9229	51
NSL1	0.4276	LP|Cycling Monocytes	0.6502	51
NSMAF	0.5949	LP|DC1	0.2639	51
NSMCE1	0.9481	LP|CD69- Mast	14.3207	51
NSMCE2	0.6206	LP|CD69- Mast	0.5628	51
NSMCE4A	0.5554	Epi|M cells	0.8077	51
NSMF	0.6702	Epi|Immature Enterocytes 1	0.2472	51
NSRP1	0.5267	LP|Endothelial	1.0049	51
NSUN2	0.6437	LP|MT-hi	0.3335	51
NSUN3	0.4618	LP|NKs	0.1403	51
NSUN4	0.4724	LP|CD4+ PD1+	0.1150	51
NSUN5	0.5408	LP|GC	0.5852	51
NSUN6	0.5923	LP|Endothelial	0.2120	51
NSUN7	0.9160	Epi|Enteroendocrine	0.1561	51
NT5C	0.7338	Epi|Tuft	2.8500	51
NT5C2	0.7387	Epi|Enterocytes	0.7119	51
NT5C3A	0.6691	Epi|Enterocytes	1.1090	51
NT5C3B	0.7021	LP|Pericytes	0.8682	51
NT5DC1	0.4690	Epi|M cells	0.3327	51
NT5DC2	0.9241	LP|Pericytes	0.8521	51
NT5DC3	0.8248	Epi|Enteroendocrine	0.0945	51
NT5E	0.7941	Epi|Best4+ Enterocytes	0.3042	51
NT5M	0.9136	LP|CD69+ Mast	0.0791	51
NTAN1	0.7380	LP|RSPO3+	1.3336	51
NTF3	0.9402	LP|Pericytes	0.5648	51
NTHL1	0.7800	Epi|Goblet	1.6734	51
NTM	0.9976	LP|Glia	3.9375	51
NTMT1	0.4169	LP|Inflammatory Fibroblasts	0.5355	51
NTN1	0.9365	LP|Myofibroblasts	0.2462	51
NTN4	0.9138	LP|Pericytes	0.9262	51
NTN5	0.9274	LP|Post-capillary Venules	0.0044	51
NTNG2	0.7866	LP|Inflammatory Monocytes	0.0229	51
NTPCR	0.5985	LP|Microvascular	0.8171	51
NTRK1	0.9924	LP|CD69+ Mast	0.2834	51
NTRK2	0.9921	Epi|M cells	2.2810	51
NTS	0.9993	Epi|Enteroendocrine	0.5394	51
NUAK1	0.9553	LP|Microvascular	1.5600	51
NUAK2	0.6635	Epi|Goblet	0.2154	51
NUB1	0.4700	LP|Glia	0.5691	51
NUBP1	0.6802	LP|GC	0.7467	51
NUBP2	0.4658	LP|Cycling T	0.8339	51
NUBPL	0.7203	LP|DC1	0.2599	51
NUCB1	0.6538	LP|Microvascular	2.3516	51
NUCB2	0.5733	LP|Cycling T	1.9086	51
NUCKS1	0.6226	LP|RSPO3+	3.8651	51
NUDC	0.5323	LP|CD69- Mast	2.3593	51
NUDCD1	0.6831	LP|Post-capillary Venules	0.3283	51
NUDCD2	0.5771	LP|Glia	1.2511	51
NUDCD3	0.5444	LP|MT-hi	0.3408	51
NUDT1	0.7807	LP|Cycling Monocytes	1.9074	51
NUDT11	0.8568	LP|WNT5B+ 1	0.0987	51
NUDT12	0.8295	Epi|M cells	0.2377	51
NUDT13	0.9470	LP|CD69- Mast	0.2798	51
NUDT14	0.6508	LP|Endothelial	1.1076	51
NUDT15	0.5805	Epi|Enterocyte Progenitors	0.3821	51
NUDT16	0.5175	LP|Inflammatory Monocytes	0.6251	51
NUDT16L1	0.4166	Epi|Enteroendocrine	0.6827	51
NUDT17	0.8846	LP|GC	0.1290	51
NUDT18	0.6336	LP|GC	0.1865	51
NUDT19	0.6156	LP|CD8+ IELs	0.1612	51
NUDT2	0.4302	LP|Pericytes	0.3763	51
NUDT21	0.7066	LP|CD69- Mast	1.4532	51
NUDT22	0.6187	LP|CD69- Mast	1.4318	51
NUDT3	0.5754	LP|Microvascular	0.9813	51
NUDT4	0.6544	LP|Myofibroblasts	1.6084	51
NUDT5	0.5562	LP|Cycling T	1.3621	51
NUDT6	0.6656	Epi|TA 2	0.1605	51
NUDT7	0.5751	LP|Microvascular	0.2219	51
NUDT8	0.8353	Epi|Cycling TA	0.9289	51
NUDT9	0.6870	LP|CD69- Mast	0.6667	51
NUF2	0.9552	LP|Cycling B	0.9859	51
NUFIP1	0.5484	LP|GC	0.1502	51
NUFIP2	0.5266	LP|CD69+ Mast	0.4428	51
NUGGC	0.9543	LP|Cycling B	0.2298	51
NUMA1	0.6138	Epi|Tuft	0.6633	51
NUMB	0.7467	LP|Inflammatory Monocytes	1.2923	51
NUMBL	0.8101	LP|Myofibroblasts	0.1716	51
NUP107	0.6136	LP|MT-hi	0.3830	51
NUP133	0.5845	LP|Pericytes	0.1623	51
NUP153	0.5925	LP|GC	0.2058	51
NUP155	0.5447	LP|Cycling B	0.1058	51
NUP160	0.6210	LP|Pericytes	0.4101	51
NUP188	0.8265	LP|Glia	0.3134	51
NUP205	0.8348	Epi|M cells	0.2697	51
NUP210	0.7230	LP|Cycling T	0.4663	51
NUP210L	0.9451	LP|Post-capillary Venules	0.0100	51
NUP214	0.9330	LP|Inflammatory Monocytes	2.1732	51
NUP35	0.5227	LP|Glia	0.1969	51
NUP37	0.7829	LP|Cycling B	0.8154	51
NUP43	0.5443	LP|Cycling T	0.1145	51
NUP50	0.6105	LP|Cycling T	0.4700	51
NUP54	0.6606	LP|RSPO3+	0.5613	51
NUP62	0.5536	LP|Cycling T	0.5069	51
NUP62CL	0.8396	LP|ILCs	0.0486	51
NUP85	0.6050	LP|Glia	0.2958	51
NUP88	0.7589	LP|GC	0.5492	51
NUP93	0.5842	LP|Cycling T	0.3439	51
NUP98	0.5477	LP|MT-hi	0.2719	51
NUPL1	0.5695	LP|MT-hi	0.3100	51
NUPL2	0.8544	LP|CD69- Mast	1.3135	51
NUPR1	0.7813	LP|RSPO3+	6.9104	51
NUPR1L	0.9373	Epi|M cells	0.1748	51
NUS1	0.8708	LP|CD69- Mast	1.6691	51
NUSAP1	0.9467	LP|Cycling B	3.0158	51
NUTF2	0.5611	LP|Cycling B	1.3426	51
NUTM2A-AS1	0.3864	LP|Microvascular	0.3695	51
NVL	0.6686	Epi|Enterocyte Progenitors	0.2973	51
NWD1	0.9802	Epi|Enteroendocrine	0.0814	51
NXF1	0.5445	LP|MT-hi	0.6179	51
NXF3	0.9395	Epi|Best4+ Enterocytes	0.0111	51
NXN	0.8744	LP|WNT5B+ 2	0.3771	51
NXPE1	0.8461	Epi|TA 1	0.4180	51
NXPE2	0.8538	Epi|Enteroendocrine	0.2279	51
NXPE3	0.6624	LP|Glia	0.2314	51
NXPE4	0.9161	Epi|M cells	2.7774	51
NXPH4	0.9170	LP|Cycling B	0.0319	51
NXT1	0.8069	LP|ILCs	2.4038	51
NXT2	0.5697	LP|Cycling T	0.1456	51
NYAP1	0.9599	Epi|TA 1	0.0004	51
NYAP2	0.7546	LP|Glia	0.0319	51
NYNRIN	0.7841	LP|Microvascular	0.1642	51
OAF	0.8322	LP|CD69- Mast	1.9267	51
OARD1	0.4632	Epi|M cells	0.6191	51
OAS1	0.8782	Epi|Enterocytes	2.5592	51
OAS2	0.7697	LP|Inflammatory Monocytes	0.3191	51
OAS3	0.7381	LP|Post-capillary Venules	0.2740	51
OASL	0.9271	Epi|Enterocytes	1.1879	51
OAT	0.6073	LP|Inflammatory Fibroblasts	1.4463	51
OAZ1	0.5855	LP|Cycling Monocytes	23.8957	51
OAZ2	0.8225	LP|Pericytes	3.8040	51
OAZ3	0.9237	LP|Post-capillary Venules	0.3316	51
OBFC1	0.6810	LP|CD8+ IL17+	0.7185	51
OBSCN	0.9455	LP|WNT5B+ 2	0.4370	51
OBSL1	0.9527	Epi|Tuft	0.9678	51
OCA2	0.9788	Epi|M cells	0.0036	51
OCEL1	0.5535	Epi|Immature Enterocytes 1	0.6103	51
OCIAD1	0.3961	LP|Microvascular	1.6821	51
OCIAD2	0.6734	Epi|Immature Enterocytes 2	3.8266	51
OCLN	0.8710	Epi|Enterocytes	0.6441	51
OCRL	0.7237	Epi|Enteroendocrine	0.1358	51
ODAM	0.9337	Epi|TA 1	0.0024	51
ODC1	0.7394	LP|Cycling B	2.2332	51
ODF2	0.7564	LP|Cycling T	0.3992	51
ODF2L	0.8446	LP|MT-hi	3.7132	51
ODF3B	0.7875	LP|Inflammatory Monocytes	1.1245	51
ODF3L1	0.8999	Epi|Enteroendocrine	0.0473	51
OFD1	0.5363	Epi|Tuft	1.0001	51
OGDH	0.6573	Epi|Goblet	0.4839	51
OGDHL	0.9994	Epi|Tuft	2.1298	51
OGFOD1	0.5951	LP|MT-hi	0.2447	51
OGFOD2	0.7474	LP|CD8+ IL17+	0.0387	51
OGFOD3	0.5102	LP|RSPO3+	0.4644	51
OGFR	0.4464	LP|MT-hi	0.6140	51
OGFRL1	0.8779	LP|Inflammatory Monocytes	0.9247	51
OGG1	0.8897	LP|GC	1.7599	51
OGN	0.9889	LP|RSPO3+	2.5655	51
OGT	0.5117	Epi|Enteroendocrine	0.4552	51
OIP5	0.9203	LP|Cycling B	0.3889	51
OIP5-AS1	0.5010	LP|Cycling B	0.7710	51
OLA1	0.4600	LP|Cycling B	0.8586	51
OLAH	0.8909	LP|Myofibroblasts	0.0119	51
OLFM1	0.9129	LP|Post-capillary Venules	0.7788	51
OLFM2	0.9621	LP|Pericytes	1.2323	51
OLFM4	0.9017	Epi|Stem	11.2042	51
OLFML1	0.9138	LP|RSPO3+	0.9181	51
OLFML2A	0.9748	LP|Glia	3.0699	51
OLFML2B	0.9853	LP|Pericytes	1.1081	51
OLFML3	0.8858	LP|RSPO3+	2.3340	51
OLR1	0.9791	LP|Inflammatory Monocytes	0.7640	51
OMA1	0.5939	LP|ILCs	0.2772	51
OMG	0.9507	LP|WNT2B+ Fos-hi	0.1124	51
ONECUT2	0.9615	Epi|Tuft	0.0390	51
ONECUT3	0.8914	LP|CD8+ IELs	0.0153	51
OOEP	0.8325	LP|Glia	0.0081	51
OPA1	0.6700	LP|CD8+ IL17+	0.3553	51
OPA3	0.5829	LP|ILCs	0.2885	51
OPHN1	0.9084	LP|Glia	0.2421	51
OPLAH	0.8637	Epi|M cells	0.2304	51
OPN3	0.7689	Epi|Enterocytes	0.4189	51
OPRL1	0.8805	LP|Inflammatory Monocytes	0.0352	51
OPTN	0.6771	Epi|Goblet	1.5414	51
OR2A1-AS1	0.7770	Epi|M cells	0.0922	51
OR2B6	0.9490	Epi|TA 2	0.0003	51
OR2W3	0.9742	Epi|Enteroendocrine	0.0070	51
OR51E1	0.9949	LP|Pericytes	0.3643	51
OR51E2	0.9996	Epi|Enteroendocrine	0.0898	51
OR7D2	0.9782	Epi|TA 1	0.0034	51
OR8D4	0.9872	Epi|M cells	0.0049	51
ORAI1	0.6541	LP|NKs	0.8506	51
ORAI2	0.8194	LP|Follicular	1.4461	51
ORAI3	0.5981	LP|WNT5B+ 2	0.3235	51
ORAOV1	0.5412	LP|Glia	0.1520	51
ORC1	0.9427	LP|Cycling B	0.1482	51
ORC2	0.5835	LP|GC	0.1742	51
ORC3	0.6092	LP|Cycling B	0.2592	51
ORC4	0.5771	LP|CD69- Mast	0.4200	51
ORC5	0.6370	LP|Glia	0.1937	51
ORC6	0.9259	LP|Cycling B	0.7523	51
ORMDL1	0.5449	LP|CD4+ PD1+	1.5617	51
ORMDL2	0.5362	Epi|Immature Enterocytes 2	1.3610	51
ORMDL3	0.7353	LP|Tregs	0.6882	51
OS9	0.6203	LP|WNT5B+ 1	2.2212	51
OSBP	0.7694	LP|CD69- Mast	0.4687	51
OSBP2	0.8908	LP|ILCs	0.0329	51
OSBPL10	0.7887	LP|GC	0.3469	51
OSBPL10-AS1	0.8956	LP|Follicular	0.1072	51
OSBPL11	0.7446	LP|CD69- Mast	0.2954	51
OSBPL1A	0.8523	LP|Microvascular	1.1877	51
OSBPL2	0.5875	Epi|Tuft	0.3035	51
OSBPL3	0.6979	LP|Cycling B	0.1355	51
OSBPL5	0.8438	LP|NKs	0.3651	51
OSBPL6	0.9587	LP|CD69- Mast	0.3882	51
OSBPL7	0.8904	LP|CD69- Mast	0.6786	51
OSBPL8	0.6284	LP|CD69+ Mast	1.0406	51
OSBPL9	0.5804	LP|Glia	0.4841	51
OSCAR	0.9702	LP|Inflammatory Monocytes	0.5275	51
OSCP1	0.8401	LP|Glia	0.1420	51
OSER1	0.6454	LP|GC	1.2438	51
OSER1-AS1	0.7745	LP|RSPO3+	0.2274	51
OSGEP	0.5575	LP|Glia	0.6804	51
OSGEPL1	0.7238	LP|MT-hi	0.1214	51
OSGEPL1-AS1	0.9585	LP|MT-hi	0.0674	51
OSGIN1	0.8187	Epi|Immature Enterocytes 1	0.1533	51
OSGIN2	0.7352	LP|CD69- Mast	0.2334	51
OSM	0.8460	LP|DC2	0.7264	51
OSMR	0.8447	LP|Inflammatory Fibroblasts	0.4683	51
OSR1	0.9411	LP|Myofibroblasts	0.6408	51
OSR2	0.9774	LP|RSPO3+	1.0172	51
OST4	0.5120	LP|CD69- Mast	9.7553	51
OSTC	0.5436	LP|Inflammatory Fibroblasts	3.3397	51
OSTF1	0.8214	LP|CD8+ IL17+	5.3649	51
OSTM1	0.6440	LP|CD8+ IL17+	0.5744	51
OSTN-AS1	0.9632	LP|Follicular	0.1047	51
OTC	0.8823	Epi|Enterocyte Progenitors	0.0780	51
OTOA	0.9713	LP|Macrophages	0.4562	51
OTOP2	0.9993	Epi|Best4+ Enterocytes	9.4524	51
OTOP3	0.9995	Epi|Best4+ Enterocytes	0.3911	51
OTUB1	0.3457	LP|GC	1.0020	51
OTUB2	0.8522	LP|CD8+ IL17+	0.0425	51
OTUD1	0.8495	LP|Inflammatory Monocytes	1.0249	51
OTUD3	0.7839	Epi|Enteroendocrine	0.1456	51
OTUD4	0.5195	LP|Inflammatory Monocytes	0.2160	51
OTUD5	0.8605	LP|ILCs	1.4280	51
OTUD6A	0.9850	Epi|TA 1	0.0014	51
OTUD6B	0.6532	LP|MT-hi	0.1463	51
OTUD7A	0.9083	LP|NKs	0.0121	51
OTUD7B	0.6810	LP|Glia	0.2592	51
OVCH1-AS1	0.9931	Epi|Tuft	0.0072	51
OVGP1	0.8095	Epi|Enteroendocrine	0.0248	51
OVOL1	0.7781	Epi|Immature Enterocytes 1	0.2465	51
OVOL2	0.8349	Epi|Immature Enterocytes 2	0.1440	51
OVOL3	0.9865	Epi|Tuft	0.0118	51
OXA1L	0.4613	LP|GC	1.2349	51
OXCT1	0.7685	LP|Cycling T	0.4944	51
OXCT2	0.8223	LP|ILCs	0.0919	51
OXER1	0.8415	LP|WNT2B+ Fos-lo 2	0.0952	51
OXGR1	0.9675	Epi|M cells	0.0501	51
OXLD1	0.4831	LP|CD69- Mast	0.6136	51
OXNAD1	0.8735	LP|MT-hi	1.4425	51
OXR1	0.6228	LP|Pericytes	0.4506	51
OXSM	0.5517	Epi|TA 2	0.1694	51
OXSR1	0.5854	LP|DC1	0.2699	51
OXT	0.8313	LP|WNT2B+ Fos-lo 2	0.0510	51
OXTR	0.9628	LP|Endothelial	0.0053	51
P2RX1	0.9133	LP|CD69+ Mast	0.6267	51
P2RX4	0.7884	Epi|Goblet	1.2673	51
P2RX5	0.9688	LP|GC	2.4838	51
P2RX5-TAX1BP3	0.9467	LP|GC	0.0995	51
P2RX6	0.9939	Epi|M cells	0.1317	51
P2RX7	0.9051	LP|Glia	0.1528	51
P2RY1	0.8304	LP|RSPO3+	0.0969	51
P2RY10	0.8579	LP|MT-hi	1.1535	51
P2RY11	0.9138	LP|CD8+ IL17+	0.6597	51
P2RY13	0.9480	LP|DC2	0.7062	51
P2RY14	0.9347	LP|CD69- Mast	1.8705	51
P2RY2	0.8257	Epi|Immature Enterocytes 1	0.0908	51
P2RY6	0.9256	LP|DC1	0.8650	51
P2RY8	0.8576	LP|GC	0.5235	51
P4HA1	0.7117	LP|WNT5B+ 1	0.4896	51
P4HA2	0.7808	LP|Glia	0.9028	51
P4HA3	0.9664	LP|Inflammatory Fibroblasts	0.2075	51
P4HB	0.6305	Epi|M cells	4.7821	51
P4HTM	0.6225	Epi|Enteroendocrine	0.6891	51
PA2G4	0.6240	LP|Cycling T	3.1004	51
PAAF1	0.7125	LP|Glia	0.4327	51
PABPC1	0.6442	LP|GC	17.8819	51
PABPC1L	0.6354	LP|Cycling T	0.0641	51
PABPC3	0.6659	LP|ILCs	0.1469	51
PABPC4	0.7417	LP|Plasma	1.6441	51
PABPC4L	nan	Epi|Best4+ Enterocytes	0.0000	51
PABPN1	0.5387	Epi|Enteroendocrine	1.2016	51
PACRG	0.9079	LP|WNT5B+ 2	0.0255	51
PACRGL	0.6613	LP|Glia	0.1202	51
PACS1	0.7384	LP|GC	0.4931	51
PACS2	0.7639	Epi|Tuft	0.4064	51
PACSIN1	nan	Epi|Best4+ Enterocytes	0.0000	51
PACSIN2	0.7084	Epi|Immature Enterocytes 2	0.8817	51
PACSIN3	0.9337	LP|Glia	0.3603	51
PADI1	0.9758	Epi|Best4+ Enterocytes	0.0053	51
PADI2	0.8613	Epi|Immature Enterocytes 2	0.9427	51
PAEP	0.9791	LP|Plasma	0.0237	51
PAF1	0.4843	LP|Glia	0.3685	51
PAFAH1B1	0.5658	LP|CD69- Mast	1.0714	51
PAFAH1B2	0.5146	Epi|M cells	0.6237	51
PAFAH1B3	0.6634	Epi|Cycling TA	0.9912	51
PAFAH2	0.7277	LP|CD69- Mast	0.2798	51
PAG1	0.7649	LP|GC	1.4692	51
PAGE5	0.9801	Epi|Enterocyte Progenitors	0.0005	51
PAGR1	0.8258	LP|Tregs	0.0080	51
PAICS	0.7691	LP|Cycling B	0.9652	51
PAIP1	0.7159	LP|CD69- Mast	1.4881	51
PAIP2	0.4656	LP|CD8+ IL17+	2.3881	51
PAIP2B	0.8632	LP|Plasma	0.3764	51
PAK1	0.8199	LP|DC2	1.4404	51
PAK1IP1	0.5234	LP|Glia	0.3919	51
PAK2	0.5498	LP|Tregs	0.9977	51
PAK3	0.9871	Epi|Tuft	0.8390	51
PAK4	0.7730	Epi|M cells	0.5034	51
PAK6	0.8961	LP|NKs	0.0510	51
PALB2	0.7757	Epi|Enteroendocrine	0.0779	51
PALD1	0.8616	LP|Endothelial	0.1341	51
PALLD	0.9080	LP|Myofibroblasts	2.6197	51
PALM	0.8380	LP|Endothelial	0.2048	51
PALM2	0.9352	Epi|Enteroendocrine	0.1222	51
PALM3	0.9812	Epi|Tuft	0.0302	51
PALMD	0.9756	LP|Endothelial	1.8994	51
PAM	0.8513	LP|RSPO3+	1.7612	51
PAM16	0.6665	Epi|Secretory TA	0.0336	51
PAMR1	0.9173	LP|RSPO3+	0.5366	51
PAN2	0.6546	Epi|Enteroendocrine	0.1739	51
PAN3	0.5903	Epi|M cells	0.3052	51
PAN3-AS1	0.8724	LP|ILCs	0.0383	51
PANK1	0.7883	Epi|Enterocyte Progenitors	0.1646	51
PANK2	0.6042	LP|Cycling T	0.5768	51
PANK3	0.7343	Epi|Immature Enterocytes 2	0.6280	51
PANK4	0.6265	LP|CD8+ IL17+	0.1750	51
PANX1	0.7877	LP|Inflammatory Fibroblasts	0.2144	51
PAOX	0.7051	LP|Plasma	0.1884	51
PAPD4	0.4811	LP|NKs	0.3555	51
PAPD5	0.7002	Epi|M cells	0.3784	51
PAPD7	0.4324	Epi|Tuft	0.0946	51
PAPLN	0.9468	Epi|M cells	0.5674	51
PAPOLA	0.4140	LP|GC	1.9767	51
PAPOLB	0.9260	LP|ILCs	0.0090	51
PAPOLG	0.7366	LP|CD69- Mast	0.2188	51
PAPPA	0.9097	LP|Inflammatory Fibroblasts	0.7594	51
PAPPA-AS1	0.9868	Epi|Stem	0.0017	51
PAPPA2	0.9786	LP|WNT5B+ 2	0.1692	51
PAPSS1	0.7043	LP|Glia	0.8362	51
PAPSS2	0.8650	Epi|Immature Enterocytes 2	1.3640	51
PAQR3	0.7874	LP|MT-hi	0.1077	51
PAQR4	0.9130	Epi|Tuft	0.6012	51
PAQR5	0.7857	LP|CD69- Mast	0.3014	51
PAQR6	0.9668	LP|Glia	0.3295	51
PAQR7	0.8273	LP|Inflammatory Fibroblasts	0.2151	51
PAQR8	0.7999	Epi|Immature Enterocytes 2	0.9478	51
PARD3	0.8334	LP|Pericytes	0.3807	51
PARD3-AS1	0.9728	Epi|Stem	0.0038	51
PARD3B	0.8232	LP|RSPO3+	0.1758	51
PARD6A	0.7802	LP|CD4+ Activated Fos-lo	0.3920	51
PARD6B	0.8368	Epi|Enterocytes	0.2019	51
PARD6G	0.9455	LP|Pericytes	0.2433	51
PARG	0.5517	LP|MT-hi	0.0858	51
PARK2	0.7061	LP|WNT2B+ Fos-lo 2	0.0216	51
PARK7	0.7300	LP|CD69- Mast	12.0051	51
PARL	0.4471	LP|CD69+ Mast	0.7348	51
PARM1	0.8616	Epi|Goblet	2.1620	51
PARN	0.6934	LP|GC	0.3387	51
PARP1	0.8404	LP|GC	3.9722	51
PARP10	0.5617	LP|CD8+ IL17+	0.3909	51
PARP11	0.6862	LP|CD4+ PD1+	0.2022	51
PARP12	0.7635	Epi|Enterocytes	0.7087	51
PARP14	0.6184	LP|Endothelial	0.7896	51
PARP15	0.8979	LP|Follicular	0.2260	51
PARP16	0.7591	LP|MT-hi	0.1742	51
PARP2	0.6644	LP|Glia	0.2317	51
PARP3	0.8423	Epi|M cells	0.3140	51
PARP4	0.7974	Epi|Enterocytes	0.7668	51
PARP6	0.6094	LP|RSPO3+	0.1786	51
PARP8	0.8211	LP|NKs	0.7276	51
PARP9	0.6074	LP|Endothelial	0.4340	51
PARPBP	0.8989	LP|Cycling B	0.2827	51
PARS2	0.8414	Epi|M cells	0.1142	51
PART1	0.9777	Epi|Tuft	0.5445	51
PARVA	0.8569	LP|Myofibroblasts	1.4561	51
PARVB	0.8251	LP|Microvascular	1.0699	51
PARVG	0.8775	LP|CD69- Mast	1.6346	51
PASK	0.9831	LP|Microvascular	9.9842	51
PATL1	0.5592	LP|ILCs	0.1903	51
PATL2	0.8950	LP|CD8+ LP	0.3613	51
PATZ1	0.7099	Epi|Tuft	0.2608	51
PAWR	0.7913	LP|Pericytes	1.1394	51
PAX4	1.0000	Epi|Cycling TA	0.0002	51
PAX5	0.9706	LP|GC	0.7572	51
PAX6	0.9993	Epi|Enteroendocrine	0.0906	51
PAX8	0.8496	Epi|Enterocytes	0.0669	51
PAX9	0.9253	Epi|Enterocytes	0.0058	51
PAXBP1	0.5880	LP|Glia	0.2154	51
PAXBP1-AS1	0.7878	LP|Glia	0.0377	51
PAXIP1	0.4689	LP|Cycling T	0.0775	51
PAXIP1-AS1	0.7396	Epi|Tuft	0.3685	51
PAXIP1-AS2	0.6863	LP|RSPO3+	0.0931	51
PBDC1	0.5442	LP|WNT5B+ 2	0.9300	51
PBK	0.9620	LP|Cycling B	0.9211	51
PBLD	0.8518	Epi|Enterocytes	0.6059	51
PBOV1	0.9633	LP|Glia	0.0093	51
PBRM1	0.4509	LP|Myofibroblasts	0.4814	51
PBX1	0.8436	LP|WNT2B+ Fos-lo 1	1.8815	51
PBX2	0.5803	LP|Pericytes	0.2805	51
PBX3	0.9058	LP|RSPO3+	0.6467	51
PBX4	0.8477	LP|Tregs	0.2590	51
PBXIP1	0.8734	Epi|Tuft	3.9316	51
PC	0.8892	Epi|Enterocytes	0.2374	51
PCAT1	0.8497	LP|ILCs	0.0677	51
PCAT6	0.7776	LP|MT-hi	0.0909	51
PCAT7	0.8571	Epi|TA 1	0.0356	51
PCBD1	0.6820	Epi|Cycling TA	2.1921	51
PCBD2	0.6953	LP|Cycling T	0.2946	51
PCBP1	0.5100	LP|Inflammatory Monocytes	4.4503	51
PCBP1-AS1	0.7921	Epi|Goblet	0.5587	51
PCBP2	0.3924	LP|GC	4.0132	51
PCBP3	0.8676	LP|Inflammatory Fibroblasts	0.2426	51
PCBP4	0.9245	LP|Glia	1.2425	51
PCCA	0.7380	Epi|Enterocyte Progenitors	0.3996	51
PCCB	0.7545	Epi|Tuft	0.6175	51
PCDH1	0.8530	Epi|Enterocytes	0.6925	51
PCDH11X	0.9780	LP|RSPO3+	0.0484	51
PCDH11Y	0.8829	LP|Myofibroblasts	0.0562	51
PCDH12	0.9810	LP|Microvascular	0.7821	51
PCDH17	0.9643	LP|Post-capillary Venules	2.5095	51
PCDH18	0.9041	LP|WNT5B+ 2	1.6671	51
PCDH19	0.9247	LP|WNT2B+ Fos-lo 2	0.4211	51
PCDH20	0.9419	Epi|Goblet	0.2211	51
PCDH7	0.9569	LP|Myofibroblasts	1.2913	51
PCDH9	0.9819	LP|Glia	1.7320	51
PCDHA12	nan	Epi|Best4+ Enterocytes	0.0000	51
PCDHB10	0.8847	LP|Microvascular	0.0616	51
PCDHB12	0.9924	Epi|Immature Goblet	0.0006	51
PCDHB13	0.8606	LP|Endothelial	0.0250	51
PCDHB14	0.8737	LP|RSPO3+	0.1066	51
PCDHB15	0.9282	LP|WNT2B+ Fos-lo 1	0.0344	51
PCDHB16	0.9408	LP|Glia	0.1150	51
PCDHB2	0.9202	LP|Glia	0.1183	51
PCDHB3	0.9098	LP|WNT2B+ Fos-lo 1	0.0304	51
PCDHB4	0.9147	LP|Glia	0.1654	51
PCDHB7	0.9488	LP|RSPO3+	0.1446	51
PCDHGA10	0.9491	Epi|Tuft	0.0197	51
PCDP1	0.8332	LP|WNT2B+ Fos-hi	0.0051	51
PCED1A	0.7680	LP|Pericytes	0.3598	51
PCED1B	0.8406	LP|GC	0.4801	51
PCED1B-AS1	0.8437	LP|NKs	4.0347	51
PCF11	0.5853	LP|CD69+ Mast	0.6382	51
PCGF1	0.7638	LP|CD69- Mast	0.6042	51
PCGF2	0.9025	LP|Microvascular	1.1989	51
PCGF3	0.6478	Epi|M cells	0.3380	51
PCGF5	0.5757	LP|CD69- Mast	0.7741	51
PCGF6	0.5532	LP|Inflammatory Fibroblasts	0.1601	51
PCID2	0.6849	LP|Glia	0.9529	51
PCIF1	0.7917	LP|CD69- Mast	0.4190	51
PCK1	0.8981	Epi|Immature Enterocytes 1	3.7192	51
PCK2	0.7699	Epi|Immature Enterocytes 2	0.8044	51
PCLO	0.9460	Epi|Tuft	0.3436	51
PCM1	0.4273	LP|MT-hi	0.6679	51
PCMT1	0.6887	LP|Glia	2.7199	51
PCMTD1	0.6352	LP|Endothelial	0.8784	51
PCMTD2	0.6487	LP|Glia	0.2943	51
PCNA	0.8443	LP|Cycling T	3.4975	51
PCNP	0.4838	LP|ILCs	1.9325	51
PCNT	0.7414	LP|Cycling T	0.2063	51
PCNX	0.6854	LP|Inflammatory Fibroblasts	0.3719	51
PCNXL2	0.8681	Epi|Enteroendocrine	0.3568	51
PCNXL3	0.7696	Epi|Tuft	0.2287	51
PCNXL4	0.5871	LP|ILCs	0.1876	51
PCOLCE	0.9048	LP|Inflammatory Fibroblasts	8.8302	51
PCOLCE-AS1	0.9293	LP|WNT5B+ 2	0.0043	51
PCOLCE2	0.9702	Epi|M cells	0.1114	51
PCP2	0.9789	Epi|Tuft	0.0167	51
PCP4	0.9994	Epi|Tuft	0.9658	51
PCSK1	0.9798	Epi|Enteroendocrine	0.3182	51
PCSK1N	0.9975	Epi|Enteroendocrine	31.9718	51
PCSK2	0.9992	LP|Glia	3.4603	51
PCSK4	0.9361	Epi|Enteroendocrine	0.0790	51
PCSK5	0.7988	LP|Endothelial	0.3566	51
PCSK6	0.9662	LP|WNT5B+ 2	1.2572	51
PCSK7	0.6238	LP|NKs	2.0059	51
PCSK9	0.9034	Epi|Cycling TA	0.0715	51
PCTP	0.6020	LP|CD69+ Mast	0.2978	51
PCYOX1	0.7569	LP|RSPO3+	0.6367	51
PCYOX1L	0.8019	LP|CD8+ IL17+	0.1633	51
PCYT1A	0.5063	LP|Microvascular	0.3025	51
PCYT2	0.6254	LP|Glia	0.4092	51
PDAP1	0.4903	LP|Cycling T	1.4406	51
PDCD1	0.9507	LP|CD4+ PD1+	1.7158	51
PDCD10	0.4140	Epi|Enterocyte Progenitors	0.9116	51
PDCD11	0.5677	LP|CD69- Mast	0.1478	51
PDCD1LG2	0.8052	LP|RSPO3+	0.0643	51
PDCD2	0.5874	LP|CD69- Mast	1.2273	51
PDCD2L	0.6881	LP|Microvascular	0.1960	51
PDCD4	0.6021	Epi|Enterocytes	2.1797	51
PDCD4-AS1	0.7997	LP|MT-hi	0.2945	51
PDCD5	0.4719	Epi|Cycling TA	1.8450	51
PDCD6	0.4820	LP|Microvascular	2.7123	51
PDCD6IP	0.7626	Epi|Enterocytes	1.9037	51
PDCD7	0.4470	LP|MT-hi	0.5893	51
PDCL	0.7227	LP|Microvascular	0.7313	51
PDCL3	0.6713	LP|CD8+ IL17+	1.2837	51
PDDC1	0.5526	Epi|Enteroendocrine	0.2305	51
PDE10A	0.9548	LP|Endothelial	0.1203	51
PDE11A	0.9251	Epi|Enteroendocrine	0.0720	51
PDE12	0.4662	LP|Cycling T	0.1980	51
PDE1A	0.9275	LP|WNT5B+ 1	0.6751	51
PDE1B	0.8286	LP|Cycling Monocytes	0.0720	51
PDE1C	0.9383	LP|Microvascular	0.6716	51
PDE2A	0.9570	LP|Microvascular	0.6685	51
PDE3A	0.8128	LP|Pericytes	0.1125	51
PDE3B	0.6868	LP|CD4+ Memory	0.2670	51
PDE4A	0.8245	LP|ILCs	0.6846	51
PDE4B	0.7382	LP|Follicular	1.3188	51
PDE4C	0.8603	Epi|Best4+ Enterocytes	1.6490	51
PDE4D	0.8012	LP|CD8+ IL17+	0.9493	51
PDE4DIP	0.7870	LP|WNT5B+ 2	1.1377	51
PDE5A	0.8946	LP|RSPO3+	0.9616	51
PDE6A	0.9154	Epi|Immature Enterocytes 2	0.1546	51
PDE6B	0.8155	LP|CD8+ IL17+	0.1029	51
PDE6D	0.5157	LP|Glia	0.3606	51
PDE6G	0.8879	LP|NKs	0.1762	51
PDE7A	0.8029	LP|MT-hi	0.8321	51
PDE7B	0.8788	LP|Myofibroblasts	0.4796	51
PDE8A	0.6416	LP|Glia	0.3427	51
PDE8B	0.9823	LP|Pericytes	0.3860	51
PDE9A	0.8955	Epi|Enterocytes	1.0739	51
PDF	0.8953	Epi|TA 1	0.0054	51
PDGFA	0.9228	LP|Pericytes	0.9737	51
PDGFB	0.9491	LP|Glia	0.6505	51
PDGFC	0.9571	LP|Myofibroblasts	0.8355	51
PDGFD	0.9575	LP|WNT5B+ 1	3.2014	51
PDGFRA	0.9612	LP|WNT5B+ 2	6.1884	51
PDGFRB	0.9766	LP|Pericytes	6.7374	51
PDGFRL	0.9362	LP|WNT5B+ 2	0.1611	51
PDHA1	0.7337	Epi|Enterocyte Progenitors	1.8334	51
PDHB	0.6814	LP|CD69- Mast	2.0959	51
PDHX	0.4791	Epi|Enterocyte Progenitors	0.2600	51
PDIA2	0.9499	Epi|Enteroendocrine	0.0199	51
PDIA3	0.7149	LP|CD69- Mast	8.6712	51
PDIA4	0.6118	LP|Plasma	2.3038	51
PDIA5	0.9017	LP|Myofibroblasts	1.5782	51
PDIA6	0.6799	LP|CD69- Mast	6.1009	51
PDIK1L	0.6322	LP|Microvascular	0.0843	51
PDK1	0.8707	LP|Plasma	0.4786	51
PDK2	0.5917	Epi|Tuft	0.4657	51
PDK3	0.8190	LP|CD69- Mast	0.4287	51
PDK4	0.9221	LP|Glia	2.9542	51
PDLIM1	0.7593	LP|Post-capillary Venules	8.1556	51
PDLIM2	0.6497	LP|Glia	1.7685	51
PDLIM3	0.9761	LP|Myofibroblasts	8.1673	51
PDLIM4	0.9317	LP|Glia	3.5268	51
PDLIM5	0.7776	Epi|Tuft	1.5507	51
PDLIM7	0.9198	LP|Myofibroblasts	4.4401	51
PDP1	0.7725	LP|Glia	0.3339	51
PDP2	0.6766	LP|Cycling T	0.0413	51
PDPK1	0.5607	LP|DC1	0.3790	51
PDPN	0.9612	LP|Inflammatory Fibroblasts	4.1906	51
PDPR	0.6915	LP|Pericytes	0.1272	51
PDRG1	0.5792	LP|Microvascular	0.3942	51
PDS5A	0.4412	Epi|M cells	0.3636	51
PDS5B	0.5651	LP|Pericytes	0.3696	51
PDSS1	0.7882	Epi|Cycling TA	0.3232	51
PDSS2	0.4449	LP|CD8+ IL17+	0.1746	51
PDX1	0.9719	Epi|Enteroendocrine	0.0326	51
PDXDC1	0.7429	Epi|Tuft	1.1359	51
PDXDC2P	0.7782	Epi|Tuft	0.4013	51
PDXK	0.6245	Epi|Immature Enterocytes 2	0.9358	51
PDZD11	0.3976	LP|Pericytes	0.6303	51
PDZD2	0.8523	LP|Pericytes	0.1054	51
PDZD3	0.9367	Epi|Immature Enterocytes 1	0.9310	51
PDZD7	0.9065	LP|Pericytes	0.0568	51
PDZD8	0.6220	Epi|Stem	0.2216	51
PDZK1	0.9225	Epi|Enteroendocrine	0.0592	51
PDZK1IP1	0.9365	Epi|Enterocytes	4.5309	51
PDZRN3	0.8844	LP|WNT5B+ 2	0.5092	51
PEA15	0.8308	LP|Microvascular	1.9322	51
PEAK1	0.8480	LP|Pericytes	0.6689	51
PEAR1	0.9523	LP|Pericytes	0.4842	51
PEBP1	0.8159	LP|Glia	15.4426	51
PEBP4	0.8520	LP|Cycling B	0.0308	51
PECR	0.6116	Epi|Enterocyte Progenitors	0.2122	51
PEF1	0.7217	LP|Microvascular	1.5487	51
PEG10	0.8301	LP|Pericytes	0.1128	51
PEG3	0.9438	LP|Pericytes	0.1325	51
PELI1	0.7605	LP|Tregs	0.7381	51
PELI2	0.8206	LP|Pericytes	0.2327	51
PELI3	0.9241	Epi|Enteroendocrine	0.1993	51
PELO	0.8700	LP|Microvascular	1.5346	51
PELP1	0.6062	LP|MT-hi	0.3019	51
PEMT	0.8166	Epi|Enteroendocrine	0.8479	51
PEPD	0.7157	LP|Glia	1.5722	51
PER1	0.9212	LP|CD69- Mast	2.6674	51
PER2	0.7185	Epi|Tuft	0.2529	51
PER3	0.7440	LP|Glia	0.2423	51
PERP	0.7673	Epi|M cells	2.8542	51
PES1	0.5309	LP|CD69- Mast	0.4066	51
PET100	0.5608	Epi|M cells	1.9740	51
PET112	0.5497	LP|RSPO3+	0.1366	51
PET117	0.4957	Epi|Stem	0.2216	51
PEX1	0.6072	Epi|Tuft	0.1531	51
PEX10	0.6774	LP|Glia	0.2632	51
PEX11A	0.7606	Epi|Immature Enterocytes 2	0.2435	51
PEX11B	0.3972	LP|GC	0.2730	51
PEX11G	0.7194	LP|Glia	0.1970	51
PEX12	0.7243	LP|Pericytes	0.0717	51
PEX13	0.5769	LP|MT-hi	0.3022	51
PEX14	0.6368	Epi|M cells	0.1945	51
PEX16	0.5743	LP|CD8+ IL17+	0.7446	51
PEX19	0.5665	LP|RSPO3+	0.3076	51
PEX2	0.5593	LP|CD8+ IL17+	0.7942	51
PEX26	0.9012	Epi|Enterocytes	2.0326	51
PEX3	0.6688	LP|ILCs	0.2777	51
PEX5	0.7115	LP|GC	0.2035	51
PEX5L	0.8380	Epi|TA 1	0.0042	51
PEX6	0.7382	Epi|Tuft	0.2495	51
PEX7	0.6716	Epi|M cells	0.2443	51
PF4	0.9943	LP|CD69+ Mast	3.3630	51
PFAS	0.5845	Epi|Cycling TA	0.0519	51
PFDN1	0.6097	LP|Glia	1.3102	51
PFDN2	0.4829	LP|DC1	1.9710	51
PFDN4	0.5347	LP|GC	1.0307	51
PFDN5	0.5047	LP|Inflammatory Monocytes	17.7835	51
PFDN6	0.4176	Epi|Cycling TA	0.8394	51
PFKFB2	0.8141	Epi|Immature Enterocytes 2	0.3014	51
PFKFB3	0.8045	LP|ILCs	1.1600	51
PFKFB4	0.8884	Epi|Immature Goblet	0.0744	51
PFKL	0.5530	Epi|Immature Enterocytes 2	1.5061	51
PFKM	0.7278	LP|RSPO3+	0.3589	51
PFKP	0.6589	Epi|Enterocytes	0.6158	51
PFN1	0.6257	LP|Cycling T	53.2881	51
PFN2	0.8065	LP|Pericytes	1.0003	51
PFN4	0.9290	LP|WNT2B+ Fos-lo 2	0.0128	51
PGAM1	0.6284	LP|Cycling T	3.1876	51
PGAM2	0.9360	LP|Plasma	0.0288	51
PGAM4	0.8567	LP|Inflammatory Monocytes	0.0082	51
PGAM5	0.6415	Epi|Cycling TA	0.1008	51
PGAP1	0.6846	Epi|Stem	0.1737	51
PGAP2	0.5834	Epi|Tuft	0.2111	51
PGAP3	0.8167	Epi|Tuft	0.3924	51
PGBD1	0.9710	LP|CD69- Mast	0.6786	51
PGBD2	0.7849	LP|GC	0.2073	51
PGBD4	0.7254	LP|CD4+ PD1+	0.0320	51
PGBD5	0.9499	LP|CD69+ Mast	0.0460	51
PGC	0.9455	Epi|Best4+ Enterocytes	0.0160	51
PGD	0.7488	LP|Inflammatory Monocytes	0.9942	51
PGF	0.9564	LP|Pericytes	2.6576	51
PGGT1B	0.8386	LP|CD69- Mast	0.6667	51
PGK1	0.4677	LP|Cycling T	4.0969	51
PGLS	0.5502	LP|DC1	2.5167	51
PGLYRP2	0.8920	LP|CD8+ IL17+	0.2421	51
PGLYRP4	0.9979	Epi|M cells	0.0272	51
PGM1	0.7234	Epi|Enterocyte Progenitors	0.9802	51
PGM2	0.6069	LP|Microvascular	0.3345	51
PGM2L1	0.8516	LP|CD4+ PD1+	0.7942	51
PGM3	0.6279	Epi|M cells	0.2992	51
PGM5	0.9243	LP|Myofibroblasts	0.4268	51
PGM5-AS1	0.9543	LP|Pericytes	0.0714	51
PGP	0.6314	LP|Cycling Monocytes	0.7755	51
PGPEP1	0.6600	LP|CD69- Mast	0.5323	51
PGPEP1L	0.9895	Epi|TA 1	0.0015	51
PGR	0.9191	LP|WNT2B+ Fos-lo 1	0.0767	51
PGRMC1	0.8074	LP|Glia	3.2867	51
PGRMC2	0.7227	LP|Inflammatory Fibroblasts	1.3509	51
PGS1	0.8335	LP|Microvascular	0.7089	51
PHACTR1	0.9116	LP|DC2	1.5851	51
PHACTR2	0.6629	LP|WNT5B+ 2	0.9340	51
PHACTR3	0.9421	LP|WNT2B+ Fos-hi	0.1458	51
PHACTR4	0.6512	LP|Endothelial	0.5715	51
PHAX	0.6054	LP|CD69- Mast	0.7698	51
PHB	0.6592	Epi|Cycling TA	3.7664	51
PHB2	0.5162	Epi|Stem	1.9891	51
PHC1	0.7408	LP|MT-hi	0.2281	51
PHC2	0.7059	LP|Inflammatory Fibroblasts	0.4936	51
PHC3	0.5482	LP|Myofibroblasts	0.2492	51
PHEX	0.9610	LP|CD4+ PD1+	0.0699	51
PHF1	0.6281	LP|ILCs	0.7087	51
PHF10	0.4980	LP|Microvascular	0.1960	51
PHF11	0.5367	LP|CD8+ IL17+	0.6754	51
PHF12	0.7697	Epi|Tuft	0.3965	51
PHF13	0.7538	LP|Glia	0.1128	51
PHF14	0.7154	LP|WNT5B+ 2	1.9967	51
PHF15	0.7226	LP|MT-hi	0.4469	51
PHF16	0.8612	Epi|Enteroendocrine	0.0568	51
PHF17	0.6232	LP|NKs	0.3700	51
PHF19	0.8986	LP|Cycling T	1.2317	51
PHF2	0.6125	LP|Pericytes	0.1393	51
PHF20	0.5378	LP|ILCs	0.7217	51
PHF20L1	0.5386	Epi|Tuft	0.7912	51
PHF21A	0.6759	LP|RSPO3+	0.2790	51
PHF23	0.6712	LP|CD69- Mast	0.5934	51
PHF3	0.4482	LP|RSPO3+	0.4848	51
PHF5A	0.5941	LP|CD69- Mast	1.2029	51
PHF6	0.8068	LP|GC	0.5791	51
PHF7	0.7013	LP|CD4+ PD1+	0.1305	51
PHF8	0.6135	LP|MT-hi	0.1398	51
PHGDH	0.8430	LP|Cycling B	0.4881	51
PHGR1	0.9135	Epi|Immature Enterocytes 2	305.8182	51
PHIP	0.5409	Epi|Tuft	1.1170	51
PHKA1	0.8408	LP|Post-capillary Venules	0.0395	51
PHKA2	0.5910	Epi|Best4+ Enterocytes	0.1049	51
PHKB	0.6316	Epi|Tuft	0.6116	51
PHKG2	0.7444	LP|CD69- Mast	0.7341	51
PHLDA1	0.8203	LP|Inflammatory Fibroblasts	6.0254	51
PHLDA2	0.6943	Epi|Best4+ Enterocytes	2.2229	51
PHLDA3	0.9463	LP|Glia	3.6537	51
PHLDB1	0.8361	LP|Glia	1.0227	51
PHLDB2	0.9170	LP|Pericytes	0.5135	51
PHLDB3	0.7181	LP|MT-hi	0.2875	51
PHLPP1	0.8166	Epi|Enteroendocrine	0.1695	51
PHLPP2	0.8960	Epi|Enterocytes	0.6232	51
PHOSPHO2	0.6805	Epi|Enteroendocrine	0.1550	51
PHPT1	0.5043	LP|Inflammatory Fibroblasts	4.1147	51
PHRF1	0.6698	LP|MT-hi	0.2401	51
PHTF1	0.8389	LP|ILCs	0.7791	51
PHTF2	0.8143	LP|Tregs	0.6363	51
PHYH	0.7264	Epi|Enterocyte Progenitors	1.1140	51
PHYHD1	0.8621	LP|RSPO3+	0.5668	51
PHYHIP	0.9628	Epi|Best4+ Enterocytes	0.0099	51
PHYHIPL	0.9708	Epi|Enteroendocrine	0.0030	51
PHYKPL	0.5323	Epi|M cells	0.8871	51
PI15	0.9975	LP|Inflammatory Fibroblasts	1.1174	51
PI16	0.9814	LP|RSPO3+	0.4835	51
PI3	0.9638	Epi|M cells	21.5111	51
PI4K2A	0.6785	LP|Macrophages	0.1405	51
PI4K2B	0.6252	LP|Cycling B	0.2778	51
PI4KA	0.6349	Epi|Tuft	0.3492	51
PI4KB	0.4779	LP|Glia	0.3321	51
PIAS1	0.4665	LP|GC	0.4001	51
PIAS2	0.5722	LP|Microvascular	0.2086	51
PIAS3	0.7236	LP|WNT5B+ 2	0.2185	51
PIAS4	0.5641	Epi|Tuft	0.2092	51
PIBF1	0.5577	LP|MT-hi	0.1759	51
PICALM	0.7264	LP|Inflammatory Monocytes	0.9606	51
PICK1	0.7688	Epi|Tuft	0.3180	51
PID1	0.8685	LP|DC2	0.8030	51
PIDD	0.7402	LP|Cycling T	0.1928	51
PIEZO1	0.6521	LP|Endothelial	0.2992	51
PIEZO2	0.9314	LP|WNT2B+ Fos-lo 1	0.1724	51
PIF1	0.8859	LP|Cycling T	0.4330	51
PIFO	0.8672	LP|Inflammatory Fibroblasts	0.0326	51
PIGA	0.8434	LP|CD69- Mast	0.2301	51
PIGB	0.9632	LP|CD69- Mast	2.0000	51
PIGC	0.5045	LP|WNT5B+ 1	0.5293	51
PIGF	0.6624	LP|CD69- Mast	0.7985	51
PIGG	0.4921	LP|Microvascular	0.1699	51
PIGH	0.6712	LP|Glia	0.6266	51
PIGK	0.7935	LP|CD69- Mast	0.9598	51
PIGL	0.7102	LP|CD69- Mast	0.2188	51
PIGM	0.7368	LP|CD4+ PD1+	0.2676	51
PIGN	0.6216	Epi|M cells	0.1315	51
PIGO	0.5931	LP|MT-hi	0.1538	51
PIGP	0.5183	Epi|M cells	0.7158	51
PIGQ	0.6186	Epi|Enteroendocrine	0.2320	51
PIGR	0.8324	Epi|Immature Enterocytes 2	38.7470	51
PIGS	0.4749	Epi|Enteroendocrine	0.3077	51
PIGT	0.5566	LP|Inflammatory Fibroblasts	1.3175	51
PIGU	0.7312	LP|Pericytes	0.5429	51
PIGV	0.7560	LP|CD69- Mast	0.3055	51
PIGW	0.5842	LP|Inflammatory Fibroblasts	0.0691	51
PIGX	0.5671	LP|Inflammatory Fibroblasts	0.5787	51
PIGZ	0.8332	Epi|Immature Enterocytes 2	1.0532	51
PIH1D1	0.4256	LP|Inflammatory Fibroblasts	1.0827	51
PIH1D2	0.9666	LP|CD69- Mast	0.2334	51
PIK3AP1	0.8981	LP|Inflammatory Monocytes	0.9286	51
PIK3C2A	0.7742	LP|Endothelial	0.4899	51
PIK3C2B	0.7788	LP|Endothelial	0.4136	51
PIK3C2G	0.9832	Epi|Best4+ Enterocytes	0.0006	51
PIK3C3	0.5536	LP|CD8+ IL17+	0.2321	51
PIK3CA	0.6561	LP|Endothelial	0.2765	51
PIK3CB	0.7509	LP|DC1	0.2890	51
PIK3CD	0.7883	LP|NKs	0.4240	51
PIK3CG	0.9458	Epi|Tuft	1.0371	51
PIK3IP1	0.7515	LP|CD4+ Memory	1.3620	51
PIK3R1	0.7861	LP|CD8+ IELs	1.2015	51
PIK3R2	0.7493	Epi|Secretory TA	0.0606	51
PIK3R3	0.8803	LP|Endothelial	1.5205	51
PIK3R4	0.7786	Epi|Tuft	0.1908	51
PIK3R5	0.8215	Epi|Tuft	0.2426	51
PIK3R6	0.9631	LP|CD69- Mast	0.3530	51
PIKFYVE	0.7411	LP|GC	0.3069	51
PILRA	0.9706	LP|Inflammatory Monocytes	1.2853	51
PILRB	0.8102	LP|NKs	0.4237	51
PIM1	0.7120	LP|CD8+ IL17+	1.3927	51
PIM2	0.8624	LP|Tregs	3.4590	51
PIM3	0.7480	LP|Post-capillary Venules	2.7485	51
PIN1	0.4947	LP|Cycling T	1.8043	51
PIN4	0.5208	Epi|Tuft	1.6762	51
PINK1	0.7829	LP|Microvascular	1.0054	51
PINK1-AS	0.6594	Epi|Secretory TA	0.0220	51
PINLYP	0.8314	LP|WNT5B+ 2	0.2265	51
PINX1	0.5125	LP|Cycling B	0.1859	51
PIP4K2A	0.7963	LP|NKs	1.3086	51
PIP4K2B	0.6749	LP|WNT2B+ Fos-lo 2	0.1889	51
PIP4K2C	0.7107	Epi|Enterocytes	0.2238	51
PIP5K1A	0.5456	LP|Pericytes	0.1857	51
PIP5K1B	0.8504	Epi|Enterocytes	0.7358	51
PIP5K1C	0.6913	LP|CD69- Mast	0.2301	51
PIP5KL1	0.7906	LP|CD8+ IELs	0.0360	51
PIPOX	0.9087	LP|DC1	0.0148	51
PIR	0.8928	LP|Microvascular	0.7067	51
PISD	0.6499	LP|GC	0.2843	51
PITHD1	0.6022	LP|Glia	1.0219	51
PITPNA	0.5021	LP|Inflammatory Monocytes	0.2963	51
PITPNA-AS1	0.7656	LP|CD69- Mast	0.6419	51
PITPNB	0.6017	LP|Endothelial	0.6007	51
PITPNC1	0.7931	LP|Microvascular	1.0065	51
PITPNM1	0.6101	Epi|Immature Enterocytes 2	0.2435	51
PITPNM2	0.8053	LP|Endothelial	0.1328	51
PITPNM3	0.8307	Epi|Immature Enterocytes 2	0.0713	51
PITRM1	0.5595	LP|CD69- Mast	0.1765	51
PITRM1-AS1	0.9648	Epi|Cycling TA	0.0003	51
PITX1	0.8938	LP|WNT5B+ 1	3.3233	51
PITX2	0.8441	Epi|Enterocyte Progenitors	0.3562	51
PIWIL1	0.9356	Epi|Tuft	0.0237	51
PIWIL2	0.8673	Epi|Enterocytes	0.1058	51
PIWIL4	0.8129	Epi|Tuft	0.0562	51
PJA1	0.8400	LP|RSPO3+	0.6022	51
PJA2	0.5304	LP|Pericytes	0.7076	51
PKD1	0.6950	LP|WNT2B+ Fos-lo 2	0.3570	51
PKD1L1	0.9447	LP|Endothelial	0.0189	51
PKD1L3	0.9981	Epi|Immature Goblet	0.0028	51
PKD2	0.8329	LP|Myofibroblasts	0.3484	51
PKD2L2	0.8388	Epi|Tuft	0.0558	51
PKDCC	0.8215	LP|WNT2B+ Fos-lo 2	0.6428	51
PKDREJ	0.9269	Epi|Enterocytes	0.0017	51
PKHD1	0.9873	Epi|TA 1	0.0040	51
PKHD1L1	0.9458	LP|Cycling B	0.2905	51
PKIA	0.8582	LP|CD4+ PD1+	0.0777	51
PKIB	0.9190	Epi|Enterocytes	7.7901	51
PKIG	0.8385	LP|WNT5B+ 2	4.5139	51
PKLR	0.9754	Epi|Best4+ Enterocytes	0.0035	51
PKM	0.6603	LP|Inflammatory Fibroblasts	8.6409	51
PKMYT1	0.9485	LP|Cycling T	0.5146	51
PKN1	0.7437	LP|NKs	0.9885	51
PKN2	0.7529	LP|CD69- Mast	0.9792	51
PKN3	0.9597	LP|Endothelial	0.4752	51
PKNOX1	0.6476	LP|MT-hi	0.3472	51
PKP1	0.9647	Epi|Immature Goblet	0.0065	51
PKP2	0.8737	Epi|M cells	1.0152	51
PKP3	0.8573	Epi|Enterocytes	1.7256	51
PKP4	0.9281	LP|Post-capillary Venules	1.2567	51
PLA1A	0.9918	LP|Post-capillary Venules	1.1755	51
PLA2G10	0.8841	Epi|Goblet	2.2908	51
PLA2G12A	0.7304	Epi|Enteroendocrine	0.9404	51
PLA2G12B	0.9648	Epi|Enterocytes	0.1093	51
PLA2G15	0.6977	LP|CD69- Mast	0.1478	51
PLA2G16	0.8626	LP|Glia	2.4586	51
PLA2G1B	0.9671	LP|Pericytes	0.0497	51
PLA2G2A	0.8353	Epi|Enterocyte Progenitors	6.6854	51
PLA2G2D	0.9533	LP|Macrophages	0.0918	51
PLA2G2F	0.9962	Epi|Goblet	0.0278	51
PLA2G3	0.9276	Epi|Cycling TA	0.0033	51
PLA2G4A	0.8727	LP|WNT5B+ 1	0.2926	51
PLA2G4C	0.8130	Epi|M cells	0.2723	51
PLA2G4D	0.9206	Epi|M cells	0.0049	51
PLA2G4E	0.9913	Epi|M cells	0.0051	51
PLA2G4F	0.8918	Epi|Enterocytes	0.1103	51
PLA2G6	0.8638	Epi|Tuft	0.2629	51
PLA2G7	0.9653	LP|Cycling Monocytes	1.7981	51
PLA2R1	0.8205	LP|WNT2B+ Fos-lo 2	0.1347	51
PLAA	0.5814	Epi|M cells	0.2524	51
PLAC4	0.9737	Epi|Immature Goblet	0.0015	51
PLAC8	0.9354	Epi|Enterocytes	29.3262	51
PLAC8L1	0.9856	Epi|Goblet	0.0055	51
PLAC9	0.9404	LP|RSPO3+	11.0199	51
PLAG1	0.8269	Epi|Tuft	0.0819	51
PLAGL1	0.8176	LP|RSPO3+	0.8299	51
PLAGL2	0.6587	Epi|M cells	0.1525	51
PLAT	0.9413	LP|WNT5B+ 2	26.6592	51
PLAU	0.9243	LP|Inflammatory Fibroblasts	4.6713	51
PLAUR	0.8974	LP|Inflammatory Monocytes	6.6282	51
PLB1	0.8603	LP|DC2	0.0806	51
PLBD1	0.7841	Epi|M cells	1.6653	51
PLBD2	0.7436	LP|WNT2B+ Fos-lo 1	0.1387	51
PLCB1	0.9442	LP|Endothelial	0.7595	51
PLCB2	0.9391	Epi|Tuft	1.0529	51
PLCB3	0.7450	Epi|M cells	0.4256	51
PLCB4	0.8498	Epi|M cells	0.4385	51
PLCD1	0.8809	LP|DC1	0.8939	51
PLCD3	0.8965	Epi|Immature Enterocytes 2	1.1107	51
PLCE1	0.8808	LP|Pericytes	0.8546	51
PLCG1	0.7913	LP|Endothelial	0.2441	51
PLCG2	0.9736	Epi|Tuft	5.2561	51
PLCH1	0.9107	Epi|Tuft	0.0724	51
PLCH2	0.9924	Epi|M cells	0.2341	51
PLCL1	0.9461	LP|Pericytes	0.2363	51
PLCL2	0.7320	LP|NKs	0.2166	51
PLCXD1	0.8579	LP|CD69- Mast	0.3303	51
PLCXD2	0.9553	Epi|Enteroendocrine	0.1258	51
PLCXD3	0.9975	Epi|Enteroendocrine	0.0280	51
PLD1	0.6949	Epi|Immature Enterocytes 2	0.1830	51
PLD2	0.6896	LP|Endothelial	0.1322	51
PLD3	0.8089	LP|Cycling Monocytes	3.7274	51
PLD4	0.9698	LP|DC2	1.1613	51
PLD6	0.7449	LP|ILCs	0.0659	51
PLEC	0.7529	Epi|Enterocytes	1.2920	51
PLEK	0.8713	LP|Inflammatory Monocytes	2.4392	51
PLEK2	0.8641	Epi|Cycling TA	0.6995	51
PLEKHA1	0.6836	LP|NKs	0.5974	51
PLEKHA2	0.8413	LP|GC	0.9839	51
PLEKHA3	0.5102	LP|Endothelial	0.4924	51
PLEKHA4	0.8383	LP|WNT2B+ Fos-lo 1	0.5049	51
PLEKHA5	0.7750	LP|Glia	0.8654	51
PLEKHA6	0.7785	Epi|M cells	0.3841	51
PLEKHA7	0.8359	Epi|Enterocytes	0.0776	51
PLEKHA8	0.7267	LP|Glia	0.1176	51
PLEKHB1	0.9624	LP|Glia	3.1438	51
PLEKHB2	0.5526	Epi|Immature Enterocytes 2	0.8809	51
PLEKHD1	0.7507	LP|Cycling T	0.0175	51
PLEKHF1	0.8708	LP|CD8+ IL17+	1.2822	51
PLEKHF2	0.9156	LP|GC	2.7648	51
PLEKHG1	0.8529	LP|Post-capillary Venules	0.3418	51
PLEKHG2	0.9207	LP|Pericytes	0.5287	51
PLEKHG3	0.7758	LP|NKs	0.2811	51
PLEKHG4	0.8510	LP|Glia	0.0906	51
PLEKHG4B	0.9584	LP|DC1	0.0230	51
PLEKHG5	0.8974	Epi|Tuft	0.1243	51
PLEKHG6	0.9079	Epi|Immature Enterocytes 1	0.8712	51
PLEKHG7	0.9741	Epi|Tuft	0.2205	51
PLEKHH1	0.8513	Epi|Goblet	0.1178	51
PLEKHH2	0.8870	LP|WNT2B+ Fos-lo 2	1.1006	51
PLEKHH3	0.8779	LP|Pericytes	0.3326	51
PLEKHJ1	0.6704	Epi|Tuft	2.5629	51
PLEKHM1	0.6270	LP|MT-hi	0.2540	51
PLEKHM2	0.6241	LP|Macrophages	0.2304	51
PLEKHM3	0.8770	LP|DC1	0.0205	51
PLEKHN1	0.9089	LP|ILCs	0.1504	51
PLEKHO1	0.8163	LP|DC2	1.6558	51
PLEKHO2	0.6936	LP|Macrophages	0.3692	51
PLEKHS1	0.9724	Epi|M cells	0.2893	51
PLGLB1	0.8333	Epi|Tuft	0.0568	51
PLGRKT	0.6346	Epi|Enterocyte Progenitors	1.4740	51
PLIN1	0.9782	Epi|Best4+ Enterocytes	0.0086	51
PLIN2	0.8868	LP|CD69- Mast	4.6799	51
PLIN3	0.7984	Epi|Enterocytes	2.0280	51
PLIN5	0.8019	Epi|Enteroendocrine	0.0456	51
PLK1	0.9489	LP|Cycling B	1.0788	51
PLK1S1	0.7911	LP|MT-hi	0.4607	51
PLK2	0.8910	LP|Glia	3.7248	51
PLK3	0.7173	LP|CD4+ Activated Fos-hi	1.1733	51
PLK4	0.9499	LP|Cycling B	0.2248	51
PLLP	0.9298	LP|Microvascular	0.6457	51
PLN	0.9959	LP|Myofibroblasts	0.9359	51
PLOD1	0.7958	LP|WNT5B+ 2	0.7118	51
PLOD2	0.8231	LP|Pericytes	1.0467	51
PLOD3	0.7778	LP|Glia	0.8759	51
PLP1	0.9997	LP|Glia	19.8677	51
PLP2	0.6703	Epi|Cycling TA	3.3196	51
PLRG1	0.3909	LP|RSPO3+	0.4478	51
PLS1	0.8825	Epi|Enterocytes	1.9359	51
PLS3	0.8815	LP|Endothelial	1.2965	51
PLSCR1	0.6613	LP|Inflammatory Monocytes	2.0267	51
PLSCR2	0.8801	Epi|M cells	0.0084	51
PLSCR4	0.9276	LP|Glia	1.2532	51
PLTP	0.8847	LP|RSPO3+	2.5537	51
PLVAP	0.9881	LP|Microvascular	82.1121	51
PLXDC1	0.9612	LP|Pericytes	1.6877	51
PLXDC2	0.7937	LP|Inflammatory Monocytes	0.5702	51
PLXNA1	0.7752	LP|Inflammatory Fibroblasts	0.1456	51
PLXNA2	0.8948	LP|Microvascular	1.1348	51
PLXNA3	0.8114	Epi|Goblet	0.1911	51
PLXNB1	0.8418	Epi|Tuft	0.4350	51
PLXNB2	0.8001	Epi|M cells	1.2690	51
PLXNC1	0.8741	LP|Macrophages	0.4107	51
PLXND1	0.8854	LP|Endothelial	1.0146	51
PM20D2	0.7062	Epi|Stem	0.2245	51
PMAIP1	0.8348	LP|GC	3.4734	51
PMCH	0.9908	LP|Tregs	0.2157	51
PMEL	0.8715	Epi|M cells	0.0347	51
PMEPA1	0.9608	LP|Glia	4.6118	51
PMF1	0.5285	LP|Cycling T	1.2157	51
PMFBP1	0.9669	Epi|Tuft	0.0068	51
PML	0.7436	LP|Microvascular	0.6733	51
PMM1	0.7934	Epi|Tuft	1.5503	51
PMM2	0.5743	Epi|TA 1	0.1012	51
PMP22	0.9665	LP|Glia	29.1921	51
PMPCA	0.4231	Epi|Cycling TA	0.3528	51
PMPCB	0.5151	LP|GC	1.0183	51
PMS1	0.6221	LP|Glia	0.1996	51
PMS2	0.6836	LP|MT-hi	0.2695	51
PMVK	0.6623	LP|Cycling T	2.0539	51
PNCK	0.9989	Epi|Enterocytes	0.0100	51
PNISR	0.5080	LP|RSPO3+	3.2586	51
PNKD	0.5695	Epi|TA 2	2.4317	51
PNKP	0.6163	LP|MT-hi	0.8202	51
PNLDC1	0.9445	LP|CD8+ IELs	0.0203	51
PNLIPRP1	0.8902	LP|CD8+ IL17+	0.0289	51
PNMA1	0.8175	LP|Glia	0.9436	51
PNMA2	0.9438	LP|WNT5B+ 2	0.0232	51
PNMA6C	0.9477	LP|Inflammatory Fibroblasts	0.0111	51
PNMAL1	0.8296	LP|WNT5B+ 1	0.0291	51
PNMT	0.9856	Epi|Enteroendocrine	0.0035	51
PNN	0.4739	LP|GC	1.3085	51
PNO1	0.4508	LP|CD69+ Mast	0.3368	51
PNOC	0.9363	LP|GC	0.9974	51
PNP	0.8092	LP|ILCs	1.4223	51
PNPLA1	0.9851	Epi|TA 1	0.0024	51
PNPLA2	0.7906	Epi|Enterocytes	1.6720	51
PNPLA3	0.9536	Epi|Tuft	0.0476	51
PNPLA4	0.6768	Epi|Enterocyte Progenitors	0.4065	51
PNPLA6	0.6475	LP|Inflammatory Monocytes	0.3623	51
PNPLA7	0.8881	Epi|Goblet	0.1466	51
PNPLA8	0.5693	LP|ILCs	0.6057	51
PNPO	0.8631	LP|CD69- Mast	0.3339	51
PNPT1	0.7566	LP|CD69- Mast	0.4957	51
PNRC1	0.5993	LP|ILCs	6.5472	51
PNRC2	0.5510	LP|Cycling Monocytes	0.1632	51
POC1A	0.8903	LP|Cycling B	0.3296	51
POC1B	0.5819	LP|ILCs	0.2507	51
POC5	0.6717	LP|CD8+ IL17+	0.1549	51
PODN	0.9347	LP|WNT5B+ 2	0.3701	51
PODNL1	0.9140	Epi|Tuft	0.3118	51
PODXL	0.9722	LP|Microvascular	3.7956	51
PODXL2	0.8729	Epi|Tuft	0.4572	51
POF1B	0.8292	Epi|Immature Enterocytes 2	0.5377	51
POFUT1	0.7047	Epi|M cells	0.2463	51
POFUT2	0.6069	LP|Glia	0.1714	51
POGK	0.6855	Epi|M cells	0.2487	51
POGLUT1	0.5538	LP|Post-capillary Venules	0.2650	51
POGZ	0.6020	LP|RSPO3+	0.6777	51
POLA1	0.9384	LP|CD69- Mast	0.3530	51
POLA2	0.7985	LP|WNT5B+ 1	0.3594	51
POLB	0.6027	LP|CD8+ IELs	0.1517	51
POLD1	0.9602	Epi|M cells	1.3432	51
POLD2	0.5991	Epi|Cycling TA	1.2077	51
POLD3	0.7236	Epi|M cells	0.2841	51
POLD4	0.8253	Epi|Enterocytes	1.6448	51
POLDIP2	0.4469	Epi|Enteroendocrine	0.6638	51
POLDIP3	0.5081	LP|GC	0.3766	51
POLE	0.6763	Epi|Cycling TA	0.1211	51
POLE2	0.8611	LP|Cycling B	0.1839	51
POLE3	0.5920	LP|Cycling B	0.8429	51
POLE4	0.5181	LP|Inflammatory Monocytes	2.0676	51
POLG	0.5915	LP|MT-hi	0.3396	51
POLG2	0.5969	LP|Glia	0.2272	51
POLH	0.8485	LP|CD69- Mast	0.2435	51
POLI	0.6631	LP|WNT5B+ 1	0.1761	51
POLK	0.7104	LP|Glia	0.6063	51
POLL	0.5133	LP|RSPO3+	0.1821	51
POLM	0.6534	Epi|Tuft	0.3382	51
POLN	0.8115	LP|MT-hi	0.0602	51
POLQ	0.9396	LP|Cycling T	0.1385	51
POLR1A	0.5752	Epi|Tuft	0.0991	51
POLR1B	0.7039	LP|Pericytes	0.0940	51
POLR1C	0.4874	LP|Glia	0.3490	51
POLR1D	0.4613	LP|GC	1.7860	51
POLR1E	0.6940	LP|MT-hi	0.2595	51
POLR2A	0.5657	LP|MT-hi	0.5850	51
POLR2B	0.4380	LP|NKs	0.4998	51
POLR2C	0.5095	LP|Microvascular	0.8832	51
POLR2D	0.7949	LP|Cycling B	0.4319	51
POLR2E	0.4485	Epi|Enteroendocrine	1.7435	51
POLR2F	0.7217	LP|Glia	4.3080	51
POLR2G	0.5061	LP|Cycling T	2.0899	51
POLR2H	0.4842	Epi|Enterocytes	1.0978	51
POLR2I	0.5190	LP|Glia	1.9744	51
POLR2J	0.3305	LP|Cycling B	2.0230	51
POLR2J2	0.5803	LP|NKs	0.0390	51
POLR2J3	0.7121	LP|MT-hi	1.3662	51
POLR2J4	0.7103	Epi|M cells	0.0294	51
POLR2K	0.4909	LP|Cycling B	1.7866	51
POLR2L	0.4271	LP|Post-capillary Venules	6.6683	51
POLR2M	0.5009	LP|Pericytes	0.2533	51
POLR3A	0.6298	LP|ILCs	0.1378	51
POLR3B	0.8371	LP|CD69- Mast	0.1324	51
POLR3C	0.6207	LP|RSPO3+	0.1974	51
POLR3D	0.5627	LP|CD69- Mast	0.2343	51
POLR3E	0.6577	LP|MT-hi	0.3578	51
POLR3F	0.5036	LP|Pericytes	0.1248	51
POLR3G	0.9030	LP|Glia	0.0796	51
POLR3GL	0.7739	LP|CD69- Mast	3.3394	51
POLR3H	0.5737	LP|Inflammatory Fibroblasts	0.3001	51
POLR3K	0.7850	LP|CD69- Mast	1.7353	51
POLRMT	0.6191	Epi|M cells	0.2785	51
POM121	0.5358	LP|CD8+ IELs	0.2345	51
POM121C	0.6086	LP|CD8+ IELs	0.2310	51
POMC	0.7344	LP|ILCs	0.2857	51
POMGNT1	0.5562	Epi|M cells	0.2931	51
POMGNT2	0.8133	LP|Glia	0.2354	51
POMK	0.9291	LP|NKs	0.0096	51
POMP	0.5579	LP|Endothelial	6.9580	51
POMT1	0.8245	LP|CD4+ PD1+	0.3684	51
POMT2	0.7656	Epi|Enteroendocrine	0.0931	51
POMZP3	0.5539	Epi|Tuft	0.0719	51
PON2	0.8383	LP|Glia	2.3331	51
PON3	0.9625	Epi|M cells	0.6797	51
POP1	0.6086	LP|WNT2B+ Fos-lo 2	0.0664	51
POP4	0.6145	LP|Cycling T	0.8883	51
POP5	0.4599	Epi|Cycling TA	0.8984	51
POP7	0.5484	LP|Cycling B	0.8723	51
POPDC2	0.8427	LP|CD69+ Mast	0.0782	51
POPDC3	0.9543	LP|Inflammatory Fibroblasts	0.0747	51
POR	0.6960	Epi|Enterocytes	0.8747	51
PORCN	0.8679	LP|CD8+ IL17+	0.2808	51
POSTN	0.9612	LP|WNT5B+ 1	32.0891	51
POT1	0.7102	LP|CD4+ PD1+	0.1780	51
POTEC	0.9835	Epi|Tuft	0.0111	51
POTEG	0.9780	Epi|Enteroendocrine	0.0569	51
POTEM	0.8964	LP|GC	0.0107	51
POU2AF1	0.9612	LP|GC	2.8691	51
POU2F1	0.7310	LP|CD69- Mast	0.4085	51
POU2F2	0.9251	LP|GC	2.9709	51
POU2F3	0.9992	Epi|Tuft	2.3414	51
POU3F1	0.9483	LP|Glia	0.1971	51
POU3F2	0.9557	Epi|Enteroendocrine	0.0557	51
POU5F1	0.8401	Epi|Immature Enterocytes 1	0.0563	51
POU5F1B	0.8403	Epi|Immature Enterocytes 1	0.0063	51
POU5F2	0.8042	LP|MT-hi	0.1084	51
POU6F1	0.8711	LP|Pericytes	0.1082	51
POU6F2	0.9300	Epi|Immature Goblet	0.0009	51
POU6F2-AS1	0.9892	Epi|Immature Goblet	0.0005	51
PP13439	0.8097	Epi|Goblet	0.0436	51
PPA1	0.7238	LP|Endothelial	7.6831	51
PPA2	0.5720	Epi|Cycling TA	1.5396	51
PPAN	0.6553	LP|GC	0.5149	51
PPAP2A	0.8690	LP|Microvascular	8.2226	51
PPAP2B	0.9280	LP|Microvascular	6.3560	51
PPAP2C	0.8918	Epi|Tuft	2.8822	51
PPAPDC1B	0.8091	LP|Plasma	1.9246	51
PPAPDC2	0.5679	LP|Myofibroblasts	0.0905	51
PPARA	0.6979	Epi|Immature Enterocytes 2	0.3654	51
PPARD	0.9108	Epi|Enterocytes	0.8581	51
PPARG	0.8767	Epi|Enterocyte Progenitors	1.4665	51
PPARGC1A	0.8584	Epi|Immature Enterocytes 2	0.1989	51
PPARGC1B	0.8883	Epi|Tuft	0.4589	51
PPAT	0.5784	Epi|Enteroendocrine	0.1064	51
PPCDC	0.5936	Epi|Enterocytes	0.3045	51
PPCS	0.4754	Epi|Enterocyte Progenitors	1.5518	51
PPDPF	0.7572	Epi|Tuft	32.6285	51
PPFIA1	0.6488	Epi|Goblet	0.4091	51
PPFIA2	0.9551	LP|Myofibroblasts	0.0727	51
PPFIA3	0.8056	LP|Microvascular	0.4052	51
PPFIBP1	0.8981	LP|Microvascular	1.2836	51
PPFIBP2	0.7574	Epi|M cells	0.3219	51
PPHLN1	0.5121	LP|CD4+ PD1+	1.0663	51
PPIA	0.5771	LP|Cycling B	14.4429	51
PPIAL4D	0.9334	Epi|Immature Enterocytes 2	0.0025	51
PPIAL4G	0.7387	LP|RSPO3+	0.0194	51
PPIB	0.6338	LP|Inflammatory Fibroblasts	9.5491	51
PPIC	0.8324	LP|Myofibroblasts	5.1231	51
PPID	0.4516	LP|RSPO3+	0.4945	51
PPIE	0.5318	LP|Glia	0.8852	51
PPIF	0.8217	LP|Inflammatory Monocytes	1.7536	51
PPIG	0.3745	LP|WNT2B+ Fos-lo 1	1.8135	51
PPIH	0.5995	LP|Cycling B	0.7492	51
PPIL1	0.6578	LP|Cycling B	0.3242	51
PPIL2	0.6960	LP|MT-hi	0.3898	51
PPIL3	0.6363	LP|Cycling B	0.5682	51
PPIL4	0.4960	LP|Glia	0.5804	51
PPIL6	0.8695	Epi|Enteroendocrine	0.0809	51
PPIP5K1	0.8990	Epi|Enteroendocrine	0.1572	51
PPIP5K2	0.8308	LP|CD69- Mast	0.8614	51
PPL	0.8207	Epi|Enteroendocrine	0.1098	51
PPM1A	0.5433	Epi|Enterocytes	0.6288	51
PPM1B	0.5197	LP|CD8+ IL17+	0.6061	51
PPM1D	0.6997	LP|CD8+ IL17+	0.2761	51
PPM1F	0.8718	LP|Microvascular	0.7650	51
PPM1G	0.6937	LP|Cycling B	1.8023	51
PPM1H	0.9367	LP|CD69+ Mast	0.1391	51
PPM1J	0.9753	LP|DC1	0.2745	51
PPM1K	0.7794	LP|Follicular	1.2063	51
PPM1L	0.9258	Epi|M cells	0.3052	51
PPM1M	0.8063	LP|DC1	0.6422	51
PPM1N	0.7402	LP|GC	0.1915	51
PPME1	0.5078	LP|CD4+ PD1+	0.1834	51
PPOX	0.5527	LP|Microvascular	0.2042	51
PPP1CA	0.6247	LP|Cycling T	6.1088	51
PPP1CB	0.5040	LP|Inflammatory Monocytes	1.8166	51
PPP1CC	0.6397	LP|Myofibroblasts	3.4262	51
PPP1R10	0.6163	LP|CD69+ Mast	1.4062	51
PPP1R11	0.4467	LP|Microvascular	1.2631	51
PPP1R12A	0.6989	LP|Pericytes	2.1432	51
PPP1R12B	0.9070	LP|Myofibroblasts	1.3236	51
PPP1R12C	0.7366	LP|Pericytes	0.3748	51
PPP1R13B	0.8190	LP|Endothelial	0.3543	51
PPP1R13L	0.7280	Epi|Goblet	0.1335	51
PPP1R14A	0.8720	LP|Myofibroblasts	6.4673	51
PPP1R14B	0.6313	Epi|Cycling TA	0.8945	51
PPP1R14C	0.8919	Epi|Best4+ Enterocytes	0.4454	51
PPP1R14D	0.9121	Epi|Enterocytes	4.2177	51
PPP1R15A	0.8579	LP|CD69+ Mast	15.2925	51
PPP1R15B	0.7726	LP|CD69- Mast	0.8610	51
PPP1R16A	0.7197	Epi|Tuft	0.9678	51
PPP1R16B	0.8387	LP|Microvascular	0.4619	51
PPP1R18	0.7739	LP|NKs	2.9799	51
PPP1R1A	0.9974	Epi|Enteroendocrine	0.0358	51
PPP1R1B	0.8598	Epi|Stem	3.5343	51
PPP1R1C	0.8962	Epi|Stem	0.0057	51
PPP1R2	0.7168	LP|MT-hi	3.3453	51
PPP1R21	0.6160	LP|CD8+ IL17+	0.2518	51
PPP1R26	0.8778	Epi|M cells	0.2123	51
PPP1R26-AS1	0.9274	Epi|M cells	0.1104	51
PPP1R27	0.8352	LP|Post-capillary Venules	0.0129	51
PPP1R32	0.9443	Epi|Enteroendocrine	0.1264	51
PPP1R35	0.6495	LP|CD69- Mast	0.6136	51
PPP1R36	0.8451	Epi|Enterocyte Progenitors	0.1156	51
PPP1R37	0.6547	Epi|Enteroendocrine	0.2774	51
PPP1R3B	0.7152	Epi|Enterocytes	0.1766	51
PPP1R3C	0.9459	LP|RSPO3+	0.3899	51
PPP1R3D	0.6243	LP|Endothelial	0.1165	51
PPP1R3E	0.8293	LP|CD69- Mast	0.6136	51
PPP1R3F	0.8383	LP|Tregs	0.0799	51
PPP1R3G	0.9132	LP|DC1	0.0730	51
PPP1R7	0.4283	LP|Cycling B	1.1116	51
PPP1R8	0.4960	LP|RSPO3+	0.4024	51
PPP1R9A	0.8967	Epi|M cells	0.3269	51
PPP1R9B	0.7397	LP|Microvascular	0.3937	51
PPP2CA	0.6436	LP|GC	2.2055	51
PPP2CB	0.6640	Epi|Enterocytes	0.7229	51
PPP2R1A	0.3846	Epi|M cells	1.4931	51
PPP2R1B	0.6170	LP|MT-hi	0.2323	51
PPP2R2A	0.4868	LP|Post-capillary Venules	0.6958	51
PPP2R2B	0.8645	LP|NKs	0.3567	51
PPP2R2D	0.5271	LP|NKs	0.2121	51
PPP2R3A	0.8290	LP|Glia	0.2767	51
PPP2R3B	0.7037	LP|Cycling T	0.0899	51
PPP2R3C	0.5720	LP|CD69- Mast	0.7861	51
PPP2R4	0.7688	LP|Microvascular	1.2128	51
PPP2R5A	0.6542	LP|NKs	0.6425	51
PPP2R5B	0.7521	LP|Glia	0.3064	51
PPP2R5C	0.7854	LP|MT-hi	3.9318	51
PPP2R5D	0.6242	LP|Cycling T	0.1547	51
PPP2R5E	0.5226	LP|CD69- Mast	0.6136	51
PPP3CA	0.6140	LP|CD69+ Mast	0.8449	51
PPP3CB	0.7401	LP|CD69- Mast	0.6833	51
PPP3CC	0.7195	LP|GC	0.7087	51
PPP3R1	0.5363	LP|Endothelial	0.2696	51
PPP4C	0.5803	Epi|M cells	3.2566	51
PPP4R1	0.5806	LP|Post-capillary Venules	0.2198	51
PPP4R1L	0.7159	LP|Glia	0.0549	51
PPP4R2	0.4681	LP|Glia	0.5968	51
PPP4R4	0.9963	Epi|M cells	0.0102	51
PPP5C	0.5606	LP|Pericytes	0.4061	51
PPP5D1	0.9333	LP|CD69- Mast	0.4566	51
PPP6C	0.5357	LP|CD69- Mast	0.8453	51
PPP6R1	0.7658	LP|GC	0.0593	51
PPP6R2	0.6164	Epi|Tuft	0.3667	51
PPP6R3	0.4769	Epi|Tuft	0.3329	51
PPRC1	0.4176	Epi|Cycling TA	0.0831	51
PPT1	0.8738	LP|DC1	5.5359	51
PPT2	0.8397	LP|Endothelial	0.1612	51
PPT2-EGFL8	0.9622	LP|Glia	0.0120	51
PPTC7	0.5838	LP|Inflammatory Monocytes	0.2098	51
PPWD1	0.5365	LP|CD8+ IL17+	0.3567	51
PPY	1.0000	Epi|Enteroendocrine	3.5171	51
PQBP1	0.3580	LP|RSPO3+	1.0752	51
PQLC1	0.7822	Epi|Tuft	0.7373	51
PQLC2	0.7815	LP|DC1	0.2469	51
PQLC3	0.6869	LP|WNT5B+ 1	1.2861	51
PRAC1	0.8742	Epi|M cells	2.9831	51
PRAC2	0.8626	Epi|Cycling TA	0.2100	51
PRADC1	0.7371	LP|CD69- Mast	1.1346	51
PRAF2	0.6383	LP|WNT5B+ 1	0.8226	51
PRAM1	0.9527	LP|Inflammatory Monocytes	0.5682	51
PRAME	0.9994	Epi|Enteroendocrine	0.0407	51
PRAP1	0.9627	Epi|Enterocytes	12.1406	51
PRB3	0.9966	Epi|Goblet	0.0038	51
PRC1	0.9166	LP|Cycling Monocytes	0.8238	51
PRC1-AS1	0.9539	Epi|Stem	0.0004	51
PRCC	0.4896	LP|GC	0.5380	51
PRCD	0.8868	LP|WNT2B+ Fos-hi	0.2529	51
PRCP	0.9193	LP|Post-capillary Venules	4.5325	51
PRDM1	0.8378	LP|Plasma	1.8924	51
PRDM10	0.6447	Epi|Tuft	0.0332	51
PRDM11	0.9387	LP|RSPO3+	0.1438	51
PRDM15	0.7808	LP|GC	0.0962	51
PRDM16	0.9775	LP|Glia	0.1432	51
PRDM2	0.7278	LP|Follicular	0.6782	51
PRDM4	0.4535	LP|Follicular	0.1180	51
PRDM5	0.8115	LP|WNT2B+ Fos-lo 1	0.0745	51
PRDM6	0.9500	LP|RSPO3+	0.1330	51
PRDM7	0.9245	Epi|Immature Enterocytes 2	0.0089	51
PRDM8	0.7356	LP|Cycling T	0.0764	51
PRDX1	0.5800	LP|Microvascular	8.4177	51
PRDX2	0.6175	Epi|Cycling TA	6.0550	51
PRDX3	0.5934	LP|Cycling B	2.4142	51
PRDX4	0.7777	LP|Plasma	4.3022	51
PRDX5	0.7929	Epi|Stem	20.9789	51
PRDX6	0.7911	Epi|Enterocytes	11.6570	51
PREB	0.6539	LP|Myofibroblasts	0.7117	51
PRELID1	0.5608	LP|Inflammatory Monocytes	6.3992	51
PRELID2	0.8158	Epi|Enterocytes	0.6196	51
PRELP	0.9799	LP|RSPO3+	1.1789	51
PREP	0.5998	Epi|Best4+ Enterocytes	0.3398	51
PREPL	0.7950	LP|CD69- Mast	0.6786	51
PREX1	0.7400	LP|ILCs	0.5291	51
PREX2	0.9026	LP|Endothelial	0.3191	51
PRF1	0.9766	LP|NKs	12.0540	51
PRICKLE1	0.8768	LP|WNT2B+ Fos-lo 1	0.1770	51
PRICKLE2	0.8793	LP|WNT5B+ 1	0.2648	51
PRICKLE3	0.7177	Epi|Tuft	0.1543	51
PRICKLE4	0.6896	LP|ILCs	0.0310	51
PRIM1	0.8390	LP|Cycling T	0.4672	51
PRIM2	0.7121	LP|CD69+ Mast	0.1267	51
PRIMPOL	0.7883	Epi|Goblet	0.4550	51
PRKAA1	0.4985	LP|Pericytes	0.4221	51
PRKAA2	0.7567	LP|Myofibroblasts	0.0803	51
PRKAB1	0.6435	Epi|M cells	0.3207	51
PRKAB2	0.6793	LP|Pericytes	0.2109	51
PRKACA	0.6930	LP|Inflammatory Monocytes	0.3302	51
PRKACB	0.5713	LP|CD8+ IELs	0.5696	51
PRKAG1	0.4114	LP|GC	0.5279	51
PRKAG2	0.7333	LP|CD69- Mast	0.6400	51
PRKAG2-AS1	0.7307	Epi|Stem	0.2827	51
PRKAR1A	0.6605	LP|CD69+ Mast	2.5000	51
PRKAR1B	0.8705	LP|CD69- Mast	0.6400	51
PRKAR2A	0.5154	LP|Endothelial	0.6022	51
PRKAR2A-AS1	0.8311	LP|Pericytes	0.0114	51
PRKAR2B	0.8737	LP|Myofibroblasts	0.8831	51
PRKCA	0.7463	LP|Glia	0.6930	51
PRKCB	0.8235	LP|Inflammatory Monocytes	1.3236	51
PRKCD	0.7643	Epi|Enterocytes	0.6716	51
PRKCDBP	0.8728	LP|Myofibroblasts	8.1520	51
PRKCE	0.7367	LP|GC	0.1252	51
PRKCG	0.9571	Epi|M cells	0.1127	51
PRKCH	0.8396	LP|NKs	1.9138	51
PRKCI	0.6839	LP|RSPO3+	0.3365	51
PRKCQ	0.8410	LP|CD8+ IL17+	0.2428	51
PRKCQ-AS1	0.8889	LP|MT-hi	1.6066	51
PRKCSH	0.3901	LP|Inflammatory Fibroblasts	0.9676	51
PRKCZ	0.6244	Epi|Immature Enterocytes 1	0.2920	51
PRKD1	0.8752	LP|Glia	0.0948	51
PRKD2	0.6420	LP|Microvascular	0.6352	51
PRKD3	0.8155	LP|GC	0.8932	51
PRKDC	0.5043	LP|Cycling B	0.5017	51
PRKG1	0.8850	LP|WNT5B+ 1	0.5810	51
PRKG2	0.9635	Epi|Best4+ Enterocytes	0.0235	51
PRKRA	0.7828	LP|CD69- Mast	1.7106	51
PRKRIP1	0.5835	LP|GC	0.3895	51
PRKRIR	0.5096	LP|CD4+ PD1+	0.2554	51
PRKX	0.7036	LP|NKs	0.5983	51
PRLH	0.9714	Epi|Goblet	0.0021	51
PRLR	0.8659	Epi|Enteroendocrine	0.1209	51
PRMT1	0.6377	LP|Endothelial	2.7570	51
PRMT10	0.9468	LP|ILCs	6.5847	51
PRMT2	0.6860	LP|NKs	2.0588	51
PRMT3	0.5820	LP|RSPO3+	0.1004	51
PRMT5	0.5836	LP|Glia	0.3705	51
PRMT5-AS1	0.8746	LP|Cycling T	0.0189	51
PRMT6	0.5967	LP|CD4+ PD1+	0.1638	51
PRMT7	0.5310	Epi|Goblet	0.2404	51
PRND	0.9936	LP|Endothelial	0.0598	51
PRNP	0.9657	LP|Glia	19.2929	51
PROC	0.9630	Epi|Tuft	0.2474	51
PROCA1	0.8240	Epi|Tuft	0.0889	51
PROCR	0.8811	LP|WNT2B+ Fos-hi	5.3916	51
PRODH	0.9785	Epi|M cells	0.3845	51
PROM1	0.9181	LP|WNT5B+ 1	1.4049	51
PROM2	0.8823	Epi|Tuft	0.2332	51
PROS1	0.8695	LP|RSPO3+	1.3696	51
PROSC	0.4723	LP|CD69- Mast	0.6001	51
PROSER1	0.6308	Epi|Enteroendocrine	0.1600	51
PROSER2	0.9387	LP|Endothelial	0.1429	51
PROX1	0.9555	Epi|Tuft	0.7134	51
PROX1-AS1	0.9962	Epi|Best4+ Enterocytes	0.0016	51
PRPF18	0.6099	LP|CD8+ IL17+	0.5195	51
PRPF19	0.5658	Epi|Cycling TA	0.6239	51
PRPF3	0.6227	LP|Glia	0.2919	51
PRPF31	0.4688	LP|Cycling T	0.8373	51
PRPF38A	0.4955	LP|ILCs	0.9577	51
PRPF38B	0.6485	LP|MT-hi	2.6547	51
PRPF39	0.5720	LP|CD8+ IL17+	0.1477	51
PRPF4	0.5857	LP|Cycling B	0.2769	51
PRPF40A	0.4100	LP|CD69- Mast	1.0601	51
PRPF40B	0.7257	LP|WNT5B+ 1	0.1056	51
PRPF4B	0.4321	LP|CD8+ IL17+	0.5874	51
PRPF6	0.6232	LP|ILCs	1.1114	51
PRPF8	0.6609	Epi|Tuft	0.9573	51
PRPH	nan	Epi|Best4+ Enterocytes	0.0000	51
PRPH2	0.8911	LP|Myofibroblasts	0.0239	51
PRPS1	0.7209	LP|MT-hi	0.8635	51
PRPS2	0.6131	Epi|Cycling TA	0.5248	51
PRPSAP1	0.7657	LP|CD69- Mast	1.2682	51
PRPSAP2	0.8719	LP|GC	1.9004	51
PRR11	0.8906	LP|Cycling Monocytes	0.2218	51
PRR12	0.8421	Epi|M cells	0.2604	51
PRR13	0.7190	Epi|Enterocytes	9.3043	51
PRR14	0.5218	LP|CD8+ IL17+	0.4541	51
PRR14L	0.4733	Epi|Tuft	0.1793	51
PRR15	0.8926	Epi|Enterocytes	1.8303	51
PRR15L	0.8656	Epi|Enterocytes	2.2286	51
PRR16	0.9182	LP|WNT5B+ 2	1.1795	51
PRR19	0.8729	Epi|M cells	0.0284	51
PRR22	0.8718	Epi|Tuft	0.0558	51
PRR23A	0.8861	LP|Glia	0.0077	51
PRR24	0.8366	LP|WNT2B+ Fos-lo 2	1.2757	51
PRR26	0.8419	Epi|Enteroendocrine	0.0892	51
PRR3	0.5549	LP|CD4+ PD1+	0.1717	51
PRR4	0.6592	LP|MT-hi	0.4748	51
PRR5	0.8523	LP|CD8+ IL17+	1.5167	51
PRR5-ARHGAP8	0.8847	Epi|Secretory TA	0.0047	51
PRR5L	0.8245	Epi|Best4+ Enterocytes	0.5016	51
PRR7	0.7464	LP|ILCs	0.6687	51
PRR7-AS1	0.8775	LP|NKs	0.0786	51
PRRC1	0.5537	Epi|M cells	0.3223	51
PRRC2A	0.7155	Epi|Tuft	0.7554	51
PRRC2B	0.5662	LP|WNT2B+ Fos-lo 2	0.5237	51
PRRC2C	0.4935	LP|ILCs	1.9225	51
PRRG1	0.7366	LP|Endothelial	0.0948	51
PRRG2	0.8715	Epi|M cells	0.3936	51
PRRG3	0.9346	LP|Inflammatory Fibroblasts	0.0501	51
PRRG4	0.7295	LP|Glia	0.2808	51
PRRT1	0.8149	LP|Glia	0.2130	51
PRRT2	0.8989	LP|RSPO3+	0.3774	51
PRRT3	0.7046	LP|Glia	0.1471	51
PRRT3-AS1	0.8089	Epi|Stem	0.0865	51
PRRX1	0.9495	LP|Inflammatory Fibroblasts	0.6929	51
PRRX2	0.9535	LP|Inflammatory Fibroblasts	0.3040	51
PRSS1	0.9623	Epi|Secretory TA	0.0509	51
PRSS12	0.9159	Epi|M cells	0.4299	51
PRSS16	0.7748	Epi|M cells	0.1705	51
PRSS21	0.8850	LP|CD69- Mast	0.2425	51
PRSS22	0.9762	Epi|Tuft	0.6554	51
PRSS23	0.9585	LP|Microvascular	23.8800	51
PRSS27	0.7815	LP|Glia	0.0517	51
PRSS3	0.9026	Epi|Enterocytes	9.2274	51
PRSS33	0.9846	Epi|Stem	0.0008	51
PRSS35	0.9385	LP|CD8+ LP	0.0054	51
PRSS36	0.9574	Epi|M cells	0.5699	51
PRSS53	0.9808	Epi|TA 1	0.0005	51
PRSS8	0.9048	Epi|Enterocytes	3.5356	51
PRTFDC1	0.7754	LP|WNT2B+ Fos-lo 1	0.2473	51
PRTG	0.8365	LP|Myofibroblasts	0.0393	51
PRUNE	0.6055	LP|ILCs	0.1177	51
PRUNE2	0.9198	Epi|Goblet	0.6424	51
PRX	0.9614	LP|Microvascular	0.6007	51
PSAP	0.8529	LP|Cycling Monocytes	23.0711	51
PSAT1	0.7699	LP|Plasma	0.2225	51
PSCA	0.9922	Epi|Enteroendocrine	0.7488	51
PSD	0.9090	Epi|Enteroendocrine	0.1321	51
PSD3	0.8862	LP|Myofibroblasts	0.8531	51
PSD4	0.6675	LP|CD8+ IELs	0.3799	51
PSEN1	0.5480	LP|Inflammatory Monocytes	0.4587	51
PSEN2	0.8686	LP|CD69- Mast	0.5628	51
PSENEN	0.3526	LP|CD8+ IL17+	1.2493	51
PSG2	0.8440	Epi|Goblet	0.0078	51
PSIP1	0.7679	LP|Cycling B	2.2823	51
PSKH1	0.7201	LP|MT-hi	0.1511	51
PSMA1	0.3870	LP|CD69- Mast	2.5311	51
PSMA2	0.6376	LP|CD69- Mast	3.2658	51
PSMA3	0.4473	LP|Microvascular	1.9429	51
PSMA4	0.5368	LP|Cycling B	3.9798	51
PSMA5	0.5136	LP|Cycling T	1.9923	51
PSMA6	0.4721	LP|Microvascular	0.3613	51
PSMA7	0.4427	LP|Microvascular	7.6370	51
PSMB1	0.4331	LP|WNT5B+ 2	4.9194	51
PSMB10	0.6334	LP|NKs	1.2785	51
PSMB2	0.5162	LP|Cycling B	2.2645	51
PSMB3	0.3743	LP|Cycling B	4.0584	51
PSMB4	0.3909	LP|CD69- Mast	1.2287	51
PSMB5	0.6684	LP|Microvascular	3.8087	51
PSMB6	0.3956	LP|Microvascular	3.0051	51
PSMB7	0.3512	LP|WNT5B+ 1	2.1777	51
PSMB8	0.4937	LP|Cycling T	3.3801	51
PSMB9	0.5986	LP|Cycling T	5.6705	51
PSMC1	0.5447	LP|Microvascular	1.8873	51
PSMC2	0.5552	LP|Glia	1.2086	51
PSMC3	0.4705	LP|WNT5B+ 1	1.8923	51
PSMC3IP	0.8314	LP|Cycling B	0.1981	51
PSMC4	0.4573	LP|Microvascular	1.4258	51
PSMC5	0.4488	LP|CD69- Mast	2.0058	51
PSMC6	0.4012	LP|Glia	0.9791	51
PSMD1	0.6857	Epi|M cells	1.1510	51
PSMD10	0.4841	Epi|M cells	0.3046	51
PSMD11	0.4935	LP|MT-hi	0.9390	51
PSMD12	0.5885	LP|CD69- Mast	0.7971	51
PSMD13	0.5151	LP|Microvascular	1.3507	51
PSMD14	0.7198	LP|CD69- Mast	1.8021	51
PSMD2	0.4314	LP|CD69- Mast	1.0260	51
PSMD3	0.4297	Epi|Enterocyte Progenitors	0.8299	51
PSMD4	0.4183	LP|Glia	1.8334	51
PSMD5	0.6241	LP|CD69- Mast	0.2301	51
PSMD5-AS1	0.6654	Epi|Tuft	0.7743	51
PSMD6	0.4898	LP|Glia	0.9643	51
PSMD6-AS2	0.8856	Epi|Enteroendocrine	0.0583	51
PSMD7	0.4069	LP|Cycling B	1.4438	51
PSMD8	0.4298	LP|Cycling T	2.7120	51
PSMD9	0.6830	Epi|Tuft	1.0238	51
PSME1	0.4108	LP|NKs	6.4129	51
PSME2	0.5054	LP|Cycling Monocytes	7.0900	51
PSME3	0.5200	LP|Cycling B	0.4527	51
PSME4	0.5630	LP|Cycling Monocytes	0.2504	51
PSMF1	0.3654	LP|GC	0.8244	51
PSMG1	0.6225	Epi|Cycling TA	0.7545	51
PSMG2	0.4930	LP|Cycling T	1.6800	51
PSMG3	0.4733	LP|CD69- Mast	0.7071	51
PSMG3-AS1	0.5736	LP|CD8+ IL17+	0.0830	51
PSMG4	0.4319	Epi|Cycling TA	0.4767	51
PSORS1C1	0.9249	Epi|Enterocytes	0.5234	51
PSORS1C3	0.9103	Epi|Goblet	0.0376	51
PSPC1	0.4875	LP|Cycling B	0.4087	51
PSPH	0.5623	LP|Cycling T	0.1799	51
PSPN	0.7396	LP|RSPO3+	0.0623	51
PSRC1	0.8823	Epi|Cycling TA	0.2079	51
PSTK	0.7841	LP|MT-hi	0.2230	51
PSTPIP1	0.8332	LP|NKs	1.0275	51
PSTPIP2	0.9879	Epi|Tuft	4.5172	51
PTAFR	0.8713	LP|Post-capillary Venules	0.7440	51
PTAR1	0.5874	LP|MT-hi	0.3428	51
PTBP1	0.5177	LP|Cycling T	1.0769	51
PTBP2	0.8432	LP|Endothelial	0.3199	51
PTBP3	0.6758	Epi|M cells	0.8852	51
PTCD1	0.8180	LP|MT-hi	0.2239	51
PTCD2	0.7310	LP|RSPO3+	0.0833	51
PTCD3	0.4549	Epi|Cycling TA	0.3768	51
PTCH1	0.9238	LP|Myofibroblasts	2.6020	51
PTCH2	0.8603	LP|WNT5B+ 1	0.0852	51
PTCHD1	0.9595	Epi|Tuft	0.0992	51
PTCHD3P1	0.6722	LP|RSPO3+	0.2126	51
PTCRA	0.9918	LP|CD69+ Mast	0.4560	51
PTDSS1	0.6913	LP|GC	0.7913	51
PTDSS2	0.7042	LP|WNT5B+ 1	0.2376	51
PTEN	0.6017	LP|Inflammatory Monocytes	0.8459	51
PTER	0.8585	LP|CD69- Mast	0.6786	51
PTGDR	0.9341	LP|NKs	1.6513	51
PTGDR2	0.9627	LP|WNT5B+ 1	0.8451	51
PTGDS	0.9593	LP|RSPO3+	31.9075	51
PTGER1	0.9553	LP|RSPO3+	0.4225	51
PTGER2	0.7487	LP|WNT5B+ 1	1.3421	51
PTGER3	0.9443	LP|CD69+ Mast	0.1081	51
PTGER4	0.8071	LP|ILCs	2.9478	51
PTGES	0.9807	LP|Inflammatory Fibroblasts	2.5188	51
PTGES2	0.5827	LP|CD69- Mast	1.0795	51
PTGES3	0.4557	LP|Cycling T	3.8140	51
PTGES3L	0.8836	LP|Myofibroblasts	0.0345	51
PTGFR	0.9456	LP|Inflammatory Fibroblasts	0.5180	51
PTGFRN	0.8375	LP|Myofibroblasts	0.6329	51
PTGIR	0.9612	LP|Pericytes	1.3414	51
PTGIS	0.9653	LP|WNT5B+ 2	0.2587	51
PTGR1	0.7490	Epi|Enterocyte Progenitors	1.0751	51
PTGR2	0.6935	Epi|Enterocyte Progenitors	0.1632	51
PTGS1	0.9777	Epi|Tuft	7.3715	51
PTGS2	0.8891	LP|CD69+ Mast	1.5287	51
PTHLH	0.9910	LP|Inflammatory Fibroblasts	1.0676	51
PTK2	0.9283	LP|Pericytes	2.2295	51
PTK2B	0.7515	LP|GC	0.7541	51
PTK6	0.8429	Epi|Immature Enterocytes 2	0.4448	51
PTK7	0.8477	LP|WNT2B+ Fos-lo 1	0.6167	51
PTMA	0.6138	LP|Cycling B	93.0367	51
PTMS	0.7285	LP|Myofibroblasts	5.4428	51
PTN	0.9183	LP|WNT2B+ Fos-lo 1	6.5512	51
PTOV1	0.5606	LP|Glia	1.0113	51
PTOV1-AS1	0.9078	Epi|Enteroendocrine	0.0825	51
PTP4A1	0.6285	Epi|Enterocyte Progenitors	1.5621	51
PTP4A2	0.6544	LP|DC1	3.4154	51
PTP4A3	0.9165	LP|Pericytes	1.3591	51
PTPDC1	0.8567	LP|Glia	0.1622	51
PTPLA	0.9577	LP|CD69- Mast	0.8600	51
PTPLAD1	0.5859	LP|WNT5B+ 1	0.8303	51
PTPLAD2	0.7892	LP|WNT5B+ 1	1.3340	51
PTPLB	0.5964	Epi|Immature Enterocytes 2	0.3331	51
PTPMT1	0.6812	LP|Cycling Monocytes	0.8717	51
PTPN1	0.5906	LP|Follicular	0.5260	51
PTPN11	0.6479	LP|Pericytes	0.3681	51
PTPN12	0.7373	LP|Endothelial	0.8479	51
PTPN13	0.8485	LP|CD8+ IL17+	0.2180	51
PTPN14	0.8890	LP|Endothelial	0.4085	51
PTPN18	0.9361	Epi|Tuft	6.7110	51
PTPN2	0.6133	LP|Tregs	1.1635	51
PTPN21	0.7322	Epi|Enteroendocrine	0.1201	51
PTPN22	0.8589	LP|CD8+ IL17+	1.5054	51
PTPN23	0.6578	Epi|Tuft	0.1917	51
PTPN3	0.8591	Epi|Goblet	0.3379	51
PTPN4	0.8610	LP|NKs	1.3294	51
PTPN6	0.8310	LP|GC	3.3699	51
PTPN7	0.7986	LP|Tregs	2.7517	51
PTPN9	0.6527	LP|WNT5B+ 1	0.3015	51
PTPRA	0.5487	LP|Glia	0.6646	51
PTPRB	0.9550	LP|Microvascular	2.0822	51
PTPRC	0.7699	LP|CD4+ PD1+	5.8195	51
PTPRCAP	0.8511	LP|GC	15.3118	51
PTPRD	0.8876	Epi|M cells	0.3957	51
PTPRE	0.8664	LP|DC1	2.6792	51
PTPRF	0.8183	Epi|Enterocytes	1.7219	51
PTPRG	0.8489	LP|Endothelial	0.6113	51
PTPRG-AS1	0.9015	LP|Cycling Monocytes	0.0056	51
PTPRH	0.9236	Epi|Enterocytes	1.3475	51
PTPRJ	0.9057	Epi|Tuft	0.2131	51
PTPRK	0.7176	LP|Pericytes	0.5677	51
PTPRM	0.9175	LP|Endothelial	0.8038	51
PTPRN	0.9912	LP|Inflammatory Fibroblasts	0.1385	51
PTPRN2	0.8183	LP|Microvascular	0.9521	51
PTPRO	0.9550	Epi|Stem	0.4892	51
PTPRR	0.9555	Epi|Enterocytes	0.5635	51
PTPRS	0.8475	LP|WNT2B+ Fos-lo 2	0.5449	51
PTPRU	0.9147	LP|WNT2B+ Fos-lo 2	0.0254	51
PTRF	0.9045	LP|Endothelial	6.1430	51
PTRH1	0.8357	LP|CD69- Mast	1.2751	51
PTRH2	0.5438	Epi|Cycling TA	0.2854	51
PTRHD1	0.5142	Epi|Secretory TA	1.5569	51
PTS	0.6386	LP|Myofibroblasts	1.1491	51
PTTG1	0.9003	LP|Cycling B	4.7272	51
PTTG1IP	0.7496	Epi|Enterocytes	2.6791	51
PTTG2	0.9298	Epi|Cycling TA	0.0272	51
PTX3	0.9480	LP|WNT5B+ 2	0.8023	51
PUF60	0.5275	LP|Glia	1.5889	51
PUM1	0.4752	Epi|M cells	0.4428	51
PUM2	0.5533	Epi|M cells	0.4327	51
PURA	0.5274	LP|Glia	0.5379	51
PURB	0.7509	Epi|M cells	0.6400	51
PUS1	0.5402	Epi|Cycling TA	0.2032	51
PUS10	0.9138	LP|GC	0.4297	51
PUS3	0.5915	LP|CD8+ IL17+	0.2043	51
PUS7	0.6417	LP|Microvascular	0.0833	51
PUS7L	0.6311	LP|MT-hi	0.4097	51
PUSL1	0.5339	LP|Cycling T	0.2182	51
PVALB	0.9767	LP|CD4+ PD1+	0.7047	51
PVR	0.8868	Epi|Tuft	0.4674	51
PVRL1	0.8280	Epi|Tuft	0.3247	51
PVRL2	0.7502	LP|Post-capillary Venules	1.6965	51
PVRL3	0.7211	Epi|TA 2	0.3134	51
PVRL3-AS1	0.9718	LP|WNT5B+ 2	0.0071	51
PVRL4	0.9239	Epi|M cells	0.1397	51
PVT1	0.8827	LP|CD4+ PD1+	0.6838	51
PWAR6	0.8727	Epi|Enteroendocrine	0.1569	51
PWP1	0.5131	LP|Endothelial	0.6284	51
PWP2	0.5487	LP|NKs	0.2058	51
PWRN1	0.9840	Epi|Goblet	0.0104	51
PWWP2A	0.5290	LP|WNT5B+ 2	0.3059	51
PWWP2B	0.7315	Epi|Tuft	0.3049	51
PXDC1	0.8152	LP|DC2	0.2673	51
PXDN	0.8982	LP|WNT5B+ 2	1.5696	51
PXK	0.8690	LP|GC	1.2354	51
PXMP2	0.7917	Epi|Enterocyte Progenitors	2.1163	51
PXMP4	0.5114	Epi|Cycling TA	0.1026	51
PXN	0.7743	LP|Microvascular	0.8339	51
PXN-AS1	0.7666	LP|CD69- Mast	0.2859	51
PXT1	nan	Epi|Best4+ Enterocytes	0.0000	51
PYCARD	0.7052	LP|Inflammatory Monocytes	5.0396	51
PYCR1	0.8389	Epi|Immature Goblet	0.7201	51
PYCR2	0.5105	LP|Glia	0.6622	51
PYCRL	0.6553	LP|GC	0.1198	51
PYDC1	0.9925	Epi|Cycling TA	0.0001	51
PYGB	0.7978	Epi|M cells	1.1603	51
PYGL	0.8132	LP|Glia	0.3903	51
PYGM	0.9459	LP|Pericytes	0.1415	51
PYGO1	0.9085	LP|Pericytes	0.1135	51
PYGO2	0.7533	LP|CD8+ IL17+	0.3770	51
PYHIN1	0.8741	LP|NKs	1.6551	51
PYROXD1	0.5944	LP|CD8+ IL17+	0.2262	51
PYROXD2	0.7004	LP|NKs	0.1521	51
PYURF	0.5417	LP|CD69- Mast	2.7723	51
PYY	0.9998	Epi|Enteroendocrine	279.5022	51
QARS	0.5544	Epi|Stem	1.4961	51
QDPR	0.7662	Epi|Enteroendocrine	1.1822	51
QKI	0.8214	LP|Glia	1.2557	51
QPCT	0.9339	LP|CD69- Mast	2.9043	51
QPCTL	0.7794	LP|Microvascular	0.0381	51
QPRT	0.7086	Epi|Stem	0.7761	51
QRICH1	0.4736	LP|Pericytes	0.2569	51
QRICH2	0.9263	Epi|Tuft	0.0414	51
QRSL1	0.8617	LP|GC	0.8832	51
QSER1	0.8061	LP|RSPO3+	0.3148	51
QSOX1	0.8019	LP|Inflammatory Fibroblasts	3.3120	51
QSOX2	0.7466	LP|Microvascular	0.1386	51
QTRT1	0.8604	Epi|M cells	4.2140	51
QTRTD1	0.5859	LP|Endothelial	0.1843	51
R3HCC1	0.5855	LP|Myofibroblasts	0.6328	51
R3HCC1L	0.4210	LP|Endothelial	0.1095	51
R3HDM1	0.4919	LP|Cycling B	0.1750	51
R3HDM2	0.5873	LP|Pericytes	0.3734	51
R3HDM4	0.6318	LP|GC	0.7533	51
RAB10	0.4946	LP|DC1	1.3873	51
RAB11A	0.7037	LP|Post-capillary Venules	4.1384	51
RAB11B	0.5416	Epi|Tuft	1.6159	51
RAB11B-AS1	0.5723	LP|Glia	0.1661	51
RAB11FIP1	0.6798	Epi|Enterocytes	1.5726	51
RAB11FIP2	0.6441	LP|Myofibroblasts	0.1901	51
RAB11FIP3	0.8344	Epi|M cells	0.0700	51
RAB11FIP4	0.8051	Epi|M cells	0.5403	51
RAB11FIP5	0.8327	LP|ILCs	0.2000	51
RAB12	0.8550	LP|Endothelial	0.0829	51
RAB13	0.7911	LP|Post-capillary Venules	5.0331	51
RAB14	0.5530	LP|CD8+ IL17+	1.1662	51
RAB15	0.9017	Epi|Immature Goblet	0.3800	51
RAB17	0.8748	Epi|Immature Enterocytes 1	0.6340	51
RAB18	0.5943	LP|CD69- Mast	1.5271	51
RAB1A	0.4524	LP|Myofibroblasts	1.9691	51
RAB1B	0.4888	Epi|M cells	0.7167	51
RAB20	0.8422	LP|Cycling Monocytes	0.9341	51
RAB21	0.5665	LP|Inflammatory Monocytes	0.5096	51
RAB22A	0.5359	LP|CD4+ PD1+	0.4842	51
RAB23	0.8965	LP|Myofibroblasts	0.4892	51
RAB24	0.6714	LP|Inflammatory Monocytes	0.1343	51
RAB25	0.8154	Epi|Enterocyte Progenitors	2.0365	51
RAB26	0.9824	Epi|Enteroendocrine	1.0582	51
RAB27A	0.8648	Epi|Goblet	2.4863	51
RAB27B	0.9712	LP|CD69+ Mast	1.6223	51
RAB28	0.5586	LP|Glia	0.4348	51
RAB2A	0.4465	Epi|Immature Goblet	2.2496	51
RAB2B	0.6544	Epi|M cells	0.2105	51
RAB30	0.9405	LP|GC	1.5391	51
RAB30-AS1	0.5900	LP|GC	0.4777	51
RAB31	0.8439	LP|Inflammatory Monocytes	1.7386	51
RAB32	0.8474	LP|DC1	3.6621	51
RAB33A	0.8761	LP|CD8+ IL17+	0.5406	51
RAB33B	0.7002	LP|Glia	0.1630	51
RAB34	0.8109	LP|Inflammatory Fibroblasts	2.3839	51
RAB35	0.5781	LP|CD8+ IL17+	0.3684	51
RAB36	0.8784	Epi|Tuft	0.0305	51
RAB37	0.8428	Epi|Tuft	0.6899	51
RAB38	0.9050	LP|Glia	0.3395	51
RAB39B	0.7890	LP|MT-hi	0.1140	51
RAB3A	0.7219	LP|CD4+ PD1+	0.1445	51
RAB3B	0.9726	Epi|Enteroendocrine	0.9907	51
RAB3C	0.9829	LP|Post-capillary Venules	0.8665	51
RAB3D	0.8407	LP|Inflammatory Monocytes	0.4605	51
RAB3GAP1	0.4613	Epi|Tuft	0.3180	51
RAB3GAP2	0.4812	LP|GC	0.2500	51
RAB3IL1	0.8780	LP|RSPO3+	0.1654	51
RAB3IP	0.6941	Epi|M cells	0.3620	51
RAB40B	0.7071	LP|Glia	0.6419	51
RAB40C	0.7157	Epi|Immature Enterocytes 1	0.2704	51
RAB42	0.9644	LP|Cycling Monocytes	0.3534	51
RAB4A	0.5168	Epi|Tuft	1.0591	51
RAB4B	0.6300	LP|GC	0.8294	51
RAB5A	0.5630	LP|CD69+ Mast	0.9524	51
RAB5B	0.6789	Epi|M cells	0.7994	51
RAB5C	0.5448	LP|Microvascular	2.5336	51
RAB6A	0.5127	LP|Microvascular	0.9179	51
RAB6B	0.9214	Epi|Enterocytes	0.1769	51
RAB6C	0.9734	Epi|Enterocyte Progenitors	0.0049	51
RAB7A	0.5169	LP|WNT5B+ 1	3.1046	51
RAB7L1	0.7620	LP|NKs	0.7030	51
RAB8A	0.5853	LP|CD8+ IL17+	1.2651	51
RAB8B	0.6729	LP|ILCs	0.7399	51
RAB9A	0.6998	Epi|Enterocytes	1.1053	51
RAB9B	0.9706	LP|Myofibroblasts	0.1382	51
RABAC1	0.5137	LP|Microvascular	5.8645	51
RABEP1	0.6833	LP|GC	0.5262	51
RABEP2	0.7879	LP|GC	0.7898	51
RABEPK	0.5788	LP|RSPO3+	0.3193	51
RABGAP1	0.7642	LP|Myofibroblasts	0.4407	51
RABGAP1L	0.6897	LP|Tregs	0.9649	51
RABGAP1L-IT1	0.8842	Epi|Tuft	0.0984	51
RABGEF1	0.8857	LP|Macrophages	0.0545	51
RABGGTA	0.4714	LP|Microvascular	0.2860	51
RABGGTB	0.5770	LP|GC	0.8428	51
RABIF	0.5618	LP|Cycling T	0.6469	51
RABL2A	0.7170	LP|RSPO3+	0.1588	51
RABL2B	0.8880	LP|CD69- Mast	1.0016	51
RABL3	0.4421	LP|Endothelial	0.1603	51
RABL5	0.7030	LP|WNT5B+ 1	0.5586	51
RABL6	0.5788	Epi|Tuft	0.8240	51
RAC1	0.5850	LP|Cycling Monocytes	10.8022	51
RAC2	0.7737	LP|Cycling T	7.3038	51
RAC3	0.8180	Epi|Cycling TA	0.0807	51
RACGAP1	0.8952	LP|Cycling B	0.5420	51
RAD1	0.6395	LP|Cycling T	0.4472	51
RAD17	0.7549	LP|GC	0.3936	51
RAD18	0.6505	LP|Cycling B	0.1274	51
RAD21	0.6663	LP|Cycling T	1.6482	51
RAD21-AS1	0.9268	LP|NKs	0.0087	51
RAD23A	0.4183	LP|Glia	1.7269	51
RAD23B	0.7234	LP|CD69- Mast	1.8532	51
RAD50	0.5024	LP|RSPO3+	0.5123	51
RAD51	0.9447	LP|Cycling B	0.5723	51
RAD51-AS1	0.8481	LP|CD69- Mast	0.6786	51
RAD51AP1	0.9199	LP|Cycling Monocytes	0.6567	51
RAD51AP2	0.9689	Epi|Tuft	0.0046	51
RAD51B	0.5771	LP|CD8+ IL17+	0.0731	51
RAD51C	0.7250	LP|Cycling T	0.8026	51
RAD51D	0.8956	LP|CD69- Mast	0.4073	51
RAD52	0.7445	Epi|Enteroendocrine	0.0834	51
RAD54B	0.8402	LP|Cycling B	0.0371	51
RAD54L	0.9345	LP|Cycling T	0.1521	51
RAD54L2	0.5385	LP|WNT2B+ Fos-lo 2	0.1526	51
RAD9A	0.6555	LP|NKs	0.6197	51
RAD9B	0.8995	LP|Cycling B	0.0112	51
RAE1	0.5095	LP|Inflammatory Monocytes	0.4717	51
RAET1E	0.9741	LP|Endothelial	0.0109	51
RAET1G	0.9403	LP|Microvascular	0.0834	51
RAET1L	0.9763	Epi|Enterocytes	0.0100	51
RAF1	0.4808	LP|Pericytes	0.4843	51
RAG1	0.8930	Epi|Goblet	0.0471	51
RAI1	0.7391	Epi|Tuft	0.1730	51
RAI14	0.9262	LP|Post-capillary Venules	1.3545	51
RAI2	0.8800	LP|RSPO3+	0.4911	51
RALA	0.6636	LP|Microvascular	1.3321	51
RALB	0.7404	LP|Endothelial	1.2179	51
RALBP1	0.4372	LP|Post-capillary Venules	0.9704	51
RALGAPA1	0.6585	LP|CD8+ IELs	0.6724	51
RALGAPA2	0.8343	Epi|Tuft	0.5992	51
RALGAPB	0.4832	LP|Microvascular	0.1710	51
RALGDS	0.5696	LP|Post-capillary Venules	0.3978	51
RALGPS1	0.7133	Epi|Enteroendocrine	0.1702	51
RALGPS2	0.9137	LP|Follicular	1.2337	51
RALY	0.5669	LP|Cycling T	2.7015	51
RAMP1	0.9372	LP|Inflammatory Fibroblasts	1.9928	51
RAMP2	0.9652	LP|Endothelial	17.6804	51
RAMP2-AS1	0.9073	LP|Endothelial	0.0866	51
RAMP3	0.9662	LP|Microvascular	13.1319	51
RAN	0.7337	LP|Cycling B	10.5188	51
RANBP1	0.7109	LP|Cycling B	6.3652	51
RANBP10	0.7129	Epi|Enteroendocrine	0.1111	51
RANBP17	0.9070	Epi|M cells	0.2019	51
RANBP2	0.7997	LP|GC	1.2514	51
RANBP3	0.4765	LP|Pericytes	0.3357	51
RANBP6	0.7630	LP|CD4+ PD1+	0.1964	51
RANBP9	0.4825	LP|Tregs	0.1861	51
RANGAP1	0.7482	LP|Cycling T	0.3289	51
RANGRF	0.5321	LP|NKs	0.6863	51
RAP1A	0.6373	LP|Tregs	3.4799	51
RAP1B	0.7468	LP|NKs	5.6173	51
RAP1GAP	0.9695	Epi|Immature Goblet	0.7752	51
RAP1GAP2	0.8671	Epi|Enteroendocrine	0.3570	51
RAP1GDS1	0.5858	LP|CD8+ IELs	0.3130	51
RAP2A	0.8121	LP|Pericytes	0.4952	51
RAP2B	0.7954	LP|Macrophages	0.7565	51
RAP2C	0.5923	LP|CD69- Mast	0.3339	51
RAP2C-AS1	0.6834	LP|Glia	0.0401	51
RAPGEF1	0.7642	LP|Endothelial	0.6130	51
RAPGEF2	0.8063	LP|Endothelial	0.4024	51
RAPGEF3	0.9550	LP|Endothelial	0.6700	51
RAPGEF4	0.9678	LP|Microvascular	0.4629	51
RAPGEF5	0.9116	LP|Microvascular	0.7870	51
RAPGEF6	0.8085	LP|CD8+ IL17+	0.3273	51
RAPGEFL1	0.8761	Epi|Immature Enterocytes 2	0.6107	51
RAPH1	0.7658	Epi|Enterocytes	0.1597	51
RAPSN	0.9979	Epi|TA 1	0.0018	51
RARA	0.7831	LP|CD69- Mast	0.7071	51
RARB	0.9648	LP|Pericytes	0.1519	51
RARG	0.8770	LP|Microvascular	0.5445	51
RARRES1	0.9015	LP|CD69- Mast	2.7226	51
RARRES2	0.9051	LP|Inflammatory Fibroblasts	27.2908	51
RARRES3	0.6983	LP|NKs	4.9938	51
RARS	0.4792	Epi|Enterocyte Progenitors	0.5480	51
RARS2	0.4883	LP|Microvascular	0.3978	51
RASA1	0.6044	Epi|Tuft	0.1769	51
RASA2	0.6795	LP|ILCs	0.4115	51
RASA3	0.8459	LP|NKs	0.4433	51
RASA4	0.9196	LP|Post-capillary Venules	1.0722	51
RASA4B	0.9371	LP|Post-capillary Venules	0.0251	51
RASAL1	0.9507	Epi|M cells	0.2063	51
RASAL2	0.8963	LP|Microvascular	0.4045	51
RASAL2-AS1	0.9081	LP|Pericytes	0.0139	51
RASAL3	0.8233	LP|CD8+ IL17+	1.3166	51
RASD1	0.8430	LP|Glia	1.4206	51
RASD2	0.9434	LP|Pericytes	0.1757	51
RASEF	0.9492	Epi|Goblet	0.8082	51
RASGEF1A	0.9106	LP|Glia	0.0668	51
RASGEF1B	0.8785	LP|CD69+ Mast	2.0153	51
RASGRF1	0.9335	LP|DC2	0.0446	51
RASGRF2	0.9403	LP|Endothelial	0.3714	51
RASGRP1	0.8670	LP|Tregs	0.7151	51
RASGRP2	0.8690	LP|Pericytes	1.4821	51
RASGRP3	0.9358	LP|GC	1.3670	51
RASGRP4	0.9549	LP|Inflammatory Monocytes	0.2666	51
RASIP1	0.9577	LP|Microvascular	1.3462	51
RASL10A	0.9364	LP|Endothelial	0.0233	51
RASL11A	0.8057	LP|Pericytes	0.2556	51
RASL11B	0.8933	LP|Glia	0.0879	51
RASL12	0.9481	LP|Pericytes	1.0090	51
RASSF1	0.7530	LP|NKs	1.1236	51
RASSF2	0.8537	LP|Inflammatory Monocytes	0.6913	51
RASSF3	0.7567	LP|Inflammatory Monocytes	0.6713	51
RASSF4	0.9571	LP|Glia	2.2573	51
RASSF5	0.7448	LP|CD8+ IL17+	1.5309	51
RASSF6	0.9718	Epi|Tuft	3.6625	51
RASSF7	0.8261	Epi|Tuft	2.2496	51
RASSF8	0.8885	LP|Inflammatory Fibroblasts	0.1974	51
RASSF8-AS1	0.8509	LP|Inflammatory Fibroblasts	0.2284	51
RASSF9	0.9908	LP|Post-capillary Venules	0.2317	51
RAVER1	0.6890	Epi|Enteroendocrine	0.0438	51
RAVER2	0.8100	Epi|Enterocytes	0.3184	51
RB1	0.8632	LP|Cycling Monocytes	1.6519	51
RB1CC1	0.5185	LP|CD8+ IL17+	0.4985	51
RBAK	0.5679	LP|Pericytes	0.0695	51
RBAK-RBAKDN	0.6043	LP|MT-hi	0.1746	51
RBBP4	0.7140	LP|Cycling B	2.2463	51
RBBP5	0.5790	LP|CD4+ PD1+	0.2634	51
RBBP6	0.5700	LP|CD69- Mast	1.0839	51
RBBP7	0.6901	LP|Cycling B	2.0148	51
RBBP8	0.7559	LP|Cycling T	0.2968	51
RBBP8NL	0.8200	Epi|Immature Goblet	0.2822	51
RBBP9	0.7823	LP|RSPO3+	0.1452	51
RBCK1	0.5141	Epi|Goblet	1.4153	51
RBFA	0.4674	LP|Pericytes	0.2953	51
RBFADN	0.8486	LP|ILCs	0.0213	51
RBFOX1	0.9536	LP|Myofibroblasts	0.1587	51
RBFOX2	0.8050	LP|Myofibroblasts	0.8477	51
RBFOX3	0.8394	LP|Inflammatory Monocytes	0.2358	51
RBKS	0.7646	Epi|Enterocyte Progenitors	0.2456	51
RBL1	0.7736	LP|Cycling T	0.1302	51
RBL2	0.6964	LP|ILCs	0.9235	51
RBM10	0.5971	LP|MT-hi	0.4926	51
RBM11	0.8973	LP|RSPO3+	0.0544	51
RBM12	0.4980	LP|CD8+ IL17+	0.2673	51
RBM12B	0.5723	Epi|M cells	0.1499	51
RBM14	0.5279	LP|Cycling T	0.5458	51
RBM15	0.6295	LP|Cycling T	0.1376	51
RBM15B	0.4854	LP|NKs	0.2460	51
RBM17	0.5356	LP|Endothelial	1.5640	51
RBM18	0.6775	Epi|M cells	0.6127	51
RBM19	0.6663	Epi|Enteroendocrine	0.1969	51
RBM20	0.9207	LP|Pericytes	0.0064	51
RBM22	0.6342	LP|CD69- Mast	0.8950	51
RBM23	0.6444	LP|MT-hi	1.5575	51
RBM24	0.9777	Epi|M cells	0.2101	51
RBM25	0.4348	Epi|Tuft	1.6507	51
RBM26	0.4872	Epi|Enteroendocrine	0.4909	51
RBM26-AS1	0.8242	LP|CD4+ PD1+	0.1005	51
RBM27	0.4654	LP|Tregs	0.5262	51
RBM28	0.5242	LP|NKs	0.2177	51
RBM3	0.4599	LP|GC	4.6813	51
RBM33	0.4510	Epi|Tuft	0.3086	51
RBM34	0.7871	LP|MT-hi	0.1962	51
RBM38	0.8716	Epi|Tuft	1.7634	51
RBM39	0.5415	LP|ILCs	4.5152	51
RBM4	0.5796	LP|CD8+ LP	0.6129	51
RBM41	0.7897	Epi|M cells	0.3438	51
RBM42	0.5552	LP|Glia	1.3694	51
RBM43	0.7895	LP|Glia	0.2580	51
RBM44	0.9182	LP|Cycling T	0.0081	51
RBM45	0.5404	LP|Glia	0.1436	51
RBM47	0.8065	Epi|Enterocytes	1.8725	51
RBM48	0.5745	LP|CD8+ IL17+	0.1960	51
RBM4B	0.7027	LP|MT-hi	0.5508	51
RBM5	0.4806	Epi|Tuft	0.7108	51
RBM6	0.6980	LP|GC	1.3242	51
RBM7	0.5537	LP|CD69+ Mast	0.9986	51
RBM8A	0.5671	LP|CD69+ Mast	4.5247	51
RBMS1	0.7860	LP|Glia	2.3256	51
RBMS2	0.8409	LP|Microvascular	0.1922	51
RBMS3	0.8784	LP|Pericytes	0.8591	51
RBMX	0.5097	LP|Cycling B	2.7095	51
RBMX2	0.4105	LP|Cycling T	0.4656	51
RBMXL1	0.7330	LP|CD69- Mast	0.5611	51
RBP1	0.8952	LP|WNT2B+ Fos-hi	6.1540	51
RBP2	0.9320	Epi|Enterocytes	0.1346	51
RBP4	0.9531	LP|WNT5B+ 1	1.3538	51
RBP5	0.9645	LP|Microvascular	6.8467	51
RBP7	0.9766	LP|Endothelial	5.0085	51
RBPJ	0.6915	LP|ILCs	2.0070	51
RBPMS	0.8762	LP|Myofibroblasts	3.2380	51
RBPMS-AS1	0.9014	LP|Glia	0.0497	51
RBPMS2	0.9296	LP|Pericytes	0.2072	51
RBX1	0.4179	LP|Cycling B	3.6714	51
RC3H1	0.4446	LP|WNT2B+ Fos-lo 2	0.2674	51
RC3H1-IT1	0.8578	LP|Cycling T	0.0159	51
RC3H2	0.6764	LP|CD69- Mast	0.3339	51
RCAN1	0.9485	LP|Glia	3.6583	51
RCAN2	0.8805	LP|Pericytes	1.3583	51
RCAN3	0.8204	LP|CD4+ Memory	1.1860	51
RCBTB1	0.6492	Epi|Tuft	0.1029	51
RCBTB2	0.8536	LP|CD69- Mast	0.7958	51
RCC1	0.7692	LP|Cycling B	0.4241	51
RCC2	0.7233	Epi|Tuft	0.5658	51
RCCD1	0.7361	LP|Cycling B	0.3516	51
RCE1	0.6267	LP|CD4+ PD1+	0.4036	51
RCHY1	0.5895	LP|CD8+ IL17+	0.5954	51
RCL1	0.7054	LP|WNT5B+ 1	0.2556	51
RCN1	0.8425	LP|Myofibroblasts	3.1541	51
RCN2	0.5872	LP|Microvascular	1.6661	51
RCN3	0.8924	LP|Inflammatory Fibroblasts	1.4908	51
RCOR1	0.6907	LP|Inflammatory Monocytes	0.3277	51
RCOR2	0.9667	Epi|Enteroendocrine	0.0762	51
RCOR3	0.5651	Epi|Tuft	0.2626	51
RCSD1	0.7934	LP|GC	1.8415	51
RDH10	0.7535	LP|WNT2B+ Fos-hi	0.3453	51
RDH11	0.6134	LP|Glia	0.7592	51
RDH12	0.9442	Epi|Immature Enterocytes 2	0.0026	51
RDH13	0.5666	LP|CD69- Mast	0.2149	51
RDH14	0.6186	LP|RSPO3+	0.6500	51
RDH16	0.9873	Epi|M cells	0.0008	51
RDH5	0.8904	Epi|Tuft	0.8580	51
RDM1	0.9434	LP|Cycling B	0.0890	51
RDX	0.8629	LP|Glia	3.1348	51
REC8	0.8571	LP|DC1	0.3962	51
RECK	0.8266	LP|WNT5B+ 1	0.3897	51
RECQL	0.5927	LP|Cycling T	0.4376	51
RECQL4	0.8835	LP|Cycling Monocytes	0.1113	51
RECQL5	0.8395	Epi|Goblet	0.3032	51
REEP1	0.9047	Epi|Tuft	0.0186	51
REEP2	0.9732	LP|WNT5B+ 1	0.5705	51
REEP3	0.6009	LP|Myofibroblasts	0.8901	51
REEP4	0.6737	Epi|Cycling TA	0.4851	51
REEP5	0.4707	LP|Inflammatory Fibroblasts	2.6983	51
REEP6	0.7339	LP|CD4+ PD1+	0.1142	51
REG1A	0.9152	Epi|Cycling TA	16.5964	51
REG1B	0.9487	Epi|Immature Goblet	6.1487	51
REG3A	0.9562	Epi|Secretory TA	2.2064	51
REG3G	0.9638	Epi|Cycling TA	0.0017	51
REG4	0.9481	Epi|Immature Goblet	21.0344	51
REL	0.8410	LP|ILCs	3.2247	51
RELA	0.5893	LP|CD69- Mast	0.6102	51
RELB	0.6619	LP|GC	0.8797	51
RELL1	0.7094	LP|Post-capillary Venules	0.0651	51
RELL2	0.7259	LP|Cycling T	0.0929	51
RELT	0.8295	LP|GC	0.4379	51
REM1	0.9752	LP|Pericytes	1.5106	51
REM2	0.8475	Epi|Enteroendocrine	0.0425	51
REN	0.9980	Epi|Best4+ Enterocytes	0.1239	51
RENBP	0.9088	LP|CD69+ Mast	1.2901	51
REP15	0.9755	Epi|Goblet	5.5745	51
REPIN1	0.6974	Epi|Stem	1.1275	51
REPS1	0.7046	LP|CD69+ Mast	0.3119	51
REPS2	0.8571	Epi|Enteroendocrine	0.1514	51
RER1	0.4262	Epi|Enterocytes	1.9682	51
RERE	0.6459	Epi|Tuft	0.6337	51
RERG	0.9600	LP|Pericytes	1.2553	51
RERGL	nan	Epi|Best4+ Enterocytes	0.0000	51
REST	0.5502	LP|CD4+ PD1+	0.6732	51
RET	0.8793	LP|CD69+ Mast	0.0184	51
RETNLB	0.9859	Epi|Immature Goblet	12.0001	51
RETSAT	0.8955	Epi|Enterocytes	2.1237	51
REV1	0.4610	LP|MT-hi	0.2638	51
REV3L	0.6306	LP|WNT2B+ Fos-lo 1	0.6419	51
REV3L-IT1	0.9219	LP|WNT2B+ Fos-lo 2	0.0334	51
REXO1	0.7641	Epi|Tuft	0.2991	51
REXO2	0.6803	LP|WNT5B+ 1	2.4703	51
REXO4	0.5258	LP|NKs	0.3542	51
RFC1	0.7769	LP|GC	1.1130	51
RFC2	0.8192	LP|Cycling B	1.0270	51
RFC3	0.8940	LP|Cycling B	0.4978	51
RFC4	0.8556	LP|Cycling T	0.7399	51
RFC5	0.8256	LP|Cycling T	0.4017	51
RFESD	0.8987	LP|CD69- Mast	0.2334	51
RFFL	0.5659	Epi|Enterocytes	0.1869	51
RFK	0.8521	Epi|Enterocytes	2.0823	51
RFNG	0.5910	Epi|Enteroendocrine	0.1886	51
RFPL1S	0.8325	LP|Macrophages	0.0127	51
RFPL3S	0.9156	LP|WNT5B+ 2	0.0055	51
RFT1	0.6172	LP|Glia	0.2507	51
RFTN1	0.9088	LP|GC	2.4437	51
RFTN2	0.9464	LP|Glia	0.3473	51
RFWD2	0.5140	LP|CD69- Mast	0.3530	51
RFWD3	0.6929	LP|Cycling B	0.1837	51
RFX1	0.4827	LP|CD4+ PD1+	0.1971	51
RFX2	0.8682	LP|CD69- Mast	0.3339	51
RFX3	0.9189	Epi|Enteroendocrine	0.6117	51
RFX4	0.9169	LP|WNT2B+ Fos-lo 2	0.0042	51
RFX5	0.7586	LP|GC	0.5151	51
RFX6	0.9985	Epi|Enteroendocrine	0.1414	51
RFX7	0.7456	LP|CD8+ IL17+	0.1425	51
RFXANK	0.4408	LP|GC	0.7763	51
RFXAP	0.7013	LP|CD8+ IL17+	0.2185	51
RGAG4	0.8532	LP|WNT2B+ Fos-lo 2	0.0782	51
RGCC	0.9304	LP|Microvascular	44.2988	51
RGL1	0.8895	LP|Macrophages	0.3988	51
RGL2	0.7970	LP|Microvascular	1.0367	51
RGL3	0.8644	LP|Pericytes	0.1783	51
RGL4	0.8857	LP|CD8+ IL17+	1.7430	51
RGMA	0.9745	LP|RSPO3+	0.7215	51
RGMB	0.9525	Epi|Stem	1.7869	51
RGMB-AS1	0.8396	Epi|Enteroendocrine	0.0224	51
RGN	0.9595	LP|RSPO3+	0.1386	51
RGP1	0.5487	Epi|Tuft	0.3161	51
RGPD5	0.8495	Epi|M cells	0.0690	51
RGPD8	0.9753	Epi|Immature Enterocytes 2	0.0006	51
RGS1	0.8331	LP|CD8+ IL17+	23.9695	51
RGS10	0.7935	LP|DC1	8.2156	51
RGS11	0.9561	LP|Glia	0.3356	51
RGS12	0.7143	LP|Post-capillary Venules	0.2790	51
RGS13	0.9563	LP|GC	6.2546	51
RGS14	0.7617	LP|CD8+ IL17+	0.7479	51
RGS16	0.9704	LP|Glia	8.4581	51
RGS17	0.9377	LP|WNT5B+ 1	0.5422	51
RGS18	0.9280	LP|CD69+ Mast	0.8262	51
RGS19	0.7520	LP|GC	1.5494	51
RGS2	0.7488	LP|Inflammatory Monocytes	9.2173	51
RGS22	0.9942	Epi|TA 2	0.0008	51
RGS3	0.8281	LP|Endothelial	1.3924	51
RGS4	0.9885	LP|Inflammatory Fibroblasts	0.2551	51
RGS5	0.9976	LP|Pericytes	67.1567	51
RGS6	0.9080	LP|WNT5B+ 1	0.1313	51
RGS9	0.9260	Epi|M cells	0.3514	51
RGS9BP	nan	Epi|Best4+ Enterocytes	0.0000	51
RHBDD1	0.6865	LP|CD69- Mast	0.1765	51
RHBDD2	0.7340	LP|CD69- Mast	1.6672	51
RHBDD3	0.7036	Epi|M cells	0.3916	51
RHBDF1	0.8988	LP|Glia	0.6782	51
RHBDF2	0.8350	LP|GC	0.5925	51
RHBDL1	0.9531	Epi|Tuft	0.2112	51
RHBDL2	0.8465	Epi|M cells	0.4934	51
RHBDL3	0.9641	Epi|Immature Goblet	0.0088	51
RHCE	0.9252	LP|NKs	0.0055	51
RHCG	0.9859	Epi|Best4+ Enterocytes	0.0270	51
RHEB	0.6981	LP|Glia	3.8332	51
RHEBL1	0.8106	LP|Cycling T	0.1169	51
RHNO1	0.7288	LP|CD8+ IL17+	0.5787	51
RHOA	0.5388	LP|Cycling Monocytes	7.1402	51
RHOB	0.8744	LP|Glia	5.1088	51
RHOBTB1	0.8229	LP|Glia	0.2447	51
RHOBTB2	0.8272	LP|GC	0.1709	51
RHOBTB3	0.7539	LP|WNT5B+ 1	1.2730	51
RHOC	0.7774	Epi|Enterocytes	11.1827	51
RHOD	0.9101	Epi|Enterocytes	0.5579	51
RHOF	0.7944	Epi|Enterocytes	2.2097	51
RHOG	0.6735	LP|DC2	3.1192	51
RHOH	0.8913	LP|GC	6.4058	51
RHOJ	0.9047	LP|Post-capillary Venules	0.5985	51
RHOQ	0.8061	LP|Pericytes	0.5453	51
RHOT1	0.6122	Epi|Enteroendocrine	0.3532	51
RHOT2	0.5844	Epi|Tuft	0.7673	51
RHOU	0.8281	Epi|Enterocytes	0.4164	51
RHOV	0.9688	Epi|Best4+ Enterocytes	0.5449	51
RHOXF1	0.9813	Epi|TA 2	0.0003	51
RHPN1	0.8424	LP|ILCs	0.2065	51
RHPN2	0.9270	Epi|M cells	0.7868	51
RIBC1	0.8814	LP|Glia	0.0145	51
RIBC2	0.9252	LP|Cycling T	0.0322	51
RIC3	0.8860	LP|Follicular	0.6796	51
RIC8A	0.6485	LP|CD4+ PD1+	0.8510	51
RIC8B	0.6164	Epi|Tuft	0.1824	51
RICTOR	0.8462	Epi|Tuft	1.7384	51
RIF1	0.4992	LP|Glia	0.3526	51
RILP	0.7198	Epi|Enterocytes	0.6886	51
RILPL1	0.8130	LP|Microvascular	0.0432	51
RILPL2	0.7652	LP|Microvascular	1.8955	51
RIMBP2	0.9985	Epi|Enteroendocrine	0.4590	51
RIMKLA	0.8407	Epi|Immature Enterocytes 2	0.2626	51
RIMKLB	0.8409	LP|Endothelial	0.3129	51
RIMS1	0.9854	LP|Myofibroblasts	0.0718	51
RIMS2	0.9522	Epi|Enteroendocrine	0.0532	51
RIMS3	0.9400	Epi|Goblet	0.1855	51
RIMS4	0.9226	Epi|Secretory TA	0.0048	51
RIN1	0.9199	LP|Microvascular	0.6322	51
RIN2	0.8407	LP|Inflammatory Fibroblasts	0.7509	51
RIN3	0.8795	LP|CD69- Mast	1.2312	51
RING1	0.6111	LP|RSPO3+	0.6706	51
RINL	0.7620	LP|NKs	0.3280	51
RINT1	0.6454	LP|GC	0.1569	51
RIOK1	0.5666	LP|Myofibroblasts	0.3918	51
RIOK2	0.6550	LP|CD4+ PD1+	0.4032	51
RIOK3	0.8035	Epi|Enterocytes	1.4819	51
RIPK1	0.5887	Epi|Enterocytes	0.2046	51
RIPK2	0.7864	LP|ILCs	0.6682	51
RIPK3	0.7950	Epi|Enterocytes	0.4041	51
RIPK4	0.9108	Epi|Enteroendocrine	0.1997	51
RIPPLY3	0.9610	LP|Myofibroblasts	0.0145	51
RIT1	0.6518	LP|Glia	0.5181	51
RLF	0.6471	LP|ILCs	0.2868	51
RLIM	0.6364	LP|CD69+ Mast	0.2825	51
RLN1	0.9268	Epi|Immature Enterocytes 1	0.0020	51
RLN2	0.8998	LP|Cycling B	0.1068	51
RLTPR	0.8113	LP|MT-hi	0.0636	51
RMDN1	0.6545	LP|Cycling B	0.5843	51
RMDN2	0.8697	LP|CD69- Mast	0.5068	51
RMDN3	0.6582	LP|Microvascular	0.5494	51
RMI1	0.7580	LP|Cycling B	0.1579	51
RMI2	0.9479	LP|Cycling B	1.9705	51
RMND1	0.8912	LP|CD69- Mast	0.6786	51
RMND5A	0.7232	Epi|Enterocytes	0.6951	51
RMND5B	0.7758	Epi|Tuft	0.6822	51
RMRP	0.9133	LP|Glia	0.1687	51
RN7SK	0.9253	Epi|Tuft	0.6255	51
RN7SKP119	0.9542	Epi|Immature Enterocytes 1	0.0022	51
RN7SKP124	0.9893	Epi|TA 1	0.0029	51
RN7SKP127	0.9793	Epi|Goblet	0.3236	51
RN7SKP150	0.9607	LP|WNT2B+ Fos-lo 2	0.0026	51
RN7SKP16	0.9071	LP|WNT2B+ Fos-lo 2	0.0090	51
RN7SKP22	nan	Epi|Best4+ Enterocytes	0.0000	51
RN7SKP230	nan	Epi|Best4+ Enterocytes	0.0000	51
RN7SKP255	0.9657	LP|WNT2B+ Fos-lo 2	0.0071	51
RN7SKP292	0.8420	LP|NKs	0.0084	51
RN7SKP295	0.9572	LP|WNT2B+ Fos-lo 1	0.2170	51
RN7SKP30	0.8108	LP|Pericytes	0.0116	51
RN7SKP71	nan	Epi|Best4+ Enterocytes	0.0000	51
RN7SKP79	nan	Epi|Best4+ Enterocytes	0.0000	51
RN7SKP9	nan	Epi|Best4+ Enterocytes	0.0000	51
RN7SKP90	0.9585	Epi|TA 1	0.0030	51
RN7SKP91	nan	Epi|Best4+ Enterocytes	0.0000	51
RN7SL1	0.7482	Epi|Goblet	0.1374	51
RN7SL102P	0.8278	Epi|TA 1	0.0112	51
RN7SL105P	0.9047	LP|DC1	0.0045	51
RN7SL109P	0.9253	LP|Inflammatory Fibroblasts	0.0030	51
RN7SL118P	0.7680	LP|Myofibroblasts	0.0257	51
RN7SL130P	0.9038	LP|NKs	0.0179	51
RN7SL132P	0.9464	Epi|TA 1	0.0053	51
RN7SL137P	0.7482	LP|Pericytes	0.0211	51
RN7SL139P	0.8587	LP|Inflammatory Monocytes	0.0038	51
RN7SL141P	0.9512	LP|Inflammatory Fibroblasts	0.0074	51
RN7SL142P	0.8235	Epi|Tuft	0.0277	51
RN7SL161P	0.9564	LP|Post-capillary Venules	0.0362	51
RN7SL172P	0.8961	LP|GC	0.0549	51
RN7SL17P	0.9306	Epi|Cycling TA	0.0004	51
RN7SL180P	0.8203	Epi|TA 1	0.0305	51
RN7SL2	0.8834	LP|NKs	0.1492	51
RN7SL200P	0.9000	LP|MT-hi	0.1710	51
RN7SL206P	0.9902	Epi|Immature Goblet	0.0019	51
RN7SL208P	0.9682	Epi|Enteroendocrine	0.0094	51
RN7SL212P	nan	Epi|Best4+ Enterocytes	0.0000	51
RN7SL215P	0.9601	LP|WNT2B+ Fos-hi	0.0194	51
RN7SL217P	nan	Epi|Best4+ Enterocytes	0.0000	51
RN7SL220P	0.9292	Epi|TA 2	0.0007	51
RN7SL230P	0.8583	LP|MT-hi	0.0435	51
RN7SL233P	0.7656	Epi|Tuft	0.0392	51
RN7SL239P	0.9763	Epi|TA 2	0.0008	51
RN7SL23P	0.8516	LP|CD8+ IL17+	0.0112	51
RN7SL246P	0.7773	LP|NKs	0.0053	51
RN7SL250P	0.9876	Epi|Cycling TA	0.0019	51
RN7SL265P	nan	Epi|Best4+ Enterocytes	0.0000	51
RN7SL280P	0.9574	LP|CD8+ IELs	0.0117	51
RN7SL301P	0.9609	Epi|Enteroendocrine	0.0009	51
RN7SL308P	0.9284	Epi|Enteroendocrine	0.0174	51
RN7SL30P	0.9314	LP|Cycling T	0.0035	51
RN7SL315P	0.7374	Epi|TA 1	0.0386	51
RN7SL317P	0.9077	Epi|Enteroendocrine	0.0267	51
RN7SL31P	0.9651	LP|Myofibroblasts	0.0102	51
RN7SL329P	0.8352	Epi|Tuft	0.0812	51
RN7SL32P	0.9696	Epi|Enterocyte Progenitors	0.0008	51
RN7SL336P	0.8464	LP|WNT5B+ 1	0.0959	51
RN7SL349P	0.9889	Epi|Goblet	0.0010	51
RN7SL34P	0.9133	LP|CD4+ Activated Fos-hi	0.0252	51
RN7SL364P	0.8280	LP|Endothelial	0.0381	51
RN7SL368P	0.9261	LP|DC2	0.4414	51
RN7SL373P	0.7807	LP|CD8+ IL17+	0.0184	51
RN7SL378P	0.7862	Epi|M cells	0.0187	51
RN7SL37P	0.9345	LP|MT-hi	0.0500	51
RN7SL386P	0.9766	Epi|Enterocytes	0.0053	51
RN7SL405P	0.8564	LP|CD8+ IELs	0.0028	51
RN7SL407P	0.9861	Epi|TA 2	0.0000	51
RN7SL419P	0.9323	LP|ILCs	0.0494	51
RN7SL430P	0.9683	Epi|Immature Enterocytes 2	0.0014	51
RN7SL443P	0.9190	LP|ILCs	0.1310	51
RN7SL448P	0.9213	Epi|Goblet	0.0077	51
RN7SL449P	nan	Epi|Best4+ Enterocytes	0.0000	51
RN7SL450P	0.8629	LP|GC	0.0323	51
RN7SL452P	0.8913	Epi|Tuft	0.0446	51
RN7SL455P	0.8046	LP|ILCs	0.0091	51
RN7SL467P	0.9651	LP|ILCs	0.0212	51
RN7SL472P	0.8903	LP|Glia	0.0276	51
RN7SL473P	0.7791	LP|CD4+ Activated Fos-hi	0.0184	51
RN7SL47P	0.8680	LP|CD8+ IELs	0.0033	51
RN7SL485P	0.8296	LP|Post-capillary Venules	0.0506	51
RN7SL486P	0.9715	Epi|TA 1	0.0016	51
RN7SL491P	0.9783	Epi|TA 2	0.0010	51
RN7SL499P	0.9161	Epi|Goblet	0.0777	51
RN7SL500P	0.8686	LP|CD8+ IELs	0.0220	51
RN7SL505P	0.8410	LP|NKs	0.0168	51
RN7SL521P	0.7834	LP|Inflammatory Monocytes	0.0188	51
RN7SL530P	0.9394	Epi|Enteroendocrine	0.0267	51
RN7SL537P	0.9879	Epi|TA 1	0.0029	51
RN7SL541P	0.9604	Epi|Best4+ Enterocytes	0.0034	51
RN7SL548P	0.9945	Epi|TA 1	0.0036	51
RN7SL559P	0.8699	Epi|Tuft	0.0565	51
RN7SL55P	0.7743	LP|MT-hi	0.0979	51
RN7SL560P	0.8697	LP|Cycling T	0.0077	51
RN7SL566P	0.8469	LP|Inflammatory Fibroblasts	0.0084	51
RN7SL580P	0.9735	Epi|TA 1	0.0014	51
RN7SL587P	0.9612	Epi|Tuft	0.0482	51
RN7SL589P	0.7920	Epi|M cells	0.0319	51
RN7SL590P	0.9563	LP|GC	0.0053	51
RN7SL600P	0.8612	LP|CD8+ IL17+	0.0417	51
RN7SL602P	0.9083	LP|GC	0.0035	51
RN7SL605P	0.8107	LP|CD4+ PD1+	0.0353	51
RN7SL608P	0.9165	LP|WNT2B+ Fos-lo 2	0.0038	51
RN7SL611P	0.9286	LP|Post-capillary Venules	0.0038	51
RN7SL612P	0.9534	Epi|Goblet	0.0123	51
RN7SL624P	0.9784	Epi|TA 1	0.0015	51
RN7SL642P	0.9114	LP|CD8+ IELs	0.0028	51
RN7SL650P	0.9927	Epi|TA 2	0.0006	51
RN7SL653P	0.9762	LP|NKs	0.0519	51
RN7SL661P	0.9675	LP|Pericytes	0.0081	51
RN7SL663P	0.9250	Epi|Tuft	0.0083	51
RN7SL670P	0.9209	Epi|Best4+ Enterocytes	0.0104	51
RN7SL676P	0.9972	Epi|Goblet	0.0083	51
RN7SL678P	0.9674	Epi|Secretory TA	0.0005	51
RN7SL684P	0.9774	Epi|Tuft	0.0194	51
RN7SL686P	0.9633	LP|Inflammatory Fibroblasts	0.0028	51
RN7SL689P	0.8625	LP|Myofibroblasts	0.0084	51
RN7SL698P	0.8755	LP|ILCs	0.0101	51
RN7SL721P	0.9883	Epi|TA 1	0.0036	51
RN7SL723P	0.9155	LP|CD4+ PD1+	0.0134	51
RN7SL724P	0.9802	Epi|TA 1	0.0009	51
RN7SL728P	0.9765	Epi|Goblet	0.0006	51
RN7SL737P	0.9065	LP|NKs	0.0026	51
RN7SL743P	0.8797	LP|Cycling T	0.0329	51
RN7SL747P	0.9048	LP|RSPO3+	0.0053	51
RN7SL749P	0.8178	LP|Pericytes	0.0239	51
RN7SL753P	0.8244	LP|NKs	0.0063	51
RN7SL758P	0.9798	LP|Pericytes	0.0210	51
RN7SL767P	0.9592	Epi|Best4+ Enterocytes	0.0007	51
RN7SL76P	0.6854	LP|Cycling T	0.0107	51
RN7SL774P	0.9489	Epi|Stem	0.0019	51
RN7SL775P	0.9629	LP|NKs	0.0136	51
RN7SL777P	0.8786	Epi|Immature Enterocytes 1	0.0743	51
RN7SL789P	0.9928	Epi|Goblet	0.0056	51
RN7SL794P	nan	Epi|Best4+ Enterocytes	0.0000	51
RN7SL825P	0.9520	Epi|TA 1	0.0032	51
RN7SL832P	0.8950	LP|WNT5B+ 1	0.7185	51
RN7SL834P	0.8585	LP|CD8+ LP	0.0073	51
RN7SL849P	0.9710	Epi|TA 1	0.0126	51
RN7SL850P	0.9589	Epi|Enteroendocrine	0.1542	51
RN7SL859P	0.9399	LP|Pericytes	0.0067	51
RN7SL99P	0.9293	LP|CD69+ Mast	0.0053	51
RN7SL9P	0.9840	Epi|Cycling TA	0.0005	51
RNA18S5	0.7463	LP|WNT2B+ Fos-lo 2	39.3883	51
RNA28S5	0.8785	LP|WNT2B+ Fos-lo 2	22.2123	51
RNA5-8SP3	0.9876	LP|Glia	0.0802	51
RNA5SP151	0.9147	Epi|Goblet	0.4558	51
RNA5SP383	0.7642	LP|CD4+ Memory	0.0054	51
RNA5SP450	0.9381	LP|WNT2B+ Fos-lo 2	0.0026	51
RNA5SP452	0.9689	LP|RSPO3+	0.0045	51
RNASE1	0.8857	Epi|Immature Goblet	10.8405	51
RNASE4	0.7799	Epi|Immature Goblet	0.2604	51
RNASE6	0.9469	LP|Cycling Monocytes	4.2035	51
RNASEH1	0.5526	LP|CD69- Mast	0.4489	51
RNASEH2A	0.8030	LP|Cycling B	0.9863	51
RNASEH2B	0.7048	LP|CD69- Mast	1.5179	51
RNASEH2C	0.4823	LP|WNT5B+ 2	2.1635	51
RNASEK	0.5254	LP|Inflammatory Monocytes	0.2312	51
RNASEK-C17orf49	0.9485	LP|Inflammatory Monocytes	0.0117	51
RNASEL	0.6122	LP|CD8+ IL17+	0.1477	51
RNASET2	0.7905	LP|Cycling Monocytes	7.2123	51
RND1	0.9525	LP|Microvascular	2.0396	51
RND3	0.8107	LP|WNT2B+ Fos-hi	1.3997	51
RNF10	0.3631	Epi|Enterocytes	0.6012	51
RNF103	0.7794	Epi|Enterocytes	0.5173	51
RNF11	0.5771	LP|CD69+ Mast	0.8005	51
RNF111	0.7458	LP|MT-hi	0.3005	51
RNF112	0.9384	LP|WNT2B+ Fos-lo 2	0.1668	51
RNF113A	0.6285	LP|CD69- Mast	0.7041	51
RNF114	0.4125	LP|Glia	0.8941	51
RNF115	0.6340	LP|MT-hi	0.7101	51
RNF121	0.6135	LP|GC	0.2802	51
RNF122	0.8089	LP|Endothelial	0.0595	51
RNF123	0.6399	LP|CD69- Mast	0.1478	51
RNF125	0.8567	LP|NKs	1.0266	51
RNF126	0.6709	LP|NKs	1.0957	51
RNF128	0.8566	Epi|Immature Enterocytes 2	0.2037	51
RNF13	0.6772	LP|Glia	1.2975	51
RNF130	0.8321	LP|CD69- Mast	3.1888	51
RNF135	0.5926	LP|Pericytes	0.3594	51
RNF138	0.6386	LP|ILCs	0.6125	51
RNF139	0.8228	LP|ILCs	2.4604	51
RNF139-AS1	0.8051	LP|ILCs	0.2043	51
RNF14	0.4611	LP|GC	0.2844	51
RNF141	0.6326	LP|Inflammatory Monocytes	0.3848	51
RNF144A	0.7649	LP|CD69+ Mast	0.1888	51
RNF144A-AS1	0.8795	LP|CD8+ IL17+	0.0972	51
RNF144B	0.9319	LP|Inflammatory Monocytes	0.4890	51
RNF145	0.6061	Epi|M cells	1.3296	51
RNF146	0.7943	LP|RSPO3+	1.1686	51
RNF148	0.8973	LP|WNT5B+ 2	0.0031	51
RNF149	0.7434	LP|Inflammatory Monocytes	1.8838	51
RNF150	0.9033	LP|Pericytes	0.1424	51
RNF152	0.8961	LP|Pericytes	0.3022	51
RNF157	0.8191	LP|MT-hi	0.2284	51
RNF165	0.9728	LP|NKs	0.2027	51
RNF166	0.8018	LP|NKs	1.1637	51
RNF167	0.7314	LP|CD8+ IL17+	2.3215	51
RNF168	0.7785	LP|ILCs	0.9826	51
RNF169	0.5550	LP|NKs	0.1949	51
RNF170	0.5215	LP|Glia	0.3127	51
RNF180	0.9435	LP|Glia	0.3334	51
RNF181	0.4454	LP|Microvascular	2.3422	51
RNF183	0.9590	Epi|Tuft	0.0914	51
RNF185	0.6001	LP|Pericytes	0.2192	51
RNF186	0.8703	Epi|Stem	1.1683	51
RNF187	0.5645	LP|Cycling T	0.8664	51
RNF19A	0.8078	LP|CD4+ PD1+	1.2976	51
RNF19B	0.8226	LP|Inflammatory Monocytes	0.5294	51
RNF2	0.5377	LP|CD69+ Mast	0.2680	51
RNF20	0.6036	LP|RSPO3+	0.2930	51
RNF207	0.9374	Epi|M cells	0.8405	51
RNF208	0.7275	Epi|Tuft	0.0360	51
RNF212	0.8586	LP|MT-hi	0.1251	51
RNF213	0.6920	LP|Tregs	2.0641	51
RNF214	0.6340	LP|MT-hi	0.2068	51
RNF215	0.8812	LP|RSPO3+	0.0251	51
RNF216	0.7332	LP|CD69- Mast	0.6786	51
RNF217	0.7634	LP|WNT2B+ Fos-lo 2	0.1057	51
RNF219	0.6023	LP|Endothelial	0.2321	51
RNF220	0.4355	LP|NKs	0.2442	51
RNF222	0.9147	Epi|Enteroendocrine	0.0563	51
RNF223	0.9157	Epi|Enteroendocrine	0.0652	51
RNF24	0.7684	LP|Inflammatory Fibroblasts	0.5861	51
RNF25	0.5185	LP|CD8+ IL17+	0.1626	51
RNF26	0.5814	LP|Pericytes	0.3131	51
RNF31	0.7982	LP|CD8+ IL17+	0.0147	51
RNF32	0.6922	Epi|Enteroendocrine	0.0398	51
RNF34	0.5291	LP|CD8+ IL17+	0.5127	51
RNF38	0.5275	LP|Endothelial	0.1887	51
RNF39	0.9694	Epi|Goblet	0.0741	51
RNF4	0.5386	LP|Cycling T	0.3982	51
RNF40	0.5871	Epi|Tuft	0.2861	51
RNF41	0.6124	LP|GC	0.2860	51
RNF43	0.8650	Epi|Stem	0.6042	51
RNF44	0.6093	LP|Microvascular	0.4041	51
RNF5	0.5137	LP|Glia	1.6512	51
RNF6	0.7676	LP|CD69- Mast	0.6595	51
RNF7	0.4222	Epi|Enterocytes	2.2643	51
RNF8	0.8769	LP|CD69- Mast	1.2080	51
RNFT1	0.6016	LP|ILCs	0.4148	51
RNFT2	0.8505	LP|Cycling B	0.0261	51
RNGTT	0.9018	LP|GC	1.1016	51
RNH1	0.5377	LP|Glia	3.1008	51
RNLS	0.6429	Epi|Stem	0.1041	51
RNMT	0.5542	LP|Follicular	0.7391	51
RNMTL1	0.5290	LP|GC	0.2025	51
RNPC3	0.5632	LP|WNT2B+ Fos-lo 2	0.2655	51
RNPEP	0.6119	LP|Cycling Monocytes	1.1613	51
RNPEPL1	0.6854	LP|NKs	1.0275	51
RNPS1	0.5114	LP|Cycling T	2.2359	51
RNU1-103P	0.7698	LP|Microvascular	0.0233	51
RNU1-106P	1.0000	Epi|Cycling TA	0.0000	51
RNU1-109P	0.9625	Epi|Immature Enterocytes 2	0.0004	51
RNU1-120P	0.9811	Epi|Cycling TA	0.0001	51
RNU1-122P	0.9867	Epi|Cycling TA	0.0003	51
RNU1-124P	0.9941	Epi|Goblet	0.0017	51
RNU1-134P	0.9194	LP|MT-hi	0.0582	51
RNU1-16P	0.9009	LP|WNT5B+ 2	0.0127	51
RNU1-33P	1.0000	Epi|Tuft	0.1514	51
RNU1-34P	0.9758	Epi|TA 2	0.0001	51
RNU1-59P	0.9184	LP|Macrophages	0.0790	51
RNU1-60P	0.9053	LP|Inflammatory Monocytes	0.2503	51
RNU1-61P	0.9246	LP|DC1	0.0262	51
RNU1-67P	0.9663	LP|RSPO3+	0.0658	51
RNU11	0.8818	LP|Inflammatory Monocytes	0.0478	51
RNU12	0.8870	Epi|Tuft	0.9783	51
RNU2-17P	nan	Epi|Best4+ Enterocytes	0.0000	51
RNU2-27P	0.7840	LP|ILCs	0.0210	51
RNU2-33P	0.9455	Epi|TA 1	0.0064	51
RNU2-59P	0.9324	LP|Microvascular	0.0097	51
RNU2-5P	0.9347	Epi|M cells	0.0024	51
RNU2-63P	0.8656	LP|Plasma	0.1271	51
RNU2-68P	0.8533	LP|Endothelial	0.0113	51
RNU2-6P	0.9119	LP|Cycling T	0.0077	51
RNU2-7P	0.9617	Epi|Enterocyte Progenitors	0.0011	51
RNU4-1	0.9430	LP|Inflammatory Monocytes	0.0504	51
RNU4-16P	0.9708	Epi|Secretory TA	0.0004	51
RNU4-2	0.9433	LP|Inflammatory Monocytes	0.1864	51
RNU4-32P	0.8804	Epi|Tuft	0.0141	51
RNU4-38P	0.9394	LP|Plasma	0.0327	51
RNU4-39P	0.8868	Epi|Tuft	0.0152	51
RNU4-40P	0.8560	LP|CD8+ IELs	0.0353	51
RNU4-62P	1.0000	Epi|Stem	0.0022	51
RNU4-78P	0.9797	Epi|TA 1	0.0018	51
RNU4ATAC	0.8977	LP|Inflammatory Monocytes	0.0549	51
RNU5A-1	0.9394	LP|ILCs	0.0397	51
RNU5B-1	0.9433	LP|Inflammatory Monocytes	0.1073	51
RNU5D-1	1.0000	Epi|Cycling TA	0.0002	51
RNU5E-1	0.9286	LP|Macrophages	0.0510	51
RNU5E-10P	0.9977	Epi|TA 1	0.0011	51
RNU6-1016P	0.9298	LP|Glia	0.0079	51
RNU6-101P	0.9914	Epi|Best4+ Enterocytes	0.0013	51
RNU6-1050P	0.8808	LP|ILCs	0.0076	51
RNU6-1093P	0.9468	Epi|TA 1	0.0052	51
RNU6-1099P	0.8451	LP|Myofibroblasts	0.0185	51
RNU6-118P	0.8104	LP|CD4+ PD1+	0.0406	51
RNU6-1190P	0.9931	Epi|TA 1	0.0056	51
RNU6-125P	0.9613	Epi|TA 2	0.0012	51
RNU6-1327P	0.9743	Epi|TA 1	0.0027	51
RNU6-140P	0.9331	Epi|Best4+ Enterocytes	0.0084	51
RNU6-171P	0.9140	Epi|TA 2	0.0015	51
RNU6-212P	0.9370	LP|GC	0.0021	51
RNU6-268P	0.9745	Epi|Immature Enterocytes 1	0.0038	51
RNU6-322P	0.9987	Epi|TA 2	0.0006	51
RNU6-353P	0.9722	Epi|Best4+ Enterocytes	0.0009	51
RNU6-450P	0.8989	Epi|Goblet	0.0313	51
RNU6-513P	nan	Epi|Best4+ Enterocytes	0.0000	51
RNU6-531P	nan	Epi|Best4+ Enterocytes	0.0000	51
RNU6-574P	0.9406	Epi|Secretory TA	0.0003	51
RNU6-60P	0.9779	Epi|TA 2	0.0001	51
RNU6-681P	0.9274	Epi|Immature Enterocytes 1	0.0075	51
RNU6-786P	0.9791	LP|CD4+ PD1+	0.0190	51
RNU6-817P	0.8314	Epi|Enterocyte Progenitors	0.0070	51
RNU6-925P	0.9706	Epi|Immature Enterocytes 1	0.0010	51
RNU6-942P	0.9815	Epi|Enterocytes	0.0005	51
RNU6-946P	0.8489	Epi|Goblet	0.0087	51
RNU6-977P	0.9426	LP|WNT2B+ Fos-lo 2	0.0184	51
RNU6ATAC	nan	Epi|Best4+ Enterocytes	0.0000	51
RNU6ATAC24P	0.9411	LP|CD4+ Memory	0.0090	51
RNU6ATAC27P	0.9951	Epi|Enteroendocrine	0.0157	51
RNU6ATAC35P	0.9207	Epi|Immature Enterocytes 2	0.0017	51
RNU6ATAC39P	0.7814	LP|CD4+ PD1+	0.0898	51
RNU7-163P	0.9853	Epi|Goblet	0.0249	51
RNU7-18P	0.8695	Epi|TA 1	0.0157	51
RNVU1-13	0.9542	LP|Macrophages	0.7410	51
RNVU1-14	0.9460	LP|Inflammatory Monocytes	0.6895	51
RNVU1-15	0.9945	Epi|TA 2	0.0002	51
RNVU1-19	0.9639	LP|Inflammatory Monocytes	0.2905	51
RNVU1-6	0.9219	LP|Inflammatory Monocytes	0.0785	51
RNY1	0.9237	LP|WNT5B+ 2	0.0059	51
RNY5	0.9652	Epi|TA 1	0.0009	51
RNY5P8	0.9278	Epi|Immature Goblet	0.0035	51
ROBO1	0.8844	LP|WNT2B+ Fos-lo 2	0.5922	51
ROBO2	0.9703	LP|Myofibroblasts	0.1075	51
ROBO3	0.8527	LP|Glia	0.2959	51
ROBO4	0.9758	LP|Microvascular	1.7660	51
ROCK1	0.5979	LP|Pericytes	1.3203	51
ROCK2	0.6031	LP|Endothelial	0.4849	51
ROGDI	0.7625	LP|DC1	0.7878	51
ROM1	0.8491	LP|Microvascular	0.2130	51
ROMO1	0.5163	Epi|M cells	3.0770	51
ROPN1	0.9898	Epi|M cells	0.0131	51
ROPN1B	0.9864	Epi|TA 1	0.0006	51
ROPN1L	0.9342	LP|Post-capillary Venules	0.0397	51
ROR1	0.8696	LP|RSPO3+	0.2402	51
ROR2	0.9030	LP|Inflammatory Fibroblasts	0.2654	51
RORA	0.8914	LP|CD8+ IL17+	4.5389	51
RORB	0.9458	LP|Glia	0.1772	51
RORC	0.9182	LP|ILCs	0.6954	51
RP1-100J12.1	0.8817	LP|GC	0.0426	51
RP1-102H19.8	0.8674	Epi|Enteroendocrine	0.1277	51
RP1-102K2.8	0.9195	Epi|M cells	0.0147	51
RP1-10C16.1	0.9366	Epi|TA 1	0.0020	51
RP1-111B22.3	0.9713	Epi|Enterocytes	0.0020	51
RP1-111C20.4	0.8453	LP|Plasma	0.0125	51
RP1-118J21.25	0.9764	Epi|TA 1	0.0043	51
RP1-120G22.11	0.8330	LP|ILCs	0.0124	51
RP1-122P22.2	0.9622	Epi|Tuft	0.0541	51
RP1-12G14.7	0.9223	LP|CD8+ LP	0.0035	51
RP1-130H16.16	0.7136	LP|ILCs	0.0320	51
RP1-134E15.3	0.8528	LP|CD4+ PD1+	0.0692	51
RP1-136B1.1	0.9555	Epi|Enterocytes	0.0025	51
RP1-140A9.1	0.9444	Epi|Tuft	0.0354	51
RP1-140C12.2	0.8551	LP|WNT5B+ 1	0.0507	51
RP1-142L7.8	0.9129	LP|Myofibroblasts	0.1027	51
RP1-148H17.1	nan	Epi|Best4+ Enterocytes	0.0000	51
RP1-150O5.3	0.9646	LP|Plasma	0.0217	51
RP1-151F17.2	0.8164	LP|MT-hi	0.0378	51
RP1-159A19.4	0.8676	LP|RSPO3+	0.0153	51
RP1-161P9.5	0.9481	Epi|Enterocytes	0.0044	51
RP1-163G9.2	0.9493	Epi|Immature Goblet	0.0005	51
RP1-166H4.2	0.8717	Epi|Enteroendocrine	0.0177	51
RP1-167G20.1	0.9711	Epi|Secretory TA	0.0006	51
RP1-168L15.5	0.7796	LP|Glia	0.0482	51
RP1-170O19.14	0.9258	Epi|Tuft	0.0307	51
RP1-170O19.21	0.9261	Epi|TA 2	0.0060	51
RP1-178F10.3	0.8702	LP|Cycling T	0.0015	51
RP1-178F15.4	0.6763	LP|Post-capillary Venules	0.0171	51
RP1-179N16.6	0.8754	LP|NKs	0.0138	51
RP1-17K7.2	0.5156	Epi|Enterocyte Progenitors	0.3488	51
RP1-187B23.1	0.8670	LP|CD8+ IELs	0.2345	51
RP1-191J18.66	0.7258	LP|Pericytes	0.0396	51
RP1-193H18.2	0.9095	Epi|M cells	0.3278	51
RP1-197B17.3	0.6109	LP|Cycling T	0.0701	51
RP1-199J3.7	0.9501	Epi|Tuft	0.0392	51
RP1-202O8.3	0.8258	Epi|Tuft	0.0395	51
RP1-20N2.6	0.8733	LP|WNT2B+ Fos-lo 2	0.0089	51
RP1-212P9.2	0.9766	Epi|Cycling TA	0.0005	51
RP1-223E5.4	0.8343	LP|RSPO3+	0.0481	51
RP1-224A6.3	0.9430	LP|CD8+ IL17+	0.0318	51
RP1-228H13.5	0.8575	Epi|Tuft	0.0193	51
RP1-234P15.4	0.8604	Epi|M cells	0.0312	51
RP1-239B22.5	0.7710	Epi|Cycling TA	0.0497	51
RP1-23E21.2	0.8593	LP|Glia	0.0147	51
RP1-240K6.3	0.9782	Epi|Tuft	0.0841	51
RP1-241P17.4	0.5165	LP|Glia	0.3295	51
RP1-244F24.1	0.8715	LP|WNT5B+ 2	0.1190	51
RP1-249H1.4	0.9306	LP|Glia	0.2041	51
RP1-257A7.4	0.8680	LP|Glia	0.0151	51
RP1-257A7.5	0.9363	Epi|M cells	0.0304	51
RP1-257I20.14	0.9141	LP|NKs	0.0315	51
RP1-261D10.2	0.8252	Epi|TA 2	0.0214	51
RP1-261G23.7	0.9031	LP|WNT2B+ Fos-lo 2	0.0109	51
RP1-266L20.9	0.9474	Epi|M cells	0.0791	51
RP1-278O22.1	0.9332	Epi|Enterocyte Progenitors	0.4083	51
RP1-283E3.8	0.8798	Epi|Tuft	0.0774	51
RP1-28H20.3	0.8553	LP|ILCs	0.0133	51
RP1-28O10.1	0.8793	Epi|Enteroendocrine	0.0535	51
RP1-29C18.10	0.8861	LP|NKs	0.0915	51
RP1-29C18.8	0.8879	LP|NKs	0.0979	51
RP1-300G12.2	0.9997	Epi|Enteroendocrine	0.1099	51
RP1-309F20.3	0.9475	Epi|Immature Goblet	0.0019	51
RP1-30G7.2	0.9793	Epi|Enterocytes	0.0040	51
RP1-30M3.5	0.8230	LP|Pericytes	0.0290	51
RP1-30M3.6	0.9499	Epi|Goblet	0.0057	51
RP1-313I6.12	0.9218	LP|ILCs	2.9992	51
RP1-315G1.3	0.8705	LP|Pericytes	0.0322	51
RP1-317E23.3	0.9570	LP|CD4+ PD1+	0.0213	51
RP1-35C21.1	0.9309	Epi|Enterocytes	0.0147	51
RP1-37N7.3	0.8194	LP|RSPO3+	0.0227	51
RP1-39G22.7	0.6733	Epi|M cells	0.2007	51
RP1-3J17.3	0.6624	LP|ILCs	0.3372	51
RP1-40E16.12	0.8577	Epi|Tuft	0.1492	51
RP1-43E13.2	0.8554	LP|CD69- Mast	0.2188	51
RP1-45I4.3	0.9323	LP|RSPO3+	0.0126	51
RP1-45N11.1	0.9513	LP|Cycling B	0.0117	51
RP1-50J22.4	0.9711	Epi|M cells	0.0055	51
RP1-60O19.1	0.9005	Epi|Enterocyte Progenitors	0.0347	51
RP1-62O9.3	0.8209	Epi|Tuft	0.0217	51
RP1-65J11.1	0.9469	LP|Myofibroblasts	0.0145	51
RP1-67K17.4	0.9350	LP|NKs	0.0129	51
RP1-68D18.2	0.8465	LP|CD69+ Mast	0.0918	51
RP1-74M1.3	0.9216	Epi|Stem	0.0697	51
RP1-78O14.1	0.9383	Epi|Cycling TA	0.0004	51
RP1-80N2.2	0.9357	Epi|Best4+ Enterocytes	0.0046	51
RP1-80N2.3	0.9257	Epi|Tuft	0.0398	51
RP1-86C11.7	0.9341	LP|CD69+ Mast	0.0153	51
RP1-86D1.2	0.8206	Epi|M cells	0.1235	51
RP1-86D1.3	0.7116	Epi|TA 1	0.0332	51
RP1-8B1.4	0.9044	LP|NKs	0.0534	51
RP1-90J20.11	0.8057	LP|Glia	0.0465	51
RP1-90J20.12	0.7987	LP|Pericytes	0.0295	51
RP1-90J20.8	0.9635	LP|Inflammatory Fibroblasts	0.0541	51
RP1-92O14.3	0.8082	Epi|Tuft	0.0740	51
RP11-1000B6.3	0.8121	Epi|Tuft	0.2844	51
RP11-1000B6.5	0.9186	LP|Cycling T	0.0061	51
RP11-1002K11.1	0.9608	LP|WNT5B+ 2	0.4207	51
RP11-1006G14.4	0.7201	LP|MT-hi	0.1157	51
RP11-1007O24.2	0.8593	Epi|Tuft	0.0273	51
RP11-1007O24.3	0.7011	LP|NKs	0.0216	51
RP11-1008C21.2	0.8767	LP|Pericytes	0.0397	51
RP11-1017G21.4	nan	Epi|Best4+ Enterocytes	0.0000	51
RP11-1017G21.5	0.7592	LP|MT-hi	0.1056	51
RP11-1017G21.6	0.7742	Epi|M cells	0.0086	51
RP11-1018N14.1	0.9034	LP|Glia	0.0093	51
RP11-101E13.5	0.6059	Epi|Immature Goblet	0.0149	51
RP11-1020A11.1	0.8841	LP|NKs	0.0341	51
RP11-1020A11.2	0.7972	LP|Pericytes	0.0130	51
RP11-1024P17.1	0.9504	LP|Endothelial	0.0586	51
RP11-1026M7.2	0.8798	LP|Endothelial	0.0045	51
RP11-102M11.2	0.7799	LP|NKs	0.0134	51
RP11-102N12.3	0.8543	LP|Follicular	0.1507	51
RP11-103G8.2	0.8442	LP|NKs	0.2550	51
RP11-103J17.2	0.9475	Epi|Enterocytes	0.0096	51
RP11-103J8.1	0.8880	LP|Myofibroblasts	0.0287	51
RP11-103J8.2	0.9774	Epi|M cells	0.0079	51
RP11-104L21.3	0.9981	Epi|TA 1	0.0014	51
RP11-104N10.1	0.7464	Epi|M cells	0.0151	51
RP11-1055B8.4	0.7613	Epi|TA 1	0.0256	51
RP11-1055B8.6	0.9643	Epi|TA 2	0.0011	51
RP11-1055B8.7	0.7613	LP|Pericytes	0.1115	51
RP11-1057B6.1	0.9023	LP|ILCs	0.0086	51
RP11-105C19.1	0.7784	LP|Glia	0.0098	51
RP11-105N14.1	0.8934	LP|CD8+ IL17+	0.0564	51
RP11-1060J15.4	0.7930	Epi|Enteroendocrine	0.0313	51
RP11-1069G10.1	0.9076	Epi|Tuft	0.0329	51
RP11-106M7.1	0.9958	Epi|TA 1	0.0046	51
RP11-1070N10.3	0.9669	LP|GC	0.6128	51
RP11-1072C15.4	0.9869	Epi|Immature Goblet	0.0008	51
RP11-1079K10.4	0.8209	Epi|M cells	0.0200	51
RP11-107F6.3	0.9548	LP|ILCs	0.0217	51
RP11-107N15.1	0.9101	LP|WNT5B+ 2	0.0178	51
RP11-1084E5.1	0.9588	LP|Plasma	0.0572	51
RP11-108L7.15	0.8211	Epi|Cycling TA	0.0345	51
RP11-108M12.3	0.9600	Epi|Stem	0.0018	51
RP11-108M9.4	0.5571	Epi|M cells	0.2868	51
RP11-108M9.6	0.8317	LP|WNT5B+ 1	0.1535	51
RP11-108P20.1	0.7615	Epi|M cells	0.1194	51
RP11-108P20.4	1.0000	Epi|Enterocytes	0.0005	51
RP11-1090M7.1	0.8808	Epi|Enteroendocrine	0.0332	51
RP11-1094M14.11	0.7595	LP|CD69- Mast	0.6475	51
RP11-109A6.3	0.9257	LP|WNT5B+ 2	0.0044	51
RP11-109D9.4	0.9832	Epi|Immature Enterocytes 2	0.0003	51
RP11-109E12.1	0.8486	LP|ILCs	0.0090	51
RP11-109G23.3	0.8351	LP|WNT5B+ 1	0.3145	51
RP11-109P14.10	0.8818	Epi|Tuft	0.0949	51
RP11-10A14.4	0.8610	LP|CD69+ Mast	0.0062	51
RP11-10C24.1	0.8911	Epi|Enteroendocrine	0.0293	51
RP11-10C24.2	0.8787	Epi|Enterocytes	0.0147	51
RP11-10C24.3	0.8519	Epi|Immature Enterocytes 1	0.0562	51
RP11-10K16.1	0.7780	Epi|Goblet	0.0074	51
RP11-10K17.6	0.9566	LP|RSPO3+	0.0138	51
RP11-10L12.4	0.7065	LP|Myofibroblasts	0.0885	51
RP11-10N16.2	0.9792	Epi|Enterocytes	0.0241	51
RP11-1100L3.8	0.7247	LP|Cycling Monocytes	0.0228	51
RP11-1105G2.3	0.9560	Epi|Enterocyte Progenitors	0.0044	51
RP11-1109F11.3	0.9614	Epi|Goblet	0.0028	51
RP11-1109F11.5	0.9826	Epi|TA 1	0.0010	51
RP11-110G21.1	0.7532	Epi|Tuft	0.1100	51
RP11-110G21.2	0.8177	LP|CD8+ IL17+	0.0971	51
RP11-110I1.11	0.8966	LP|NKs	0.0228	51
RP11-110I1.12	0.9045	LP|CD8+ IL17+	0.0531	51
RP11-110I1.13	0.7518	LP|Endothelial	0.0313	51
RP11-1114A5.4	0.7591	LP|CD4+ PD1+	0.1894	51
RP11-111A22.1	0.9913	Epi|Stem	0.0008	51
RP11-111F5.3	0.8180	LP|Post-capillary Venules	0.0105	51
RP11-111F5.4	0.8580	LP|Glia	0.1660	51
RP11-111I12.1	0.9847	Epi|Tuft	0.0052	51
RP11-111J6.2	0.9611	Epi|Immature Goblet	0.0049	51
RP11-111M22.2	0.7027	LP|Pericytes	0.0672	51
RP11-111M22.3	0.7458	Epi|Stem	0.3018	51
RP11-111M22.4	0.9371	LP|WNT5B+ 1	0.0079	51
RP11-112H10.4	0.8992	LP|WNT5B+ 1	0.1802	51
RP11-112J3.16	0.9375	Epi|Enteroendocrine	0.1840	51
RP11-112L6.3	0.8428	LP|CD8+ IELs	0.0024	51
RP11-112L6.4	0.9495	LP|Glia	0.0307	51
RP11-113D6.10	0.9093	LP|ILCs	0.0087	51
RP11-1143G9.4	0.9518	LP|Macrophages	6.1190	51
RP11-1149M10.2	0.9476	LP|GC	0.0354	51
RP11-1149O23.3	0.8242	LP|Follicular	0.1043	51
RP11-1149O23.4	0.8128	LP|WNT5B+ 1	0.0088	51
RP11-114B7.6	0.9530	Epi|Immature Enterocytes 1	0.0006	51
RP11-1151B14.4	0.9187	Epi|Best4+ Enterocytes	0.0258	51
RP11-1152H14.1	0.9427	LP|Myofibroblasts	0.0149	51
RP11-1157N2__B.2	0.9667	Epi|Enteroendocrine	0.0363	51
RP11-115C21.2	0.5665	LP|CD8+ IL17+	0.1372	51
RP11-115D19.1	0.9906	Epi|Enteroendocrine	0.0227	51
RP11-115H15.2	0.5891	LP|WNT2B+ Fos-lo 2	0.0437	51
RP11-115K3.1	0.9948	Epi|Enterocyte Progenitors	0.0019	51
RP11-1167A19.2	0.9989	Epi|TA 1	0.0007	51
RP11-116O18.1	0.9549	Epi|Enterocytes	0.1279	51
RP11-117D22.2	1.0000	Epi|Enterocytes	0.0001	51
RP11-1186N24.5	0.9762	LP|RSPO3+	0.0120	51
RP11-1191J2.5	0.9057	LP|NKs	0.0746	51
RP11-119B16.2	0.6923	LP|Glia	0.1746	51
RP11-119D9.1	0.8655	LP|CD8+ IL17+	0.2723	51
RP11-119F19.2	0.7000	LP|CD4+ PD1+	0.1834	51
RP11-119F7.5	0.8747	LP|CD4+ PD1+	0.1259	51
RP11-11N5.1	0.9428	Epi|Immature Goblet	0.0045	51
RP11-11N5.3	0.9026	Epi|Tuft	0.0557	51
RP11-11N9.4	0.9076	LP|Glia	0.3027	51
RP11-120D5.1	0.8794	LP|ILCs	0.0088	51
RP11-120K24.3	0.8988	Epi|M cells	0.0180	51
RP11-1212A22.4	0.9859	Epi|Best4+ Enterocytes	0.0010	51
RP11-121C2.2	0.9382	Epi|Enteroendocrine	0.0844	51
RP11-121M22.1	0.7725	Epi|Stem	0.0108	51
RP11-1220K2.2	0.9536	Epi|M cells	0.1262	51
RP11-1223D19.1	0.9800	Epi|Stem	0.0006	51
RP11-122A3.2	0.8742	LP|Glia	0.1422	51
RP11-122G18.5	0.8523	Epi|Tuft	0.0579	51
RP11-122G18.8	0.9904	Epi|TA 1	0.0017	51
RP11-1246C19.1	0.7486	LP|ILCs	0.0353	51
RP11-124N14.3	0.8749	LP|Glia	0.0174	51
RP11-125B21.2	0.9424	Epi|Goblet	0.0652	51
RP11-1260E13.2	0.9567	Epi|Tuft	0.1021	51
RP11-1260E13.4	0.9380	LP|WNT5B+ 1	0.1597	51
RP11-126K1.2	0.8029	LP|CD4+ PD1+	0.0687	51
RP11-126K1.6	0.9242	LP|GC	0.3646	51
RP11-126L15.4	0.8445	Epi|Stem	0.0236	51
RP11-1275H24.1	0.9282	LP|Glia	0.2655	51
RP11-1275H24.2	0.7639	Epi|Goblet	0.0433	51
RP11-1275H24.3	0.9091	Epi|Tuft	0.0109	51
RP11-1277A3.1	0.7922	LP|CD69+ Mast	0.0097	51
RP11-1277A3.3	0.9324	Epi|M cells	0.0163	51
RP11-127B20.2	0.8470	Epi|Enteroendocrine	0.0498	51
RP11-127B20.3	0.6233	LP|WNT2B+ Fos-lo 2	0.1199	51
RP11-127I20.5	0.9728	Epi|Enterocyte Progenitors	0.0011	51
RP11-128A17.1	0.9652	LP|RSPO3+	0.1010	51
RP11-128M1.1	0.9304	Epi|Tuft	0.0446	51
RP11-1299A16.3	0.9684	LP|Inflammatory Fibroblasts	0.0106	51
RP11-129B22.1	0.8932	LP|WNT5B+ 1	0.0759	51
RP11-129K12.4	nan	Epi|Best4+ Enterocytes	0.0000	51
RP11-129M6.1	0.9586	LP|Endothelial	0.0091	51
RP11-130C19.3	0.9928	Epi|TA 1	0.0081	51
RP11-130F10.1	0.9625	LP|ILCs	0.0185	51
RP11-130L8.1	0.9552	LP|CD8+ IELs	0.0136	51
RP11-130L8.2	0.9876	Epi|TA 1	0.0011	51
RP11-131L12.2	0.9572	LP|CD8+ IL17+	0.0272	51
RP11-131L23.1	0.8536	LP|GC	0.1887	51
RP11-131L23.2	0.9911	Epi|M cells	0.0098	51
RP11-132A1.4	0.9450	Epi|Stem	0.0039	51
RP11-133K1.6	0.9194	LP|CD8+ IL17+	0.0202	51
RP11-1348G14.4	0.6781	Epi|Enterocytes	0.0162	51
RP11-1348G14.5	0.9910	Epi|Cycling TA	0.0004	51
RP11-134G8.7	0.7528	Epi|Enteroendocrine	0.0310	51
RP11-134G8.8	0.9592	LP|Glia	0.1356	51
RP11-134K13.4	0.9911	Epi|Tuft	0.0119	51
RP11-134L10.1	0.7970	LP|MT-hi	0.0422	51
RP11-134N1.2	0.9752	LP|RSPO3+	0.0045	51
RP11-134O21.1	0.7896	LP|WNT5B+ 1	0.0283	51
RP11-134P9.1	0.9166	LP|CD69+ Mast	0.0652	51
RP11-134P9.3	0.8578	LP|GC	0.1455	51
RP11-135A1.2	0.9302	Epi|Best4+ Enterocytes	0.0585	51
RP11-135D11.2	0.9940	LP|RSPO3+	0.1587	51
RP11-135L13.4	0.9301	LP|RSPO3+	0.0277	51
RP11-136K14.1	0.9204	LP|Follicular	0.0091	51
RP11-136K14.2	0.9781	Epi|TA 1	0.0008	51
RP11-1379J22.2	0.9266	LP|CD8+ IELs	0.0059	51
RP11-1379J22.5	0.9482	LP|CD69- Mast	0.0671	51
RP11-137H2.4	0.9119	LP|CD8+ IL17+	0.0194	51
RP11-137H2.6	0.8760	Epi|Tuft	0.1056	51
RP11-137L10.6	0.6937	Epi|Tuft	0.1690	51
RP11-138A9.1	0.8121	LP|Tregs	1.4947	51
RP11-138A9.2	0.8241	LP|Tregs	1.2643	51
RP11-138E2.1	0.8698	LP|Pericytes	0.0091	51
RP11-138H8.7	0.9140	LP|WNT5B+ 2	0.0027	51
RP11-138I1.2	0.8528	LP|MT-hi	0.0564	51
RP11-138I1.4	0.6346	LP|RSPO3+	0.0750	51
RP11-138I18.2	0.9953	Epi|Secretory TA	0.0005	51
RP11-138P22.1	0.8807	LP|Pericytes	0.0386	51
RP11-1391J7.1	0.7115	LP|Pericytes	0.1791	51
RP11-1398P2.1	0.7642	LP|Microvascular	0.2258	51
RP11-1399P15.1	0.8903	LP|Tregs	0.3300	51
RP11-139H15.1	0.4490	LP|CD8+ IL17+	0.4079	51
RP11-13J8.1	0.9988	Epi|Tuft	0.0266	51
RP11-13K12.1	0.9832	Epi|Enteroendocrine	0.0399	51
RP11-13K12.2	0.9950	Epi|Tuft	0.0092	51
RP11-13N13.2	0.7621	LP|Cycling T	0.0105	51
RP11-13N13.5	0.7887	LP|CD8+ IELs	0.0072	51
RP11-1407O15.2	0.7065	Epi|M cells	0.1101	51
RP11-140I16.3	0.8669	LP|Endothelial	0.0127	51
RP11-140K17.3	0.8464	LP|CD69- Mast	0.6147	51
RP11-141B14.1	0.9084	LP|CD69- Mast	0.1648	51
RP11-141C7.4	0.8655	Epi|Enteroendocrine	0.0124	51
RP11-141J13.5	0.9953	Epi|TA 1	0.0010	51
RP11-141M1.3	0.9755	Epi|Enteroendocrine	0.0743	51
RP11-142I20.1	0.9849	Epi|M cells	0.0047	51
RP11-142O6.1	0.8320	Epi|Immature Enterocytes 1	0.0128	51
RP11-143J12.2	0.7382	LP|CD4+ PD1+	0.1621	51
RP11-143K11.1	0.9812	Epi|Goblet	0.0108	51
RP11-144G6.12	0.8281	LP|WNT5B+ 2	0.0335	51
RP11-144G7.2	0.9745	Epi|Enterocyte Progenitors	0.0016	51
RP11-145G20.1	0.9746	Epi|Immature Enterocytes 1	0.0176	51
RP11-145M9.4	0.8174	LP|Macrophages	0.3053	51
RP11-145M9.5	0.9696	Epi|Enteroendocrine	0.0013	51
RP11-146D12.2	0.9697	Epi|Enterocytes	0.0008	51
RP11-146F11.1	0.6189	LP|Pericytes	0.0482	51
RP11-147L13.2	0.9186	LP|ILCs	0.0741	51
RP11-147N17.1	0.9325	Epi|TA 1	0.0014	51
RP11-14I17.2	0.9326	LP|WNT5B+ 2	0.0045	51
RP11-14N7.2	0.8209	LP|RSPO3+	2.5856	51
RP11-150C16.1	0.9199	Epi|Stem	0.0010	51
RP11-150O12.3	0.9407	Epi|Stem	0.1043	51
RP11-150O12.6	0.8733	Epi|Stem	0.0159	51
RP11-151A6.4	0.8911	LP|CD8+ IL17+	0.0132	51
RP11-151N17.1	0.8283	LP|ILCs	0.0941	51
RP11-152N13.16	0.9134	LP|CD69+ Mast	0.0056	51
RP11-152N13.5	0.7278	LP|Pericytes	0.0829	51
RP11-153K11.3	0.9655	Epi|TA 1	0.0022	51
RP11-154B12.3	0.9978	Epi|TA 1	0.0008	51
RP11-154H23.3	0.8183	Epi|Enteroendocrine	0.0535	51
RP11-155G14.6	0.9367	LP|CD8+ IELs	0.0070	51
RP11-155O18.6	0.9623	Epi|Stem	0.0009	51
RP11-156E6.1	0.7695	LP|Pericytes	0.1108	51
RP11-156E8.1	0.9069	LP|Inflammatory Monocytes	0.0937	51
RP11-156K13.1	0.9298	Epi|Enterocytes	0.0009	51
RP11-156P1.3	0.8675	Epi|Tuft	0.0880	51
RP11-157B13.7	0.8115	LP|GC	0.0046	51
RP11-157J24.2	0.9026	LP|RSPO3+	0.0280	51
RP11-157P1.4	0.9215	LP|WNT5B+ 2	0.0310	51
RP11-158G18.1	0.8498	LP|ILCs	0.0429	51
RP11-158H5.7	0.7792	LP|WNT2B+ Fos-lo 2	0.0074	51
RP11-158I9.7	0.8159	LP|Glia	0.0235	51
RP11-158K1.3	0.8767	LP|ILCs	0.0156	51
RP11-158M2.3	0.8954	LP|Tregs	0.0078	51
RP11-159D12.10	0.8351	LP|ILCs	0.0094	51
RP11-159D12.2	0.6865	Epi|TA 1	0.0580	51
RP11-159D12.5	0.7543	Epi|Stem	0.0157	51
RP11-159G9.5	0.8625	LP|MT-hi	0.1047	51
RP11-159H10.3	0.9679	LP|GC	0.0525	51
RP11-159H22.2	0.9799	Epi|Enterocyte Progenitors	0.0048	51
RP11-159N11.4	0.8706	LP|Glia	0.0185	51
RP11-15A1.3	0.8185	Epi|M cells	0.0373	51
RP11-15A1.7	0.8690	Epi|Enteroendocrine	0.0153	51
RP11-15F12.1	0.9501	Epi|Tuft	0.0140	51
RP11-15H20.6	0.8325	LP|CD69- Mast	0.2283	51
RP11-15I11.3	0.9056	LP|Plasma	0.0047	51
RP11-15N24.4	0.9609	Epi|Stem	0.0003	51
RP11-160H22.3	0.9142	LP|RSPO3+	0.0124	51
RP11-160H22.5	0.9466	Epi|M cells	0.0640	51
RP11-160N1.10	0.9128	LP|Glia	0.0663	51
RP11-160O5.1	0.8345	Epi|Enterocytes	0.4192	51
RP11-161H23.5	0.9339	Epi|Goblet	0.0043	51
RP11-161M6.2	0.9898	Epi|M cells	1.6346	51
RP11-162A12.2	0.9759	Epi|M cells	0.0985	51
RP11-162G10.5	0.7822	LP|Cycling T	0.0579	51
RP11-163N6.2	0.9198	Epi|Immature Goblet	0.0201	51
RP11-164H13.1	0.9803	LP|GC	1.0215	51
RP11-164J13.1	0.8675	LP|NKs	0.0039	51
RP11-164P12.3	0.9914	Epi|Enteroendocrine	0.0734	51
RP11-164P12.4	0.8852	Epi|M cells	0.0496	51
RP11-165A20.3	0.8784	LP|RSPO3+	0.0735	51
RP11-165J3.6	0.9444	Epi|Tuft	0.0305	51
RP11-166B2.1	0.8171	LP|Glia	0.0262	51
RP11-166B2.3	0.7583	LP|Tregs	0.1391	51
RP11-166B2.5	0.8018	LP|MT-hi	0.0520	51
RP11-166D19.1	0.9257	LP|Glia	0.3274	51
RP11-166O4.5	0.9302	LP|Pericytes	0.0279	51
RP11-166O4.6	0.7354	Epi|Tuft	0.1028	51
RP11-166P13.3	0.6982	Epi|Immature Enterocytes 1	0.0845	51
RP11-166P13.4	0.7918	Epi|Enteroendocrine	0.2396	51
RP11-167H9.6	0.9403	Epi|Immature Enterocytes 2	0.0020	51
RP11-167J8.3	0.9748	Epi|Goblet	0.0028	51
RP11-167N5.5	0.8850	Epi|Tuft	0.0236	51
RP11-167P11.2	0.8035	LP|Tregs	0.0048	51
RP11-168E17.1	0.9422	Epi|TA 2	0.0025	51
RP11-168F9.2	0.9766	Epi|Enteroendocrine	0.0043	51
RP11-168O16.1	0.8713	LP|CD69+ Mast	0.0033	51
RP11-169F17.1	0.9330	Epi|Enterocyte Progenitors	0.0046	51
RP11-169K16.9	0.7090	Epi|Tuft	0.5072	51
RP11-16C1.2	0.9819	Epi|TA 1	0.0003	51
RP11-16E12.1	0.8710	LP|CD69+ Mast	0.1197	51
RP11-16E12.2	0.9339	LP|GC	0.4860	51
RP11-16E18.3	0.9480	Epi|Enteroendocrine	0.0606	51
RP11-16E23.3	0.8173	LP|ILCs	0.2238	51
RP11-16K12.1	0.9463	LP|GC	0.0195	51
RP11-16N11.2	0.8504	Epi|Tuft	0.0649	51
RP11-16N2.1	0.7550	Epi|M cells	0.0071	51
RP11-16P6.1	0.8541	Epi|Stem	0.0054	51
RP11-171I2.2	0.8228	LP|RSPO3+	0.0068	51
RP11-171I2.4	0.9785	Epi|TA 1	0.0012	51
RP11-171I2.5	0.8402	LP|WNT2B+ Fos-lo 2	0.0097	51
RP11-173A16.2	0.9361	Epi|TA 2	0.0026	51
RP11-173B14.4	0.9873	Epi|Cycling TA	0.0002	51
RP11-173B14.5	0.8821	LP|Pericytes	0.0236	51
RP11-173D3.1	0.9722	Epi|Immature Enterocytes 1	0.0051	51
RP11-173M1.4	nan	Epi|Best4+ Enterocytes	0.0000	51
RP11-173M1.8	0.8035	Epi|Tuft	0.0332	51
RP11-173P15.3	0.9225	Epi|Goblet	0.0036	51
RP11-174G6.1	nan	Epi|Best4+ Enterocytes	0.0000	51
RP11-174G6.5	0.6802	LP|MT-hi	0.1977	51
RP11-175O19.4	0.7147	Epi|M cells	0.0759	51
RP11-176F3.7	0.9359	LP|CD8+ IELs	0.0090	51
RP11-176H8.1	0.7690	LP|Glia	0.0548	51
RP11-177H13.2	0.9264	LP|ILCs	0.0107	51
RP11-177J6.1	0.9721	Epi|Enterocytes	0.0014	51
RP11-178C3.2	0.9546	Epi|Tuft	0.0154	51
RP11-178G16.4	0.7179	LP|ILCs	0.0474	51
RP11-178G16.5	0.9585	Epi|Secretory TA	0.0010	51
RP11-178L8.7	0.8606	Epi|M cells	0.0934	51
RP11-179B2.2	0.7312	LP|RSPO3+	0.0754	51
RP11-179K3.2	0.9734	LP|Pericytes	0.0311	51
RP11-17A19.2	nan	Epi|Best4+ Enterocytes	0.0000	51
RP11-17E13.2	0.9549	Epi|Immature Goblet	0.0007	51
RP11-17J14.2	0.9059	LP|NKs	0.0081	51
RP11-17M16.2	0.8719	LP|Inflammatory Monocytes	0.0129	51
RP11-17M24.1	0.9887	Epi|Enteroendocrine	0.2234	51
RP11-180C16.1	0.9083	LP|Microvascular	0.0092	51
RP11-181C3.1	0.6085	LP|DC2	0.0226	51
RP11-181E10.3	0.9203	LP|Tregs	0.0428	51
RP11-181G12.2	0.9400	LP|Myofibroblasts	0.0092	51
RP11-182I10.3	0.9159	LP|WNT2B+ Fos-lo 2	0.0113	51
RP11-182J1.12	0.8772	LP|WNT2B+ Fos-lo 1	0.0084	51
RP11-182J1.16	0.8966	LP|Glia	0.0266	51
RP11-182L21.5	0.7270	LP|MT-hi	0.2362	51
RP11-182L21.6	0.7369	LP|MT-hi	0.3497	51
RP11-182N22.8	0.9791	Epi|TA 2	0.0008	51
RP11-184A2.2	0.9726	Epi|Tuft	0.0057	51
RP11-184M15.2	0.8872	LP|Tregs	0.0038	51
RP11-186N15.3	0.8878	LP|Inflammatory Fibroblasts	0.0076	51
RP11-187C18.2	0.8208	LP|Glia	0.0344	51
RP11-187E13.1	0.9051	Epi|Enteroendocrine	0.1101	51
RP11-188D8.1	0.8423	LP|Pericytes	0.0136	51
RP11-188P17.2	0.9657	Epi|Best4+ Enterocytes	0.0003	51
RP11-188P20.3	0.8742	Epi|M cells	0.0181	51
RP11-18H21.1	0.9189	LP|MT-hi	0.3830	51
RP11-18H7.1	0.7895	LP|Post-capillary Venules	0.0235	51
RP11-18I14.10	0.7026	LP|NKs	0.1777	51
RP11-18I14.11	0.9767	Epi|TA 1	0.0007	51
RP11-190A12.8	0.8348	LP|Glia	0.0110	51
RP11-190C22.8	0.8358	LP|Cycling Monocytes	0.0149	51
RP11-190C22.9	0.9394	LP|DC2	0.0774	51
RP11-191G24.1	0.8890	Epi|Immature Enterocytes 2	0.0487	51
RP11-191L17.1	0.7623	LP|MT-hi	0.0430	51
RP11-192H23.4	0.6721	LP|ILCs	0.0361	51
RP11-192H23.6	0.7458	LP|MT-hi	0.1701	51
RP11-192H23.8	0.6811	Epi|TA 1	0.0142	51
RP11-194N12.2	0.8622	Epi|Tuft	0.0498	51
RP11-195B17.1	0.8981	LP|ILCs	0.0052	51
RP11-195C7.1	0.9108	LP|WNT2B+ Fos-hi	0.0015	51
RP11-195F19.5	0.7691	LP|MT-hi	0.0568	51
RP11-195F19.9	0.8842	LP|WNT2B+ Fos-lo 2	0.0354	51
RP11-196G11.2	0.9221	LP|DC2	0.0762	51
RP11-196G18.22	0.7484	Epi|Goblet	0.0328	51
RP11-196G18.23	0.7629	LP|RSPO3+	0.0455	51
RP11-196G18.24	0.8177	Epi|M cells	0.0541	51
RP11-196G18.3	0.9424	LP|Plasma	0.0111	51
RP11-196H14.2	0.9979	Epi|Stem	0.0002	51
RP11-196O16.1	0.8500	LP|Pericytes	0.0299	51
RP11-197P3.4	0.9561	Epi|Immature Enterocytes 1	0.0085	51
RP11-197P3.5	0.9743	Epi|TA 1	0.0014	51
RP11-199F11.2	0.7328	Epi|Enteroendocrine	0.0532	51
RP11-1B20.1	0.9720	Epi|TA 1	0.0018	51
RP11-1C1.7	0.8587	Epi|Tuft	0.0158	51
RP11-1E4.1	0.8887	LP|CD8+ IELs	0.0227	51
RP11-1L12.3	0.9535	Epi|M cells	0.0037	51
RP11-200A1.1	0.9765	Epi|Immature Enterocytes 2	0.0005	51
RP11-202A13.1	0.9617	Epi|Enterocytes	0.0540	51
RP11-203H2.2	0.9925	Epi|Stem	0.0011	51
RP11-203J24.9	0.9472	Epi|Best4+ Enterocytes	0.0008	51
RP11-203M5.2	0.9690	Epi|Enterocytes	0.0002	51
RP11-204L24.2	0.9770	LP|CD8+ IL17+	0.0300	51
RP11-204M4.2	0.8792	LP|Inflammatory Fibroblasts	0.4216	51
RP11-205M3.3	0.9628	Epi|Tuft	0.0208	51
RP11-206L10.10	0.9267	LP|Inflammatory Fibroblasts	0.0067	51
RP11-206L10.11	0.7502	LP|ILCs	0.3160	51
RP11-206L10.2	0.8125	LP|Macrophages	0.0295	51
RP11-206L10.3	0.9676	Epi|M cells	0.0579	51
RP11-206L10.9	0.7713	Epi|M cells	0.0401	51
RP11-209E8.1	0.9843	Epi|Enterocytes	0.1054	51
RP11-20D14.6	0.9268	LP|NKs	0.0105	51
RP11-20I20.4	0.9107	LP|NKs	0.0029	51
RP11-20I23.13	0.7324	Epi|Stem	0.0349	51
RP11-20I23.6	0.7601	LP|DC1	0.0290	51
RP11-20I23.8	0.8775	LP|Cycling Monocytes	0.0073	51
RP11-210M15.2	0.9758	Epi|Cycling TA	0.0005	51
RP11-211G23.2	0.9521	Epi|Tuft	0.0237	51
RP11-212I21.4	0.8993	Epi|M cells	0.0607	51
RP11-212P7.2	0.6452	Epi|Enteroendocrine	0.1751	51
RP11-214C8.2	0.8008	LP|Post-capillary Venules	0.0470	51
RP11-214K3.19	0.9559	Epi|Best4+ Enterocytes	0.0007	51
RP11-214K3.21	nan	Epi|Best4+ Enterocytes	0.0000	51
RP11-214K3.22	nan	Epi|Best4+ Enterocytes	0.0000	51
RP11-214K3.23	0.9437	LP|CD69+ Mast	0.0260	51
RP11-214K3.24	0.7895	LP|NKs	0.0176	51
RP11-214N9.1	0.7612	LP|MT-hi	0.0545	51
RP11-214O1.3	0.8979	LP|Tregs	0.2967	51
RP11-215G15.5	0.8631	LP|GC	0.0872	51
RP11-215P8.3	0.6865	LP|Glia	0.0564	51
RP11-216B9.6	0.9161	LP|CD8+ IL17+	0.0213	51
RP11-216L13.19	0.7726	LP|NKs	0.1832	51
RP11-216P16.2	0.9557	Epi|Tuft	0.0229	51
RP11-217B1.2	0.8732	LP|CD8+ IL17+	0.0481	51
RP11-218E20.3	0.9449	LP|WNT2B+ Fos-lo 2	0.0068	51
RP11-218F10.3	0.8893	Epi|M cells	0.0092	51
RP11-218I7.2	0.9885	Epi|Stem	0.0091	51
RP11-218M22.1	0.7244	Epi|M cells	0.0894	51
RP11-219B17.1	0.9537	LP|CD4+ PD1+	0.0774	51
RP11-219B4.5	0.9602	Epi|TA 2	0.0005	51
RP11-219B4.7	0.9026	LP|NKs	0.0350	51
RP11-219C20.3	0.9277	Epi|Stem	0.0009	51
RP11-219D15.3	0.9092	LP|Myofibroblasts	0.0064	51
RP11-219E7.4	0.9834	Epi|Stem	0.0125	51
RP11-219G17.4	0.8728	Epi|Tuft	0.0377	51
RP11-21A7A.3	0.8510	Epi|Cycling TA	0.0079	51
RP11-21G20.3	0.9816	Epi|Cycling TA	0.0001	51
RP11-21I10.2	0.8662	LP|Endothelial	0.0051	51
RP11-21L1.1	0.8213	LP|DC2	0.0131	51
RP11-21L23.2	0.9083	Epi|Enteroendocrine	0.0112	51
RP11-21L23.3	0.9204	Epi|Tuft	0.0129	51
RP11-21M24.2	0.8376	LP|NKs	0.0077	51
RP11-220I1.1	0.6853	LP|GC	0.7590	51
RP11-220I1.5	0.9764	LP|MT-hi	0.0391	51
RP11-222A11.1	0.8560	LP|WNT2B+ Fos-lo 2	0.0462	51
RP11-222K16.2	0.9684	LP|NKs	0.4246	51
RP11-223C24.1	0.9856	Epi|M cells	0.0352	51
RP11-223I10.1	0.8836	Epi|Best4+ Enterocytes	0.0157	51
RP11-225B17.2	0.7343	LP|Inflammatory Fibroblasts	0.0249	51
RP11-225H22.7	0.9579	Epi|Cycling TA	0.0011	51
RP11-226L15.5	0.7706	LP|WNT2B+ Fos-lo 2	0.0296	51
RP11-227D13.4	0.9952	Epi|TA 2	0.0002	51
RP11-227G15.8	0.9086	LP|Glia	0.0318	51
RP11-227H15.4	0.9695	Epi|Immature Enterocytes 1	0.0553	51
RP11-228B15.4	0.9056	LP|Myofibroblasts	0.0108	51
RP11-229P13.25	0.9353	LP|Cycling T	0.0026	51
RP11-22C11.2	0.9052	Epi|M cells	0.2245	51
RP11-22H5.2	0.9537	Epi|TA 1	0.0007	51
RP11-22L13.1	0.9664	Epi|Stem	0.0094	51
RP11-22N19.2	0.8072	LP|Inflammatory Monocytes	0.1031	51
RP11-22P6.2	0.8255	LP|MT-hi	0.1554	51
RP11-22P6.3	0.8623	LP|Cycling B	0.1080	51
RP11-230B22.1	0.9554	Epi|M cells	0.0065	51
RP11-231D20.2	0.8274	LP|WNT5B+ 1	0.0302	51
RP11-231E19.1	0.9237	LP|CD4+ Memory	0.0014	51
RP11-231E6.1	0.9676	Epi|M cells	0.0683	51
RP11-231G3.1	0.7986	LP|Inflammatory Fibroblasts	0.0052	51
RP11-234B24.2	0.9712	Epi|Immature Goblet	0.8667	51
RP11-235E17.4	0.6753	LP|Pericytes	0.0083	51
RP11-235E17.6	0.9799	Epi|M cells	0.0077	51
RP11-23D24.2	0.9768	Epi|Enterocyte Progenitors	0.0035	51
RP11-23E10.3	0.9063	LP|WNT2B+ Fos-lo 2	0.0027	51
RP11-23F23.2	0.9630	Epi|Cycling TA	0.0027	51
RP11-23J9.5	0.9134	LP|Endothelial	0.0026	51
RP11-23P13.6	0.9071	LP|CD8+ IL17+	0.0891	51
RP11-23P13.7	0.9725	LP|Microvascular	0.3266	51
RP11-242C19.2	0.8717	LP|Tregs	0.0816	51
RP11-242D8.1	0.9696	LP|NKs	0.0138	51
RP11-242F24.1	0.9131	LP|CD8+ IL17+	0.0423	51
RP11-242F4.2	0.9010	Epi|Tuft	0.0132	51
RP11-243A14.1	0.8447	Epi|Best4+ Enterocytes	0.0111	51
RP11-244F12.2	0.9846	Epi|Immature Goblet	0.0000	51
RP11-244F12.3	0.9708	Epi|Tuft	0.3306	51
RP11-244H3.1	0.8216	Epi|Enteroendocrine	0.0725	51
RP11-244K5.8	0.9872	Epi|Stem	0.0012	51
RP11-244O19.1	0.8954	LP|Pericytes	0.0262	51
RP11-245C23.3	0.9731	LP|Post-capillary Venules	0.0047	51
RP11-245G13.2	0.9213	Epi|Immature Enterocytes 2	0.0113	51
RP11-245J9.4	0.9504	LP|CD69- Mast	0.1648	51
RP11-245J9.5	0.9885	Epi|Cycling TA	0.0002	51
RP11-245J9.6	0.8903	Epi|Tuft	0.0203	51
RP11-245M24.1	0.9492	Epi|Tuft	0.0209	51
RP11-247A12.2	0.9476	LP|CD4+ Memory	0.0060	51
RP11-247A12.7	0.9261	LP|WNT5B+ 1	0.0051	51
RP11-247C2.2	0.9161	LP|Endothelial	0.0274	51
RP11-247L20.4	0.8291	Epi|Best4+ Enterocytes	0.0209	51
RP11-248G5.8	0.8550	LP|CD4+ PD1+	0.1195	51
RP11-248J18.2	0.8949	LP|ILCs	0.0743	51
RP11-248J18.3	0.9189	LP|GC	0.0375	51
RP11-248J23.6	0.8910	LP|Microvascular	0.0172	51
RP11-249C24.11	0.9900	Epi|Immature Enterocytes 2	0.0006	51
RP11-24B19.3	0.7736	Epi|M cells	0.0519	51
RP11-24B19.4	0.8998	LP|NKs	0.0134	51
RP11-24F11.2	0.9904	Epi|Immature Enterocytes 1	0.0020	51
RP11-24J23.2	0.8851	LP|Myofibroblasts	0.0038	51
RP11-24M17.4	0.8557	LP|NKs	0.0046	51
RP11-250B2.3	0.9769	Epi|Tuft	0.0082	51
RP11-250B2.5	0.9700	Epi|TA 1	0.0032	51
RP11-250B2.6	0.8353	LP|Pericytes	0.0067	51
RP11-251G23.5	0.9260	LP|Pericytes	0.0125	51
RP11-251M1.1	0.9816	LP|Endothelial	0.2981	51
RP11-252A24.3	0.9838	LP|CD69- Mast	0.6667	51
RP11-252A24.7	0.7396	Epi|Tuft	0.4570	51
RP11-252E2.1	0.9122	Epi|Immature Enterocytes 2	0.0416	51
RP11-252K23.2	0.7762	LP|WNT5B+ 1	0.0378	51
RP11-253E3.3	0.9273	Epi|Tuft	0.0527	51
RP11-254F7.2	0.8376	LP|CD69- Mast	0.2343	51
RP11-254F7.4	0.9045	LP|Cycling T	0.0152	51
RP11-254I22.3	0.9900	Epi|TA 1	0.0034	51
RP11-255B23.4	0.9331	Epi|Best4+ Enterocytes	0.0017	51
RP11-255C15.4	0.8207	LP|Pericytes	0.0116	51
RP11-255E6.6	0.9696	Epi|TA 1	0.0003	51
RP11-255G21.1	0.9114	LP|WNT5B+ 1	0.0170	51
RP11-257I14.1	0.9003	Epi|TA 1	0.0059	51
RP11-258C19.5	0.8707	LP|WNT2B+ Fos-lo 2	0.0055	51
RP11-258C19.7	0.7548	LP|WNT2B+ Fos-lo 2	0.0993	51
RP11-258F1.1	0.8862	LP|MT-hi	0.0594	51
RP11-258F22.1	0.8053	LP|GC	0.0346	51
RP11-259K5.2	0.8777	LP|RSPO3+	0.0080	51
RP11-259N19.1	0.8140	LP|Inflammatory Fibroblasts	0.0121	51
RP11-25D3.1	0.8338	LP|Tregs	0.0036	51
RP11-25K19.1	0.8113	LP|CD4+ PD1+	0.5930	51
RP11-260M19.2	0.9845	Epi|Tuft	0.0324	51
RP11-260M2.1	0.8723	LP|NKs	0.0421	51
RP11-261C10.3	0.9214	LP|Inflammatory Monocytes	0.0100	51
RP11-262H14.1	0.9467	LP|Inflammatory Monocytes	0.1132	51
RP11-262H14.3	0.7007	LP|NKs	0.0606	51
RP11-262H14.4	0.8391	LP|Glia	0.3289	51
RP11-263C24.1	0.9121	Epi|M cells	0.0566	51
RP11-263K19.4	0.9066	LP|Pericytes	0.0327	51
RP11-263K4.3	0.8769	LP|Glia	0.0141	51
RP11-264F23.3	0.8384	LP|WNT2B+ Fos-lo 2	0.0578	51
RP11-265N6.1	0.9295	LP|Endothelial	0.0089	51
RP11-265P11.2	0.9881	LP|CD4+ PD1+	0.6404	51
RP11-266E14.1	0.9766	Epi|Best4+ Enterocytes	0.0116	51
RP11-266J6.2	0.9458	LP|NKs	0.0142	51
RP11-266K4.9	0.7729	Epi|Tuft	0.0167	51
RP11-266L9.2	0.9771	Epi|Best4+ Enterocytes	0.0033	51
RP11-266L9.5	0.9481	LP|Inflammatory Monocytes	0.0088	51
RP11-267C16.1	0.9935	Epi|Enterocytes	0.0003	51
RP11-267M23.4	0.8169	LP|Endothelial	0.0067	51
RP11-267N12.3	0.8255	Epi|Enteroendocrine	0.0599	51
RP11-268G13.1	0.9740	Epi|Enteroendocrine	0.0743	51
RP11-268J15.5	0.8565	Epi|Immature Enterocytes 1	0.0427	51
RP11-268P4.4	0.9413	LP|Glia	0.0117	51
RP11-269F19.2	0.9368	LP|NKs	0.0117	51
RP11-26J3.1	0.9642	LP|Endothelial	0.0236	51
RP11-26J3.3	0.8084	LP|Cycling T	0.0144	51
RP11-271K21.11	0.9848	Epi|Secretory TA	0.0016	51
RP11-273B20.1	0.8974	LP|CD8+ IELs	0.0113	51
RP11-273G15.2	0.8137	LP|NKs	0.0162	51
RP11-274B21.10	0.9300	Epi|Enteroendocrine	0.0543	51
RP11-274B21.8	0.9191	LP|ILCs	0.0085	51
RP11-274B21.9	0.8659	LP|ILCs	0.0060	51
RP11-274H2.3	0.9840	Epi|Goblet	0.0020	51
RP11-274H2.5	0.9671	Epi|Enterocytes	0.0047	51
RP11-274H24.1	0.9689	Epi|TA 1	0.0039	51
RP11-274J7.2	0.9487	Epi|M cells	0.0984	51
RP11-275F13.1	0.8816	Epi|Immature Goblet	0.0246	51
RP11-275I14.4	0.9975	Epi|Enteroendocrine	0.0410	51
RP11-275I4.2	0.9265	LP|GC	0.0829	51
RP11-276H19.2	0.9502	Epi|Tuft	0.0113	51
RP11-276H7.2	0.9731	Epi|M cells	0.0247	51
RP11-276H7.3	0.9838	Epi|Goblet	0.0401	51
RP11-277A4.4	0.8938	LP|NKs	0.0278	51
RP11-277B15.3	0.9229	LP|MT-hi	0.0801	51
RP11-277L2.3	0.7558	LP|CD69- Mast	0.3055	51
RP11-277L2.4	0.8821	LP|MT-hi	0.5490	51
RP11-277P12.20	0.9327	Epi|M cells	0.1852	51
RP11-279F6.1	0.9674	Epi|Enteroendocrine	0.3179	51
RP11-279F6.3	0.9879	LP|CD4+ PD1+	1.2804	51
RP11-279O9.4	0.9349	LP|Plasma	0.1066	51
RP11-27K13.3	0.8739	LP|Cycling T	0.0082	51
RP11-27M24.1	0.8088	LP|Glia	0.0329	51
RP11-27M24.3	0.9387	Epi|TA 1	0.0066	51
RP11-27N21.3	0.9360	Epi|Stem	0.0075	51
RP11-281P23.2	0.9644	Epi|Enterocytes	0.0014	51
RP11-282K24.3	0.9309	Epi|Tuft	0.0257	51
RP11-282O18.3	0.9596	Epi|Tuft	0.0132	51
RP11-283G6.4	0.9998	Epi|M cells	0.3046	51
RP11-283I3.6	0.7139	LP|NKs	0.0741	51
RP11-284F21.10	0.9106	Epi|M cells	0.1416	51
RP11-284F21.8	0.7755	LP|WNT2B+ Fos-hi	0.0342	51
RP11-284F21.9	0.9408	Epi|M cells	0.0736	51
RP11-284N8.3	0.8788	LP|MT-hi	0.1791	51
RP11-285E9.6	0.9494	Epi|Immature Enterocytes 1	0.0052	51
RP11-285F7.2	0.9141	Epi|Tuft	0.3469	51
RP11-285G1.14	0.8572	Epi|M cells	0.0358	51
RP11-285J16.1	0.8892	LP|Endothelial	0.0036	51
RP11-286E11.1	0.8568	Epi|Enterocytes	0.0451	51
RP11-286E11.2	0.8614	Epi|Immature Enterocytes 1	0.0183	51
RP11-286H14.6	0.8817	LP|DC1	0.0208	51
RP11-288H12.4	0.7359	Epi|M cells	0.0323	51
RP11-28F1.2	0.8347	LP|CD8+ IELs	0.0307	51
RP11-28H5.2	0.9327	Epi|M cells	0.0223	51
RP11-290C10.1	0.8685	LP|CD4+ PD1+	0.0175	51
RP11-290D2.6	0.8697	LP|CD4+ PD1+	0.0618	51
RP11-290F20.3	0.9860	LP|Inflammatory Monocytes	2.5152	51
RP11-290F24.6	0.9131	Epi|Enteroendocrine	0.0506	51
RP11-290F5.1	0.9733	LP|Plasma	0.6834	51
RP11-290F5.2	0.8369	LP|Plasma	0.0443	51
RP11-290H9.4	0.9528	LP|Myofibroblasts	0.0090	51
RP11-290L1.2	0.7211	LP|MT-hi	0.0843	51
RP11-290L1.3	0.9360	LP|Inflammatory Fibroblasts	0.0023	51
RP11-291B21.2	0.9830	Epi|TA 1	0.0012	51
RP11-292F22.7	0.9198	LP|Glia	0.0117	51
RP11-293A21.1	0.8869	Epi|Enteroendocrine	0.0539	51
RP11-293M10.1	nan	Epi|Best4+ Enterocytes	0.0000	51
RP11-293M10.2	0.9946	LP|CD69- Mast	0.6667	51
RP11-293M10.5	0.7137	LP|WNT5B+ 1	0.0419	51
RP11-293M10.6	0.8587	LP|Macrophages	0.0108	51
RP11-293P20.2	0.9008	Epi|Goblet	0.0127	51
RP11-294J22.6	0.6898	LP|Pericytes	0.2337	51
RP11-294O2.2	0.8971	Epi|Enterocytes	0.9317	51
RP11-295D4.1	0.7940	Epi|Immature Goblet	0.0048	51
RP11-295G20.2	0.7310	LP|Inflammatory Monocytes	0.3932	51
RP11-295M18.2	0.9522	Epi|Immature Enterocytes 2	0.0010	51
RP11-295P9.12	0.9462	Epi|Enteroendocrine	0.0160	51
RP11-295P9.3	0.6170	Epi|Enteroendocrine	0.0567	51
RP11-295P9.8	0.9038	LP|Endothelial	0.0198	51
RP11-296A18.3	0.9468	LP|Plasma	0.0327	51
RP11-296O14.3	0.7074	LP|CD4+ Activated Fos-hi	0.1502	51
RP11-297B17.3	0.9739	LP|Follicular	0.2529	51
RP11-297D21.4	0.7839	Epi|Tuft	0.1127	51
RP11-297K8.2	0.9014	LP|GC	0.0111	51
RP11-297L17.2	0.9163	Epi|Enterocytes	0.1327	51
RP11-297M9.1	0.9448	Epi|Tuft	0.0017	51
RP11-297N6.4	0.8830	Epi|Tuft	0.1290	51
RP11-298I3.4	0.9835	Epi|Tuft	0.1344	51
RP11-298J20.3	0.6289	LP|WNT5B+ 1	0.0671	51
RP11-299G20.2	0.9001	LP|ILCs	0.0165	51
RP11-299H21.1	0.8410	LP|WNT5B+ 1	0.0117	51
RP11-299H22.1	0.9438	LP|Pericytes	0.0182	51
RP11-299J3.8	0.6529	Epi|Enteroendocrine	0.0530	51
RP11-29B2.5	0.9348	LP|Inflammatory Fibroblasts	0.0084	51
RP11-29B9.2	0.9920	Epi|M cells	0.0086	51
RP11-29G8.3	0.8925	Epi|Immature Enterocytes 1	0.0997	51
RP11-2B6.2	0.7348	LP|Glia	0.0285	51
RP11-2E11.9	0.8652	LP|WNT5B+ 2	0.0053	51
RP11-2H3.6	0.9687	Epi|TA 1	0.0021	51
RP11-2H8.2	0.9657	LP|ILCs	0.0178	51
RP11-301L8.2	0.9827	LP|Plasma	0.0253	51
RP11-301O19.1	0.9697	LP|CD69- Mast	0.6136	51
RP11-302B13.5	0.8610	Epi|M cells	0.2007	51
RP11-303E16.2	0.9188	LP|Cycling T	0.1181	51
RP11-303E16.5	0.9361	LP|ILCs	0.0267	51
RP11-303E16.7	0.9295	LP|NKs	0.0027	51
RP11-304F15.3	0.8646	Epi|Enteroendocrine	0.0105	51
RP11-304L19.1	0.8032	Epi|Cycling TA	0.0727	51
RP11-304L19.5	0.6516	Epi|Secretory TA	0.5476	51
RP11-305A4.3	0.9996	Epi|Goblet	0.0004	51
RP11-305E17.6	0.9247	LP|Inflammatory Monocytes	0.0154	51
RP11-305E6.4	0.8513	LP|CD8+ IL17+	0.0158	51
RP11-305K5.1	0.8346	LP|Pericytes	0.0416	51
RP11-305L7.1	0.9179	Epi|Tuft	0.0567	51
RP11-305L7.3	0.9231	LP|CD8+ IELs	0.0566	51
RP11-305L7.6	0.8786	Epi|Immature Enterocytes 2	0.1014	51
RP11-305L7.7	0.8552	Epi|Tuft	0.0068	51
RP11-305O6.3	0.8937	LP|Myofibroblasts	0.0484	51
RP11-306I1.2	0.9298	LP|Pericytes	0.0290	51
RP11-307C12.11	0.9118	Epi|Enteroendocrine	0.0427	51
RP11-307C12.12	0.8122	LP|ILCs	0.0644	51
RP11-307C12.13	0.8307	LP|Glia	0.0477	51
RP11-307C19.2	0.9942	Epi|Immature Goblet	0.0004	51
RP11-307E17.8	0.8947	LP|GC	0.0407	51
RP11-307L14.1	0.9938	Epi|Enteroendocrine	0.0116	51
RP11-307P5.1	0.9705	Epi|Tuft	0.0047	51
RP11-308B5.2	0.8550	Epi|TA 1	0.0032	51
RP11-308D16.4	0.7940	Epi|Tuft	0.0226	51
RP11-309G3.3	0.7932	LP|CD69+ Mast	0.0224	51
RP11-309L24.9	0.9093	LP|Myofibroblasts	0.0050	51
RP11-309M23.1	0.9010	LP|Pericytes	0.0098	51
RP11-309N24.1	0.9763	Epi|Immature Enterocytes 2	0.0006	51
RP11-30J20.1	0.9125	LP|WNT2B+ Fos-lo 2	0.0059	51
RP11-30K9.6	0.9856	Epi|M cells	0.2688	51
RP11-30P6.6	0.9445	Epi|Enterocytes	0.2193	51
RP11-312B8.1	0.7719	LP|Cycling Monocytes	0.0126	51
RP11-312O7.2	0.7921	LP|WNT5B+ 2	0.0186	51
RP11-313P13.5	0.9141	LP|MT-hi	0.0615	51
RP11-314A20.2	0.9133	LP|Cycling B	0.0424	51
RP11-314C16.1	0.9321	LP|Glia	0.0134	51
RP11-314N13.3	0.8735	LP|Microvascular	0.0070	51
RP11-315D16.4	0.9764	Epi|Tuft	0.0153	51
RP11-315I20.1	0.9411	LP|MT-hi	0.1429	51
RP11-315O6.1	0.8954	LP|GC	0.0724	51
RP11-316O14.1	0.8653	LP|RSPO3+	0.0112	51
RP11-316P17.2	0.9493	LP|CD8+ IL17+	0.1241	51
RP11-317J10.2	0.8442	Epi|Enterocyte Progenitors	0.0623	51
RP11-317L10.1	0.9856	Epi|Immature Enterocytes 1	0.0084	51
RP11-317N8.5	0.9249	LP|ILCs	0.0083	51
RP11-318A15.2	0.9706	Epi|M cells	0.2982	51
RP11-318C24.2	0.9202	Epi|Stem	0.0007	51
RP11-318E3.9	0.9285	LP|GC	0.0294	51
RP11-318L16.6	0.8993	LP|Pericytes	0.0171	51
RP11-318M2.2	0.9038	LP|Pericytes	0.0031	51
RP11-319E16.2	0.9955	Epi|Tuft	0.0301	51
RP11-319G6.1	0.7832	LP|Glia	0.0357	51
RP11-319G9.3	0.8933	LP|Microvascular	0.0057	51
RP11-31F15.1	0.6884	LP|Pericytes	0.0750	51
RP11-31F15.2	0.9175	LP|CD8+ IELs	0.0220	51
RP11-31F19.1	0.8988	LP|GC	0.1233	51
RP11-320M2.1	0.9267	Epi|M cells	0.0265	51
RP11-320N21.2	0.9775	Epi|Enterocytes	0.0091	51
RP11-320N7.2	0.9504	Epi|Enteroendocrine	0.0024	51
RP11-320P7.1	0.8559	LP|GC	0.0070	51
RP11-321N4.5	0.9797	Epi|Best4+ Enterocytes	0.0007	51
RP11-323J4.1	0.8854	LP|NKs	0.0051	51
RP11-324I22.3	0.8258	LP|ILCs	0.0808	51
RP11-324I22.4	0.6215	Epi|Tuft	0.0231	51
RP11-325F22.2	0.8041	LP|Tregs	0.0887	51
RP11-325F22.5	0.9633	Epi|TA 1	0.0239	51
RP11-325K4.2	0.8049	LP|Plasma	0.0220	51
RP11-325N19.3	0.9543	LP|Pericytes	0.0223	51
RP11-326C3.11	0.8630	LP|NKs	0.0951	51
RP11-326C3.12	0.9298	LP|MT-hi	0.0792	51
RP11-326C3.2	1.0000	Epi|Cycling TA	0.0001	51
RP11-326F20.5	0.8116	Epi|Immature Enterocytes 2	0.1202	51
RP11-326G21.1	0.8049	LP|CD69+ Mast	0.0527	51
RP11-326I11.3	0.7642	LP|WNT5B+ 1	0.2780	51
RP11-326I11.4	0.9629	LP|Glia	0.0090	51
RP11-326I11.5	0.9727	Epi|M cells	0.0653	51
RP11-326K13.4	0.9233	LP|MT-hi	0.1933	51
RP11-327F22.2	0.8493	LP|NKs	0.0329	51
RP11-327L3.3	0.9203	Epi|Cycling TA	0.0065	51
RP11-327P2.5	0.8752	LP|ILCs	0.2172	51
RP11-328C8.4	0.9802	Epi|Tuft	0.0108	51
RP11-328M4.2	0.8697	Epi|Stem	0.0911	51
RP11-328N19.1	0.9315	Epi|TA 1	0.0003	51
RP11-329B9.1	0.9415	LP|Tregs	0.0075	51
RP11-329B9.4	0.9421	LP|Glia	0.0060	51
RP11-32B5.7	0.9059	LP|CD69+ Mast	0.0259	51
RP11-332H14.1	0.9449	Epi|TA 2	0.0003	51
RP11-332H14.2	0.8694	LP|CD69- Mast	0.6667	51
RP11-332H18.4	0.9059	LP|Pericytes	0.5831	51
RP11-332O19.5	0.9896	Epi|Best4+ Enterocytes	0.0048	51
RP11-333A23.4	0.7369	LP|Cycling Monocytes	0.0058	51
RP11-333E1.1	0.7684	LP|CD8+ IL17+	0.0391	51
RP11-333E1.2	0.9781	Epi|TA 1	0.0032	51
RP11-333I13.1	0.8514	LP|CD8+ IELs	0.0104	51
RP11-334C17.5	0.7940	Epi|Tuft	0.0702	51
RP11-334J6.6	0.9370	Epi|Enteroendocrine	0.0160	51
RP11-335K5.2	0.9593	LP|CD8+ IELs	0.0179	51
RP11-336A10.5	0.9565	Epi|Immature Enterocytes 1	0.0130	51
RP11-336K24.12	0.8508	LP|GC	0.0134	51
RP11-337A23.3	nan	Epi|Best4+ Enterocytes	0.0000	51
RP11-337C18.8	0.8275	Epi|Tuft	0.0664	51
RP11-337C18.9	0.9527	Epi|Enterocyte Progenitors	0.0014	51
RP11-337N6.1	0.9731	LP|WNT5B+ 2	0.0056	51
RP11-338I21.1	0.9137	LP|WNT5B+ 1	0.1951	51
RP11-338L22.2	0.8982	LP|CD8+ IL17+	0.0222	51
RP11-339B21.11	0.8417	LP|CD4+ PD1+	0.0581	51
RP11-339B21.13	0.8549	LP|RSPO3+	0.0099	51
RP11-339B21.14	0.9878	Epi|Enteroendocrine	0.0010	51
RP11-339B21.15	0.7856	Epi|Tuft	0.0171	51
RP11-33B1.3	0.9826	Epi|TA 1	0.0005	51
RP11-33O4.1	0.9204	LP|RSPO3+	0.1165	51
RP11-340F14.5	0.9119	LP|Macrophages	0.0614	51
RP11-341G23.4	0.9850	Epi|M cells	0.0248	51
RP11-341N2.1	0.9691	LP|RSPO3+	0.0166	51
RP11-342A1.1	0.9402	Epi|Goblet	0.0105	51
RP11-342C24.8	0.9760	LP|WNT2B+ Fos-hi	0.0017	51
RP11-342I1.2	0.9164	LP|Macrophages	0.0111	51
RP11-342K6.1	0.7774	Epi|M cells	0.0350	51
RP11-342K6.4	0.9956	Epi|Enteroendocrine	0.0171	51
RP11-342M1.3	0.8160	LP|WNT5B+ 1	0.0247	51
RP11-343H5.6	0.8872	LP|WNT5B+ 1	0.0327	51
RP11-343L5.2	0.8926	LP|Inflammatory Fibroblasts	0.0048	51
RP11-343N15.5	0.7609	LP|Endothelial	0.3433	51
RP11-344B2.3	0.9733	LP|RSPO3+	0.0218	51
RP11-344E13.3	0.9872	LP|Myofibroblasts	0.2203	51
RP11-344N10.5	0.8378	LP|NKs	0.0097	51
RP11-344P13.6	0.8487	LP|CD4+ Memory	0.0279	51
RP11-345J4.3	0.9892	Epi|Immature Enterocytes 1	0.0023	51
RP11-345J4.5	0.6029	LP|GC	0.9001	51
RP11-345M22.2	0.8139	LP|WNT2B+ Fos-lo 2	0.0196	51
RP11-345P4.10	0.9605	LP|MT-hi	0.1216	51
RP11-345P4.9	0.7619	LP|Glia	0.2090	51
RP11-346C20.3	0.9326	Epi|Tuft	0.0291	51
RP11-346D14.1	0.9319	LP|Myofibroblasts	0.0021	51
RP11-346I3.4	0.9155	Epi|M cells	0.0679	51
RP11-347C12.1	0.9132	LP|CD8+ IL17+	0.0300	51
RP11-347C12.3	0.9857	Epi|Goblet	0.0056	51
RP11-347C18.3	0.9529	LP|CD8+ IL17+	0.0272	51
RP11-347C18.5	0.9165	Epi|TA 1	0.0010	51
RP11-347P5.1	0.8070	LP|CD69+ Mast	2.3315	51
RP11-348N5.7	0.8301	LP|Cycling T	0.0223	51
RP11-348P10.2	0.9390	LP|Pericytes	0.0268	51
RP11-349A22.5	0.5269	LP|NKs	1.1008	51
RP11-349K16.1	0.9362	Epi|Enterocytes	0.2605	51
RP11-34P13.7	0.8539	LP|Glia	0.0061	51
RP11-350F4.2	0.5321	Epi|Enteroendocrine	0.0486	51
RP11-350G8.5	0.8540	LP|Plasma	0.0466	51
RP11-350J20.12	0.9817	Epi|M cells	0.1734	51
RP11-350J20.5	0.8627	LP|NKs	0.0252	51
RP11-350N15.5	0.8212	LP|CD69- Mast	0.1478	51
RP11-351D16.3	0.7902	LP|WNT5B+ 1	0.0269	51
RP11-351I21.11	0.9173	LP|WNT2B+ Fos-lo 2	0.0176	51
RP11-352E8.2	0.9639	Epi|Stem	0.0007	51
RP11-352G9.1	0.9536	Epi|Enterocytes	0.0062	51
RP11-353B9.1	0.9422	Epi|Enteroendocrine	0.0583	51
RP11-353N14.4	0.8383	LP|CD8+ IELs	0.0147	51
RP11-353N14.5	0.9921	Epi|Immature Goblet	0.0003	51
RP11-353N4.1	0.9082	LP|WNT5B+ 1	0.2366	51
RP11-353N4.4	0.9124	LP|MT-hi	0.0505	51
RP11-354E11.2	0.9870	LP|CD69- Mast	6.7860	51
RP11-354E23.5	0.9970	Epi|Enteroendocrine	0.0324	51
RP11-354P11.3	0.7671	LP|GC	0.0790	51
RP11-354P11.4	0.9264	LP|Microvascular	0.0056	51
RP11-355B11.2	0.8082	LP|RSPO3+	0.1208	51
RP11-355F16.1	0.9456	LP|ILCs	0.0297	51
RP11-355O1.11	0.6542	LP|WNT5B+ 2	0.0176	51
RP11-356B19.11	0.9197	LP|Pericytes	0.0048	51
RP11-356C4.3	0.8634	Epi|M cells	0.0728	51
RP11-356I2.4	0.7729	LP|Tregs	0.2530	51
RP11-356J5.12	0.9057	LP|WNT5B+ 2	1.4290	51
RP11-356M20.3	0.8091	LP|GC	0.1702	51
RP11-356O9.1	0.9978	Epi|Goblet	0.0047	51
RP11-357C3.3	0.7353	LP|NKs	0.2447	51
RP11-357H14.17	0.8137	Epi|Tuft	1.5565	51
RP11-359B12.2	0.8023	LP|WNT5B+ 1	0.0320	51
RP11-359E3.4	0.8777	LP|Glia	0.0297	51
RP11-359I18.5	nan	Epi|Best4+ Enterocytes	0.0000	51
RP11-359K18.4	0.8394	Epi|Goblet	0.0567	51
RP11-35G9.3	0.8155	LP|GC	0.2988	51
RP11-35P15.1	0.9381	Epi|Enterocytes	0.2312	51
RP11-360L9.4	0.9179	LP|WNT2B+ Fos-lo 2	0.0115	51
RP11-361F15.2	0.7709	Epi|Enteroendocrine	0.0700	51
RP11-362F19.1	0.9963	Epi|Enterocyte Progenitors	0.0053	51
RP11-362K14.5	0.8270	LP|GC	0.0189	51
RP11-362K14.6	0.9610	LP|Pericytes	0.0165	51
RP11-363D14.1	0.9183	LP|Plasma	0.0065	51
RP11-363E6.3	0.9470	Epi|Stem	0.0003	51
RP11-363E6.4	0.9775	Epi|Enteroendocrine	0.0004	51
RP11-363E7.4	0.9650	Epi|Goblet	0.5041	51
RP11-363J20.1	0.8880	LP|Endothelial	0.0007	51
RP11-364B6.1	0.8833	Epi|Tuft	0.0225	51
RP11-365H22.2	0.9563	Epi|Enteroendocrine	0.0238	51
RP11-365N19.2	0.9677	Epi|TA 2	0.0002	51
RP11-365O16.3	0.9753	LP|DC2	0.2906	51
RP11-366H4.3	0.8179	LP|Plasma	0.0053	51
RP11-366L20.2	0.9989	Epi|TA 1	0.0025	51
RP11-366L5.1	0.8546	Epi|Tuft	0.0189	51
RP11-367G18.1	0.9210	LP|Plasma	0.0233	51
RP11-367G6.3	0.8616	LP|CD4+ PD1+	0.1852	51
RP11-367J11.3	0.9202	LP|CD69- Mast	0.1943	51
RP11-367N14.2	0.8877	LP|ILCs	0.0099	51
RP11-367N14.3	0.9606	Epi|Enterocytes	0.0011	51
RP11-368I7.4	0.8751	LP|Cycling T	0.0283	51
RP11-368L12.1	0.9805	Epi|Immature Enterocytes 2	0.0001	51
RP11-370A5.1	0.9459	LP|Cycling B	0.0118	51
RP11-371I1.2	nan	Epi|Best4+ Enterocytes	0.0000	51
RP11-372E1.4	0.9877	Epi|TA 2	0.0003	51
RP11-372E1.6	0.8591	LP|Myofibroblasts	0.0123	51
RP11-372K14.2	0.7576	LP|CD4+ PD1+	0.0149	51
RP11-373D23.2	0.7554	LP|NKs	0.4851	51
RP11-373D23.3	0.7175	LP|ILCs	0.1085	51
RP11-374A4.1	0.9959	Epi|Enteroendocrine	0.1099	51
RP11-374M1.5	0.9389	LP|Glia	0.0392	51
RP11-375B1.3	0.9664	Epi|Enterocyte Progenitors	0.0018	51
RP11-375I20.6	nan	Epi|Best4+ Enterocytes	0.0000	51
RP11-375N15.2	0.9262	LP|NKs	0.0149	51
RP11-375O18.2	0.9590	LP|Inflammatory Monocytes	0.0040	51
RP11-376M2.2	0.8262	LP|CD69+ Mast	0.0125	51
RP11-378A13.1	0.8615	LP|Cycling Monocytes	0.0637	51
RP11-378A13.2	0.8781	LP|Microvascular	0.0422	51
RP11-378E13.4	0.9658	Epi|Enteroendocrine	0.0267	51
RP11-378J18.3	0.6062	LP|GC	0.0182	51
RP11-378J18.8	0.8432	Epi|Enteroendocrine	0.0227	51
RP11-379B18.5	0.8243	LP|Myofibroblasts	0.1226	51
RP11-379B18.6	0.8620	Epi|Enteroendocrine	0.0264	51
RP11-379B8.1	0.9760	Epi|Enterocytes	0.0394	51
RP11-379C10.4	0.9714	Epi|Best4+ Enterocytes	0.0007	51
RP11-379F4.4	0.9263	LP|CD69+ Mast	0.0394	51
RP11-379F4.6	0.9075	Epi|M cells	0.0136	51
RP11-379F4.7	0.9737	Epi|Immature Goblet	0.0048	51
RP11-379F4.8	0.9716	Epi|TA 2	0.0001	51
RP11-379F4.9	0.8814	LP|Macrophages	0.0180	51
RP11-379H18.1	0.7201	LP|ILCs	0.1011	51
RP11-379K17.12	0.9237	Epi|Enteroendocrine	0.1337	51
RP11-37B2.1	0.7084	LP|Myofibroblasts	0.0806	51
RP11-37C7.3	0.9317	LP|MT-hi	0.0839	51
RP11-37N22.1	0.8383	LP|CD4+ Activated Fos-hi	0.0219	51
RP11-380D23.1	0.9535	Epi|Stem	0.0006	51
RP11-380D23.2	0.9730	Epi|Enteroendocrine	0.0498	51
RP11-380L11.3	0.9575	Epi|Enterocytes	0.0004	51
RP11-380M21.4	0.9543	LP|RSPO3+	0.0164	51
RP11-380O24.1	0.9482	Epi|Stem	0.0048	51
RP11-380P13.1	0.9424	Epi|Immature Enterocytes 2	0.0173	51
RP11-381K20.2	0.8752	LP|MT-hi	0.0639	51
RP11-381K20.5	0.9813	Epi|Enteroendocrine	0.0004	51
RP11-381O7.3	0.9302	Epi|Best4+ Enterocytes	0.0021	51
RP11-382B18.4	0.9005	Epi|Tuft	0.0233	51
RP11-382D12.2	0.9493	Epi|Goblet	0.0038	51
RP11-382J12.1	0.8883	LP|Tregs	0.0959	51
RP11-383C5.4	0.7222	Epi|Enteroendocrine	0.0973	51
RP11-383H13.1	0.9072	LP|Pericytes	0.3927	51
RP11-383J24.1	nan	Epi|Best4+ Enterocytes	0.0000	51
RP11-383J24.6	0.6438	Epi|M cells	0.0668	51
RP11-383M4.6	0.7783	Epi|Tuft	0.0610	51
RP11-384L8.1	0.9801	Epi|Tuft	0.1874	51
RP11-385D13.1	0.9682	Epi|Best4+ Enterocytes	0.0010	51
RP11-385D13.3	0.7872	Epi|Tuft	0.1506	51
RP11-385F5.4	0.9321	Epi|Stem	0.0010	51
RP11-385F5.5	0.9292	Epi|Tuft	0.0193	51
RP11-385F7.1	0.8230	Epi|Tuft	0.1711	51
RP11-385J1.2	0.9846	Epi|Tuft	0.0131	51
RP11-386G11.10	0.6752	Epi|M cells	0.0679	51
RP11-386G11.5	0.8257	LP|GC	0.0523	51
RP11-386I14.4	0.9461	LP|Inflammatory Monocytes	1.3549	51
RP11-387A1.5	0.9772	Epi|Stem	0.0016	51
RP11-387D10.2	0.9329	Epi|TA 1	0.0023	51
RP11-388C12.1	0.9865	Epi|Tuft	0.0253	51
RP11-388C12.8	0.9296	LP|NKs	0.0099	51
RP11-388M20.1	0.7624	LP|WNT2B+ Fos-hi	0.0177	51
RP11-388M20.2	0.9701	Epi|Best4+ Enterocytes	0.0002	51
RP11-388M20.9	0.9150	LP|Microvascular	0.0185	51
RP11-388N2.1	0.9602	Epi|Enteroendocrine	0.0009	51
RP11-389C8.2	0.9505	LP|DC1	0.2585	51
RP11-389C8.3	0.9171	LP|CD8+ IL17+	0.0083	51
RP11-389O22.1	0.8627	LP|Inflammatory Fibroblasts	0.0086	51
RP11-38G5.4	0.9718	Epi|Cycling TA	0.0003	51
RP11-38L15.2	0.8357	LP|Pericytes	0.0169	51
RP11-38M8.1	0.8532	LP|CD4+ PD1+	0.0306	51
RP11-38P22.2	0.8198	Epi|Enterocytes	0.1218	51
RP11-390B4.5	0.7827	LP|MT-hi	0.1056	51
RP11-390E23.6	0.6603	Epi|Enterocytes	0.1878	51
RP11-390F4.3	0.8950	Epi|Tuft	0.3085	51
RP11-390F4.6	0.9836	LP|Plasma	0.0347	51
RP11-390K5.3	nan	Epi|Best4+ Enterocytes	0.0000	51
RP11-390P2.4	0.8565	LP|Pericytes	0.1295	51
RP11-391J2.3	0.9262	Epi|Stem	0.0096	51
RP11-391M1.4	0.6006	Epi|M cells	0.0293	51
RP11-392E22.12	0.9606	Epi|Tuft	0.0243	51
RP11-392P7.6	0.8003	Epi|Stem	0.1183	51
RP11-393I2.4	0.7305	LP|WNT5B+ 1	0.0466	51
RP11-393M11.2	0.9576	Epi|Cycling TA	0.0011	51
RP11-394I13.2	0.9788	Epi|Immature Enterocytes 2	0.0002	51
RP11-395A13.2	0.8996	LP|CD69- Mast	0.9281	51
RP11-395B7.2	0.9083	Epi|Immature Enterocytes 1	0.7756	51
RP11-395B7.4	0.8706	LP|WNT5B+ 2	0.3966	51
RP11-395B7.7	0.5577	LP|Microvascular	0.3890	51
RP11-395G23.3	0.8224	LP|Pericytes	0.1578	51
RP11-395I6.3	0.8121	LP|ILCs	0.0141	51
RP11-395P17.11	0.8435	Epi|Enterocytes	0.2993	51
RP11-395P17.3	0.8855	Epi|Tuft	0.2360	51
RP11-396C23.2	0.9500	LP|RSPO3+	0.0171	51
RP11-396C23.4	0.9177	Epi|Secretory TA	0.0007	51
RP11-396F22.1	0.9147	LP|Post-capillary Venules	0.0835	51
RP11-396O20.1	0.9949	Epi|Enterocytes	0.0029	51
RP11-398C13.6	0.7397	Epi|Tuft	0.0372	51
RP11-398K22.12	0.7695	LP|MT-hi	0.1445	51
RP11-399K21.13	0.8612	LP|Microvascular	0.0580	51
RP11-399K21.14	nan	Epi|Best4+ Enterocytes	0.0000	51
RP11-399O19.9	0.8420	LP|CD8+ IL17+	0.0175	51
RP11-3B12.1	0.8444	LP|NKs	0.0171	51
RP11-3D4.3	0.8791	LP|GC	0.0020	51
RP11-3P17.4	0.8101	LP|Follicular	0.0044	51
RP11-3P17.5	0.9127	Epi|Enteroendocrine	0.0089	51
RP11-400F19.18	0.7751	LP|GC	0.0530	51
RP11-400F19.6	0.7088	LP|CD69- Mast	0.1765	51
RP11-400N13.2	0.9936	Epi|TA 1	0.0007	51
RP11-400N13.3	0.9845	LP|Inflammatory Fibroblasts	0.0834	51
RP11-400N9.1	0.8991	LP|CD8+ IL17+	0.0321	51
RP11-401F2.3	0.8608	LP|MT-hi	0.0521	51
RP11-402D21.2	0.9298	LP|CD4+ PD1+	0.0286	51
RP11-403A21.2	0.9533	LP|ILCs	0.4703	51
RP11-403B2.6	0.9657	LP|CD69+ Mast	0.2434	51
RP11-403I13.4	0.8802	LP|MT-hi	0.0762	51
RP11-403I13.5	0.9861	Epi|M cells	0.3708	51
RP11-403I13.8	0.8763	LP|MT-hi	0.3192	51
RP11-403P17.3	0.9817	LP|CD69- Mast	0.2334	51
RP11-404F10.2	0.9317	LP|CD8+ IL17+	0.0272	51
RP11-404O13.5	0.9873	LP|DC2	0.0887	51
RP11-404P21.3	0.9856	Epi|Best4+ Enterocytes	0.0064	51
RP11-404P21.5	0.9708	Epi|Goblet	0.0313	51
RP11-405O10.2	0.8662	Epi|M cells	0.0090	51
RP11-407B7.1	0.9500	Epi|Enterocyte Progenitors	0.0069	51
RP11-407G23.4	0.8938	LP|CD8+ IELs	0.0035	51
RP11-407N17.4	0.9678	Epi|Immature Enterocytes 2	0.0003	51
RP11-407N17.5	0.7440	LP|NKs	0.0353	51
RP11-408A13.3	0.9577	Epi|Immature Enterocytes 2	0.0017	51
RP11-408A13.4	0.7956	LP|Endothelial	0.0214	51
RP11-408H20.1	0.9216	Epi|M cells	0.1407	51
RP11-408N14.1	0.9981	Epi|Enterocytes	0.0039	51
RP11-408O19.5	0.9429	Epi|Best4+ Enterocytes	0.0013	51
RP11-410E4.1	0.9466	Epi|M cells	0.0786	51
RP11-410K21.2	0.8852	LP|Glia	0.0100	51
RP11-410L14.2	0.7652	LP|Glia	0.0946	51
RP11-412D9.4	0.7878	LP|Pericytes	0.1612	51
RP11-412H8.2	0.9774	Epi|Cycling TA	0.0046	51
RP11-413H22.2	0.9293	LP|GC	0.2461	51
RP11-415F23.2	0.9180	LP|CD4+ Memory	0.0430	51
RP11-415F23.4	0.8833	LP|CD4+ Memory	0.0187	51
RP11-416A14.1	0.9738	LP|NKs	0.0238	51
RP11-416I2.1	0.9965	Epi|M cells	0.0051	51
RP11-416N2.3	0.9734	Epi|Best4+ Enterocytes	0.0219	51
RP11-416N2.4	0.9299	Epi|Best4+ Enterocytes	0.0561	51
RP11-417J8.3	0.8782	LP|GC	0.0148	51
RP11-417J8.6	0.9710	LP|Post-capillary Venules	0.1088	51
RP11-418J17.1	0.7962	LP|MT-hi	0.0564	51
RP11-41O4.1	0.8448	Epi|Goblet	0.0075	51
RP11-420A23.1	0.8907	LP|Glia	0.0211	51
RP11-420A6.2	0.8099	LP|WNT5B+ 1	0.0121	51
RP11-420G6.4	0.8400	LP|Inflammatory Monocytes	0.0645	51
RP11-420L9.5	0.8734	LP|Inflammatory Fibroblasts	0.0284	51
RP11-420N3.2	0.8943	Epi|TA 1	0.1345	51
RP11-421E14.2	0.7960	Epi|Enteroendocrine	0.1637	51
RP11-421L21.2	0.8313	LP|Tregs	0.0119	51
RP11-421L21.3	0.7857	LP|Post-capillary Venules	0.2144	51
RP11-421M1.8	0.9156	LP|Cycling B	0.0164	51
RP11-422J8.1	0.5710	LP|CD4+ PD1+	0.0635	51
RP11-422P24.10	0.8640	LP|GC	0.0028	51
RP11-422P24.11	0.7733	Epi|Tuft	0.0314	51
RP11-423C15.3	0.8280	Epi|Enteroendocrine	0.0276	51
RP11-423H2.3	0.9619	Epi|Enteroendocrine	0.1446	51
RP11-423O2.5	0.9217	LP|RSPO3+	0.0573	51
RP11-423P10.2	0.6375	LP|NKs	0.0255	51
RP11-424G14.1	0.8790	LP|Myofibroblasts	0.0088	51
RP11-424N24.2	0.8382	Epi|Immature Goblet	0.0049	51
RP11-425A6.5	0.7765	Epi|Tuft	0.0622	51
RP11-425D10.10	0.9351	LP|ILCs	0.2326	51
RP11-425I13.3	0.8107	LP|Cycling Monocytes	0.0822	51
RP11-426C22.5	0.9213	LP|DC2	0.2123	51
RP11-426L16.3	0.7465	LP|Pericytes	0.0185	51
RP11-426L16.9	0.9824	LP|Endothelial	0.0089	51
RP11-427H3.3	0.7017	LP|CD8+ IL17+	0.3681	51
RP11-428J1.5	0.8017	LP|WNT5B+ 1	0.0367	51
RP11-428K3.1	0.9344	LP|Follicular	0.0102	51
RP11-429D19.1	0.8928	LP|GC	0.0546	51
RP11-429E11.3	0.9104	LP|NKs	0.0190	51
RP11-429J17.2	0.8190	Epi|M cells	0.0415	51
RP11-42I10.1	0.9588	LP|Inflammatory Monocytes	0.0130	51
RP11-42O15.3	0.9713	Epi|Tuft	0.0097	51
RP11-430B1.2	0.9285	LP|ILCs	0.0862	51
RP11-430C7.4	0.9268	LP|Follicular	0.0087	51
RP11-430C7.5	1.0000	Epi|Tuft	0.0194	51
RP11-430G17.3	0.9328	LP|RSPO3+	0.0328	51
RP11-430H10.1	0.8212	LP|Pericytes	0.0530	51
RP11-431K24.1	0.9844	LP|Pericytes	0.0742	51
RP11-431M7.3	0.9524	Epi|TA 2	0.0007	51
RP11-432I5.1	0.9840	Epi|M cells	0.0531	51
RP11-432I5.2	0.9008	Epi|Immature Enterocytes 2	0.0066	51
RP11-432J24.2	0.8751	Epi|Enteroendocrine	0.0117	51
RP11-433J8.1	0.8996	LP|CD8+ IL17+	0.0246	51
RP11-434B12.1	0.9610	Epi|Enteroendocrine	0.0623	51
RP11-434C1.1	0.8618	Epi|Enteroendocrine	0.0682	51
RP11-434D9.1	0.9859	Epi|Stem	0.0011	51
RP11-434H6.6	0.8274	LP|ILCs	0.0188	51
RP11-434H6.7	0.6984	LP|CD69+ Mast	0.0528	51
RP11-435B5.3	0.9539	Epi|Tuft	0.0143	51
RP11-435B5.4	0.8465	LP|CD4+ PD1+	0.0290	51
RP11-435O5.2	0.9119	Epi|Stem	0.0291	51
RP11-435O5.5	0.9395	LP|CD8+ IL17+	0.0377	51
RP11-438L19.1	0.8569	LP|Endothelial	0.0092	51
RP11-438N16.1	0.9873	Epi|Immature Goblet	0.0018	51
RP11-439A17.7	0.8260	LP|Endothelial	0.0569	51
RP11-439C15.5	0.9777	Epi|TA 1	0.0024	51
RP11-439E19.1	0.7525	LP|Tregs	0.0274	51
RP11-439E19.10	0.9512	Epi|Best4+ Enterocytes	0.0014	51
RP11-439E19.3	0.9597	Epi|Enteroendocrine	0.0608	51
RP11-439E19.7	0.9190	Epi|Enterocytes	0.0186	51
RP11-439E19.9	0.9883	Epi|Enteroendocrine	0.0414	51
RP11-439L18.1	0.8837	LP|Pericytes	0.0091	51
RP11-439L18.3	0.9738	LP|WNT5B+ 1	0.0073	51
RP11-439M11.1	nan	Epi|Best4+ Enterocytes	0.0000	51
RP11-440D17.3	0.8393	Epi|Enteroendocrine	0.0571	51
RP11-440D17.4	0.9119	Epi|Secretory TA	0.0013	51
RP11-440G5.2	0.9448	LP|Plasma	0.0011	51
RP11-440I14.2	0.9734	Epi|Enterocytes	0.0033	51
RP11-440I14.3	0.9450	Epi|Enterocytes	0.0248	51
RP11-440L14.1	0.6385	Epi|Tuft	0.0562	51
RP11-440L14.4	0.8495	LP|NKs	0.0311	51
RP11-441O15.3	0.8715	LP|WNT5B+ 2	0.0281	51
RP11-442H21.2	0.9351	LP|CD8+ IL17+	0.0716	51
RP11-442N24__B.1	0.9110	LP|Glia	0.0545	51
RP11-443B20.1	0.9330	Epi|Cycling TA	0.0020	51
RP11-443B7.1	0.8544	LP|CD69- Mast	0.2188	51
RP11-445H22.3	1.0000	Epi|Cycling TA	0.0000	51
RP11-445N18.5	0.9935	Epi|TA 1	0.0017	51
RP11-445N20.3	0.9613	Epi|Immature Goblet	0.0011	51
RP11-445O3.3	0.9167	LP|Post-capillary Venules	0.0061	51
RP11-446N19.1	0.8075	LP|CD69+ Mast	0.2254	51
RP11-448A19.1	0.7190	Epi|Enteroendocrine	0.1198	51
RP11-448G15.3	0.8150	LP|Myofibroblasts	0.0300	51
RP11-449D8.1	0.9684	LP|WNT5B+ 2	0.4316	51
RP11-449H11.1	0.8774	LP|DC1	0.0213	51
RP11-449P15.2	0.7740	Epi|Tuft	0.0392	51
RP11-44F14.2	0.9298	Epi|TA 1	0.0057	51
RP11-44F14.5	0.9269	LP|MT-hi	0.0567	51
RP11-44F14.8	0.8922	Epi|M cells	0.0205	51
RP11-44F21.5	0.8826	Epi|Immature Goblet	0.2631	51
RP11-44N11.1	0.8915	LP|MT-hi	0.2724	51
RP11-44N11.2	0.9147	LP|CD4+ PD1+	0.0849	51
RP11-44N11.3	0.9780	Epi|Best4+ Enterocytes	0.0003	51
RP11-44N21.1	0.8908	Epi|Best4+ Enterocytes	0.1726	51
RP11-44N22.3	0.8822	LP|CD4+ PD1+	0.0350	51
RP11-451G4.2	0.8804	LP|CD4+ PD1+	0.0215	51
RP11-451M19.3	0.9790	Epi|M cells	0.1540	51
RP11-452C8.1	0.9825	Epi|Tuft	0.0088	51
RP11-452F19.3	0.7272	LP|CD69+ Mast	0.2852	51
RP11-452H21.4	0.9709	LP|Inflammatory Monocytes	0.1359	51
RP11-452L6.1	0.7877	Epi|Enteroendocrine	0.0469	51
RP11-452L6.5	0.6751	LP|CD8+ IELs	0.0364	51
RP11-452L6.7	0.8830	LP|MT-hi	0.0279	51
RP11-453A12.1	0.8833	LP|Pericytes	0.0058	51
RP11-453F18__B.1	0.7992	LP|Pericytes	0.0197	51
RP11-455F5.3	0.9016	LP|Pericytes	0.0816	51
RP11-455F5.4	0.7081	Epi|TA 1	0.0462	51
RP11-455F5.5	0.9530	LP|CD4+ PD1+	0.9808	51
RP11-455J20.3	0.9350	LP|NKs	0.0083	51
RP11-456H18.2	0.8848	LP|Tregs	0.0056	51
RP11-456K23.1	0.8826	LP|GC	0.0116	51
RP11-457M11.2	0.8515	Epi|Enteroendocrine	0.0959	51
RP11-457M11.5	0.6691	Epi|Tuft	0.0195	51
RP11-458D21.1	0.9862	Epi|M cells	0.0033	51
RP11-458F8.4	0.8845	LP|MT-hi	0.0536	51
RP11-458N5.1	0.7900	Epi|M cells	0.0504	51
RP11-459I19.1	0.9760	Epi|Immature Enterocytes 1	0.0094	51
RP11-45M22.5	0.7979	Epi|M cells	0.0129	51
RP11-45P15.4	0.9040	LP|Inflammatory Fibroblasts	0.0158	51
RP11-460N16.1	0.9249	LP|CD4+ PD1+	0.1032	51
RP11-461A8.4	0.9531	Epi|Secretory TA	0.0029	51
RP11-462G12.1	0.8364	LP|WNT5B+ 1	0.0475	51
RP11-462G2.1	0.9562	Epi|Enterocytes	0.6577	51
RP11-462G2.2	nan	Epi|Best4+ Enterocytes	0.0000	51
RP11-462L8.1	0.9562	Epi|Enterocyte Progenitors	0.0007	51
RP11-464D20.6	0.8727	LP|Pericytes	0.0184	51
RP11-464F9.20	0.8012	Epi|Tuft	0.0892	51
RP11-464F9.22	0.9853	Epi|Immature Enterocytes 2	0.0006	51
RP11-465B22.5	0.9778	Epi|Stem	0.0035	51
RP11-465B22.8	0.8879	Epi|Goblet	0.5011	51
RP11-465N4.4	0.9446	Epi|Enterocytes	0.4970	51
RP11-465N4.5	0.9624	Epi|Tuft	0.0197	51
RP11-466A19.8	0.9465	Epi|Goblet	0.0055	51
RP11-466F5.8	0.8798	LP|Glia	0.0025	51
RP11-467D6.1	0.8041	LP|ILCs	0.0425	51
RP11-467J12.4	nan	Epi|Best4+ Enterocytes	0.0000	51
RP11-467N20.5	0.9986	Epi|TA 1	0.0015	51
RP11-467P9.1	0.8473	LP|Inflammatory Monocytes	0.0168	51
RP11-468E2.4	0.7166	LP|MT-hi	0.3469	51
RP11-468E2.5	0.7599	LP|CD4+ PD1+	0.0746	51
RP11-468N14.13	0.9635	Epi|Enterocyte Progenitors	0.0006	51
RP11-469H8.6	0.9674	Epi|Secretory TA	0.0038	51
RP11-469M7.1	0.7934	LP|ILCs	0.1281	51
RP11-469N6.1	0.9961	Epi|Enteroendocrine	0.0051	51
RP11-46A10.4	0.8894	Epi|M cells	0.0105	51
RP11-46A10.5	0.9592	LP|Myofibroblasts	0.0116	51
RP11-46C24.7	0.8129	LP|RSPO3+	0.1047	51
RP11-46D6.1	0.9263	Epi|Enteroendocrine	0.0038	51
RP11-46F15.2	0.8600	LP|Endothelial	0.0101	51
RP11-46H11.12	0.7982	LP|CD4+ PD1+	0.0406	51
RP11-46H11.3	0.7281	Epi|TA 1	0.1776	51
RP11-46J23.1	0.8418	LP|GC	0.0151	51
RP11-46O21.2	0.9498	LP|RSPO3+	0.0068	51
RP11-470P21.2	0.8498	Epi|Immature Goblet	0.0299	51
RP11-471M2.3	0.9531	Epi|Tuft	0.0190	51
RP11-473I1.10	0.6406	Epi|Tuft	0.2491	51
RP11-473I1.5	0.7734	LP|CD4+ PD1+	0.1432	51
RP11-473I1.9	0.7071	LP|Inflammatory Monocytes	0.0982	51
RP11-473M20.14	0.7638	LP|NKs	0.1560	51
RP11-473M20.16	0.7936	LP|WNT5B+ 1	0.0982	51
RP11-473M20.7	0.8671	LP|NKs	0.3484	51
RP11-473M20.9	0.9380	LP|Endothelial	0.2231	51
RP11-474G23.2	0.8063	LP|Tregs	0.0056	51
RP11-474G23.3	0.6330	Epi|Tuft	0.0495	51
RP11-474I16.8	0.9304	LP|Pericytes	0.0337	51
RP11-474N24.6	0.9893	Epi|Enterocyte Progenitors	0.0021	51
RP11-475I24.3	0.9240	Epi|Tuft	0.0439	51
RP11-475N22.4	0.9712	LP|Endothelial	0.1860	51
RP11-475O23.3	0.8670	Epi|Immature Goblet	0.0380	51
RP11-475O6.1	0.9112	Epi|Enteroendocrine	0.0804	51
RP11-477D19.2	0.8152	LP|Pericytes	0.0266	51
RP11-477H21.2	0.9898	LP|CD69- Mast	0.1648	51
RP11-477N3.1	0.7207	LP|Tregs	0.0092	51
RP11-479G22.8	0.7335	LP|Inflammatory Fibroblasts	0.0252	51
RP11-479O17.10	0.8526	LP|Glia	0.0134	51
RP11-47A8.5	0.8203	Epi|Tuft	0.1028	51
RP11-47I22.2	0.9263	LP|Inflammatory Fibroblasts	0.0480	51
RP11-47I22.3	0.8916	LP|Myofibroblasts	0.0170	51
RP11-47L3.1	0.8670	LP|CD8+ IELs	0.2645	51
RP11-47P18.2	0.9954	Epi|Immature Goblet	0.0022	51
RP11-480A16.1	0.7823	Epi|Goblet	0.0249	51
RP11-480C16.1	0.8753	LP|Plasma	0.0578	51
RP11-480I12.10	nan	Epi|Best4+ Enterocytes	0.0000	51
RP11-480I12.4	nan	Epi|Best4+ Enterocytes	0.0000	51
RP11-480I12.7	0.9648	Epi|Immature Enterocytes 1	0.0070	51
RP11-481A20.11	0.9200	Epi|M cells	0.0495	51
RP11-483E7.1	0.8995	Epi|Enterocyte Progenitors	0.0052	51
RP11-483F11.7	0.9256	LP|CD4+ PD1+	0.0127	51
RP11-483I13.5	0.7688	LP|MT-hi	0.0334	51
RP11-483L5.1	0.9658	LP|Post-capillary Venules	0.0613	51
RP11-483P21.2	0.9895	Epi|M cells	0.0006	51
RP11-483P21.3	0.7968	LP|Pericytes	0.0291	51
RP11-484D2.2	0.9723	Epi|Enterocyte Progenitors	0.0045	51
RP11-484K9.4	0.9436	LP|MT-hi	0.0819	51
RP11-485G4.2	0.7352	Epi|Tuft	0.3220	51
RP11-485G7.5	0.9777	LP|GC	0.1471	51
RP11-486F17.1	0.9759	Epi|Immature Enterocytes 1	0.0024	51
RP11-486G15.2	0.8756	LP|WNT5B+ 2	0.0913	51
RP11-486L19.2	0.8719	LP|ILCs	0.0208	51
RP11-486O12.2	0.8898	LP|Microvascular	0.0066	51
RP11-488C13.5	0.8574	LP|Endothelial	0.3095	51
RP11-488L18.10	0.6250	LP|Endothelial	0.1446	51
RP11-488L18.8	0.8993	LP|Endothelial	0.0022	51
RP11-488P3.1	0.9759	Epi|Immature Enterocytes 1	0.0007	51
RP11-489E7.4	0.8587	LP|CD8+ IELs	0.5544	51
RP11-48B3.3	0.7157	Epi|TA 1	0.0328	51
RP11-48B3.4	0.7689	LP|Post-capillary Venules	0.0187	51
RP11-48G14.2	0.9322	LP|Follicular	0.0044	51
RP11-48O20.4	0.9253	Epi|Enterocytes	4.6225	51
RP11-490M8.1	0.7387	LP|Microvascular	0.1678	51
RP11-490O6.2	0.7862	Epi|Tuft	0.0553	51
RP11-491F9.1	0.9493	Epi|Immature Enterocytes 1	0.0089	51
RP11-492E3.2	0.9754	LP|Plasma	0.2561	51
RP11-493L12.4	0.8840	LP|CD8+ IL17+	0.1627	51
RP11-494M8.4	0.8542	Epi|Tuft	0.0088	51
RP11-495P10.8	0.9999	Epi|Best4+ Enterocytes	0.0147	51
RP11-496D24.2	0.9920	Epi|TA 1	0.0018	51
RP11-496H1.2	nan	Epi|Best4+ Enterocytes	0.0000	51
RP11-496I9.1	0.9490	Epi|Tuft	0.1645	51
RP11-497H16.9	0.7055	LP|Pericytes	0.0372	51
RP11-497K21.1	0.9291	LP|ILCs	0.0170	51
RP11-498B4.5	0.9471	Epi|Stem	0.0036	51
RP11-498C9.13	0.9494	Epi|Stem	0.0009	51
RP11-498C9.15	0.6896	Epi|Cycling TA	0.0757	51
RP11-498C9.2	0.8480	LP|CD8+ IELs	0.0091	51
RP11-498C9.3	0.9406	Epi|Enteroendocrine	0.0430	51
RP11-498D10.6	0.7361	Epi|Goblet	0.0222	51
RP11-498E2.7	0.9355	Epi|Goblet	0.0038	51
RP11-498E2.8	0.8355	Epi|M cells	0.0218	51
RP11-498E2.9	0.9713	Epi|Tuft	0.2608	51
RP11-498P14.5	0.8632	LP|MT-hi	0.0291	51
RP11-499E18.1	0.7922	LP|Glia	0.1371	51
RP11-499F3.2	0.9597	Epi|Tuft	0.0215	51
RP11-499P20.2	0.8941	Epi|Enteroendocrine	0.1871	51
RP11-49C24.1	0.7420	LP|Glia	0.0171	51
RP11-49I11.1	0.8622	Epi|Tuft	0.1196	51
RP11-4E23.2	0.9600	LP|Cycling T	0.0053	51
RP11-4F5.2	0.8446	LP|CD69- Mast	0.1539	51
RP11-4O1.2	0.8968	LP|CD69- Mast	0.1648	51
RP11-500B12.1	0.9644	Epi|Goblet	0.0018	51
RP11-500C11.3	0.7818	LP|Cycling T	0.1165	51
RP11-500G22.2	0.9194	LP|Glia	0.0664	51
RP11-501J20.5	0.9991	LP|CD69+ Mast	0.6230	51
RP11-502I4.3	0.8790	LP|RSPO3+	0.0796	51
RP11-503C24.4	0.8973	LP|Endothelial	0.0035	51
RP11-503C24.6	0.9845	Epi|M cells	0.0036	51
RP11-503E24.2	0.9923	Epi|Immature Goblet	0.0005	51
RP11-503N18.1	0.9622	Epi|Enterocytes	0.0129	51
RP11-503P10.1	0.9536	Epi|Enterocyte Progenitors	0.0006	51
RP11-504A18.1	0.9841	Epi|Best4+ Enterocytes	0.0034	51
RP11-504P24.4	0.8454	LP|Pericytes	0.0308	51
RP11-504P24.8	0.6840	Epi|Goblet	0.0571	51
RP11-505E24.2	0.8829	LP|ILCs	0.0120	51
RP11-505K9.1	0.7444	LP|Endothelial	0.0762	51
RP11-505P4.7	0.8958	LP|CD69+ Mast	0.0024	51
RP11-506H20.1	0.9141	Epi|Stem	0.0018	51
RP11-506M13.3	0.7167	LP|Inflammatory Monocytes	0.0370	51
RP11-506O24.2	0.9104	LP|RSPO3+	0.0736	51
RP11-509E10.1	0.9755	Epi|Stem	0.0023	51
RP11-509E16.1	0.9457	LP|Glia	0.0468	51
RP11-509J21.2	0.9017	LP|RSPO3+	0.0154	51
RP11-50E11.3	0.8819	Epi|Enteroendocrine	0.1501	51
RP11-510J16.5	0.9208	Epi|Enterocyte Progenitors	0.0019	51
RP11-510M2.2	0.8880	LP|DC1	0.0114	51
RP11-510N19.5	0.9849	Epi|TA 1	0.0030	51
RP11-511B23.1	1.0000	Epi|Immature Enterocytes 2	0.0000	51
RP11-511B23.2	0.9400	Epi|Enterocyte Progenitors	0.0093	51
RP11-511I2.2	0.9312	Epi|Immature Enterocytes 2	0.0996	51
RP11-513G11.3	nan	Epi|Best4+ Enterocytes	0.0000	51
RP11-513I15.6	0.8601	LP|RSPO3+	0.0524	51
RP11-513M16.7	0.8440	LP|CD8+ IELs	0.0189	51
RP11-513M16.8	0.6664	LP|NKs	0.0189	51
RP11-513O17.3	0.9728	Epi|Best4+ Enterocytes	0.0088	51
RP11-514D23.1	0.9813	Epi|Secretory TA	0.0001	51
RP11-514D23.3	0.9198	LP|WNT5B+ 2	0.4893	51
RP11-514F3.5	0.9861	Epi|Best4+ Enterocytes	0.0036	51
RP11-514O12.4	0.7864	LP|DC1	0.0748	51
RP11-515O17.3	0.8515	LP|WNT5B+ 1	0.0088	51
RP11-517B11.4	0.9532	LP|Pericytes	0.0080	51
RP11-517B11.7	0.8060	Epi|Stem	0.0093	51
RP11-517H2.6	0.9180	Epi|TA 1	0.0015	51
RP11-517P14.2	0.8976	LP|ILCs	0.1487	51
RP11-518L10.5	0.8835	LP|Glia	0.0054	51
RP11-519C12.1	0.8711	LP|CD4+ Memory	0.0036	51
RP11-519G16.3	0.8050	Epi|TA 1	0.0290	51
RP11-519G16.5	0.8910	Epi|M cells	0.7363	51
RP11-51J9.5	0.7837	LP|MT-hi	0.8099	51
RP11-51J9.6	0.9201	LP|GC	0.0168	51
RP11-521B24.3	0.7500	LP|RSPO3+	0.0812	51
RP11-521I2.3	0.7316	Epi|TA 1	0.0181	51
RP11-522I20.3	0.8146	LP|Endothelial	0.0674	51
RP11-523G9.3	0.8650	LP|Myofibroblasts	0.0203	51
RP11-523H24.3	0.9760	Epi|Cycling TA	0.0004	51
RP11-524H19.2	0.8869	Epi|Enterocytes	0.0084	51
RP11-525A16.4	0.9112	LP|Plasma	0.0084	51
RP11-525K10.3	0.9665	Epi|Immature Enterocytes 2	0.0083	51
RP11-526A4.1	0.9527	Epi|TA 1	0.0155	51
RP11-526F3.1	0.9994	Epi|Best4+ Enterocytes	0.0078	51
RP11-526I2.5	0.8429	LP|MT-hi	0.0650	51
RP11-527H14.2	0.9492	Epi|Goblet	0.0059	51
RP11-527J8.1	0.9657	Epi|Stem	0.0006	51
RP11-527L4.2	0.9943	Epi|Immature Enterocytes 2	0.0007	51
RP11-527L4.5	0.9162	LP|DC1	0.0216	51
RP11-528A4.2	0.9679	Epi|TA 1	0.0007	51
RP11-528I4.2	nan	Epi|Best4+ Enterocytes	0.0000	51
RP11-529E10.6	0.8978	LP|Pericytes	0.0424	51
RP11-529E15.1	0.9316	LP|CD69+ Mast	0.0017	51
RP11-529G21.2	0.8018	Epi|TA 1	0.0258	51
RP11-529H20.6	0.8720	Epi|Tuft	0.0397	51
RP11-529K1.2	0.8101	Epi|Tuft	0.0245	51
RP11-531A24.5	0.9057	LP|NKs	0.0060	51
RP11-531F16.4	0.9184	Epi|Immature Enterocytes 2	0.0010	51
RP11-532E4.2	0.9533	Epi|Immature Enterocytes 2	0.0002	51
RP11-532F12.5	0.8455	Epi|Tuft	1.7295	51
RP11-532F6.3	0.8884	LP|Myofibroblasts	0.5844	51
RP11-533E19.5	0.8838	LP|Glia	0.0674	51
RP11-533E19.7	0.7854	Epi|Goblet	0.0599	51
RP11-534L20.5	0.9271	LP|NKs	0.0073	51
RP11-535A5.1	0.9775	Epi|M cells	0.0076	51
RP11-536C5.7	0.9211	LP|Microvascular	0.0198	51
RP11-536K7.3	0.8554	LP|RSPO3+	0.2068	51
RP11-536O18.1	0.9768	LP|Endothelial	0.5847	51
RP11-536O18.2	0.9926	LP|Microvascular	2.6904	51
RP11-536P6.3	0.8794	Epi|Enterocyte Progenitors	0.0018	51
RP11-538D16.3	0.9506	Epi|Stem	0.0067	51
RP11-538P18.2	0.6497	LP|CD69+ Mast	0.1342	51
RP11-539G18.2	0.8431	LP|Microvascular	0.0093	51
RP11-539I5.1	0.9397	LP|GC	0.1171	51
RP11-539L10.2	0.8834	LP|NKs	0.2446	51
RP11-539L10.3	0.6617	LP|CD4+ PD1+	0.1614	51
RP11-53B2.2	0.9089	LP|Tregs	0.0279	51
RP11-53B2.6	0.8922	LP|CD4+ PD1+	0.0557	51
RP11-53I6.3	0.7626	Epi|M cells	0.0274	51
RP11-53M11.3	0.9997	Epi|M cells	0.0254	51
RP11-53O19.1	0.8760	LP|Glia	0.0645	51
RP11-53O19.3	0.7270	LP|Pericytes	0.0398	51
RP11-540A21.2	0.8688	LP|WNT5B+ 2	0.0610	51
RP11-540B6.6	0.8920	LP|CD8+ IL17+	0.0209	51
RP11-540O11.6	nan	Epi|Best4+ Enterocytes	0.0000	51
RP11-540O11.7	nan	Epi|Best4+ Enterocytes	0.0000	51
RP11-541N10.3	0.8221	LP|Pericytes	0.0426	51
RP11-542B15.1	0.9778	Epi|Immature Goblet	0.0027	51
RP11-542G1.1	0.9786	Epi|Enterocyte Progenitors	0.0019	51
RP11-542K23.7	0.9841	LP|CD69- Mast	0.3339	51
RP11-542M13.2	0.9410	Epi|Enteroendocrine	0.1164	51
RP11-542M13.3	0.9244	LP|GC	0.2420	51
RP11-543C4.1	0.9137	LP|NKs	0.0022	51
RP11-544A12.4	0.6987	LP|CD8+ IELs	0.0323	51
RP11-544A12.8	0.7272	LP|NKs	0.1917	51
RP11-544D21.2	0.8238	LP|CD8+ IELs	0.0292	51
RP11-544I20.2	0.7085	Epi|Tuft	0.0411	51
RP11-545A16.4	0.9823	Epi|TA 1	0.0010	51
RP11-545E17.3	0.8612	LP|Cycling T	0.4927	51
RP11-545I5.3	0.7259	LP|WNT2B+ Fos-hi	0.0242	51
RP11-545M17.1	0.7402	Epi|Immature Enterocytes 1	0.0078	51
RP11-545N8.3	0.9800	Epi|Stem	0.0006	51
RP11-546J1.1	0.8076	LP|CD4+ Memory	0.0026	51
RP11-546K22.1	0.9997	Epi|Enteroendocrine	0.0497	51
RP11-546K22.3	0.9644	Epi|Enteroendocrine	0.0214	51
RP11-547C5.2	0.9718	Epi|Stem	0.0005	51
RP11-547D24.1	0.8505	LP|ILCs	0.0140	51
RP11-547I7.2	0.9278	Epi|Enteroendocrine	0.0101	51
RP11-548H3.1	0.8962	LP|Pericytes	0.0383	51
RP11-549B18.1	0.9539	LP|CD8+ IELs	0.0314	51
RP11-549J18.1	0.8804	LP|MT-hi	0.2198	51
RP11-54O7.1	0.9448	LP|CD8+ IL17+	0.0459	51
RP11-54O7.17	0.8389	LP|Cycling Monocytes	0.0867	51
RP11-550I24.2	0.8981	LP|MT-hi	0.0403	51
RP11-552F3.9	0.8344	LP|DC1	0.0127	51
RP11-552M11.4	0.9093	LP|CD4+ PD1+	0.0246	51
RP11-552M11.8	0.9180	Epi|M cells	0.0163	51
RP11-553L6.2	0.9247	LP|CD4+ PD1+	0.3152	51
RP11-553L6.5	0.7380	LP|Glia	0.3301	51
RP11-554E23.4	0.9810	Epi|Goblet	0.0018	51
RP11-554J4.1	0.7815	LP|MT-hi	0.1507	51
RP11-556N21.1	0.9178	LP|Endothelial	0.0065	51
RP11-556N4.1	0.7094	Epi|TA 1	0.0270	51
RP11-557H15.4	0.9933	LP|CD69+ Mast	0.4423	51
RP11-558F24.4	0.9067	LP|GC	0.2040	51
RP11-559M23.1	0.9852	Epi|Tuft	0.0101	51
RP11-55K13.1	0.8851	LP|MT-hi	0.0283	51
RP11-560J1.2	0.9257	LP|Inflammatory Monocytes	0.0184	51
RP11-563N4.1	0.8191	Epi|M cells	0.1118	51
RP11-565F19.2	0.8325	Epi|M cells	0.0236	51
RP11-566E18.3	0.8814	LP|CD4+ PD1+	0.0731	51
RP11-567C2.1	0.9481	Epi|Enterocytes	0.0932	51
RP11-567M16.1	0.8865	Epi|Enterocyte Progenitors	0.0022	51
RP11-568J23.4	0.9682	Epi|M cells	0.0591	51
RP11-568N6.1	0.8672	LP|GC	0.0826	51
RP11-569A11.1	0.8952	Epi|M cells	0.0185	51
RP11-571I18.4	0.9851	Epi|Best4+ Enterocytes	0.0005	51
RP11-571L19.8	0.8080	LP|WNT2B+ Fos-lo 2	0.0062	51
RP11-571M6.17	0.8970	Epi|M cells	0.0167	51
RP11-571M6.18	0.9881	Epi|TA 1	0.0011	51
RP11-571M6.7	0.9416	LP|GC	0.0084	51
RP11-571M6.8	0.8669	LP|CD8+ IELs	0.0346	51
RP11-572C15.6	0.9696	LP|RSPO3+	0.7044	51
RP11-572O17.1	0.9154	LP|CD4+ PD1+	0.1916	51
RP11-573D15.2	0.7231	Epi|Goblet	0.0373	51
RP11-573D15.8	0.8323	LP|ILCs	0.0095	51
RP11-573D15.9	0.8336	Epi|M cells	0.0154	51
RP11-573N10.1	0.9369	LP|WNT5B+ 2	0.0191	51
RP11-574F21.2	0.7739	LP|CD4+ Activated Fos-lo	0.0109	51
RP11-574K11.28	0.8672	LP|Glia	0.0074	51
RP11-574K11.29	0.9470	Epi|Tuft	0.0147	51
RP11-575A19.2	0.9792	Epi|Goblet	0.0307	51
RP11-575F12.1	0.9410	Epi|Enterocytes	0.0032	51
RP11-575I8.1	0.9179	Epi|Immature Goblet	0.0013	51
RP11-575L7.8	0.8902	LP|CD69+ Mast	0.0074	51
RP11-576D8.4	0.8594	LP|ILCs	0.0219	51
RP11-576I22.2	0.9494	Epi|Enterocyte Progenitors	0.0084	51
RP11-579D7.4	0.8336	Epi|Enterocyte Progenitors	0.0632	51
RP11-579E24.1	0.7086	LP|WNT2B+ Fos-hi	0.0150	51
RP11-57A19.2	0.9760	Epi|TA 1	0.0011	51
RP11-57G10.8	0.7589	LP|Pericytes	0.0224	51
RP11-57H12.2	0.9637	Epi|Enterocytes	0.0023	51
RP11-57H12.3	nan	Epi|Best4+ Enterocytes	0.0000	51
RP11-57H14.2	0.9593	Epi|M cells	0.0230	51
RP11-57H14.4	0.7736	LP|CD4+ PD1+	0.0393	51
RP11-580I16.2	0.8519	LP|WNT5B+ 2	0.0194	51
RP11-582J16.4	0.9012	LP|Pericytes	0.0234	51
RP11-582J16.5	0.8692	Epi|Tuft	0.0454	51
RP11-583F2.2	0.7775	LP|CD4+ PD1+	0.0128	51
RP11-583F2.5	0.9834	Epi|TA 1	0.0012	51
RP11-584P21.2	0.8971	LP|Endothelial	0.0115	51
RP11-586D19.1	0.9424	LP|Pericytes	0.0363	51
RP11-588G21.2	0.9473	LP|ILCs	0.0458	51
RP11-588K22.2	0.9600	LP|Pericytes	0.3788	51
RP11-589C21.6	0.8726	LP|MT-hi	0.1395	51
RP11-589N15.2	0.9781	Epi|Tuft	0.0314	51
RP11-589P10.5	0.8416	LP|CD4+ PD1+	0.0867	51
RP11-58B17.2	0.7201	LP|Glia	0.0198	51
RP11-58E21.3	0.7622	LP|NKs	0.1311	51
RP11-58E21.4	0.9252	LP|Cycling T	0.0327	51
RP11-592B15.3	0.9609	LP|NKs	0.0084	51
RP11-595B24.2	0.9014	Epi|M cells	0.0401	51
RP11-596D21.1	0.8322	Epi|TA 1	0.0280	51
RP11-597D13.9	0.9263	LP|RSPO3+	0.2008	51
RP11-598F7.3	0.9463	LP|Inflammatory Monocytes	0.0641	51
RP11-599B13.3	0.9998	Epi|M cells	0.1805	51
RP11-59E19.1	0.9474	Epi|Immature Enterocytes 2	0.5770	51
RP11-5C23.1	0.8145	LP|RSPO3+	0.0570	51
RP11-5C23.2	0.9334	Epi|M cells	0.0102	51
RP11-600F24.7	0.9028	Epi|Tuft	0.0161	51
RP11-602N24.3	0.9441	Epi|TA 1	0.0018	51
RP11-603J24.17	0.9624	LP|WNT2B+ Fos-lo 2	0.0064	51
RP11-609N14.1	0.9193	LP|Glia	0.0284	51
RP11-60A8.1	0.9676	Epi|Secretory TA	0.0007	51
RP11-60I3.5	0.9570	LP|ILCs	0.1807	51
RP11-611D20.2	0.9538	LP|Myofibroblasts	0.0926	51
RP11-611E13.2	0.6014	LP|MT-hi	0.3072	51
RP11-611L7.1	0.7010	Epi|M cells	0.1761	51
RP11-611O2.1	0.9135	LP|WNT5B+ 2	0.0061	51
RP11-611O2.5	0.9517	LP|RSPO3+	0.0058	51
RP11-612B6.2	0.9368	LP|CD4+ PD1+	0.0230	51
RP11-616M22.3	0.9915	Epi|Immature Goblet	0.0049	51
RP11-617D20.1	0.8044	Epi|Enteroendocrine	0.0249	51
RP11-617F23.1	0.7402	Epi|Secretory TA	0.0262	51
RP11-619A14.3	0.9602	Epi|Cycling TA	0.0006	51
RP11-619I22.1	0.8821	Epi|Enteroendocrine	0.0177	51
RP11-61A14.1	0.7935	Epi|Enterocyte Progenitors	0.0610	51
RP11-61A14.3	0.7437	Epi|M cells	0.0835	51
RP11-61A14.4	0.7743	LP|CD4+ Activated Fos-lo	0.0175	51
RP11-61I13.3	0.9568	Epi|Immature Enterocytes 2	0.0020	51
RP11-61J19.4	0.9056	LP|Macrophages	0.0095	51
RP11-61L19.1	0.8275	LP|MT-hi	0.0258	51
RP11-61L19.2	nan	Epi|Best4+ Enterocytes	0.0000	51
RP11-61L19.3	0.9619	Epi|M cells	0.0233	51
RP11-620J15.2	0.9819	LP|WNT5B+ 1	0.0158	51
RP11-620J15.3	0.8789	LP|CD69+ Mast	1.1955	51
RP11-621L6.2	0.9815	Epi|TA 1	0.0006	51
RP11-622K12.1	0.6136	LP|Post-capillary Venules	2.0228	51
RP11-624C23.1	0.8808	Epi|M cells	0.0217	51
RP11-624L4.1	0.9382	Epi|Tuft	0.0148	51
RP11-624M8.1	0.8828	LP|NKs	0.0054	51
RP11-625L16.3	0.9673	LP|Plasma	0.0207	51
RP11-626G11.1	0.9574	Epi|M cells	0.0337	51
RP11-626G11.3	0.8893	LP|Inflammatory Fibroblasts	0.0534	51
RP11-626G11.5	0.9676	LP|Cycling Monocytes	0.0312	51
RP11-626P14.2	0.9929	Epi|M cells	0.0130	51
RP11-627G18.4	0.9199	Epi|Stem	0.0242	51
RP11-627G23.1	0.8852	Epi|Tuft	0.1931	51
RP11-629O1.2	0.8182	LP|MT-hi	0.0916	51
RP11-62F24.2	0.9317	Epi|TA 2	0.0009	51
RP11-631N16.2	0.9016	Epi|Tuft	0.0219	51
RP11-634B7.4	0.9007	LP|RSPO3+	0.0172	51
RP11-634H22.1	0.6366	LP|WNT5B+ 1	0.0222	51
RP11-635N19.1	0.6045	LP|WNT5B+ 1	0.0667	51
RP11-635N19.3	0.9280	Epi|TA 1	0.0119	51
RP11-637A17.2	0.8700	LP|CD4+ PD1+	0.0730	51
RP11-637O19.2	0.9661	Epi|TA 2	0.0005	51
RP11-638I2.4	0.8985	LP|Endothelial	0.0080	51
RP11-638I8.1	0.8318	Epi|Tuft	0.0284	51
RP11-63M22.2	0.9723	Epi|M cells	0.0024	51
RP11-63P12.6	0.7050	LP|Inflammatory Monocytes	0.1100	51
RP11-63P12.7	0.9524	Epi|Immature Enterocytes 1	0.0847	51
RP11-640M9.1	0.7966	LP|NKs	1.4552	51
RP11-640N11.2	0.9059	LP|CD8+ IL17+	0.0474	51
RP11-642C5.1	0.9811	Epi|Immature Enterocytes 2	0.0003	51
RP11-643M14.1	0.8989	LP|CD4+ Activated Fos-hi	0.0047	51
RP11-644F5.10	0.9654	Epi|Tuft	0.0165	51
RP11-644F5.11	0.6132	LP|WNT5B+ 1	0.0666	51
RP11-645C24.5	0.9319	Epi|Stem	0.0024	51
RP11-646I6.5	0.8479	LP|Pericytes	0.0157	51
RP11-646I6.6	nan	Epi|Best4+ Enterocytes	0.0000	51
RP11-647K16.1	0.9112	LP|CD69+ Mast	0.0155	51
RP11-649A18.12	0.9275	LP|ILCs	0.0119	51
RP11-649A18.5	0.9300	Epi|TA 1	0.0013	51
RP11-649A18.7	0.8722	LP|Cycling T	0.0159	51
RP11-649E7.5	0.7793	LP|Plasma	0.0162	51
RP11-649E7.7	0.8843	LP|CD4+ Memory	0.0046	51
RP11-649G15.2	0.9179	Epi|Goblet	0.0037	51
RP11-64K12.10	0.9126	Epi|Goblet	0.0523	51
RP11-650K20.3	0.9855	Epi|TA 1	0.0013	51
RP11-650P15.1	0.9433	Epi|Tuft	0.0026	51
RP11-651L5.2	nan	Epi|Best4+ Enterocytes	0.0000	51
RP11-655M14.13	0.9474	Epi|M cells	0.0188	51
RP11-656D10.3	0.7902	LP|RSPO3+	0.0210	51
RP11-658F2.8	0.5882	LP|WNT2B+ Fos-lo 2	0.0702	51
RP11-659E9.2	0.8471	LP|GC	0.0136	51
RP11-65J21.3	0.8879	LP|Plasma	0.0119	51
RP11-65J3.1	0.8550	LP|Cycling Monocytes	0.2541	51
RP11-65J3.14	0.9961	Epi|Secretory TA	0.0003	51
RP11-65L3.1	0.9577	LP|Myofibroblasts	0.0058	51
RP11-65L3.2	0.9429	Epi|M cells	0.0041	51
RP11-65L3.4	0.8702	LP|Endothelial	0.0054	51
RP11-660L16.2	0.7293	LP|CD4+ Memory	0.3024	51
RP11-661A12.14	0.6401	LP|Pericytes	0.0736	51
RP11-661A12.5	0.8765	LP|CD69- Mast	0.0671	51
RP11-661A12.7	0.8063	LP|DC1	0.0125	51
RP11-661A12.9	0.9070	Epi|TA 1	0.0071	51
RP11-661P17.1	0.8934	LP|CD8+ IL17+	0.0448	51
RP11-664D1.1	0.9623	LP|CD4+ Memory	0.2438	51
RP11-665N17.4	0.9321	Epi|Immature Enterocytes 1	2.4417	51
RP11-666A1.5	0.9982	Epi|TA 1	0.0012	51
RP11-666A20.4	0.8439	LP|Myofibroblasts	0.0565	51
RP11-666A8.7	0.9018	LP|Myofibroblasts	0.0134	51
RP11-66B24.2	0.8833	LP|Glia	0.0261	51
RP11-66B24.4	0.7884	LP|RSPO3+	0.0761	51
RP11-66B24.7	0.8467	LP|Glia	0.0894	51
RP11-66D17.3	0.9740	Epi|Enteroendocrine	0.0698	51
RP11-66H6.3	0.8036	LP|DC2	0.0241	51
RP11-66N11.8	0.7606	Epi|Tuft	0.1813	51
RP11-66N24.3	0.7789	Epi|Enteroendocrine	0.0554	51
RP11-66N24.4	0.7015	LP|CD4+ PD1+	0.4944	51
RP11-670E13.2	0.9228	LP|CD8+ IL17+	0.0149	51
RP11-671J11.4	0.9251	LP|Glia	0.0151	51
RP11-671J11.6	0.9277	Epi|Immature Enterocytes 1	0.0530	51
RP11-672L10.6	0.9106	LP|MT-hi	0.1199	51
RP11-677M14.2	0.9248	Epi|Tuft	0.0249	51
RP11-677M14.3	0.7551	Epi|Immature Enterocytes 2	0.1018	51
RP11-677M14.7	0.9262	LP|Pericytes	0.0421	51
RP11-678G14.2	0.9891	Epi|TA 2	0.0009	51
RP11-678G14.4	0.8681	Epi|Tuft	0.0117	51
RP11-679C8.2	0.9465	LP|RSPO3+	0.0346	51
RP11-67L2.2	0.7666	LP|Inflammatory Monocytes	0.0651	51
RP11-67L3.4	0.9417	Epi|Best4+ Enterocytes	0.0010	51
RP11-680A11.5	0.9401	LP|Pericytes	0.1127	51
RP11-680F20.10	0.9982	Epi|Tuft	0.0213	51
RP11-680F20.4	0.9284	LP|CD8+ IL17+	0.0204	51
RP11-680F8.1	0.9245	Epi|Enterocytes	0.3768	51
RP11-680F8.3	0.8804	LP|Endothelial	0.0308	51
RP11-680F8.4	0.8163	LP|Post-capillary Venules	0.0328	51
RP11-680G24.5	0.9009	LP|MT-hi	0.1064	51
RP11-682N22.1	0.8875	LP|Myofibroblasts	0.0059	51
RP11-686D22.4	0.8724	LP|Pericytes	0.0198	51
RP11-686D22.8	0.8547	LP|Inflammatory Monocytes	0.0445	51
RP11-686O6.1	0.8943	LP|Post-capillary Venules	0.0062	51
RP11-686O6.2	0.6790	LP|WNT5B+ 1	0.0530	51
RP11-687F6.1	0.8865	LP|RSPO3+	0.0053	51
RP11-689B22.2	0.9703	LP|Plasma	0.0131	51
RP11-689C9.1	0.9912	Epi|Immature Goblet	0.0025	51
RP11-689P11.2	0.9703	LP|Pericytes	0.0113	51
RP11-68I3.11	0.9555	LP|Inflammatory Monocytes	0.0505	51
RP11-68I3.4	0.8552	LP|Cycling T	0.0098	51
RP11-690D19.3	0.9234	LP|MT-hi	0.0677	51
RP11-690G19.3	0.5846	LP|Pericytes	0.0996	51
RP11-690I21.2	0.8989	Epi|Tuft	0.0265	51
RP11-692D12.1	0.8993	LP|Endothelial	0.0051	51
RP11-692N5.1	0.9844	Epi|Stem	0.0010	51
RP11-693J15.5	0.9833	LP|Follicular	0.7729	51
RP11-693L9.2	0.9587	Epi|Immature Goblet	0.0007	51
RP11-695J4.2	0.8931	Epi|Enteroendocrine	0.0137	51
RP11-696F12.1	0.9588	Epi|Immature Goblet	0.0019	51
RP11-696N14.1	0.8520	Epi|Tuft	0.0618	51
RP11-697E2.4	0.8894	LP|CD8+ IELs	0.0061	51
RP11-697E22.2	nan	Epi|Best4+ Enterocytes	0.0000	51
RP11-697N18.4	0.9688	LP|RSPO3+	0.0392	51
RP11-698N11.4	0.8565	LP|Inflammatory Monocytes	0.0375	51
RP11-699L21.1	0.9720	Epi|Immature Enterocytes 2	0.0006	51
RP11-69C13.1	0.9942	Epi|TA 1	0.0015	51
RP11-69E11.4	0.5382	Epi|Immature Goblet	0.0823	51
RP11-69G7.1	0.9999	Epi|Tuft	0.0913	51
RP11-69I8.3	0.9134	LP|RSPO3+	0.0147	51
RP11-6F2.5	0.9521	Epi|Immature Enterocytes 1	0.0007	51
RP11-6J24.6	0.7806	Epi|Tuft	0.0729	51
RP11-6N17.4	0.8177	Epi|Tuft	0.8588	51
RP11-6N17.6	0.8994	Epi|Enterocytes	0.0347	51
RP11-700H6.1	0.9434	Epi|Tuft	0.1748	51
RP11-700J17.2	0.9580	Epi|Tuft	0.0275	51
RP11-701P16.5	0.9809	LP|Inflammatory Monocytes	0.3257	51
RP11-702L6.4	0.9789	Epi|M cells	0.0466	51
RP11-703H8.7	0.8445	LP|Post-capillary Venules	0.0155	51
RP11-703M24.5	0.9085	Epi|Immature Enterocytes 2	0.0008	51
RP11-705C15.3	0.9110	LP|MT-hi	0.0979	51
RP11-705C15.5	0.9111	LP|NKs	0.9715	51
RP11-705O1.8	0.9419	LP|CD69- Mast	0.0671	51
RP11-706O15.1	0.7144	LP|ILCs	0.1602	51
RP11-706O15.3	0.7835	LP|CD8+ IL17+	0.0414	51
RP11-706O15.5	0.8658	LP|ILCs	0.0153	51
RP11-707G14.1	0.9889	Epi|Immature Goblet	0.0018	51
RP11-707M3.3	0.9014	LP|NKs	0.0205	51
RP11-707P17.2	0.9695	Epi|Immature Enterocytes 2	0.0036	51
RP11-708H21.4	0.8848	Epi|Immature Enterocytes 2	0.1762	51
RP11-708J19.1	0.7111	LP|MT-hi	0.2838	51
RP11-709D24.5	0.8567	Epi|Tuft	0.0226	51
RP11-70C1.1	0.9521	LP|Inflammatory Monocytes	0.0672	51
RP11-70J12.1	0.9721	Epi|Stem	0.0018	51
RP11-70L8.4	0.9167	LP|Glia	0.0100	51
RP11-70P17.1	0.7372	LP|Plasma	0.0221	51
RP11-710C12.1	0.9077	LP|WNT2B+ Fos-lo 2	0.0954	51
RP11-710F7.3	0.9153	LP|WNT2B+ Fos-lo 1	0.0020	51
RP11-712B9.2	0.7923	LP|Tregs	0.0349	51
RP11-712L6.5	0.7754	LP|WNT5B+ 1	0.0257	51
RP11-713M15.2	0.9281	LP|NKs	0.0396	51
RP11-713P17.3	0.9681	LP|Glia	0.1017	51
RP11-714L20.1	0.9491	LP|Pericytes	0.0229	51
RP11-715F3.2	0.9650	LP|Endothelial	0.0193	51
RP11-715J22.2	0.8822	LP|WNT5B+ 1	0.0156	51
RP11-715J22.3	0.9770	Epi|Cycling TA	0.0004	51
RP11-717D12.1	nan	Epi|Best4+ Enterocytes	0.0000	51
RP11-71H17.9	0.9500	Epi|Tuft	0.0100	51
RP11-71N10.1	0.9045	LP|CD4+ Activated Fos-hi	0.0021	51
RP11-720N19.2	0.8232	LP|Macrophages	0.0123	51
RP11-722E23.2	0.9441	LP|Pericytes	0.0443	51
RP11-723D22.2	0.9490	LP|Inflammatory Monocytes	0.0074	51
RP11-723O4.9	0.8694	LP|ILCs	0.0080	51
RP11-725P16.2	0.8894	LP|Pericytes	0.0897	51
RP11-727A23.11	0.9251	LP|MT-hi	0.1376	51
RP11-727A23.5	0.7544	LP|MT-hi	0.1674	51
RP11-727F15.11	0.7410	LP|WNT5B+ 1	0.0317	51
RP11-727F15.12	0.6302	LP|MT-hi	0.0536	51
RP11-727F15.13	0.8520	LP|CD8+ IELs	0.0165	51
RP11-727F15.9	0.8318	Epi|Tuft	0.9421	51
RP11-72I8.1	0.9137	Epi|Immature Goblet	0.0028	51
RP11-72M17.1	0.8130	LP|CD4+ PD1+	0.0406	51
RP11-730K11.1	0.9891	Epi|Immature Enterocytes 1	0.0024	51
RP11-731C17.2	0.7725	Epi|Tuft	0.0211	51
RP11-731D1.4	0.9384	Epi|Enterocyte Progenitors	0.0018	51
RP11-731J8.2	0.9674	Epi|TA 2	0.0010	51
RP11-731K22.1	0.9575	Epi|Best4+ Enterocytes	0.0007	51
RP11-732M18.3	0.7126	LP|Tregs	0.0568	51
RP11-734K2.4	0.7854	Epi|Tuft	0.1058	51
RP11-734K21.3	0.9853	Epi|Immature Goblet	0.0015	51
RP11-736K20.5	0.8925	LP|Post-capillary Venules	0.1173	51
RP11-736K20.6	0.9343	Epi|Enterocyte Progenitors	0.0033	51
RP11-737O24.5	0.9879	Epi|Immature Goblet	0.0010	51
RP11-738E22.3	0.9341	Epi|TA 1	0.0029	51
RP11-739L10.1	0.9685	Epi|TA 1	0.0003	51
RP11-73E17.2	0.8167	LP|CD69- Mast	0.2301	51
RP11-73G16.1	0.8443	Epi|Tuft	0.0184	51
RP11-73K9.2	0.7909	LP|WNT2B+ Fos-lo 2	0.0202	51
RP11-73K9.3	0.9667	Epi|Enteroendocrine	0.0619	51
RP11-73M18.10	0.8643	LP|Pericytes	0.0041	51
RP11-73M18.6	0.9387	LP|Glia	0.0095	51
RP11-73M18.7	0.8860	LP|NKs	0.0209	51
RP11-73M18.8	0.7426	Epi|M cells	0.1399	51
RP11-73M18.9	0.7831	Epi|Enteroendocrine	0.0259	51
RP11-73M7.1	0.9894	Epi|Immature Enterocytes 1	0.0162	51
RP11-73M7.9	0.9055	LP|CD8+ IELs	0.0097	51
RP11-745L13.2	0.9315	LP|DC1	0.0052	51
RP11-747D18.1	0.9404	Epi|M cells	0.7872	51
RP11-747H7.3	0.8308	LP|MT-hi	0.3029	51
RP11-74C1.4	0.9169	Epi|Tuft	0.0491	51
RP11-74E22.3	0.8426	Epi|Tuft	0.0797	51
RP11-750H9.7	0.8614	Epi|Tuft	0.0669	51
RP11-752G15.6	0.7533	LP|CD4+ PD1+	0.1164	51
RP11-752G15.8	0.9787	LP|GC	0.0067	51
RP11-755B10.3	0.8024	LP|Glia	0.0194	51
RP11-755B10.4	0.7737	LP|GC	0.0862	51
RP11-755F10.1	0.8252	LP|Myofibroblasts	0.0385	51
RP11-756H6.1	0.6957	LP|Tregs	0.0096	51
RP11-757F18.5	0.9374	Epi|Goblet	0.0721	51
RP11-757G1.6	0.9862	Epi|Immature Goblet	0.0009	51
RP11-758N13.1	0.9830	Epi|Secretory TA	0.0001	51
RP11-758P17.3	0.9113	LP|CD69+ Mast	0.0097	51
RP11-75C9.1	0.9587	LP|RSPO3+	0.4665	51
RP11-75N4.2	0.9655	Epi|TA 1	0.0011	51
RP11-760H22.2	0.8991	Epi|Stem	0.0202	51
RP11-761E20.1	0.9544	Epi|M cells	0.1192	51
RP11-761I4.3	0.8635	LP|Plasma	0.0274	51
RP11-761I4.4	0.8863	Epi|Enteroendocrine	0.0525	51
RP11-767C1.2	nan	Epi|Best4+ Enterocytes	0.0000	51
RP11-767N6.7	0.8605	LP|MT-hi	0.0457	51
RP11-768B22.2	0.9537	LP|Plasma	0.0322	51
RP11-768F21.1	0.9693	LP|Microvascular	0.0960	51
RP11-769O8.1	0.9490	LP|Cycling T	0.0164	51
RP11-769O8.3	0.7962	LP|CD8+ IELs	0.0282	51
RP11-76E17.3	0.9866	LP|CD69- Mast	0.9127	51
RP11-770G2.4	0.9672	Epi|Tuft	0.0080	51
RP11-770G2.5	nan	Epi|Best4+ Enterocytes	0.0000	51
RP11-770J1.3	0.8587	LP|ILCs	0.0404	51
RP11-770J1.4	0.8101	LP|Pericytes	0.0246	51
RP11-770J1.5	0.8797	LP|Microvascular	0.0070	51
RP11-771K4.1	0.9683	Epi|Best4+ Enterocytes	0.0704	51
RP11-773D16.1	0.7197	LP|CD69- Mast	0.2425	51
RP11-774O3.3	0.6629	LP|WNT2B+ Fos-lo 2	0.0440	51
RP11-775D22.2	0.8991	LP|Follicular	0.0246	51
RP11-776H12.1	0.9418	Epi|Cycling TA	0.0014	51
RP11-778D9.12	0.8130	LP|Cycling T	0.0092	51
RP11-778D9.13	0.9659	Epi|Immature Goblet	0.0017	51
RP11-77E14.2	0.9760	Epi|Enterocyte Progenitors	0.0008	51
RP11-77H9.2	0.7774	Epi|Goblet	0.0160	51
RP11-77H9.5	0.9971	Epi|TA 1	0.0012	51
RP11-77H9.6	0.9654	LP|Endothelial	0.0082	51
RP11-77H9.8	0.9619	LP|Cycling B	0.1837	51
RP11-77K12.7	0.9310	Epi|Enterocytes	0.0074	51
RP11-77P16.4	0.9120	LP|MT-hi	0.0792	51
RP11-77P6.2	0.7527	LP|RSPO3+	0.0350	51
RP11-782C8.1	0.8119	LP|CD8+ IL17+	0.0373	51
RP11-782C8.2	0.9711	Epi|Enteroendocrine	0.0199	51
RP11-782C8.3	0.9330	LP|Cycling T	0.0147	51
RP11-782C8.5	0.9387	LP|Post-capillary Venules	0.0471	51
RP11-783K16.13	0.8947	LP|Inflammatory Monocytes	0.0054	51
RP11-783K16.14	0.8866	LP|MT-hi	0.0257	51
RP11-783K16.5	0.8286	Epi|Enterocyte Progenitors	0.0635	51
RP11-789C1.1	0.8628	Epi|M cells	0.1038	51
RP11-789C1.2	0.9907	Epi|Enteroendocrine	0.0176	51
RP11-789C17.1	0.9494	LP|Post-capillary Venules	0.0365	51
RP11-78A19.3	0.9669	Epi|Immature Enterocytes 1	0.0003	51
RP11-78O7.2	0.8186	LP|ILCs	0.0160	51
RP11-791G15.2	0.8405	LP|Microvascular	0.0216	51
RP11-792A8.4	0.6937	Epi|Tuft	0.6300	51
RP11-792D21.2	0.9245	LP|Macrophages	0.0660	51
RP11-793H13.10	0.9533	LP|MT-hi	0.0321	51
RP11-793H13.11	0.7641	LP|WNT5B+ 1	0.0522	51
RP11-794G24.1	0.9915	Epi|Immature Enterocytes 2	0.0006	51
RP11-794M8.1	0.9137	LP|ILCs	0.0122	51
RP11-794P6.1	nan	Epi|Best4+ Enterocytes	0.0000	51
RP11-795F19.5	0.8276	LP|Post-capillary Venules	0.0032	51
RP11-796E10.1	0.9203	Epi|Stem	0.0093	51
RP11-796E2.4	0.8053	LP|GC	0.4830	51
RP11-796G6.2	0.8887	LP|CD4+ PD1+	0.3462	51
RP11-797A18.4	0.9265	Epi|Goblet	0.0515	51
RP11-797A18.6	0.8513	Epi|Goblet	0.0233	51
RP11-797H7.5	0.8100	Epi|Immature Enterocytes 2	0.0389	51
RP11-798G7.6	0.8178	LP|RSPO3+	0.0554	51
RP11-798G7.8	0.7422	LP|Follicular	0.0068	51
RP11-798K3.2	0.9606	Epi|Best4+ Enterocytes	0.0584	51
RP11-798L4.1	0.9189	Epi|M cells	0.0514	51
RP11-798M19.6	0.9176	LP|Glia	0.5156	51
RP11-799B12.4	0.9488	Epi|Immature Enterocytes 1	0.0056	51
RP11-799D4.4	0.8716	LP|Cycling T	0.0832	51
RP11-79H23.3	0.8822	LP|WNT2B+ Fos-lo 2	0.0198	51
RP11-79O8.1	0.9092	LP|Cycling T	0.0093	51
RP11-79P5.9	0.8351	LP|Glia	0.0318	51
RP11-7F18.2	0.8428	LP|WNT2B+ Fos-lo 1	0.0068	51
RP11-7I15.4	0.9841	Epi|Immature Goblet	0.0026	51
RP11-7K24.3	0.8953	Epi|M cells	0.0501	51
RP11-7O11.3	0.8715	LP|Glia	0.0223	51
RP11-7O14.1	0.9136	LP|WNT5B+ 2	0.1323	51
RP11-800A18.4	0.9166	Epi|Enterocyte Progenitors	0.0434	51
RP11-800A3.4	0.8630	LP|Endothelial	0.0434	51
RP11-800A3.7	nan	Epi|Best4+ Enterocytes	0.0000	51
RP11-801F7.1	0.8627	Epi|Goblet	0.0396	51
RP11-802E16.3	0.6749	Epi|Tuft	0.0658	51
RP11-802O23.3	0.7938	LP|WNT2B+ Fos-lo 2	0.0125	51
RP11-803B1.8	0.8185	LP|Glia	0.0417	51
RP11-803D5.4	0.8864	LP|Tregs	0.1801	51
RP11-803P9.1	0.9272	LP|Microvascular	0.0038	51
RP11-804H8.6	0.8008	LP|Inflammatory Monocytes	0.0386	51
RP11-805I24.1	0.7906	Epi|Tuft	0.0265	51
RP11-805J14.5	0.9269	Epi|Stem	0.0045	51
RP11-806H10.4	0.9070	LP|Inflammatory Fibroblasts	0.0333	51
RP11-806L2.2	0.7877	LP|CD69+ Mast	0.0080	51
RP11-806O11.1	0.9216	Epi|Enterocyte Progenitors	0.0055	51
RP11-809C18.4	0.9339	Epi|Tuft	0.0230	51
RP11-809N8.4	0.8655	LP|Inflammatory Monocytes	0.0385	51
RP11-809O17.1	0.9536	LP|CD69- Mast	0.2425	51
RP11-80A15.1	0.9886	Epi|TA 1	0.0008	51
RP11-814H16.2	0.9675	LP|Pericytes	0.0060	51
RP11-816J6.3	0.9809	Epi|Enterocyte Progenitors	0.0009	51
RP11-817O13.6	0.9565	Epi|TA 1	0.0041	51
RP11-817O13.8	0.7237	LP|MT-hi	0.0445	51
RP11-818O24.3	0.9118	LP|ILCs	0.0144	51
RP11-819C21.1	0.8543	LP|CD69- Mast	0.1765	51
RP11-81A22.5	0.8775	LP|RSPO3+	0.0619	51
RP11-81H14.2	0.8774	LP|CD8+ IL17+	0.4115	51
RP11-81N13.1	0.8026	LP|WNT2B+ Fos-lo 1	0.0270	51
RP11-820I16.4	0.8214	LP|MT-hi	0.0571	51
RP11-82L2.1	0.9321	LP|Pericytes	0.0242	51
RP11-830F9.6	0.9365	LP|Post-capillary Venules	0.0716	51
RP11-830F9.7	nan	Epi|Best4+ Enterocytes	0.0000	51
RP11-834C11.4	0.9202	LP|Glia	0.5517	51
RP11-834C11.5	0.9265	LP|Glia	0.0150	51
RP11-835E18.5	0.8559	Epi|M cells	0.1506	51
RP11-838N2.4	0.9166	LP|Macrophages	0.0747	51
RP11-839D17.3	0.9067	LP|Cycling B	0.0146	51
RP11-83A24.2	0.7330	LP|CD69- Mast	0.6786	51
RP11-83B20.1	0.8338	LP|Myofibroblasts	0.0180	51
RP11-83N9.5	0.8878	LP|Cycling T	0.0083	51
RP11-841O20.2	0.6581	LP|Tregs	0.1082	51
RP11-844P9.2	0.8890	Epi|Tuft	0.0481	51
RP11-845C23.2	0.9506	Epi|Goblet	0.1264	51
RP11-848P1.2	0.8809	LP|Macrophages	0.0184	51
RP11-848P1.4	0.8073	Epi|Stem	0.0116	51
RP11-848P1.5	0.9124	LP|Glia	0.0083	51
RP11-849F2.7	0.7273	LP|DC2	0.0113	51
RP11-849F2.8	0.9264	Epi|Enteroendocrine	0.1235	51
RP11-849F2.9	0.9015	LP|NKs	0.0051	51
RP11-849H4.2	0.6590	LP|MT-hi	0.1005	51
RP11-849H4.4	0.6859	LP|CD69+ Mast	0.0091	51
RP11-84A14.4	0.8185	Epi|Immature Enterocytes 2	0.0272	51
RP11-84A19.4	0.8963	LP|CD69+ Mast	0.0065	51
RP11-84C10.4	0.9749	Epi|M cells	0.0710	51
RP11-84C13.1	nan	Epi|Best4+ Enterocytes	0.0000	51
RP11-84E24.3	0.9823	Epi|M cells	0.0008	51
RP11-85A1.3	0.8412	LP|Inflammatory Monocytes	0.0490	51
RP11-85F14.5	0.7928	LP|CD8+ IL17+	0.2301	51
RP11-85K15.2	0.8844	LP|CD8+ IL17+	0.2052	51
RP11-861A13.4	0.9321	LP|GC	0.2364	51
RP11-862L9.3	0.9135	Epi|Tuft	0.0120	51
RP11-863K10.2	nan	Epi|Best4+ Enterocytes	0.0000	51
RP11-863K10.7	0.9742	LP|Cycling Monocytes	0.0137	51
RP11-863P13.2	0.8748	Epi|Stem	0.0062	51
RP11-863P13.3	0.9501	LP|DC2	0.1102	51
RP11-866E20.3	0.9932	Epi|TA 1	0.0004	51
RP11-867G2.2	0.9693	Epi|TA 1	0.0013	51
RP11-867G23.3	0.9617	LP|Glia	0.0141	51
RP11-867G23.4	0.9516	Epi|Tuft	0.0143	51
RP11-867G23.8	0.8101	Epi|M cells	0.1482	51
RP11-869B15.1	0.8024	LP|Microvascular	0.0313	51
RP11-86H7.7	0.9812	Epi|Stem	0.0043	51
RP11-872D17.4	0.9921	Epi|TA 1	0.0006	51
RP11-872J21.3	0.8454	LP|MT-hi	0.1771	51
RP11-873E20.1	0.8468	LP|Endothelial	0.0073	51
RP11-875O11.1	0.8888	LP|RSPO3+	0.0631	51
RP11-876N24.4	0.8960	LP|Follicular	0.0309	51
RP11-876N24.5	0.8905	LP|Cycling B	0.0069	51
RP11-87C12.2	0.8003	LP|MT-hi	0.0316	51
RP11-884K10.7	0.9220	Epi|M cells	0.0972	51
RP11-887P2.5	nan	Epi|Best4+ Enterocytes	0.0000	51
RP11-887P2.6	0.8415	Epi|Tuft	0.0103	51
RP11-888D10.4	0.9100	LP|MT-hi	0.0444	51
RP11-88H9.2	0.9586	LP|Glia	0.0748	51
RP11-88I18.2	0.7832	LP|WNT2B+ Fos-lo 2	0.0586	51
RP11-890B15.2	0.8241	LP|Myofibroblasts	0.0135	51
RP11-890B15.3	0.8096	LP|CD4+ PD1+	0.0584	51
RP11-894P9.1	0.7144	LP|CD4+ PD1+	0.0865	51
RP11-89C3.4	0.9169	LP|WNT2B+ Fos-lo 1	0.0602	51
RP11-89F3.2	0.9753	Epi|Stem	0.0026	51
RP11-89K11.1	0.8311	LP|MT-hi	0.0642	51
RP11-89M16.1	0.8624	LP|MT-hi	0.2522	51
RP11-8L2.1	0.9838	Epi|Tuft	0.0194	51
RP11-902B17.1	0.9285	LP|MT-hi	0.3752	51
RP11-90B9.2	0.9186	LP|CD8+ IL17+	0.0747	51
RP11-90D11.1	0.8533	LP|CD4+ Activated Fos-hi	0.0019	51
RP11-90D4.3	0.9285	LP|CD8+ IL17+	0.0981	51
RP11-90E5.1	0.9052	LP|Myofibroblasts	0.0066	51
RP11-91G21.1	0.7414	Epi|M cells	0.0631	51
RP11-91I20.4	0.9690	Epi|TA 1	0.0006	51
RP11-91J19.4	0.7427	LP|RSPO3+	0.0402	51
RP11-91K11.2	0.9126	Epi|Stem	0.0442	51
RP11-927P21.1	0.8514	LP|Cycling T	0.0126	51
RP11-92G12.3	0.9682	Epi|Immature Goblet	0.0071	51
RP11-92K15.3	0.8684	Epi|Goblet	0.0427	51
RP11-930P14.2	0.9526	LP|Pericytes	0.0161	51
RP11-932O9.10	0.9695	LP|CD4+ PD1+	0.0305	51
RP11-932O9.8	0.9843	Epi|Tuft	0.0167	51
RP11-932O9.9	0.8922	LP|NKs	0.1055	51
RP11-933H2.4	0.9937	Epi|Enteroendocrine	0.0227	51
RP11-93B14.5	0.9966	Epi|Tuft	1.0026	51
RP11-93B14.6	0.9803	Epi|Tuft	0.0311	51
RP11-93K22.13	0.9681	Epi|TA 2	0.0013	51
RP11-93L9.1	0.9251	LP|WNT2B+ Fos-hi	0.1743	51
RP11-944C7.1	0.9081	Epi|Enterocytes	0.0240	51
RP11-94L15.2	0.8174	LP|CD4+ PD1+	0.8245	51
RP11-950C14.3	0.7334	LP|CD69+ Mast	0.0195	51
RP11-95D17.1	0.5906	LP|RSPO3+	0.0428	51
RP11-95G17.2	0.9468	Epi|Immature Enterocytes 1	0.0028	51
RP11-95M15.1	0.9890	Epi|M cells	0.0403	51
RP11-95P2.1	0.8888	Epi|Tuft	0.0875	51
RP11-95P2.3	0.8850	LP|Inflammatory Fibroblasts	0.0044	51
RP11-960L18.1	0.9765	LP|GC	0.3480	51
RP11-963H4.3	0.8649	LP|CD69+ Mast	0.0404	51
RP11-96B5.3	0.7880	LP|WNT2B+ Fos-lo 2	0.0304	51
RP11-96D1.10	0.9509	Epi|Stem	0.0007	51
RP11-96D1.11	0.8678	Epi|Goblet	0.1427	51
RP11-96H19.1	0.8180	LP|Plasma	0.0620	51
RP11-96K19.4	0.9842	LP|Pericytes	0.0237	51
RP11-96K19.5	0.9641	LP|GC	0.0428	51
RP11-96L14.7	0.9946	Epi|Immature Enterocytes 1	0.0032	51
RP11-973H7.1	0.9422	Epi|Enterocyte Progenitors	0.0019	51
RP11-973H7.3	0.9585	LP|MT-hi	0.0799	51
RP11-977G19.11	0.4859	Epi|TA 2	0.1136	51
RP11-977G19.12	0.7497	LP|CD8+ IL17+	0.0859	51
RP11-977G19.5	0.5974	LP|Endothelial	0.1491	51
RP11-97C16.1	0.7451	LP|CD4+ PD1+	0.0410	51
RP11-97O12.6	0.9360	Epi|Enteroendocrine	0.0796	51
RP11-97O12.7	0.7705	Epi|Tuft	0.0216	51
RP11-981G7.1	0.9347	LP|MT-hi	0.0484	51
RP11-981G7.6	0.9748	Epi|Goblet	0.0025	51
RP11-983P16.2	0.8978	LP|MT-hi	0.1539	51
RP11-983P16.4	0.7945	LP|RSPO3+	0.1652	51
RP11-989E6.10	0.9718	Epi|M cells	0.0048	51
RP11-98D18.9	0.7745	LP|ILCs	0.0454	51
RP11-98G7.1	0.8600	LP|WNT5B+ 1	0.0340	51
RP11-98I9.4	0.9014	LP|CD8+ IL17+	0.0478	51
RP11-98L5.2	0.9522	LP|Pericytes	0.0113	51
RP11-996F15.2	0.9938	Epi|TA 1	0.0007	51
RP11-998D10.4	nan	Epi|Best4+ Enterocytes	0.0000	51
RP13-1032I1.7	0.7741	LP|MT-hi	0.1980	51
RP13-1039J1.4	0.9947	Epi|Cycling TA	0.0002	51
RP13-122B23.8	0.8642	Epi|Enteroendocrine	0.0459	51
RP13-131K19.1	0.8833	LP|CD4+ PD1+	0.0107	51
RP13-131K19.2	0.9898	Epi|TA 2	0.0001	51
RP13-131K19.6	0.8918	Epi|Enteroendocrine	0.0431	51
RP13-131K19.7	0.9662	Epi|Enteroendocrine	0.0605	51
RP13-15E13.1	0.8729	Epi|Immature Enterocytes 1	0.0596	51
RP13-16H11.5	0.9955	Epi|TA 1	0.0018	51
RP13-188A5.1	0.7600	LP|MT-hi	0.1567	51
RP13-20L14.4	0.8001	LP|CD4+ PD1+	0.0272	51
RP13-20L14.6	0.9383	Epi|M cells	0.0130	51
RP13-270P17.1	0.9234	LP|RSPO3+	0.0418	51
RP13-270P17.3	0.8341	LP|CD69+ Mast	0.1643	51
RP13-314C10.5	0.8139	LP|DC1	0.0270	51
RP13-317D12.3	0.9008	LP|Plasma	0.0677	51
RP13-36G14.4	0.8230	Epi|Enteroendocrine	0.0705	51
RP13-401N8.1	0.9527	Epi|Enteroendocrine	0.0933	51
RP13-463N16.6	0.9933	Epi|Immature Goblet	0.0023	51
RP13-497K6.1	0.9380	Epi|Immature Enterocytes 1	0.0200	51
RP13-516M14.1	0.7076	LP|WNT2B+ Fos-lo 2	0.0369	51
RP13-516M14.4	0.8953	Epi|Tuft	0.4910	51
RP13-580F15.2	0.6939	LP|CD8+ IL17+	0.1402	51
RP13-582O9.5	0.6823	LP|CD69- Mast	0.2334	51
RP13-582O9.7	0.7589	LP|Glia	0.0455	51
RP13-616I3.1	0.9004	Epi|M cells	0.0253	51
RP13-631K18.2	0.9011	LP|Endothelial	0.0040	51
RP13-638C3.4	0.7754	Epi|Tuft	0.0246	51
RP13-650J16.1	0.8718	LP|Glia	0.0084	51
RP13-726E6.2	0.9567	Epi|Enteroendocrine	0.0161	51
RP13-753N3.1	0.7706	Epi|Enteroendocrine	0.0479	51
RP13-884E18.2	0.9327	LP|WNT5B+ 2	0.0242	51
RP13-890H12.2	0.9507	Epi|Tuft	0.0233	51
RP13-977J11.2	0.9503	LP|CD8+ IL17+	0.3353	51
RP13-991F5.2	0.8209	LP|Post-capillary Venules	0.0123	51
RP1L1	0.8439	LP|Endothelial	0.0143	51
RP2	0.8042	LP|Inflammatory Monocytes	0.3268	51
RP3-322G13.5	0.7166	LP|GC	0.0317	51
RP3-323P13.2	0.9287	LP|WNT2B+ Fos-lo 2	0.2233	51
RP3-323P24.3	0.9778	Epi|TA 1	0.0011	51
RP3-325F22.5	0.8372	Epi|Enteroendocrine	0.4460	51
RP3-327A19.5	0.9852	Epi|TA 1	0.0006	51
RP3-329A5.8	0.9550	LP|ILCs	0.0454	51
RP3-333H23.8	0.9288	LP|Glia	0.0601	51
RP3-337D23.3	0.8492	LP|GC	0.0124	51
RP3-337H4.8	0.9287	LP|Post-capillary Venules	0.0031	51
RP3-337H4.9	0.8899	LP|NKs	0.0062	51
RP3-337O18.9	0.9899	Epi|Immature Enterocytes 1	0.0022	51
RP3-340N1.5	0.9032	LP|CD69+ Mast	0.1313	51
RP3-355L5.5	0.9322	Epi|Stem	0.0024	51
RP3-368A4.5	0.7192	Epi|Enteroendocrine	0.1699	51
RP3-368A4.6	0.8013	Epi|M cells	0.1035	51
RP3-370M22.8	0.8308	LP|MT-hi	0.1255	51
RP3-380B8.4	0.9717	Epi|Immature Enterocytes 2	0.0001	51
RP3-388E23.2	0.9263	Epi|Immature Enterocytes 2	0.0059	51
RP3-393E18.2	0.9151	LP|WNT5B+ 1	0.0057	51
RP3-395M20.12	0.8040	LP|Pericytes	0.5298	51
RP3-395M20.8	0.7512	Epi|Immature Enterocytes 2	0.3471	51
RP3-395M20.9	0.7983	Epi|Tuft	0.1232	51
RP3-399L15.3	0.9530	LP|Cycling Monocytes	0.0939	51
RP3-400N23.6	0.9302	LP|CD8+ IL17+	0.0288	51
RP3-402G11.25	0.9175	LP|GC	0.0853	51
RP3-402G11.26	0.6295	LP|Follicular	0.0511	51
RP3-402G11.28	0.8976	LP|Post-capillary Venules	0.0107	51
RP3-404F18.5	0.8458	Epi|Goblet	0.0146	51
RP3-405J10.3	0.7231	Epi|TA 1	0.1070	51
RP3-406A7.7	0.8846	Epi|Enteroendocrine	0.0863	51
RP3-414A15.10	0.9546	LP|DC1	0.0158	51
RP3-417L20.4	0.9778	Epi|Cycling TA	0.0003	51
RP3-426I6.5	0.6698	LP|DC1	0.0292	51
RP3-428L16.2	0.8965	LP|CD8+ IL17+	0.1000	51
RP3-439F8.1	0.9995	Epi|M cells	0.0190	51
RP3-455J7.4	0.8985	LP|Follicular	0.0305	51
RP3-460G2.2	0.9213	LP|Cycling Monocytes	0.1399	51
RP3-462E2.5	0.8290	Epi|Enteroendocrine	0.0290	51
RP3-465N24.6	0.7339	LP|NKs	0.0079	51
RP3-466P17.1	0.9607	LP|Glia	0.0209	51
RP3-467K16.4	0.9770	LP|NKs	0.0721	51
RP3-467L1.4	0.9851	Epi|Enterocyte Progenitors	0.0018	51
RP3-467L1.6	0.9792	Epi|Enterocyte Progenitors	0.0011	51
RP3-467N11.1	0.7565	LP|WNT5B+ 1	0.0984	51
RP3-473L9.4	0.8998	LP|Post-capillary Venules	0.0424	51
RP3-475N16.1	0.8765	LP|MT-hi	0.0487	51
RP3-477O4.14	0.8101	LP|GC	0.3230	51
RP3-477O4.16	0.8607	LP|Tregs	0.0086	51
RP3-486I3.7	0.9862	LP|CD69+ Mast	0.0764	51
RP3-508I15.14	0.7695	LP|CD4+ PD1+	0.0233	51
RP3-508I15.20	0.9335	LP|NKs	0.0180	51
RP3-508I15.21	0.7808	Epi|Goblet	0.1202	51
RP3-508I15.22	0.8172	LP|MT-hi	0.0429	51
RP3-510D11.2	0.8539	LP|Pericytes	0.0308	51
RP3-512B11.3	0.8255	Epi|Tuft	0.0735	51
RP3-522D1.1	0.9661	LP|DC1	0.1651	51
RP3-522J7.6	nan	Epi|Best4+ Enterocytes	0.0000	51
RP3-523K23.2	0.8262	Epi|Stem	0.1383	51
RP4-533D7.4	0.9655	Epi|TA 1	0.0018	51
RP4-533D7.5	0.9031	LP|NKs	0.0065	51
RP4-536B24.3	nan	Epi|Best4+ Enterocytes	0.0000	51
RP4-539M6.22	0.9235	LP|CD8+ LP	0.0519	51
RP4-541C22.5	nan	Epi|Best4+ Enterocytes	0.0000	51
RP4-545C24.1	0.9021	LP|ILCs	0.0294	51
RP4-545K15.5	0.9396	LP|Glia	0.0100	51
RP4-548D19.3	0.8981	Epi|Tuft	0.0577	51
RP4-549L20.3	0.7782	LP|Post-capillary Venules	0.0638	51
RP4-553F4.6	0.9170	Epi|Immature Enterocytes 1	0.0027	51
RP4-561L24.3	0.9763	LP|NKs	0.0144	51
RP4-562J12.2	0.8756	LP|Glia	0.0060	51
RP4-564F22.5	0.9374	Epi|TA 2	0.0015	51
RP4-565E6.1	0.8886	LP|Myofibroblasts	0.0377	51
RP4-569M23.2	0.9429	LP|Endothelial	0.0337	51
RP4-569M23.4	0.8969	Epi|Enteroendocrine	0.0760	51
RP4-575N6.4	0.9306	LP|Endothelial	0.1057	51
RP4-583P15.10	0.9385	LP|CD4+ Memory	0.0068	51
RP4-593C16.3	0.9084	LP|Endothelial	0.0145	51
RP4-593H12.1	0.8799	LP|Endothelial	0.0409	51
RP4-594I10.3	0.8678	LP|CD4+ Memory	0.2345	51
RP4-597N16.4	0.9172	LP|CD69+ Mast	0.0043	51
RP4-598G3.1	0.9865	Epi|TA 1	0.0010	51
RP4-601K24.1	0.9714	Epi|Best4+ Enterocytes	0.0237	51
RP4-605O3.4	0.6621	Epi|Enteroendocrine	0.1871	51
RP4-607J23.2	0.7623	LP|WNT2B+ Fos-hi	0.0080	51
RP4-610C12.3	0.7912	LP|Glia	0.0350	51
RP4-612B15.3	0.7898	LP|NKs	0.0474	51
RP4-614C15.2	0.9790	LP|ILCs	0.0235	51
RP4-614O4.12	0.8318	LP|RSPO3+	0.0282	51
RP4-616B8.4	0.9895	Epi|TA 1	0.0005	51
RP4-622L5.7	0.9436	Epi|Tuft	0.0164	51
RP4-625H18.2	0.9382	Epi|Goblet	0.0056	51
RP4-630A11.3	0.8770	LP|NKs	0.0135	51
RP4-633O19__A.1	0.9528	Epi|Tuft	0.0290	51
RP4-635E18.6	0.8500	LP|Pericytes	0.0411	51
RP4-635E18.7	0.9432	LP|Endothelial	0.0047	51
RP4-635E18.8	0.7314	Epi|Tuft	0.1193	51
RP4-639F20.1	0.8786	LP|Glia	0.1783	51
RP4-640H8.2	0.8767	LP|CD4+ PD1+	0.0098	51
RP4-647C14.2	0.9444	LP|Glia	0.0920	51
RP4-647C14.3	0.9719	Epi|Enteroendocrine	0.1035	51
RP4-647J21.1	nan	Epi|Best4+ Enterocytes	0.0000	51
RP4-651E10.4	0.9757	Epi|Enteroendocrine	0.0010	51
RP4-657D16.3	0.8543	LP|Inflammatory Monocytes	0.0147	51
RP4-665J23.1	0.8980	LP|WNT5B+ 1	0.3897	51
RP4-666F24.3	0.9319	LP|CD4+ Memory	0.0048	51
RP4-669L17.10	0.9649	LP|CD69- Mast	0.0671	51
RP4-671G15.2	0.9240	Epi|TA 2	0.0016	51
RP4-673M15.1	0.8503	LP|Macrophages	0.0331	51
RP4-676L2.1	0.9893	Epi|Immature Goblet	0.0002	51
RP4-680D5.8	0.8970	Epi|Secretory TA	0.0131	51
RP4-694A7.4	0.9804	Epi|Cycling TA	0.0002	51
RP4-694B14.5	0.8857	LP|CD8+ IL17+	0.0666	51
RP4-714D9.5	0.8721	Epi|M cells	0.1086	51
RP4-717I23.3	0.6766	LP|CD4+ PD1+	0.8564	51
RP4-718J7.4	1.0000	Epi|Enterocytes	0.0012	51
RP4-724E16.2	0.8126	LP|Pericytes	0.0087	51
RP4-728D4.2	0.8915	LP|NKs	0.3147	51
RP4-739H11.4	0.7912	LP|GC	0.0496	51
RP4-740C4.6	0.9036	LP|Pericytes	0.0095	51
RP4-740C4.7	0.9143	LP|CD8+ IL17+	0.0139	51
RP4-740C4.8	0.9745	Epi|Immature Goblet	0.0010	51
RP4-740C4.9	0.9679	Epi|Cycling TA	0.0031	51
RP4-742J24.2	0.9794	Epi|Enterocytes	0.0027	51
RP4-751H13.7	nan	Epi|Best4+ Enterocytes	0.0000	51
RP4-753F5.1	0.9850	Epi|Enteroendocrine	0.0021	51
RP4-756G23.5	0.8383	LP|Microvascular	0.0236	51
RP4-758J18.13	0.8988	Epi|Tuft	0.0310	51
RP4-758J18.2	0.5986	LP|CD8+ IELs	0.2989	51
RP4-758J24.5	0.6931	LP|Pericytes	0.0380	51
RP4-761J14.10	0.9624	LP|Inflammatory Fibroblasts	0.0092	51
RP4-769N13.6	0.6300	LP|Myofibroblasts	0.1089	51
RP4-773A18.4	0.9848	LP|Pericytes	0.0535	51
RP4-773N10.4	0.7541	LP|Myofibroblasts	0.0372	51
RP4-777D9.2	0.8747	LP|Endothelial	0.0298	51
RP4-781K5.8	0.9259	LP|CD8+ IL17+	0.0117	51
RP4-782L23.1	nan	Epi|Best4+ Enterocytes	0.0000	51
RP4-785G19.5	0.9430	LP|Glia	0.0033	51
RP4-791M13.3	0.8541	LP|RSPO3+	0.0251	51
RP4-792G4.2	0.9998	LP|Glia	1.4481	51
RP4-794H19.1	0.9726	LP|CD69- Mast	0.2188	51
RP4-794H19.2	0.9567	LP|CD69+ Mast	0.0436	51
RP4-794H19.4	0.8298	LP|CD8+ IELs	0.0143	51
RP4-798A10.2	0.7943	LP|NKs	0.0247	51
RP4-798A10.4	0.9707	Epi|Immature Goblet	0.0005	51
RP4-798A10.7	0.8808	LP|GC	0.0843	51
RP4-798P15.3	0.8898	Epi|M cells	0.0121	51
RP4-800J21.3	0.8447	LP|NKs	0.0379	51
RP4-803J11.2	0.9716	Epi|TA 1	0.0018	51
RP4-813F11.4	0.9094	Epi|Enteroendocrine	0.0502	51
RP4-816N1.6	0.7193	LP|CD69- Mast	0.0671	51
RP5-1007H16.1	0.9480	Epi|Stem	0.0009	51
RP5-1007M22.2	0.9086	LP|Glia	0.1825	51
RP5-1011O1.2	0.9825	Epi|Stem	0.0009	51
RP5-1013A22.5	0.9155	Epi|Immature Enterocytes 2	0.0228	51
RP5-1021I20.1	0.7640	LP|CD8+ IL17+	0.0676	51
RP5-1021I20.5	0.7366	LP|ILCs	0.0370	51
RP5-1021I20.6	0.9867	LP|Pericytes	0.0126	51
RP5-1024G6.5	0.9165	LP|CD4+ PD1+	0.0437	51
RP5-1024G6.7	0.8085	LP|MT-hi	0.0258	51
RP5-1024G6.8	0.8806	Epi|Enteroendocrine	0.0135	51
RP5-1028K7.2	0.9883	LP|CD4+ PD1+	2.8615	51
RP5-1029F21.3	0.9838	Epi|Tuft	0.0195	51
RP5-1033H22.2	0.8912	Epi|Tuft	0.0651	51
RP5-1039K5.16	0.9857	Epi|Tuft	0.0144	51
RP5-1039K5.17	0.8712	Epi|Tuft	0.0259	51
RP5-1042I8.7	0.9053	Epi|Best4+ Enterocytes	0.0161	51
RP5-1042K10.10	0.7563	LP|CD69+ Mast	0.1544	51
RP5-1042K10.13	0.9946	Epi|Goblet	0.0047	51
RP5-1043L13.1	0.9272	LP|NKs	0.0352	51
RP5-1050D4.3	0.7434	LP|Glia	0.0267	51
RP5-1050D4.5	0.9525	LP|RSPO3+	0.0224	51
RP5-1057J7.6	0.8418	Epi|Enteroendocrine	0.1457	51
RP5-1057J7.7	0.8991	Epi|Enteroendocrine	0.0258	51
RP5-1061H20.4	0.9388	Epi|Immature Enterocytes 1	0.0023	51
RP5-1065J22.8	0.6974	LP|Glia	0.1923	51
RP5-1068B5.3	0.9802	Epi|Cycling TA	0.0004	51
RP5-1068E13.7	0.8651	LP|RSPO3+	0.1358	51
RP5-1073O3.7	0.8275	LP|NKs	0.1932	51
RP5-1074L1.1	0.9355	LP|Cycling B	0.0165	51
RP5-1074L1.4	0.8574	Epi|M cells	0.0799	51
RP5-1085F17.3	0.8210	LP|CD69- Mast	0.2334	51
RP5-1086K13.1	0.9481	Epi|Immature Enterocytes 1	0.0063	51
RP5-1091N2.9	0.8279	LP|CD69- Mast	0.1478	51
RP5-1092A3.4	0.7189	Epi|Tuft	0.0727	51
RP5-1096D14.6	0.8888	Epi|TA 1	0.0104	51
RP5-1098D14.1	0.9425	LP|Glia	0.0307	51
RP5-1103G7.10	0.9712	Epi|Best4+ Enterocytes	0.0012	51
RP5-1103G7.4	0.7890	Epi|Tuft	0.0729	51
RP5-1107A17.4	0.9245	LP|ILCs	0.0232	51
RP5-1112D6.4	0.8696	LP|MT-hi	0.0645	51
RP5-1112D6.7	0.7631	LP|CD69+ Mast	0.0094	51
RP5-1112D6.8	0.8471	LP|RSPO3+	0.0250	51
RP5-1112F19.2	0.9747	Epi|Tuft	0.0147	51
RP5-1115A15.1	0.9248	LP|CD8+ IELs	0.0068	51
RP5-1119A7.14	0.9767	Epi|TA 2	0.0008	51
RP5-1120P11.1	0.9909	Epi|M cells	0.0049	51
RP5-1125A11.1	0.7435	LP|CD8+ IL17+	0.1023	51
RP5-1126H10.2	0.9283	LP|Glia	0.0077	51
RP5-1136G13.2	0.7262	LP|Cycling Monocytes	0.0691	51
RP5-1142A6.2	nan	Epi|Best4+ Enterocytes	0.0000	51
RP5-1142A6.8	0.7905	LP|CD8+ IELs	0.0310	51
RP5-1148A21.3	0.8897	Epi|Goblet	0.0586	51
RP5-1157M23.2	0.9121	LP|NKs	0.0083	51
RP5-1158E12.3	0.9428	Epi|TA 1	0.0004	51
RP5-1159O4.1	0.8277	Epi|Tuft	0.1066	51
RP5-1159O4.2	0.9384	Epi|M cells	0.0223	51
RP5-1160K1.3	0.9886	Epi|TA 1	0.0010	51
RP5-1165K10.2	0.9009	LP|Microvascular	0.0092	51
RP5-1172A22.1	0.9827	LP|RSPO3+	0.0928	51
RP5-1180C10.2	0.8490	Epi|Enteroendocrine	0.0709	51
RP5-1180E21.4	0.9208	Epi|Enterocyte Progenitors	0.0009	51
RP5-1180E21.5	0.7755	LP|NKs	0.1035	51
RP5-1185I7.1	0.9134	Epi|M cells	0.1412	51
RP5-1186P10.2	0.9788	Epi|Cycling TA	0.0006	51
RP5-1198O20.4	0.9907	LP|Myofibroblasts	0.0425	51
RP5-821D11.7	0.9231	Epi|Tuft	0.4250	51
RP5-827C21.4	0.7296	Epi|Tuft	0.2061	51
RP5-827C21.6	0.9671	Epi|M cells	0.0008	51
RP5-828H9.1	0.9743	Epi|Immature Enterocytes 1	0.0033	51
RP5-837J1.2	0.6218	LP|WNT5B+ 1	0.0478	51
RP5-850O15.4	0.8451	LP|CD4+ Memory	0.0082	51
RP5-855D21.2	0.9896	Epi|Best4+ Enterocytes	0.0002	51
RP5-855D21.3	0.7227	LP|CD4+ PD1+	0.0966	51
RP5-855F16.1	0.9403	Epi|Enterocyte Progenitors	0.0018	51
RP5-864K19.4	0.7694	LP|Macrophages	0.0349	51
RP5-867C24.4	0.7052	Epi|Tuft	0.0717	51
RP5-881L22.5	0.8879	Epi|Stem	0.1244	51
RP5-882C2.2	0.7240	Epi|Tuft	0.0948	51
RP5-884G6.2	0.8915	LP|Endothelial	0.0217	51
RP5-884M6.1	0.9800	LP|CD69- Mast	0.2425	51
RP5-886K2.3	0.5596	LP|MT-hi	0.1030	51
RP5-887A10.1	0.9914	LP|Follicular	1.3055	51
RP5-890E16.2	0.7426	LP|RSPO3+	0.0325	51
RP5-892K4.1	0.6993	LP|CD8+ IELs	0.0815	51
RP5-894A10.2	0.9219	Epi|M cells	0.2783	51
RP5-894A10.6	0.9578	Epi|M cells	0.0130	51
RP5-899E9.1	nan	Epi|Best4+ Enterocytes	0.0000	51
RP5-903G2.2	0.9284	Epi|Goblet	0.0549	51
RP5-908M14.5	0.9549	Epi|Goblet	0.0027	51
RP5-914P20.5	0.8304	LP|GC	0.0714	51
RP5-930J4.4	0.8814	LP|WNT2B+ Fos-lo 2	0.0188	51
RP5-935K16.1	0.6028	Epi|Enteroendocrine	0.0799	51
RP5-940J5.6	0.9529	LP|CD8+ IELs	0.0111	51
RP5-940J5.8	0.9043	LP|Post-capillary Venules	0.0149	51
RP5-940J5.9	0.6373	Epi|Enterocyte Progenitors	0.1440	51
RP5-943J3.2	0.7866	LP|NKs	0.0212	51
RP5-968D22.3	0.9593	Epi|M cells	0.0040	51
RP5-968P14.2	0.9792	Epi|Immature Goblet	0.0008	51
RP5-973M2.2	0.9342	LP|CD69+ Mast	0.0607	51
RP5-977B1.11	0.9514	LP|Pericytes	0.0532	51
RP5-991G20.4	0.8312	LP|Cycling B	0.0181	51
RP5-994D16.3	0.9541	Epi|Secretory TA	0.0007	51
RP5-998N21.10	0.9772	Epi|Best4+ Enterocytes	0.0004	51
RP6-109B7.3	0.6988	LP|CD69+ Mast	0.5296	51
RP6-109B7.4	0.9418	LP|Post-capillary Venules	0.0018	51
RP6-109B7.5	0.9284	LP|Inflammatory Monocytes	0.0065	51
RP6-201G10.2	0.9343	Epi|Immature Enterocytes 1	0.0007	51
RP6-206I17.1	0.9603	LP|NKs	0.0295	51
RP6-206I17.2	0.9336	LP|CD8+ IL17+	0.0483	51
RP6-42F4.1	0.6081	LP|RSPO3+	0.0849	51
RP6-65G23.3	0.8970	Epi|Tuft	0.1118	51
RP6-91H8.3	0.8838	LP|DC2	0.1727	51
RP6-99M1.2	0.7978	LP|Post-capillary Venules	0.1850	51
RP6-99M1.3	0.9688	LP|Inflammatory Monocytes	0.0278	51
RP9	0.7840	Epi|Tuft	0.7565	51
RPA1	0.6575	LP|Cycling T	0.6744	51
RPA2	0.5925	LP|Cycling T	1.1794	51
RPA3	0.8098	LP|Cycling B	3.3689	51
RPA3-AS1	0.5898	LP|Tregs	0.3196	51
RPA4	0.8360	Epi|M cells	0.1001	51
RPAIN	0.4593	LP|Microvascular	0.9629	51
RPAP1	0.5029	LP|WNT5B+ 2	0.0716	51
RPAP2	0.6382	LP|ILCs	0.4152	51
RPAP3	0.8026	LP|GC	0.5009	51
RPE	0.5355	LP|Cycling Monocytes	0.2923	51
RPF1	0.3418	LP|Microvascular	0.5424	51
RPF2	0.4733	LP|Glia	0.4525	51
RPGR	0.7862	LP|Post-capillary Venules	0.4209	51
RPGRIP1L	0.6758	LP|RSPO3+	0.0715	51
RPH3AL	0.8565	LP|Microvascular	0.4319	51
RPIA	0.5913	LP|CD4+ PD1+	0.9653	51
RPL10	0.4627	LP|CD4+ Activated Fos-lo	148.9359	51
RPL10A	0.4876	Epi|Stem	42.5525	51
RPL10L	0.6613	LP|ILCs	0.0950	51
RPL11	0.4960	LP|CD4+ Memory	72.4150	51
RPL12	0.5253	Epi|Stem	60.3424	51
RPL13	0.4990	LP|CD4+ Memory	129.0517	51
RPL13A	0.4952	LP|Follicular	124.0903	51
RPL14	0.4912	LP|CD4+ Memory	35.2366	51
RPL15	0.4536	LP|CD4+ PD1+	63.3130	51
RPL17	0.6362	LP|CD69- Mast	8.2854	51
RPL17-C18orf32	0.9710	Epi|Enterocyte Progenitors	0.0005	51
RPL18	0.4628	LP|Follicular	39.6684	51
RPL18A	0.5254	LP|Follicular	77.4804	51
RPL19	0.4921	LP|CD4+ Memory	63.8503	51
RPL21	0.5834	LP|CD4+ Memory	94.9663	51
RPL22	0.5200	LP|CD4+ Memory	23.1325	51
RPL22L1	0.6920	LP|Cycling B	3.3846	51
RPL23	0.4474	LP|Follicular	16.0343	51
RPL23A	0.5425	LP|Follicular	60.4196	51
RPL24	0.4006	LP|CD4+ Memory	22.4169	51
RPL26	0.4274	LP|Follicular	52.9343	51
RPL26L1	0.4658	LP|Cycling B	0.8724	51
RPL27	0.5097	LP|CD4+ Memory	26.9368	51
RPL27A	0.5061	LP|Follicular	60.6934	51
RPL28	0.5321	LP|GC	66.1879	51
RPL29	0.4516	Epi|Stem	38.6358	51
RPL3	0.4536	LP|CD4+ PD1+	79.1083	51
RPL30	0.6193	LP|CD4+ Memory	50.8676	51
RPL31	0.5738	LP|CD4+ Memory	53.0825	51
RPL32	0.5545	LP|CD4+ Memory	95.9582	51
RPL34	0.6220	LP|CD4+ Memory	119.2785	51
RPL34-AS1	0.8773	LP|CD4+ Memory	0.0056	51
RPL35	0.4396	LP|Follicular	39.2387	51
RPL35A	0.5276	LP|CD4+ Memory	50.4715	51
RPL36	0.5374	Epi|Secretory TA	43.8577	51
RPL36A	0.5643	Epi|Stem	12.6233	51
RPL36AL	0.5690	LP|CD69+ Mast	17.4175	51
RPL37	0.6004	LP|CD4+ Memory	39.1621	51
RPL37A	0.4548	LP|CD4+ Memory	32.4635	51
RPL38	0.6114	LP|CD4+ Memory	25.4813	51
RPL39	0.6686	LP|CD4+ Memory	74.2691	51
RPL39L	0.8367	LP|Cycling B	0.9833	51
RPL3L	0.7469	LP|CD8+ IELs	0.0182	51
RPL4	0.5380	LP|CD4+ Memory	25.3149	51
RPL41	0.4405	LP|Follicular	133.3042	51
RPL5	0.4760	LP|CD4+ Memory	28.0359	51
RPL6	0.4920	LP|CD4+ PD1+	43.4511	51
RPL7	0.4457	LP|CD4+ Memory	59.4193	51
RPL7A	0.4726	Epi|Stem	31.8844	51
RPL7L1	0.6811	LP|MT-hi	1.5407	51
RPL8	0.4782	Epi|Stem	55.0921	51
RPL9	0.5562	LP|CD4+ Memory	49.4634	51
RPLP0	0.5694	Epi|Stem	46.2367	51
RPLP1	0.5422	LP|CD4+ Activated Fos-lo	146.4667	51
RPLP2	0.6088	LP|CD4+ Memory	93.2982	51
RPN1	0.5317	LP|CD69- Mast	1.5154	51
RPN2	0.5269	LP|CD69- Mast	2.4095	51
RPP14	0.4457	LP|MT-hi	0.3341	51
RPP21	0.5860	LP|MT-hi	0.2818	51
RPP25	0.7699	LP|Cycling Monocytes	0.5046	51
RPP25L	0.4385	LP|CD69- Mast	0.6525	51
RPP30	0.6072	LP|CD69- Mast	0.7230	51
RPP38	0.4129	Epi|Tuft	0.3149	51
RPP40	0.5872	LP|CD69- Mast	0.1478	51
RPPH1	0.7537	LP|Glia	0.2729	51
RPRD1A	0.5393	LP|GC	0.2920	51
RPRD1B	0.9287	LP|GC	1.1920	51
RPRD2	0.5791	LP|MT-hi	0.3738	51
RPRML	0.9863	Epi|Cycling TA	0.0004	51
RPS10	0.4724	LP|CD4+ Memory	11.3442	51
RPS10P7	0.7535	Epi|M cells	0.0900	51
RPS11	0.5243	LP|Follicular	26.9614	51
RPS12	0.5955	LP|CD4+ Memory	96.9269	51
RPS13	0.5331	LP|CD4+ Memory	49.8467	51
RPS14	0.4778	LP|CD4+ Memory	90.5834	51
RPS15	0.4101	LP|CD4+ Memory	57.2968	51
RPS15A	0.6225	LP|CD4+ Memory	91.4099	51
RPS16	0.4907	LP|CD4+ Memory	40.0474	51
RPS17	0.5099	LP|CD69- Mast	0.3055	51
RPS17L	0.5111	LP|Follicular	0.2563	51
RPS18	0.5607	Epi|Stem	145.5028	51
RPS19	0.4967	LP|CD4+ Activated Fos-lo	92.2250	51
RPS19BP1	0.4701	Epi|M cells	2.5405	51
RPS2	0.5383	Epi|Stem	126.5102	51
RPS20	0.5642	LP|CD4+ Memory	37.6370	51
RPS21	0.5863	LP|Follicular	23.8153	51
RPS23	0.5669	LP|Follicular	65.8062	51
RPS24	0.5070	LP|Inflammatory Monocytes	43.4981	51
RPS25	0.5933	LP|CD4+ Memory	55.9909	51
RPS26	0.4450	LP|GC	25.8773	51
RPS27	0.6754	LP|CD4+ Memory	156.0812	51
RPS27A	0.5573	LP|CD4+ Memory	84.1995	51
RPS27L	0.4255	Epi|Enterocyte Progenitors	5.7818	51
RPS28	0.5301	LP|CD4+ Memory	58.6883	51
RPS29	0.6928	LP|CD4+ Memory	61.3113	51
RPS3	0.5476	Epi|Stem	75.9439	51
RPS3A	0.5399	LP|CD4+ Memory	74.2521	51
RPS4X	0.5465	LP|CD4+ PD1+	83.1615	51
RPS4Y1	0.5223	LP|Post-capillary Venules	4.7127	51
RPS4Y2	0.7551	LP|CD4+ PD1+	0.0187	51
RPS5	0.5181	Epi|Stem	42.1581	51
RPS6	0.5336	Epi|Stem	107.2667	51
RPS6KA1	0.6855	LP|NKs	0.7105	51
RPS6KA2	0.8575	LP|Endothelial	0.6412	51
RPS6KA3	0.6591	LP|ILCs	0.7262	51
RPS6KA4	0.7267	LP|DC2	0.4772	51
RPS6KA5	0.7782	LP|CD69+ Mast	0.7174	51
RPS6KA6	0.9604	Epi|Tuft	0.0146	51
RPS6KB1	0.4621	LP|GC	0.2012	51
RPS6KB2	0.5263	LP|Cycling T	0.8484	51
RPS6KC1	0.7126	LP|Pericytes	0.1435	51
RPS6KL1	0.8446	Epi|M cells	0.1105	51
RPS7	0.3973	LP|GC	34.8009	51
RPS8	0.5446	LP|Follicular	67.3184	51
RPS9	0.4599	Epi|Stem	47.0594	51
RPSA	0.5415	Epi|Stem	18.2203	51
RPSAP58	0.5172	Epi|Stem	2.7134	51
RPTOR	0.9107	LP|CD69- Mast	0.3339	51
RPUSD1	0.6601	LP|CD69- Mast	0.3530	51
RPUSD2	0.5973	Epi|M cells	0.1491	51
RPUSD3	0.6762	Epi|M cells	0.7553	51
RPUSD4	0.5432	LP|CD4+ PD1+	0.1934	51
RQCD1	0.6233	Epi|M cells	0.4838	51
RRAD	0.9273	LP|ILCs	1.2067	51
RRAGA	0.6760	LP|Glia	1.7020	51
RRAGB	0.7706	LP|RSPO3+	0.2757	51
RRAGC	0.6088	LP|Glia	0.4957	51
RRAGD	0.9238	LP|Macrophages	0.2501	51
RRAS	0.7290	LP|Pericytes	1.0197	51
RRAS2	0.9253	LP|GC	2.2844	51
RRBP1	0.6427	LP|WNT2B+ Fos-lo 2	2.5495	51
RREB1	0.6658	Epi|Enteroendocrine	0.4360	51
RRM1	0.8306	LP|Cycling T	0.9690	51
RRM2	0.9584	LP|Cycling B	4.2245	51
RRM2B	0.6274	LP|Cycling B	0.2059	51
RRN3	0.4603	LP|MT-hi	0.1854	51
RRNAD1	0.6284	Epi|Tuft	0.3280	51
RRP1	0.5126	LP|GC	0.3373	51
RRP12	0.7834	LP|Inflammatory Monocytes	0.2478	51
RRP15	0.5243	LP|MT-hi	0.3834	51
RRP1B	0.6022	LP|CD8+ IELs	0.3035	51
RRP36	0.5881	LP|Cycling B	0.2445	51
RRP7A	0.6257	LP|Cycling B	1.3262	51
RRP8	0.8085	LP|CD69- Mast	0.7039	51
RRP9	0.4923	Epi|Cycling TA	0.2388	51
RRS1	0.8413	LP|CD69- Mast	0.8663	51
RSAD1	0.6490	Epi|Tuft	0.2836	51
RSAD2	0.9217	Epi|Enterocytes	0.6586	51
RSBN1	0.5955	LP|ILCs	0.7791	51
RSBN1L	0.4192	LP|Glia	1.0099	51
RSBN1L-AS1	0.6505	LP|WNT5B+ 1	0.2450	51
RSF1	0.4029	LP|Endothelial	0.9636	51
RSF1-IT1	0.8635	LP|NKs	0.0165	51
RSG1	0.8030	Epi|Enteroendocrine	0.0690	51
RSL1D1	0.4719	LP|CD4+ PD1+	1.9817	51
RSL24D1	0.5647	LP|CD69+ Mast	3.2292	51
RSPH1	0.7925	Epi|M cells	0.1279	51
RSPH3	0.5605	LP|CD69- Mast	0.1765	51
RSPH4A	0.9326	LP|Microvascular	0.0068	51
RSPH9	0.8895	LP|WNT5B+ 1	0.1051	51
RSPO1	0.7799	LP|WNT5B+ 1	0.0752	51
RSPO3	0.9891	LP|RSPO3+	2.9953	51
RSPRY1	0.4924	LP|Myofibroblasts	0.3128	51
RSRC1	0.4138	LP|CD69+ Mast	0.4269	51
RSRC2	0.4959	LP|Glia	1.9924	51
RSU1	0.7304	LP|CD69- Mast	2.1311	51
RTBDN	0.9968	Epi|Enteroendocrine	0.0337	51
RTCA	0.6730	LP|CD69- Mast	0.8019	51
RTCB	0.5775	Epi|M cells	1.1820	51
RTDR1	0.9566	Epi|Enteroendocrine	0.0056	51
RTEL1-TNFRSF6B	0.9488	LP|Macrophages	0.0052	51
RTF1	0.4624	LP|Myofibroblasts	1.6023	51
RTFDC1	0.4720	LP|CD69+ Mast	1.3984	51
RTKN	0.8971	Epi|Tuft	0.6930	51
RTKN2	0.9684	LP|Tregs	0.8250	51
RTN1	0.9414	LP|DC2	0.2807	51
RTN2	0.8194	LP|Microvascular	0.5272	51
RTN3	0.5557	LP|Cycling Monocytes	1.3546	51
RTN4	0.6465	LP|WNT5B+ 1	5.4988	51
RTN4IP1	0.8258	Epi|M cells	0.2985	51
RTN4R	0.7850	LP|Endothelial	0.0263	51
RTN4RL1	0.9582	Epi|TA 2	0.0022	51
RTN4RL2	0.8836	LP|NKs	0.0212	51
RTP4	0.6834	LP|Glia	0.3531	51
RTTN	0.8504	Epi|M cells	0.0849	51
RUFY1	0.5219	LP|CD69+ Mast	0.3382	51
RUFY2	0.6651	LP|Glia	0.2210	51
RUFY3	0.6948	LP|Myofibroblasts	0.3795	51
RUFY4	0.9849	Epi|Stem	0.0017	51
RUNDC1	0.5629	LP|ILCs	0.2889	51
RUNDC3A	0.9985	Epi|Enteroendocrine	0.0096	51
RUNDC3B	0.9650	LP|Endothelial	0.3971	51
RUNX1	0.8039	Epi|Tuft	1.0877	51
RUNX1T1	0.8545	LP|WNT2B+ Fos-lo 2	0.7725	51
RUNX2	0.8029	LP|ILCs	0.3460	51
RUNX3	0.8070	LP|ILCs	2.0431	51
RUSC1	0.5166	Epi|Immature Enterocytes 2	0.3932	51
RUSC1-AS1	0.9122	Epi|M cells	0.0548	51
RUSC2	0.8349	LP|Microvascular	0.0881	51
RUVBL1	0.7749	LP|Microvascular	1.1002	51
RUVBL2	0.6561	Epi|Cycling TA	1.0874	51
RWDD1	0.4757	LP|WNT2B+ Fos-lo 1	2.7515	51
RWDD2A	0.8073	LP|Glia	0.1575	51
RWDD2B	0.6817	LP|RSPO3+	0.2272	51
RWDD3	0.9479	LP|CD69- Mast	0.2343	51
RWDD4	0.5919	LP|CD69- Mast	0.6180	51
RXFP4	0.9840	Epi|Enteroendocrine	0.1616	51
RXRA	0.7681	LP|Inflammatory Monocytes	0.7984	51
RXRB	0.5522	LP|Microvascular	0.3931	51
RXRG	0.9769	LP|Glia	1.0734	51
RYBP	0.7099	LP|Myofibroblasts	0.7375	51
RYK	0.5601	LP|Endothelial	0.2475	51
RYR1	0.9325	LP|DC2	0.0876	51
S100A1	0.9921	LP|Glia	2.4005	51
S100A10	0.7215	Epi|Immature Enterocytes 2	33.9719	51
S100A11	0.7124	LP|Inflammatory Monocytes	19.3411	51
S100A12	0.9878	LP|Inflammatory Monocytes	10.4472	51
S100A13	0.7743	LP|WNT2B+ Fos-lo 2	6.8582	51
S100A14	0.8595	Epi|Enterocyte Progenitors	9.7943	51
S100A16	0.7855	LP|Microvascular	5.3046	51
S100A2	0.8627	Epi|Immature Enterocytes 2	0.1243	51
S100A3	0.8844	LP|Inflammatory Fibroblasts	0.4442	51
S100A4	0.7771	LP|Inflammatory Monocytes	45.0477	51
S100A5	0.9110	LP|Inflammatory Monocytes	0.0258	51
S100A6	0.7082	Epi|Enterocytes	112.6591	51
S100A7	0.9773	Epi|Enterocytes	0.0603	51
S100A8	0.9882	LP|Inflammatory Monocytes	81.0865	51
S100A9	0.9884	LP|Inflammatory Monocytes	95.2274	51
S100B	0.9916	LP|Glia	23.9732	51
S100P	0.9131	Epi|Goblet	7.8415	51
S100PBP	0.6771	LP|CD8+ IL17+	0.3554	51
S100Z	0.9347	LP|Inflammatory Monocytes	0.1680	51
S1PR1	0.9449	LP|Endothelial	1.1643	51
S1PR3	0.8546	LP|Glia	0.4260	51
S1PR4	0.8238	LP|Cycling T	1.2560	51
SAA1	0.9754	Epi|Enterocytes	2.9358	51
SAA2	0.9796	Epi|Enterocytes	1.1358	51
SAA4	0.9807	Epi|Enterocytes	0.0212	51
SAAL1	0.7163	LP|Cycling B	0.4045	51
SAC3D1	0.7941	LP|Cycling T	0.8129	51
SACM1L	0.7116	LP|ILCs	0.4953	51
SACS	0.7124	LP|CD4+ PD1+	0.1091	51
SAE1	0.7654	LP|Cycling B	1.2006	51
SAFB	0.4718	LP|CD69- Mast	0.6476	51
SAFB2	0.6827	LP|CD69- Mast	1.1232	51
SAG	0.6961	Epi|TA 1	0.0399	51
SALL1	0.9203	LP|WNT5B+ 2	0.3207	51
SALL2	0.8888	LP|Myofibroblasts	0.0481	51
SAMD1	0.7199	Epi|M cells	0.3132	51
SAMD10	0.8986	LP|ILCs	0.2281	51
SAMD11	0.8885	LP|Myofibroblasts	1.0608	51
SAMD12	0.7765	Epi|M cells	0.1558	51
SAMD13	0.8549	Epi|Best4+ Enterocytes	0.2796	51
SAMD14	0.9229	LP|WNT5B+ 2	0.1635	51
SAMD15	0.9669	LP|GC	0.0637	51
SAMD3	0.9650	LP|NKs	1.9140	51
SAMD4A	0.7582	LP|Inflammatory Monocytes	0.2066	51
SAMD4B	0.6350	LP|MT-hi	0.5156	51
SAMD5	0.8173	LP|WNT5B+ 2	0.2100	51
SAMD8	0.6177	LP|Glia	0.2220	51
SAMD9	0.6681	LP|CD8+ IL17+	0.7808	51
SAMD9L	0.7181	LP|CD69- Mast	0.6233	51
SAMHD1	0.8449	LP|Inflammatory Monocytes	2.7173	51
SAMM50	0.4029	Epi|TA 2	0.5780	51
SAMSN1	0.9348	LP|CD69- Mast	13.2000	51
SAP130	0.6197	LP|Cycling T	0.0985	51
SAP18	0.4546	LP|Glia	6.1446	51
SAP30	0.7379	LP|Glia	0.2512	51
SAP30BP	0.7015	LP|CD69- Mast	1.5179	51
SAP30L	0.6013	LP|Pericytes	0.1998	51
SAPCD1-AS1	0.9077	LP|CD8+ IELs	0.0156	51
SAPCD2	0.9285	Epi|Cycling TA	0.2617	51
SAR1A	0.5200	LP|Inflammatory Fibroblasts	1.1989	51
SAR1B	0.7872	LP|CD69- Mast	1.9200	51
SARDH	0.9494	LP|CD4+ PD1+	0.4236	51
SARM1	0.6986	Epi|Enteroendocrine	0.0927	51
SARNP	0.6711	LP|MT-hi	0.4057	51
SARS	0.5141	LP|Glia	1.3491	51
SARS2	0.6537	LP|MT-hi	0.1428	51
SART1	0.7286	LP|CD69- Mast	0.7337	51
SART3	0.4551	LP|Glia	0.1833	51
SASH1	0.8603	LP|Pericytes	0.6047	51
SASH3	0.8465	LP|GC	1.2162	51
SASS6	0.7182	LP|Cycling T	0.2158	51
SAT1	0.8039	LP|Inflammatory Monocytes	39.2985	51
SAT2	0.6372	LP|CD69- Mast	2.5196	51
SATB1	0.7363	LP|ILCs	0.8676	51
SATB2	0.8082	Epi|M cells	0.8709	51
SATB2-AS1	0.8336	Epi|TA 1	0.1998	51
SAV1	0.8001	LP|Post-capillary Venules	0.5038	51
SAYSD1	0.6923	LP|CD69- Mast	0.6400	51
SBDS	0.7321	LP|Glia	4.4029	51
SBF1	0.7488	LP|MT-hi	0.3211	51
SBF2	0.5390	LP|Inflammatory Monocytes	0.4428	51
SBF2-AS1	0.9282	Epi|Goblet	0.3539	51
SBK1	0.9731	Epi|Tuft	0.0862	51
SBNO1	0.6693	LP|CD69- Mast	0.8264	51
SBNO2	0.8543	Epi|M cells	0.4808	51
SBSPON	0.9994	LP|Glia	1.2542	51
SC5D	0.8026	LP|MT-hi	0.9820	51
SCAF1	0.6884	Epi|Tuft	0.3029	51
SCAF11	0.3904	LP|GC	1.2072	51
SCAF4	0.6292	LP|MT-hi	0.4620	51
SCAF8	0.6480	Epi|Enteroendocrine	0.2310	51
SCAI	0.8704	LP|MT-hi	0.6289	51
SCAMP1	0.5962	LP|Myofibroblasts	0.3673	51
SCAMP2	0.6946	LP|CD69- Mast	1.8876	51
SCAMP3	0.5315	LP|Microvascular	0.7101	51
SCAMP4	0.5126	LP|MT-hi	0.4208	51
SCAMP5	0.9092	Epi|Enteroendocrine	0.2071	51
SCAND1	0.5720	Epi|Tuft	4.0204	51
SCAND3	0.9422	Epi|M cells	0.0135	51
SCAP	0.6146	Epi|Immature Enterocytes 2	0.3675	51
SCAPER	0.6758	LP|MT-hi	0.3543	51
SCARA3	0.9533	LP|Glia	0.8068	51
SCARA5	0.9381	LP|WNT2B+ Fos-lo 1	3.0852	51
SCARB1	0.8824	LP|Microvascular	0.7056	51
SCARB2	0.6963	LP|Inflammatory Fibroblasts	1.4034	51
SCARF1	0.9549	LP|Microvascular	1.1757	51
SCARF2	0.8771	LP|WNT2B+ Fos-lo 2	0.2193	51
SCARNA15	0.7867	Epi|M cells	0.0258	51
SCARNA17	nan	Epi|Best4+ Enterocytes	0.0000	51
SCARNA2	0.9114	LP|Pericytes	0.0508	51
SCCPDH	0.9153	LP|Glia	3.4192	51
SCD	0.9178	LP|Glia	0.6919	51
SCD5	0.8755	LP|WNT2B+ Fos-lo 1	0.4307	51
SCEL	0.9736	Epi|Goblet	0.0868	51
SCFD1	0.3720	LP|CD8+ IL17+	0.5300	51
SCFD2	0.9376	LP|CD69- Mast	0.6807	51
SCG2	0.9986	Epi|Enteroendocrine	0.4899	51
SCG3	0.9969	Epi|Enteroendocrine	0.2108	51
SCG5	0.9968	Epi|Enteroendocrine	5.2372	51
SCGB1B2P	0.9129	LP|WNT2B+ Fos-hi	0.0423	51
SCGB2A1	0.9553	Epi|Goblet	1.0247	51
SCGB3A1	0.9743	LP|CD4+ PD1+	0.5542	51
SCGN	0.9995	Epi|Enteroendocrine	6.7976	51
SCHIP1	0.9353	LP|Microvascular	0.0282	51
SCIMP	0.9465	LP|GC	1.5617	51
SCIN	0.9314	Epi|Best4+ Enterocytes	1.2392	51
SCLT1	0.7723	LP|NKs	0.4174	51
SCLY	0.8736	Epi|M cells	0.1549	51
SCMH1	0.7028	Epi|Tuft	0.2005	51
SCML1	0.6775	LP|DC1	0.3003	51
SCML2	0.9728	LP|RSPO3+	0.0715	51
SCML4	0.9051	LP|MT-hi	1.1525	51
SCN11A	0.9112	Epi|Tuft	0.0326	51
SCN1B	0.8186	LP|ILCs	0.1929	51
SCN2B	0.9402	LP|WNT2B+ Fos-lo 2	0.0109	51
SCN3A	0.9333	LP|WNT5B+ 2	0.0683	51
SCN3B	0.9389	LP|Post-capillary Venules	0.0413	51
SCN4B	0.9636	LP|Pericytes	0.3532	51
SCN7A	0.9953	LP|Glia	4.2288	51
SCN8A	0.9883	Epi|Enteroendocrine	0.0493	51
SCN9A	0.9676	LP|Glia	0.7431	51
SCNM1	0.6048	LP|MT-hi	1.1703	51
SCNN1A	0.9313	Epi|Goblet	1.7562	51
SCNN1B	0.9251	Epi|Enterocytes	0.9186	51
SCNN1D	0.8726	LP|WNT2B+ Fos-lo 2	0.0137	51
SCNN1G	0.9471	Epi|Immature Enterocytes 2	0.0236	51
SCO1	0.5334	Epi|Enterocyte Progenitors	0.3289	51
SCO2	0.5978	LP|Inflammatory Monocytes	1.1181	51
SCOC	0.6943	LP|CD69- Mast	1.3117	51
SCP2	0.6712	Epi|Enterocyte Progenitors	5.1787	51
SCPEP1	0.8606	LP|WNT5B+ 2	3.7881	51
SCRG1	0.9586	LP|Glia	0.1825	51
SCRIB	0.6979	Epi|M cells	0.2196	51
SCRN1	0.8138	LP|Glia	0.2901	51
SCRN2	0.5630	LP|Microvascular	0.5710	51
SCRN3	0.9156	LP|CD69- Mast	0.6035	51
SCT	0.9856	Epi|Enteroendocrine	4.5486	51
SCUBE1	0.9629	LP|WNT5B+ 2	0.3197	51
SCUBE2	0.9629	LP|WNT5B+ 1	0.6700	51
SCUBE3	0.9221	LP|NKs	0.0102	51
SCXA	0.9518	LP|ILCs	0.2843	51
SCYL1	0.4533	Epi|Tuft	0.4861	51
SCYL2	0.5290	Epi|Enteroendocrine	0.2746	51
SCYL3	0.5852	Epi|Tuft	0.1746	51
SDAD1	0.4791	LP|Glia	0.4173	51
SDC1	0.8337	LP|Plasma	1.1900	51
SDC2	0.9089	LP|WNT5B+ 1	6.4210	51
SDC3	0.8972	LP|Glia	0.7171	51
SDC4	0.8952	Epi|M cells	2.0498	51
SDCBP	0.7605	LP|CD69+ Mast	7.6385	51
SDCBP2	0.9431	Epi|Enterocytes	12.9236	51
SDCBP2-AS1	0.7172	LP|Tregs	0.0543	51
SDCCAG3	0.5556	LP|CD8+ IL17+	0.1513	51
SDCCAG8	0.6308	LP|Glia	0.6897	51
SDE2	0.6455	LP|Microvascular	0.3017	51
SDF2	0.5490	LP|MT-hi	1.3280	51
SDF2L1	0.7722	LP|Plasma	5.7809	51
SDF4	0.5106	LP|Microvascular	1.7442	51
SDHA	0.6819	Epi|Enterocyte Progenitors	1.8482	51
SDHAF1	0.4726	LP|Glia	0.3994	51
SDHAF2	0.5193	LP|NKs	0.7947	51
SDHB	0.6685	Epi|Enterocyte Progenitors	2.7423	51
SDHC	0.5305	Epi|Enterocyte Progenitors	2.4257	51
SDHD	0.5717	Epi|Enterocyte Progenitors	2.4375	51
SDK1	0.9248	LP|Inflammatory Fibroblasts	0.2790	51
SDK2	0.8672	LP|Glia	0.0753	51
SDPR	0.9721	LP|Microvascular	9.8512	51
SDR16C5	0.9213	Epi|M cells	0.8005	51
SDR39U1	0.6317	LP|Glia	0.6566	51
SDR42E1	0.7228	LP|CD4+ PD1+	0.0517	51
SDR42E2	0.8174	LP|NKs	0.1096	51
SDS	0.9756	LP|Cycling Monocytes	2.4130	51
SDSL	0.8516	LP|Cycling Monocytes	1.0094	51
SEC11A	0.5422	LP|ILCs	3.8694	51
SEC11C	0.8816	LP|Plasma	8.2740	51
SEC13	0.4807	Epi|Immature Goblet	1.0261	51
SEC14L1	0.8650	LP|Microvascular	2.2122	51
SEC14L2	0.9049	LP|Glia	0.2502	51
SEC14L4	0.8502	LP|CD4+ PD1+	0.0127	51
SEC14L5	0.9848	Epi|M cells	0.0218	51
SEC14L6	0.9586	LP|ILCs	0.0455	51
SEC16A	0.6478	Epi|Goblet	0.3925	51
SEC16B	0.9354	Epi|Immature Enterocytes 2	0.0026	51
SEC22A	0.5233	LP|Pericytes	0.1990	51
SEC22B	0.4922	LP|NKs	0.3498	51
SEC22C	0.7283	LP|Glia	0.8089	51
SEC23A	0.5576	LP|Myofibroblasts	0.5594	51
SEC23B	0.4548	Epi|M cells	0.3531	51
SEC23IP	0.5482	LP|CD69- Mast	0.2435	51
SEC24A	0.5471	LP|CD69+ Mast	0.1687	51
SEC24B	0.4298	LP|Microvascular	0.1427	51
SEC24B-AS1	0.6749	LP|CD8+ IL17+	0.0331	51
SEC24C	0.5548	LP|NKs	0.2221	51
SEC24D	0.5860	LP|Myofibroblasts	0.3742	51
SEC31A	0.5688	LP|Pericytes	0.8450	51
SEC31B	0.7175	Epi|Tuft	0.0960	51
SEC61A1	0.5216	Epi|Immature Goblet	0.8605	51
SEC61A2	0.6731	LP|CD8+ IELs	0.0657	51
SEC61B	0.5841	LP|Plasma	7.7340	51
SEC61G	0.5284	LP|Plasma	5.5032	51
SEC62	0.5043	LP|Endothelial	4.6003	51
SEC62-AS1	0.8368	LP|ILCs	0.0086	51
SEC63	0.5619	LP|WNT2B+ Fos-lo 1	1.0373	51
SECISBP2	0.5790	LP|MT-hi	0.8386	51
SECISBP2L	0.8752	LP|Glia	1.0311	51
SECTM1	0.9279	Epi|Enterocytes	1.2307	51
SEH1L	0.5979	LP|Cycling B	0.2565	51
SEL1L	0.7098	LP|Plasma	0.7327	51
SEL1L3	0.8971	LP|GC	1.7332	51
SELE	0.9989	LP|Post-capillary Venules	1.6125	51
SELENBP1	0.9233	Epi|Enterocyte Progenitors	15.1566	51
SELK	0.7159	LP|CD69- Mast	10.3922	51
SELL	0.8811	LP|Follicular	2.4483	51
SELM	0.8398	LP|Myofibroblasts	14.7582	51
SELO	0.4619	LP|Pericytes	0.1414	51
SELP	0.9976	LP|Post-capillary Venules	2.3119	51
SELPLG	0.8172	LP|NKs	0.8874	51
SELRC1	0.5921	LP|Glia	0.0773	51
SELT	0.6991	LP|GC	5.1905	51
SEMA3A	0.9582	LP|WNT5B+ 2	0.5092	51
SEMA3B	0.9870	LP|Glia	9.0439	51
SEMA3B-AS1	0.9283	Epi|Tuft	0.0437	51
SEMA3C	0.9599	LP|Glia	1.4147	51
SEMA3D	0.9471	LP|Myofibroblasts	0.2997	51
SEMA3F	0.9686	LP|Microvascular	0.8484	51
SEMA3G	0.9950	LP|Endothelial	0.5839	51
SEMA4A	0.9184	LP|GC	0.9990	51
SEMA4B	0.8153	LP|Glia	0.4382	51
SEMA4C	0.7559	Epi|M cells	0.2875	51
SEMA4D	0.7957	LP|WNT5B+ 2	0.8780	51
SEMA4F	0.6966	LP|CD8+ IELs	0.0362	51
SEMA4G	0.8658	Epi|M cells	0.5069	51
SEMA5A	0.9151	LP|Pericytes	1.0606	51
SEMA6A	0.8694	LP|Post-capillary Venules	0.6995	51
SEMA6B	0.9012	LP|Endothelial	0.4300	51
SEMA6C	0.9344	LP|Endothelial	0.2513	51
SEMA6D	0.9081	LP|Glia	0.7977	51
SEMA7A	0.9270	LP|GC	0.4710	51
SEMG1	0.9377	Epi|M cells	0.0027	51
SENP1	0.8968	LP|CD69- Mast	0.3055	51
SENP2	0.4541	LP|Glia	0.1798	51
SENP3	0.6719	LP|Cycling T	0.0824	51
SENP5	0.5793	LP|CD8+ IELs	0.2644	51
SENP6	0.4774	LP|RSPO3+	0.5005	51
SENP7	0.7206	LP|CD8+ IL17+	0.3117	51
SENP8	0.7416	Epi|Enterocyte Progenitors	0.0453	51
SEP15	0.3937	LP|Inflammatory Fibroblasts	2.7191	51
SEPHS1	0.6086	LP|Cycling T	0.3508	51
SEPHS2	0.6537	Epi|Enterocytes	2.0547	51
SEPN1	0.8256	LP|Microvascular	0.7218	51
SEPP1	0.8581	LP|Macrophages	23.5369	51
SEPSECS	0.6528	Epi|Tuft	0.1028	51
SEPT1	0.8370	LP|MT-hi	3.7447	51
SEPT10	0.8450	LP|Glia	0.9942	51
SEPT11	0.7618	LP|Pericytes	1.9774	51
SEPT12	0.9812	Epi|Immature Enterocytes 1	0.0034	51
SEPT14	0.8897	LP|RSPO3+	0.0076	51
SEPT2	0.5694	LP|CD69+ Mast	2.2120	51
SEPT4	0.9731	LP|Pericytes	2.6102	51
SEPT6	0.7925	LP|GC	3.1499	51
SEPT7	0.7165	LP|Pericytes	6.9047	51
SEPT8	0.8238	LP|Pericytes	0.5999	51
SEPT9	0.6406	LP|CD8+ IL17+	2.3722	51
SEPW1	0.7935	LP|Microvascular	14.0773	51
SERAC1	0.5418	LP|Pericytes	0.0562	51
SERBP1	0.5228	LP|Cycling T	3.7310	51
SERF1A	0.8250	Epi|M cells	0.0881	51
SERF1B	0.8842	LP|CD4+ PD1+	0.0107	51
SERF2	0.4526	LP|GC	32.9219	51
SERGEF	0.7459	Epi|Enteroendocrine	0.6194	51
SERHL	0.9737	Epi|Immature Goblet	0.0003	51
SERHL2	0.9075	LP|Glia	0.0631	51
SERINC1	0.5524	LP|Glia	1.1094	51
SERINC2	0.8940	Epi|Enterocytes	5.4645	51
SERINC3	0.6587	LP|Endothelial	1.5657	51
SERINC4	0.9918	Epi|Tuft	0.0111	51
SERINC5	0.7926	LP|CD8+ IL17+	0.4385	51
SERP1	0.6008	LP|Plasma	7.2913	51
SERP2	0.8768	LP|CD69- Mast	0.4523	51
SERPINA1	0.9287	Epi|Immature Goblet	7.4858	51
SERPINA11	1.0000	Epi|Tuft	0.1480	51
SERPINA6	0.9450	Epi|Cycling TA	0.0959	51
SERPINA9	0.9521	Epi|TA 1	0.0006	51
SERPINB1	0.7193	LP|DC1	4.6125	51
SERPINB3	0.9801	Epi|Enterocytes	0.0140	51
SERPINB4	0.9982	Epi|Enterocytes	0.0061	51
SERPINB5	0.9425	Epi|M cells	0.4268	51
SERPINB6	0.5859	LP|Glia	2.5862	51
SERPINB7	0.9820	Epi|Enterocytes	0.0557	51
SERPINB8	0.6942	LP|Inflammatory Monocytes	0.1670	51
SERPINB9	0.8811	LP|DC1	2.2027	51
SERPINE1	0.9523	LP|Microvascular	0.7450	51
SERPINE2	0.9116	LP|RSPO3+	2.7264	51
SERPINF1	0.9065	LP|RSPO3+	12.4247	51
SERPINF2	0.9756	LP|DC1	1.0388	51
SERPING1	0.8872	LP|RSPO3+	8.8947	51
SERPINH1	0.8217	LP|Pericytes	4.0091	51
SERPINI1	0.9742	LP|Pericytes	2.3568	51
SERTAD1	0.7758	LP|Glia	3.6387	51
SERTAD2	0.7014	LP|ILCs	0.3901	51
SERTAD3	0.7438	LP|WNT5B+ 1	1.1875	51
SERTAD4	0.8269	LP|WNT5B+ 1	0.1373	51
SERTAD4-AS1	0.9109	LP|Endothelial	0.6913	51
SESN1	0.8494	LP|MT-hi	0.7125	51
SESN2	0.6056	LP|MT-hi	0.2586	51
SESN3	0.7557	LP|CD4+ PD1+	0.5311	51
SESTD1	0.7736	LP|Myofibroblasts	0.4570	51
SET	0.5996	LP|Cycling B	3.4880	51
SETBP1	0.8326	LP|Myofibroblasts	0.3651	51
SETD1A	0.9047	LP|CD69- Mast	0.4669	51
SETD1B	0.5080	LP|Tregs	0.1340	51
SETD2	0.4790	LP|CD4+ PD1+	0.3211	51
SETD3	0.5497	LP|NKs	0.3578	51
SETD4	0.7928	LP|Microvascular	0.5105	51
SETD5	0.4280	LP|MT-hi	0.4797	51
SETD5-AS1	0.6917	LP|CD69+ Mast	3.4328	51
SETD6	0.5915	LP|Glia	0.1419	51
SETD7	0.6323	LP|RSPO3+	0.2914	51
SETD8	0.5499	Epi|Enteroendocrine	0.2282	51
SETD9	0.6850	Epi|Enterocyte Progenitors	0.3383	51
SETDB1	0.6063	Epi|M cells	0.1518	51
SETDB2	0.7642	LP|GC	0.5386	51
SETMAR	0.7761	LP|Myofibroblasts	0.2024	51
SETX	0.4487	LP|Pericytes	0.3929	51
SEZ6	0.8452	LP|ILCs	0.0957	51
SEZ6L2	0.8925	Epi|Enteroendocrine	0.4463	51
SF1	0.7107	LP|MT-hi	4.3536	51
SF3A1	0.4324	LP|CD8+ IL17+	0.4296	51
SF3A2	0.5799	LP|Cycling T	0.5760	51
SF3A3	0.4827	LP|MT-hi	0.5887	51
SF3B1	0.3348	LP|Endothelial	1.0399	51
SF3B14	0.5773	LP|CD69- Mast	4.2058	51
SF3B2	0.4516	LP|MT-hi	1.6803	51
SF3B3	0.8017	LP|CD69- Mast	0.9187	51
SF3B4	0.4236	LP|CD8+ IL17+	0.7199	51
SF3B5	0.4664	LP|CD69- Mast	3.9449	51
SFI1	0.7189	Epi|Goblet	0.3931	51
SFMBT1	0.6563	Epi|M cells	0.1516	51
SFMBT2	0.8121	LP|Cycling Monocytes	0.2531	51
SFN	0.9324	Epi|Enterocytes	6.3985	51
SFPQ	0.6068	LP|ILCs	3.3556	51
SFR1	0.6578	LP|Glia	0.3623	51
SFRP1	0.9586	LP|RSPO3+	3.4953	51
SFRP2	0.9683	LP|Inflammatory Fibroblasts	0.3595	51
SFSWAP	0.4380	LP|Glia	0.3055	51
SFT2D1	0.5378	LP|GC	2.2632	51
SFT2D2	0.6559	LP|DC1	0.5653	51
SFT2D3	0.6092	LP|Microvascular	0.0943	51
SFTA1P	0.9466	LP|WNT2B+ Fos-lo 1	1.2155	51
SFTA2	0.9576	LP|Post-capillary Venules	0.0222	51
SFTPA2	0.9674	Epi|Tuft	0.0417	51
SFTPB	0.7955	Epi|TA 1	0.0035	51
SFTPD	0.9503	LP|Cycling Monocytes	0.0495	51
SFXN1	0.7224	LP|CD4+ PD1+	0.7808	51
SFXN2	0.7448	Epi|Cycling TA	0.0852	51
SFXN3	0.8090	LP|CD69- Mast	0.6786	51
SFXN4	0.7191	Epi|Stem	0.4913	51
SFXN5	0.7379	LP|Glia	0.3846	51
SGCA	0.9166	LP|Pericytes	0.4859	51
SGCB	0.8620	LP|Glia	1.6649	51
SGCD	0.9150	LP|Myofibroblasts	0.5006	51
SGCE	0.9222	LP|Glia	4.4059	51
SGIP1	0.9485	LP|Pericytes	1.1849	51
SGK1	0.8592	LP|DC1	4.3409	51
SGK2	0.9299	Epi|Immature Enterocytes 2	0.7708	51
SGK223	0.7182	Epi|Immature Enterocytes 2	0.1777	51
SGK3	0.7077	LP|Macrophages	0.2317	51
SGK494	0.9901	Epi|TA 2	0.0003	51
SGMS1	0.8431	LP|GC	0.5630	51
SGMS2	0.8073	Epi|M cells	0.1947	51
SGOL1	0.9409	LP|Cycling B	0.7218	51
SGOL2	0.9031	LP|Cycling T	0.7381	51
SGPL1	0.7844	LP|Macrophages	0.4871	51
SGPP1	0.7158	LP|GC	0.2424	51
SGPP2	0.8511	Epi|Enterocytes	0.2284	51
SGSH	0.6329	LP|WNT2B+ Fos-lo 1	0.1629	51
SGSM1	0.9082	Epi|Tuft	0.1611	51
SGSM2	0.6791	LP|MT-hi	0.1896	51
SGSM3	0.7702	Epi|Goblet	1.2327	51
SGTA	0.5923	LP|CD69- Mast	0.5203	51
SGTB	0.7373	LP|Tregs	0.1679	51
SH2B1	0.5193	LP|ILCs	0.3181	51
SH2B2	0.9197	LP|GC	0.9827	51
SH2B3	0.8376	LP|Inflammatory Monocytes	0.8012	51
SH2D1A	0.8920	LP|CD4+ PD1+	1.9565	51
SH2D1B	0.9763	Epi|Enterocytes	0.0063	51
SH2D2A	0.8850	LP|CD8+ IL17+	1.9398	51
SH2D3A	0.7305	Epi|Goblet	0.4786	51
SH2D3C	0.8767	LP|Microvascular	0.5754	51
SH2D4A	0.8202	Epi|Enteroendocrine	0.2509	51
SH2D6	0.9997	Epi|Tuft	20.4656	51
SH2D7	0.9997	Epi|Tuft	5.6969	51
SH3BGR	0.9838	LP|Glia	0.9394	51
SH3BGRL	0.6832	LP|Myofibroblasts	4.7866	51
SH3BGRL2	0.8268	Epi|M cells	0.9355	51
SH3BGRL3	0.6407	LP|Inflammatory Monocytes	27.4284	51
SH3BP1	0.7255	LP|NKs	0.9199	51
SH3BP2	0.7542	LP|Inflammatory Monocytes	0.7014	51
SH3BP4	0.7770	LP|Endothelial	0.1767	51
SH3BP5	0.9260	LP|Microvascular	3.5229	51
SH3BP5-AS1	0.6801	LP|MT-hi	0.0372	51
SH3BP5L	0.7065	Epi|Tuft	0.1885	51
SH3D19	0.6971	Epi|M cells	0.4802	51
SH3D21	0.8936	LP|DC1	0.2100	51
SH3GL1	0.5371	LP|Glia	0.3354	51
SH3GL2	0.9738	Epi|Enteroendocrine	0.0034	51
SH3GLB1	0.6039	LP|CD69- Mast	1.8922	51
SH3GLB2	0.5367	Epi|Tuft	0.3478	51
SH3KBP1	0.6817	LP|GC	1.9332	51
SH3PXD2A	0.7889	LP|Glia	0.9405	51
SH3PXD2B	0.8768	LP|Inflammatory Fibroblasts	0.2354	51
SH3RF1	0.7302	Epi|Enterocytes	0.2775	51
SH3RF2	0.8485	Epi|M cells	0.2934	51
SH3RF3	0.8300	LP|WNT2B+ Fos-lo 2	0.1489	51
SH3RF3-AS1	0.9618	LP|WNT5B+ 2	0.0115	51
SH3TC1	0.7853	Epi|Tuft	0.2234	51
SH3TC2	0.9485	Epi|M cells	0.0774	51
SH3YL1	0.6430	Epi|Enterocyte Progenitors	0.9647	51
SHANK2	0.9180	LP|WNT5B+ 2	0.1228	51
SHANK2-AS1	0.9429	Epi|TA 1	0.0096	51
SHANK3	0.9727	LP|Endothelial	0.2074	51
SHARPIN	0.4644	LP|Glia	0.8471	51
SHB	0.9629	Epi|Tuft	0.7513	51
SHC1	0.7985	LP|Post-capillary Venules	0.9143	51
SHC2	0.9224	LP|CD69- Mast	0.4287	51
SHCBP1	0.9531	LP|Cycling B	0.7340	51
SHD	0.8794	Epi|Immature Enterocytes 2	1.1373	51
SHE	0.9524	LP|Endothelial	0.7532	51
SHF	0.9078	Epi|M cells	0.3464	51
SHFM1	0.3620	LP|Post-capillary Venules	3.5677	51
SHH	0.9568	Epi|Goblet	0.1310	51
SHISA2	0.9058	LP|Endothelial	0.0861	51
SHISA3	0.9860	LP|RSPO3+	0.2831	51
SHISA4	0.8964	LP|Glia	0.8468	51
SHISA5	0.5398	LP|CD8+ IL17+	1.2815	51
SHISA6	0.9727	Epi|Stem	0.0024	51
SHISA9	0.9844	LP|Glia	0.2453	51
SHKBP1	0.6086	LP|GC	1.1728	51
SHMT1	0.8066	Epi|Cycling TA	0.5228	51
SHMT2	0.6685	LP|Cycling B	0.7829	51
SHOC2	0.5932	LP|CD69- Mast	0.7337	51
SHOX	0.9363	Epi|TA 1	0.0052	51
SHPK	0.4885	Epi|Immature Enterocytes 2	0.0490	51
SHPRH	0.6570	LP|MT-hi	0.3803	51
SHQ1	0.5600	LP|Endothelial	0.1289	51
SHROOM1	0.8344	Epi|Immature Enterocytes 1	0.7554	51
SHROOM2	0.9478	Epi|Tuft	0.1224	51
SHROOM3	0.8856	Epi|M cells	1.0654	51
SHROOM4	0.9424	LP|Endothelial	0.2732	51
SI	0.9393	Epi|M cells	0.6704	51
SIAE	0.8062	Epi|Enterocyte Progenitors	0.6902	51
SIAH1	0.8043	LP|Glia	0.9087	51
SIAH2	0.8489	LP|GC	3.1565	51
SIDT1	0.9010	LP|Follicular	0.4834	51
SIDT1-AS1	0.8604	LP|MT-hi	0.2988	51
SIDT2	0.6933	LP|Pericytes	0.4153	51
SIGIRR	0.5555	LP|NKs	2.0095	51
SIGLEC1	0.9769	LP|Macrophages	0.3360	51
SIGLEC10	0.9166	LP|DC1	0.7475	51
SIGLEC11	0.9312	LP|Macrophages	0.0231	51
SIGLEC12	0.9955	Epi|Secretory TA	0.0002	51
SIGLEC15	0.8686	LP|Macrophages	0.0163	51
SIGLEC7	0.9249	LP|NKs	0.5016	51
SIGLEC8	0.9956	LP|CD69- Mast	1.6016	51
SIGLEC9	0.9226	LP|Microvascular	0.2411	51
SIGMAR1	0.5884	Epi|Cycling TA	0.4717	51
SIK1	0.7361	LP|ILCs	1.2384	51
SIK2	0.5187	LP|MT-hi	0.1221	51
SIK3	0.6354	LP|ILCs	0.2646	51
SIK3-IT1	0.8167	LP|WNT5B+ 2	0.0072	51
SIKE1	0.6937	LP|CD8+ IL17+	0.6440	51
SIL1	0.5562	LP|Myofibroblasts	0.6325	51
SIM2	0.9737	Epi|TA 1	0.0008	51
SIMC1	0.8395	LP|CD69- Mast	0.2798	51
SIN3A	0.5806	LP|MT-hi	0.2939	51
SIN3B	0.5835	LP|Microvascular	0.1503	51
SIPA1	0.8258	LP|NKs	1.3429	51
SIPA1L1	0.6125	Epi|M cells	0.2818	51
SIPA1L2	0.9260	LP|Glia	1.0671	51
SIPA1L3	0.7975	Epi|Goblet	0.4362	51
SIRPA	0.9002	LP|Cycling Monocytes	0.6433	51
SIRPB2	0.9331	LP|Macrophages	0.0492	51
SIRPG	0.9287	LP|CD8+ IL17+	2.4213	51
SIRT1	0.6343	LP|ILCs	0.2469	51
SIRT2	0.6386	LP|Glia	0.7962	51
SIRT3	0.9029	LP|CD69- Mast	0.6667	51
SIRT4	0.8234	LP|Glia	0.0519	51
SIRT5	0.7759	LP|CD69- Mast	0.4627	51
SIRT6	0.7728	Epi|Immature Enterocytes 1	1.0891	51
SIRT7	0.6032	Epi|Immature Enterocytes 1	0.9707	51
SIT1	0.8636	LP|CD8+ IL17+	1.9812	51
SIVA1	0.5626	LP|Cycling Monocytes	3.4964	51
SIX3	0.9697	Epi|Cycling TA	0.0007	51
SIX4	0.9552	LP|Inflammatory Fibroblasts	0.0207	51
SIX5	0.8046	LP|RSPO3+	0.1732	51
SKA1	0.9628	LP|Cycling B	0.3059	51
SKA2	0.7921	LP|Cycling T	1.3175	51
SKA3	0.9590	LP|CD69- Mast	0.6136	51
SKAP1	0.8417	LP|CD8+ IL17+	1.8721	51
SKAP2	0.7827	LP|GC	1.9902	51
SKI	0.7291	LP|WNT2B+ Fos-lo 2	0.4513	51
SKIL	0.8558	LP|ILCs	2.0054	51
SKIV2L	0.8698	LP|CD69- Mast	0.7085	51
SKIV2L2	0.5943	Epi|Tuft	0.3608	51
SKP1	0.4856	LP|ILCs	8.1735	51
SKP2	0.6600	LP|Cycling B	0.1166	51
SLA	0.8588	LP|ILCs	2.2749	51
SLA2	0.8889	LP|CD8+ IELs	0.7420	51
SLAIN1	0.8865	LP|MT-hi	0.1353	51
SLAIN2	0.4939	Epi|M cells	0.3265	51
SLAMF1	0.9349	LP|CD8+ IL17+	1.7670	51
SLAMF6	0.8556	LP|CD4+ PD1+	0.3327	51
SLAMF7	0.8960	LP|DC1	1.3929	51
SLAMF8	0.9489	LP|DC1	0.7992	51
SLBP	0.8421	LP|Cycling B	3.3918	51
SLC10A3	0.7210	LP|CD69- Mast	0.6136	51
SLC10A5	0.8439	Epi|Tuft	0.0204	51
SLC10A7	0.6405	LP|ILCs	0.0960	51
SLC11A1	0.9714	LP|Inflammatory Monocytes	1.2289	51
SLC11A2	0.7044	LP|CD69+ Mast	0.2708	51
SLC12A2	0.8750	Epi|Stem	2.6254	51
SLC12A4	0.8478	LP|Pericytes	0.3604	51
SLC12A5	0.9367	LP|Macrophages	0.1251	51
SLC12A6	0.7213	LP|MT-hi	0.0672	51
SLC12A7	0.7577	LP|Microvascular	0.4801	51
SLC12A8	0.8542	LP|CD69- Mast	0.2425	51
SLC12A9	0.7421	Epi|M cells	0.5165	51
SLC13A2	0.9042	Epi|Goblet	0.1419	51
SLC13A3	0.9508	LP|Inflammatory Fibroblasts	0.0039	51
SLC13A4	0.9430	Epi|Enteroendocrine	0.0401	51
SLC13A5	0.9712	LP|Glia	0.0085	51
SLC14A1	0.9869	LP|Microvascular	3.3013	51
SLC14A2	0.9277	Epi|Enterocytes	0.0825	51
SLC15A1	0.9586	Epi|Enterocytes	0.1479	51
SLC15A2	0.8430	LP|GC	0.0782	51
SLC15A3	0.9543	LP|Glia	1.3720	51
SLC15A4	0.8598	LP|NKs	0.4833	51
SLC16A1	0.7828	Epi|Immature Enterocytes 2	0.6611	51
SLC16A10	0.8572	LP|Inflammatory Fibroblasts	0.1319	51
SLC16A11	0.8891	Epi|Tuft	0.1327	51
SLC16A12	0.8768	LP|Pericytes	0.0452	51
SLC16A13	0.9140	Epi|Tuft	0.1444	51
SLC16A14	0.9413	LP|Endothelial	0.2245	51
SLC16A2	0.8322	LP|WNT2B+ Fos-hi	0.1008	51
SLC16A3	0.7792	Epi|Enterocytes	2.4021	51
SLC16A4	0.8711	LP|Inflammatory Fibroblasts	0.2645	51
SLC16A5	0.7994	Epi|Immature Enterocytes 2	0.2270	51
SLC16A6	0.9367	LP|Inflammatory Monocytes	0.1082	51
SLC16A7	0.7194	LP|CD8+ LP	0.1466	51
SLC16A8	nan	Epi|Best4+ Enterocytes	0.0000	51
SLC16A9	0.9076	Epi|Goblet	0.4487	51
SLC17A4	0.9363	Epi|Immature Enterocytes 1	1.3182	51
SLC17A5	0.7387	Epi|Goblet	0.3617	51
SLC17A7	0.8892	LP|RSPO3+	0.0156	51
SLC17A8	0.9453	Epi|Immature Enterocytes 1	0.0031	51
SLC17A9	0.8576	LP|Plasma	0.2341	51
SLC18A1	0.9982	Epi|Enteroendocrine	0.7844	51
SLC18A2	0.9843	LP|CD69- Mast	4.6034	51
SLC18B1	0.6936	LP|Inflammatory Fibroblasts	0.2605	51
SLC19A1	0.8063	LP|CD69- Mast	0.1648	51
SLC19A2	0.7275	LP|Macrophages	0.0570	51
SLC19A3	0.8766	Epi|M cells	0.1500	51
SLC1A1	0.9411	Epi|Enterocytes	0.2585	51
SLC1A4	0.8072	LP|ILCs	0.4352	51
SLC1A5	0.6010	Epi|Immature Goblet	0.6471	51
SLC1A7	0.9572	Epi|Immature Enterocytes 1	0.0858	51
SLC20A1	0.8172	Epi|Immature Enterocytes 1	1.6918	51
SLC20A2	0.8365	Epi|Enterocytes	0.6437	51
SLC22A1	0.9645	Epi|Enterocytes	0.0025	51
SLC22A11	0.9971	Epi|Stem	0.0056	51
SLC22A14	nan	Epi|Best4+ Enterocytes	0.0000	51
SLC22A15	0.8899	LP|Inflammatory Monocytes	0.0545	51
SLC22A17	0.9722	LP|Glia	2.4076	51
SLC22A18	0.8234	Epi|Immature Enterocytes 2	2.3355	51
SLC22A18AS	0.9104	Epi|Enterocyte Progenitors	1.6138	51
SLC22A23	0.8312	Epi|M cells	0.4109	51
SLC22A3	0.8444	Epi|Stem	0.0234	51
SLC22A4	0.8931	Epi|Immature Enterocytes 1	0.0631	51
SLC22A5	0.8077	Epi|Immature Enterocytes 2	0.2794	51
SLC22A9	0.8970	Epi|TA 1	0.0029	51
SLC23A1	0.9355	Epi|Enterocyte Progenitors	0.0436	51
SLC23A2	0.7996	LP|WNT5B+ 2	0.2903	51
SLC23A3	0.7705	Epi|Immature Enterocytes 2	0.0733	51
SLC24A1	0.7425	LP|Post-capillary Venules	0.0537	51
SLC24A3	0.8951	LP|CD69+ Mast	0.1955	51
SLC25A1	0.5793	Epi|Tuft	0.9018	51
SLC25A10	0.8255	Epi|Cycling TA	0.3637	51
SLC25A11	0.5422	LP|CD69- Mast	1.3252	51
SLC25A12	0.6458	LP|CD4+ PD1+	0.1791	51
SLC25A13	0.7672	Epi|Tuft	0.3676	51
SLC25A14	0.9081	LP|CD69- Mast	0.7341	51
SLC25A15	0.8524	LP|CD8+ IELs	0.1227	51
SLC25A16	0.5227	LP|Endothelial	0.1183	51
SLC25A17	0.5736	LP|Glia	0.2626	51
SLC25A19	0.7816	LP|Cycling B	0.4615	51
SLC25A20	0.6133	Epi|Enterocytes	0.2683	51
SLC25A21	0.9199	Epi|Enteroendocrine	0.0136	51
SLC25A21-AS1	0.8812	LP|Glia	0.1360	51
SLC25A22	0.7417	Epi|M cells	0.2589	51
SLC25A23	0.8876	Epi|Enterocytes	1.0359	51
SLC25A24	0.6962	Epi|Enterocyte Progenitors	0.6418	51
SLC25A25	0.8571	LP|Post-capillary Venules	0.8067	51
SLC25A26	0.5122	LP|RSPO3+	0.5632	51
SLC25A27	0.8371	LP|RSPO3+	0.0516	51
SLC25A28	0.6943	Epi|Enteroendocrine	0.2299	51
SLC25A29	0.8650	Epi|Tuft	0.3768	51
SLC25A3	0.4801	Epi|Enterocyte Progenitors	7.2291	51
SLC25A30	0.9401	LP|CD69- Mast	0.4287	51
SLC25A30-AS1	0.9334	Epi|Goblet	0.0150	51
SLC25A32	0.5747	LP|Microvascular	0.2328	51
SLC25A33	0.8171	LP|CD69- Mast	1.0999	51
SLC25A34	0.8674	Epi|Immature Enterocytes 2	0.0976	51
SLC25A35	0.6877	LP|Cycling Monocytes	0.1014	51
SLC25A36	0.5859	LP|RSPO3+	0.5635	51
SLC25A37	0.5774	LP|WNT2B+ Fos-lo 2	1.0017	51
SLC25A38	0.6422	LP|GC	0.5021	51
SLC25A39	0.5736	Epi|Cycling TA	1.6434	51
SLC25A4	0.7820	LP|Microvascular	1.2217	51
SLC25A40	0.8563	Epi|M cells	0.4618	51
SLC25A41	0.9215	Epi|Enterocytes	0.0050	51
SLC25A42	0.7681	LP|NKs	0.2195	51
SLC25A43	0.7008	LP|Glia	0.2883	51
SLC25A44	0.6524	LP|Pericytes	0.2248	51
SLC25A45	0.7407	LP|NKs	0.5982	51
SLC25A46	0.5358	LP|GC	0.3896	51
SLC25A48	0.8412	Epi|Enterocytes	0.0237	51
SLC25A5	0.7224	Epi|Immature Enterocytes 2	17.9300	51
SLC25A5-AS1	0.6290	LP|NKs	0.0342	51
SLC25A51	0.6463	Epi|Enteroendocrine	0.1081	51
SLC25A53	0.7059	LP|CD8+ IL17+	0.2279	51
SLC25A6	0.5380	Epi|Stem	16.6064	51
SLC26A1	0.9123	LP|ILCs	0.0219	51
SLC26A11	0.7827	LP|MT-hi	0.2798	51
SLC26A2	0.9451	Epi|Immature Enterocytes 2	14.5073	51
SLC26A3	0.9589	Epi|Enterocytes	33.6198	51
SLC26A4	0.8212	LP|Pericytes	0.0180	51
SLC26A4-AS1	0.9680	LP|RSPO3+	0.0146	51
SLC26A6	0.7664	Epi|Immature Enterocytes 1	0.4920	51
SLC26A7	0.9988	Epi|Enteroendocrine	0.0535	51
SLC26A8	0.9095	LP|WNT2B+ Fos-lo 2	0.0124	51
SLC27A1	0.8812	LP|Glia	0.4379	51
SLC27A2	0.8336	Epi|M cells	0.4838	51
SLC27A3	0.9060	Epi|M cells	1.6700	51
SLC27A4	0.8464	Epi|Immature Enterocytes 2	0.3754	51
SLC27A5	0.8128	LP|CD69- Mast	0.4287	51
SLC28A2	0.9512	Epi|M cells	0.3377	51
SLC28A3	0.9280	Epi|Stem	0.0332	51
SLC29A1	0.8612	LP|Post-capillary Venules	0.6979	51
SLC29A2	0.8467	Epi|Cycling TA	0.1270	51
SLC29A3	0.7279	Epi|M cells	0.1148	51
SLC29A4	0.9890	Epi|Enteroendocrine	0.6379	51
SLC2A1	0.7795	LP|MT-hi	0.4053	51
SLC2A1-AS1	0.7995	Epi|Tuft	0.0292	51
SLC2A10	0.8706	Epi|Goblet	0.4513	51
SLC2A11	0.6927	LP|GC	0.2021	51
SLC2A12	0.9758	LP|RSPO3+	0.0366	51
SLC2A13	0.8151	Epi|Goblet	0.3718	51
SLC2A14	0.9519	LP|MT-hi	0.1855	51
SLC2A3	0.7351	LP|MT-hi	3.1819	51
SLC2A4	0.9614	LP|Pericytes	0.1670	51
SLC2A4RG	0.6804	LP|Cycling T	0.5169	51
SLC2A5	0.9460	LP|GC	0.3146	51
SLC2A6	0.9420	Epi|M cells	1.2127	51
SLC2A8	0.5592	LP|Glia	0.2460	51
SLC2A9	0.8139	LP|Cycling Monocytes	0.0795	51
SLC30A1	0.8294	LP|CD69- Mast	0.6136	51
SLC30A10	0.9653	Epi|Enterocytes	0.3749	51
SLC30A2	0.9007	LP|CD69+ Mast	0.0451	51
SLC30A4	0.8185	LP|GC	0.1919	51
SLC30A5	0.4066	LP|Microvascular	0.3223	51
SLC30A6	0.6434	LP|CD8+ IL17+	0.1836	51
SLC30A7	0.6179	LP|CD69- Mast	0.4564	51
SLC30A9	0.5667	Epi|Enterocyte Progenitors	0.3872	51
SLC31A1	0.7965	LP|Microvascular	0.5935	51
SLC31A2	0.8619	LP|DC2	0.9479	51
SLC33A1	0.4185	LP|WNT5B+ 2	0.2112	51
SLC35A1	0.6681	LP|CD69- Mast	0.6786	51
SLC35A2	0.6331	LP|Glia	0.3515	51
SLC35A3	0.7458	Epi|Immature Enterocytes 2	1.0137	51
SLC35A4	0.4905	Epi|Tuft	0.4415	51
SLC35A5	0.4593	LP|Microvascular	0.2203	51
SLC35B1	0.4981	LP|Plasma	0.7145	51
SLC35B2	0.7427	LP|Glia	0.9245	51
SLC35B3	0.6242	Epi|M cells	0.5902	51
SLC35B4	0.5979	LP|GC	0.1651	51
SLC35C1	0.6892	Epi|Immature Enterocytes 2	0.4027	51
SLC35C2	0.3810	LP|RSPO3+	0.4241	51
SLC35D1	0.7703	Epi|Immature Enterocytes 2	0.5077	51
SLC35D2	0.7259	Epi|Enterocytes	0.4458	51
SLC35E1	0.5272	LP|NKs	0.2750	51
SLC35E2	0.7635	Epi|Tuft	0.0511	51
SLC35E2B	0.4617	LP|Myofibroblasts	0.3339	51
SLC35E3	0.5240	LP|Glia	0.2008	51
SLC35E4	0.7941	LP|Glia	0.1409	51
SLC35F1	0.9881	LP|Glia	0.4067	51
SLC35F2	0.6443	Epi|TA 1	0.1162	51
SLC35F5	0.5356	LP|WNT5B+ 1	0.3409	51
SLC35F6	0.6546	LP|Inflammatory Fibroblasts	0.3938	51
SLC35G1	0.8328	Epi|Immature Enterocytes 1	0.3273	51
SLC35G2	0.9363	LP|Microvascular	0.5125	51
SLC35G5	0.7936	LP|ILCs	0.0083	51
SLC36A1	0.8600	Epi|M cells	0.3123	51
SLC36A4	0.7456	LP|Inflammatory Monocytes	0.3246	51
SLC37A1	0.8103	Epi|M cells	0.7083	51
SLC37A2	0.8675	LP|Macrophages	0.0987	51
SLC37A3	0.6633	LP|Glia	0.3051	51
SLC37A4	0.7500	Epi|Cycling TA	0.3866	51
SLC38A1	0.6401	LP|NKs	1.0121	51
SLC38A10	0.5535	Epi|Enteroendocrine	0.6425	51
SLC38A11	0.9912	Epi|Enteroendocrine	0.9617	51
SLC38A2	0.6689	LP|Pericytes	1.8213	51
SLC38A4	0.9162	Epi|Enterocyte Progenitors	0.0552	51
SLC38A5	0.7409	Epi|Cycling TA	0.2950	51
SLC38A6	0.7797	LP|Cycling Monocytes	0.2576	51
SLC38A7	0.6476	LP|Macrophages	0.1050	51
SLC38A9	0.6435	LP|GC	0.1917	51
SLC39A1	0.6685	LP|RSPO3+	1.3714	51
SLC39A10	0.6540	LP|Endothelial	0.2638	51
SLC39A11	0.7875	Epi|Immature Goblet	0.3366	51
SLC39A13	0.7641	LP|WNT5B+ 2	0.5115	51
SLC39A14	0.8007	Epi|Goblet	0.4988	51
SLC39A2	0.9642	Epi|Stem	0.1731	51
SLC39A3	0.5517	LP|Cycling Monocytes	0.6972	51
SLC39A4	0.6772	Epi|Enterocytes	1.1771	51
SLC39A5	0.8267	Epi|Enterocyte Progenitors	1.1080	51
SLC39A6	0.7945	LP|Glia	0.8341	51
SLC39A7	0.6439	LP|Inflammatory Fibroblasts	0.8570	51
SLC39A8	0.6288	Epi|TA 2	0.5564	51
SLC39A9	0.7097	Epi|M cells	0.3804	51
SLC3A1	0.9491	Epi|Enterocytes	0.6354	51
SLC3A2	0.5232	LP|Microvascular	1.4108	51
SLC40A1	0.9379	LP|Macrophages	6.1985	51
SLC41A1	0.9042	LP|ILCs	0.5054	51
SLC41A2	0.7653	Epi|Immature Enterocytes 2	0.1814	51
SLC41A3	0.7125	LP|Post-capillary Venules	0.4691	51
SLC43A1	0.6684	LP|Pericytes	0.1701	51
SLC43A2	0.8616	LP|Inflammatory Monocytes	0.7517	51
SLC43A3	0.7875	LP|Cycling Monocytes	0.6236	51
SLC44A1	0.6587	Epi|Immature Enterocytes 2	1.3100	51
SLC44A2	0.8277	LP|Glia	1.4286	51
SLC44A3	0.8784	Epi|M cells	0.9891	51
SLC44A4	0.8608	Epi|Enterocytes	4.1141	51
SLC44A5	0.9491	Epi|Enteroendocrine	0.0687	51
SLC45A1	0.8564	LP|Myofibroblasts	0.0571	51
SLC45A2	0.9733	Epi|Immature Enterocytes 1	0.0272	51
SLC45A3	0.9881	LP|CD69- Mast	4.1366	51
SLC45A4	0.8484	Epi|Goblet	0.1771	51
SLC46A1	0.8664	Epi|Immature Enterocytes 1	0.1641	51
SLC46A3	0.8338	LP|CD69- Mast	0.6537	51
SLC47A1	0.8026	LP|Cycling Monocytes	0.0598	51
SLC47A2	0.9427	Epi|Immature Enterocytes 1	0.0037	51
SLC48A1	0.7851	LP|Endothelial	0.2481	51
SLC4A10	0.9284	Epi|Enterocyte Progenitors	0.0193	51
SLC4A11	0.8241	LP|Inflammatory Fibroblasts	0.0060	51
SLC4A1AP	0.4820	LP|Endothelial	0.2505	51
SLC4A2	0.8346	LP|CD69- Mast	0.7542	51
SLC4A4	0.8888	Epi|Immature Enterocytes 2	1.0441	51
SLC4A5	0.7951	LP|Glia	0.0151	51
SLC4A7	0.5651	LP|MT-hi	0.3139	51
SLC4A8	0.8621	LP|GC	0.0791	51
SLC4A9	0.9493	Epi|Goblet	0.0036	51
SLC50A1	0.7600	Epi|Immature Goblet	1.2527	51
SLC51A	0.9502	Epi|Enterocytes	1.3698	51
SLC51B	0.9330	Epi|Immature Enterocytes 2	4.1447	51
SLC52A1	0.9273	Epi|Enterocytes	0.0577	51
SLC52A2	0.4622	LP|Inflammatory Fibroblasts	0.5732	51
SLC52A3	0.8391	Epi|Immature Enterocytes 1	0.1438	51
SLC5A1	0.9788	Epi|M cells	1.5677	51
SLC5A10	0.9856	Epi|Immature Enterocytes 1	0.0188	51
SLC5A11	0.9772	Epi|Immature Enterocytes 1	0.0819	51
SLC5A12	0.9780	Epi|Immature Enterocytes 1	0.0065	51
SLC5A2	0.9850	Epi|M cells	0.0442	51
SLC5A5	nan	Epi|Best4+ Enterocytes	0.0000	51
SLC5A6	0.7883	Epi|M cells	0.2914	51
SLC5A8	0.9967	Epi|Enteroendocrine	0.0227	51
SLC5A9	0.9466	LP|Microvascular	0.0196	51
SLC6A12	0.9194	Epi|Goblet	0.0260	51
SLC6A14	0.9535	Epi|Enterocytes	0.3711	51
SLC6A16	0.9022	LP|GC	0.1022	51
SLC6A18	0.9710	Epi|Immature Enterocytes 1	0.0014	51
SLC6A19	0.9439	Epi|Immature Enterocytes 1	0.2610	51
SLC6A20	0.9523	Epi|Enterocytes	0.1607	51
SLC6A4	0.9017	Epi|Enteroendocrine	0.0349	51
SLC6A6	0.9144	LP|Endothelial	1.2038	51
SLC6A7	0.8455	Epi|Best4+ Enterocytes	0.1095	51
SLC6A8	0.9519	Epi|Enterocytes	3.0552	51
SLC6A9	0.8460	Epi|Immature Enterocytes 2	0.1340	51
SLC7A1	0.8312	Epi|M cells	0.3379	51
SLC7A11	0.8484	Epi|M cells	0.1939	51
SLC7A14	0.9519	LP|Glia	0.0137	51
SLC7A2	0.9803	LP|Pericytes	0.5512	51
SLC7A4	0.9472	Epi|Immature Goblet	0.1056	51
SLC7A5	0.7529	LP|CD8+ IELs	0.3605	51
SLC7A6	0.7721	LP|CD8+ IL17+	0.3557	51
SLC7A6OS	0.5768	LP|CD4+ PD1+	0.3063	51
SLC7A7	0.9351	LP|Inflammatory Monocytes	1.6498	51
SLC7A8	0.9060	LP|Macrophages	0.3728	51
SLC7A9	0.9814	Epi|Enterocytes	0.0125	51
SLC8A1	0.8825	LP|DC2	0.4826	51
SLC8A1-AS1	0.9811	LP|Tregs	0.0388	51
SLC8A2	nan	Epi|Best4+ Enterocytes	0.0000	51
SLC8B1	0.5597	LP|Cycling Monocytes	0.2006	51
SLC9A1	0.7966	Epi|Enterocytes	0.4074	51
SLC9A2	0.8168	Epi|TA 2	0.2551	51
SLC9A3	0.9592	Epi|Immature Enterocytes 1	0.0264	51
SLC9A3R1	0.8025	Epi|Enterocytes	2.9095	51
SLC9A3R2	0.9540	LP|Microvascular	16.9487	51
SLC9A4	0.9740	Epi|Best4+ Enterocytes	0.0003	51
SLC9A5	0.8683	LP|WNT5B+ 2	0.0103	51
SLC9A6	0.6458	Epi|M cells	0.0927	51
SLC9A7	0.9323	LP|GC	0.0621	51
SLC9A8	0.6294	Epi|Enteroendocrine	0.1200	51
SLC9A9	0.8037	LP|WNT2B+ Fos-lo 2	0.3913	51
SLC9B1	0.8947	LP|MT-hi	0.0829	51
SLC9B2	0.7406	LP|Microvascular	0.1375	51
SLC9C1	0.9964	Epi|Stem	0.0013	51
SLCO1B3	0.9478	Epi|TA 1	0.0064	51
SLCO1C1	0.9519	LP|RSPO3+	0.1027	51
SLCO2A1	0.9610	LP|Microvascular	3.1751	51
SLCO2B1	0.9109	LP|Macrophages	0.8182	51
SLCO3A1	0.7799	LP|Pericytes	0.5945	51
SLCO4A1	0.9121	Epi|Tuft	0.4514	51
SLCO4C1	0.9574	LP|NKs	0.0725	51
SLCO5A1	0.9458	LP|DC1	0.1897	51
SLFN11	0.7825	LP|Endothelial	0.3528	51
SLFN12	0.7715	LP|WNT2B+ Fos-lo 2	0.1862	51
SLFN12L	0.8728	LP|CD8+ IELs	0.1841	51
SLFN13	0.8985	LP|NKs	0.2751	51
SLFN5	0.7747	LP|Endothelial	0.9909	51
SLIRP	0.5718	Epi|Cycling TA	3.8377	51
SLIT2	0.9207	LP|Glia	0.3946	51
SLIT3	0.9616	LP|RSPO3+	1.0358	51
SLITRK4	0.6189	LP|CD69- Mast	0.4851	51
SLITRK5	0.9701	Epi|Enteroendocrine	0.0090	51
SLITRK6	0.9594	LP|Glia	2.6555	51
SLK	0.6344	LP|Endothelial	0.4365	51
SLMAP	0.8389	LP|Myofibroblasts	0.9870	51
SLMO1	0.8799	LP|Glia	0.0615	51
SLMO2	0.5870	Epi|Enterocyte Progenitors	1.0088	51
SLPI	0.8766	Epi|Best4+ Enterocytes	2.4275	51
SLTM	0.4618	LP|ILCs	1.2552	51
SLU7	0.4961	LP|CD69- Mast	0.8075	51
SLX1A	0.6712	Epi|Immature Enterocytes 2	0.1145	51
SLX1B	0.9887	Epi|Enteroendocrine	0.0054	51
SLX4	0.6994	LP|MT-hi	0.0522	51
SLX4IP	0.8510	Epi|M cells	0.1794	51
SMAD1	0.9374	LP|Post-capillary Venules	1.1779	51
SMAD2	0.4979	LP|Endothelial	0.4670	51
SMAD3	0.6256	LP|RSPO3+	0.4184	51
SMAD4	0.6315	LP|Pericytes	0.3405	51
SMAD5	0.6831	LP|WNT2B+ Fos-lo 2	0.5296	51
SMAD5-AS1	0.8666	LP|WNT2B+ Fos-lo 1	0.0226	51
SMAD6	0.8811	LP|Microvascular	0.2036	51
SMAD7	0.7163	LP|Microvascular	0.3098	51
SMAD9	0.8089	LP|Endothelial	0.2230	51
SMAD9-AS1	0.9108	Epi|M cells	0.0163	51
SMAGP	0.7509	Epi|Cycling TA	1.4081	51
SMAP1	0.5878	LP|ILCs	1.1843	51
SMAP2	0.7359	LP|GC	1.0353	51
SMARCA1	0.8468	LP|Myofibroblasts	0.4687	51
SMARCA2	0.6270	Epi|M cells	0.6410	51
SMARCA4	0.6937	LP|Cycling B	0.8539	51
SMARCA5	0.5731	LP|ILCs	0.8387	51
SMARCAD1	0.5412	LP|Myofibroblasts	0.1248	51
SMARCAL1	0.5903	LP|MT-hi	0.1508	51
SMARCB1	0.8101	LP|GC	2.9618	51
SMARCC1	0.4499	LP|Cycling B	0.4727	51
SMARCC2	0.6444	LP|MT-hi	0.6503	51
SMARCD1	0.5443	LP|Glia	0.3172	51
SMARCD2	0.5057	Epi|Secretory TA	0.3679	51
SMARCD3	0.8223	LP|Myofibroblasts	0.4519	51
SMARCE1	0.4944	LP|Endothelial	0.9816	51
SMC1A	0.6867	LP|Cycling B	0.8187	51
SMC2	0.8636	LP|Cycling T	1.4983	51
SMC3	0.7090	LP|Cycling T	1.5011	51
SMC4	0.8767	LP|Cycling T	3.2073	51
SMC5	0.4832	LP|ILCs	0.4235	51
SMC5-AS1	0.9266	Epi|M cells	0.0695	51
SMC6	0.6197	LP|Pericytes	0.4797	51
SMCHD1	0.5798	LP|Tregs	0.8529	51
SMCO2	0.9881	Epi|Enteroendocrine	0.0171	51
SMCO4	0.7930	LP|DC1	2.6504	51
SMCR5	0.7521	LP|MT-hi	0.2586	51
SMCR8	nan	Epi|Best4+ Enterocytes	0.0000	51
SMDT1	0.5816	LP|GC	5.0666	51
SMEK1	0.5427	LP|NKs	0.6214	51
SMEK2	0.4468	LP|CD4+ PD1+	0.4728	51
SMG1	0.5187	Epi|Tuft	0.5627	51
SMG5	0.8079	Epi|Tuft	0.5491	51
SMG6	0.6524	LP|WNT2B+ Fos-lo 2	0.3289	51
SMG7	0.6671	LP|Pericytes	0.3759	51
SMG7-AS1	0.8365	LP|GC	0.0105	51
SMG8	0.9041	LP|MT-hi	0.0457	51
SMG9	0.6817	LP|GC	0.3251	51
SMIM1	0.8959	LP|CD69+ Mast	0.3786	51
SMIM10	0.8898	LP|CD69- Mast	0.8774	51
SMIM11	0.5879	LP|Glia	0.6920	51
SMIM12	0.4533	LP|CD8+ IL17+	0.7672	51
SMIM13	0.9639	LP|CD69- Mast	2.1231	51
SMIM14	0.9426	LP|GC	16.0045	51
SMIM15	0.5270	LP|Glia	0.8653	51
SMIM19	0.5142	LP|Glia	0.9980	51
SMIM2-AS1	0.9275	Epi|Enterocytes	0.3844	51
SMIM20	0.7220	LP|GC	1.5811	51
SMIM22	0.8757	Epi|Enterocytes	13.7329	51
SMIM4	0.6429	LP|Cycling Monocytes	0.6193	51
SMIM5	0.9781	LP|Glia	2.9770	51
SMIM6	0.9657	Epi|Goblet	1.8649	51
SMIM7	0.5008	LP|Glia	1.4462	51
SMIM8	0.5979	LP|Glia	0.2308	51
SMKR1	0.9322	LP|NKs	0.2202	51
SMN1	0.5841	LP|ILCs	0.0723	51
SMN2	0.8340	LP|CD69- Mast	0.1324	51
SMNDC1	0.5407	LP|CD8+ IL17+	0.4141	51
SMO	0.9144	LP|Myofibroblasts	0.1866	51
SMOC1	0.9671	LP|Inflammatory Fibroblasts	0.3298	51
SMOC2	0.9564	Epi|Stem	1.5779	51
SMOX	0.8763	LP|Inflammatory Fibroblasts	0.5557	51
SMPD1	0.8616	Epi|Enterocytes	1.7324	51
SMPD2	0.6902	LP|GC	0.3015	51
SMPD3	0.8181	Epi|Best4+ Enterocytes	0.2837	51
SMPD4	0.7410	LP|CD69- Mast	0.4085	51
SMPDL3A	0.8621	Epi|Enterocytes	3.1036	51
SMPDL3B	0.8543	Epi|Best4+ Enterocytes	0.4997	51
SMS	0.6810	LP|Cycling Monocytes	2.0219	51
SMTN	0.9401	LP|Myofibroblasts	3.3645	51
SMTNL2	0.9852	LP|Pericytes	0.0753	51
SMU1	0.5126	LP|Pericytes	0.4540	51
SMUG1	0.4352	LP|CD8+ IL17+	0.3910	51
SMURF1	0.7357	Epi|M cells	0.2126	51
SMURF2	0.7844	LP|Microvascular	0.5233	51
SMYD2	0.5161	LP|NKs	0.2618	51
SMYD3	0.9588	LP|CD69- Mast	3.5035	51
SMYD4	0.8688	LP|WNT5B+ 1	0.9931	51
SMYD5	0.6237	LP|WNT5B+ 2	0.0773	51
SNAI1	0.8767	LP|Glia	0.8095	51
SNAI2	0.9064	LP|WNT2B+ Fos-lo 1	2.8130	51
SNAI3	0.8415	LP|CD8+ IL17+	0.1802	51
SNAI3-AS1	0.7820	LP|NKs	0.0373	51
SNAP23	0.7402	LP|GC	2.0719	51
SNAP25	0.9663	Epi|Enteroendocrine	0.0561	51
SNAP29	0.5799	LP|CD69- Mast	0.8974	51
SNAP47	0.5614	LP|NKs	0.3492	51
SNAPC1	0.6336	LP|CD69+ Mast	0.4312	51
SNAPC2	0.5964	LP|Inflammatory Fibroblasts	0.4077	51
SNAPC3	0.6722	LP|Pericytes	0.4991	51
SNAPC4	0.7012	Epi|Enteroendocrine	0.1022	51
SNAPC5	0.5669	LP|CD8+ IL17+	0.5796	51
SNAPIN	0.5364	LP|Microvascular	0.8045	51
SNCA	0.9814	LP|Glia	2.7137	51
SNCAIP	0.9392	LP|Myofibroblasts	0.2705	51
SNCG	0.9682	LP|Microvascular	3.2038	51
SND1	0.5585	LP|GC	0.7254	51
SNED1	0.8674	LP|Inflammatory Fibroblasts	0.3063	51
SNF8	0.3533	Epi|Tuft	1.3374	51
SNHG1	0.6204	LP|CD4+ Activated Fos-hi	0.6538	51
SNHG10	0.8782	LP|CD69- Mast	0.6400	51
SNHG11	0.5683	LP|Post-capillary Venules	0.2063	51
SNHG12	0.6937	LP|CD4+ Activated Fos-hi	0.7779	51
SNHG14	0.8715	LP|CD69- Mast	0.6786	51
SNHG15	0.6997	LP|CD8+ IL17+	1.2672	51
SNHG16	0.6584	LP|Glia	1.5351	51
SNHG17	0.4508	LP|GC	0.3864	51
SNHG18	0.7122	Epi|Immature Goblet	0.7837	51
SNHG3	0.4967	LP|CD4+ Memory	0.9085	51
SNHG5	0.7607	LP|GC	18.4557	51
SNHG6	0.5791	LP|CD4+ Memory	4.0116	51
SNHG7	0.6937	LP|Endothelial	2.6453	51
SNHG8	0.4907	LP|CD69- Mast	2.9273	51
SNHG9	0.5157	LP|NKs	0.6089	51
SNIP1	0.6039	LP|CD8+ IL17+	0.1277	51
SNN	0.8294	LP|CD69- Mast	0.6136	51
SNORA19	0.8052	LP|CD8+ IELs	0.0261	51
SNORA2	0.9782	Epi|Immature Enterocytes 1	0.0024	51
SNORA20	0.9134	LP|GC	0.0165	51
SNORA22	0.9821	Epi|Best4+ Enterocytes	0.0025	51
SNORA25	0.9546	Epi|Cycling TA	0.0009	51
SNORA28	0.9311	LP|WNT5B+ 1	0.0169	51
SNORA31	0.8481	LP|WNT5B+ 1	0.0172	51
SNORA33	0.8098	LP|CD4+ Activated Fos-lo	0.0128	51
SNORA40	0.8216	Epi|Tuft	0.0405	51
SNORA57	0.8803	LP|NKs	0.0032	51
SNORA59B	0.9396	LP|Macrophages	0.0059	51
SNORA62	0.9529	LP|RSPO3+	0.0068	51
SNORA67	0.6878	LP|CD69- Mast	0.6864	51
SNORA68	0.9540	Epi|Tuft	0.0188	51
SNORA7	0.9059	LP|CD8+ IL17+	0.0672	51
SNORA70	0.7842	LP|Cycling T	0.0263	51
SNORA72	0.9176	LP|CD8+ IELs	0.0043	51
SNORA74	0.9671	Epi|TA 1	0.0023	51
SNORA76	0.7007	Epi|Tuft	0.4972	51
SNORA77	0.9881	Epi|Goblet	0.0031	51
SNORA81	0.9216	LP|CD4+ PD1+	0.0338	51
SNORA84	0.7926	LP|MT-hi	0.0476	51
SNORD104	0.6585	LP|CD4+ Activated Fos-hi	0.0446	51
SNORD11	0.8074	LP|Tregs	0.0253	51
SNORD12C	0.9844	Epi|Immature Enterocytes 1	0.0040	51
SNORD13	0.9187	LP|DC1	0.0044	51
SNORD14A	0.9960	Epi|Immature Goblet	0.0027	51
SNORD38A	0.8329	LP|ILCs	0.0531	51
SNORD3A	0.9032	LP|Inflammatory Monocytes	0.1917	51
SNORD3B-1	0.9332	LP|Inflammatory Monocytes	0.2043	51
SNORD3B-2	0.8750	LP|Macrophages	0.3428	51
SNORD3D	0.9011	LP|Inflammatory Monocytes	0.3529	51
SNORD60	0.9213	LP|Glia	0.0366	51
SNORD63	0.7803	LP|CD4+ Activated Fos-lo	0.0471	51
SNORD99	0.8539	LP|CD8+ IL17+	0.0349	51
SNPH	0.8286	LP|Pericytes	0.0381	51
SNRK	0.8458	LP|Pericytes	1.1158	51
SNRK-AS1	0.9461	LP|Glia	0.0033	51
SNRNP200	0.3599	LP|CD8+ IELs	0.4886	51
SNRNP25	0.8174	LP|Cycling B	2.2705	51
SNRNP27	0.7500	Epi|Tuft	1.3001	51
SNRNP35	0.5643	LP|CD4+ PD1+	0.6954	51
SNRNP40	0.6052	LP|Cycling T	1.1476	51
SNRNP48	0.5159	LP|Glia	0.2648	51
SNRNP70	0.4953	LP|Cycling B	1.5398	51
SNRPA	0.6538	LP|Cycling B	1.1914	51
SNRPA1	0.6923	LP|CD69- Mast	1.6512	51
SNRPB	0.6427	LP|Cycling B	5.2272	51
SNRPB2	0.4790	LP|Cycling B	2.3521	51
SNRPC	0.5265	LP|Cycling B	1.9483	51
SNRPD1	0.7194	LP|Cycling B	4.9035	51
SNRPD2	0.4773	LP|Cycling B	7.2262	51
SNRPD3	0.5821	LP|Cycling B	2.5935	51
SNRPE	0.6139	LP|Cycling B	3.8063	51
SNRPF	0.6206	LP|Cycling B	3.2944	51
SNRPG	0.6557	LP|Cycling B	6.3692	51
SNRPN	0.9557	LP|CD69- Mast	0.6510	51
SNTA1	0.8909	LP|Glia	0.3569	51
SNTB1	0.8794	LP|WNT5B+ 1	0.3214	51
SNTB2	0.8093	LP|Post-capillary Venules	0.8019	51
SNTG2	0.9854	LP|Post-capillary Venules	0.0569	51
SNTN	0.8780	Epi|Immature Goblet	0.0029	51
SNUPN	0.6590	LP|RSPO3+	0.4590	51
SNURF	0.9416	LP|MT-hi	0.1254	51
SNW1	0.4641	LP|Cycling T	0.9974	51
SNX1	0.4899	Epi|M cells	0.5601	51
SNX10	0.8393	LP|Inflammatory Monocytes	1.4804	51
SNX11	0.7176	LP|GC	0.2937	51
SNX12	0.6845	LP|CD69- Mast	0.4564	51
SNX13	0.6320	Epi|M cells	0.3477	51
SNX14	0.4728	LP|CD69- Mast	0.3796	51
SNX15	0.8129	LP|MT-hi	0.0418	51
SNX16	0.7780	LP|Post-capillary Venules	0.2718	51
SNX17	0.6856	LP|CD69- Mast	2.1542	51
SNX18	0.7504	LP|Macrophages	0.3573	51
SNX19	0.4913	LP|CD69- Mast	0.1478	51
SNX2	0.7404	LP|GC	2.1619	51
SNX20	0.7730	LP|CD8+ IL17+	0.5467	51
SNX21	0.7765	LP|WNT2B+ Fos-lo 1	0.3638	51
SNX22	0.9249	LP|GC	0.6280	51
SNX24	0.7391	LP|Macrophages	0.1951	51
SNX25	0.8881	LP|Microvascular	0.2548	51
SNX27	0.6680	LP|Inflammatory Monocytes	0.4104	51
SNX29	0.8519	LP|CD69- Mast	0.6786	51
SNX29P2	0.9660	LP|GC	4.1987	51
SNX3	0.8639	LP|DC1	22.0329	51
SNX30	0.7210	Epi|Best4+ Enterocytes	0.1909	51
SNX32	0.8566	Epi|Stem	0.0303	51
SNX33	0.7778	LP|Pericytes	0.2187	51
SNX4	0.5236	LP|CD69- Mast	0.4760	51
SNX5	0.6921	LP|GC	1.8039	51
SNX6	0.4579	LP|Myofibroblasts	1.1877	51
SNX7	0.6560	Epi|Enterocyte Progenitors	0.5203	51
SNX8	0.8536	LP|GC	0.8171	51
SNX9	0.8029	Epi|Tuft	1.6568	51
SOAT1	0.6375	LP|Macrophages	0.3650	51
SOBP	0.8887	LP|WNT5B+ 2	0.2678	51
SOCS1	0.8511	LP|CD69- Mast	4.9255	51
SOCS2	0.7747	LP|Post-capillary Venules	0.7607	51
SOCS2-AS1	0.7501	LP|Pericytes	0.0506	51
SOCS3	0.8419	LP|Glia	10.6057	51
SOCS4	0.6219	Epi|M cells	0.1936	51
SOCS5	0.7623	LP|Endothelial	0.2316	51
SOCS6	0.7287	Epi|Enterocytes	0.2841	51
SOCS7	0.9346	LP|CD8+ IL17+	0.0300	51
SOD1	0.5765	LP|Glia	8.4102	51
SOD2	0.9097	LP|Inflammatory Monocytes	14.3878	51
SOD3	0.8996	LP|RSPO3+	17.5150	51
SOGA1	0.7591	LP|Cycling Monocytes	0.2149	51
SOGA2	0.9709	LP|CD69- Mast	0.4564	51
SOHLH2	0.9819	LP|Myofibroblasts	0.0042	51
SON	0.4021	LP|CD69+ Mast	3.3955	51
SORBS1	0.9438	LP|Myofibroblasts	0.5095	51
SORBS2	0.9669	LP|Glia	5.2235	51
SORBS3	0.8147	LP|Pericytes	1.2137	51
SORCS2	0.9307	LP|RSPO3+	0.1467	51
SORD	0.8067	Epi|M cells	0.4953	51
SORL1	0.7043	Epi|Goblet	0.9813	51
SORT1	0.8034	Epi|Tuft	0.4961	51
SOS1	0.8313	LP|Endothelial	0.6369	51
SOS1-IT1	0.8129	Epi|M cells	0.0089	51
SOS2	0.5690	LP|ILCs	0.2032	51
SOSTDC1	0.9982	LP|Myofibroblasts	17.1256	51
SOWAHA	0.8872	Epi|Enterocytes	0.1592	51
SOWAHB	0.9736	Epi|Goblet	0.0097	51
SOWAHC	0.8715	LP|Glia	0.4718	51
SOWAHD	0.7898	LP|Macrophages	0.0598	51
SOX1	nan	Epi|Best4+ Enterocytes	0.0000	51
SOX12	0.8377	LP|Myofibroblasts	0.1392	51
SOX13	0.9046	Epi|Tuft	0.4182	51
SOX15	0.9655	LP|RSPO3+	0.3941	51
SOX17	0.9850	LP|Endothelial	1.6881	51
SOX18	0.9718	LP|Endothelial	2.1870	51
SOX2	0.9987	LP|Glia	1.1599	51
SOX4	0.8170	LP|Glia	5.1862	51
SOX5	0.9081	LP|Pericytes	0.1451	51
SOX6	0.9641	LP|WNT5B+ 2	2.4807	51
SOX7	0.9705	LP|Endothelial	0.7886	51
SOX8	0.9935	Epi|M cells	1.2129	51
SOX9	0.9527	Epi|Tuft	2.1943	51
SP1	0.6729	Epi|M cells	0.3850	51
SP100	0.5065	LP|Endothelial	1.3392	51
SP110	0.7229	LP|Follicular	1.6190	51
SP140	0.8974	LP|GC	1.1452	51
SP140L	0.6075	LP|CD8+ IL17+	0.3454	51
SP2	0.6205	LP|Glia	0.2447	51
SP3	0.4504	LP|Myofibroblasts	0.3790	51
SP4	0.8161	LP|MT-hi	0.2360	51
SP5	0.9241	Epi|Immature Goblet	0.0549	51
SP6	0.8635	LP|Post-capillary Venules	0.0445	51
SPA17	0.7559	LP|CD69- Mast	0.2301	51
SPACA3	0.9448	Epi|Immature Enterocytes 1	0.0110	51
SPAG1	0.7601	Epi|M cells	0.2728	51
SPAG16	0.5618	Epi|Stem	0.4724	51
SPAG4	0.9500	LP|Plasma	0.6801	51
SPAG5	0.9154	LP|Cycling B	0.3028	51
SPAG5-AS1	0.8414	LP|Cycling T	0.0431	51
SPAG7	0.4938	LP|MT-hi	1.6422	51
SPAG8	0.8683	LP|Glia	0.0537	51
SPAG9	0.6841	Epi|Tuft	0.8677	51
SPARC	0.9208	LP|Glia	41.2693	51
SPARCL1	0.9281	LP|Microvascular	27.8685	51
SPAST	0.5554	LP|Inflammatory Monocytes	0.1230	51
SPATA12	0.8832	LP|Microvascular	0.0037	51
SPATA13	0.7489	LP|Glia	0.5340	51
SPATA17	0.9455	LP|Pericytes	0.0423	51
SPATA18	0.8866	LP|WNT5B+ 2	0.1094	51
SPATA2	0.6859	LP|ILCs	0.2160	51
SPATA20	0.6485	Epi|Tuft	0.4701	51
SPATA21	0.9892	Epi|M cells	0.0848	51
SPATA22	0.9760	LP|Glia	0.0211	51
SPATA24	0.6615	Epi|Tuft	0.0795	51
SPATA2L	0.5765	LP|CD69- Mast	0.2283	51
SPATA33	0.6003	LP|Endothelial	0.2725	51
SPATA41	0.8323	LP|RSPO3+	0.0388	51
SPATA5	0.7396	LP|MT-hi	0.1548	51
SPATA5L1	0.8688	LP|CD69- Mast	0.4085	51
SPATA6	0.9134	LP|CD69- Mast	0.6136	51
SPATA6L	0.8626	Epi|Tuft	0.1946	51
SPATA7	0.7081	LP|Myofibroblasts	0.1396	51
SPATA9	0.9464	LP|CD69+ Mast	0.0153	51
SPATC1L	0.6675	Epi|Enteroendocrine	0.4815	51
SPATS2	0.8543	LP|GC	1.4815	51
SPATS2L	0.8170	Epi|Enterocytes	4.1576	51
SPC24	0.9373	LP|Cycling T	0.3249	51
SPC25	0.9573	LP|Cycling B	0.8576	51
SPCS1	0.6719	LP|Plasma	7.4701	51
SPCS2	0.6625	LP|Plasma	7.6412	51
SPCS3	0.7373	LP|Plasma	2.8587	51
SPDEF	0.9559	Epi|Goblet	1.5464	51
SPDL1	0.8942	LP|Cycling B	0.3612	51
SPDYA	0.7913	LP|CD4+ Activated Fos-lo	0.0187	51
SPDYE3	0.9403	Epi|Tuft	0.0353	51
SPECC1	0.8940	LP|CD69- Mast	1.1185	51
SPECC1L	0.7306	Epi|Goblet	0.2654	51
SPEF1	0.9961	Epi|Enteroendocrine	0.0057	51
SPEF2	0.8475	LP|CD8+ IL17+	0.1755	51
SPEG	0.8134	LP|Myofibroblasts	0.0577	51
SPEN	0.5187	LP|ILCs	0.2937	51
SPESP1	0.8858	LP|Myofibroblasts	0.1424	51
SPG11	0.5043	Epi|M cells	0.3167	51
SPG20	0.8234	LP|ILCs	1.0884	51
SPG21	0.6195	LP|CD69- Mast	1.7403	51
SPG7	0.5560	LP|Microvascular	0.6719	51
SPHK1	0.9117	LP|Post-capillary Venules	0.8286	51
SPHK2	0.4819	LP|CD8+ IELs	0.2395	51
SPI1	0.9058	LP|DC1	5.2797	51
SPIB	0.9674	Epi|M cells	10.9690	51
SPICE1	0.6380	LP|WNT2B+ Fos-lo 2	0.0878	51
SPIDR	0.5603	LP|DC1	0.2141	51
SPIN1	0.6648	LP|Pericytes	0.4336	51
SPIN2A	0.8958	LP|RSPO3+	0.0482	51
SPIN2B	0.6109	LP|Pericytes	0.2138	51
SPIN3	0.7060	LP|WNT2B+ Fos-lo 1	0.0486	51
SPIN4	0.6457	Epi|Cycling TA	0.0545	51
SPINK1	0.9120	Epi|Immature Goblet	14.4764	51
SPINK2	0.9763	LP|ILCs	4.6926	51
SPINK4	0.9787	Epi|Immature Goblet	50.5079	51
SPINK5	0.9918	Epi|M cells	15.0323	51
SPINT1	0.8664	Epi|Enterocytes	3.6565	51
SPINT2	0.8261	Epi|Enterocytes	12.0690	51
SPIRE1	0.7472	LP|Myofibroblasts	0.0650	51
SPIRE2	0.8498	Epi|Goblet	0.4985	51
SPN	0.8735	LP|NKs	2.0502	51
SPNS1	0.7086	LP|NKs	0.1186	51
SPNS2	0.9473	LP|Post-capillary Venules	0.6642	51
SPNS3	0.8709	LP|CD8+ IL17+	0.4846	51
SPOCD1	0.9960	LP|Myofibroblasts	0.3473	51
SPOCK1	0.9298	LP|Inflammatory Fibroblasts	0.2431	51
SPOCK2	0.9020	LP|CD8+ IL17+	5.2378	51
SPON1	0.8360	LP|Myofibroblasts	0.8971	51
SPON2	0.8830	LP|Inflammatory Fibroblasts	6.1681	51
SPOP	0.5530	LP|Glia	0.8223	51
SPOPL	0.7239	LP|Inflammatory Monocytes	0.2444	51
SPP1	0.9955	LP|Glia	20.5420	51
SPPL2A	0.6949	LP|CD69- Mast	1.2862	51
SPPL2B	0.6139	Epi|Tuft	0.4192	51
SPPL3	0.4920	LP|DC1	0.4066	51
SPR	0.7734	Epi|Enterocyte Progenitors	0.7500	51
SPRED1	0.7368	LP|Pericytes	0.4217	51
SPRED2	0.6913	LP|GC	0.2231	51
SPRED3	0.9548	LP|Endothelial	0.0052	51
SPRR1B	0.9803	Epi|Enterocytes	0.0638	51
SPRR3	1.0000	Epi|Enterocytes	0.0045	51
SPRTN	0.6499	LP|ILCs	0.4126	51
SPRY1	0.8020	LP|WNT2B+ Fos-lo 1	2.7218	51
SPRY2	0.6861	LP|NKs	0.2961	51
SPRY3	0.9430	LP|Endothelial	0.0489	51
SPRY4	0.9050	LP|Microvascular	0.4122	51
SPRYD3	0.7199	LP|Microvascular	0.3221	51
SPRYD4	0.6493	Epi|Enterocyte Progenitors	0.3046	51
SPRYD7	0.6115	LP|CD69- Mast	0.4755	51
SPSB1	0.7196	LP|Myofibroblasts	0.3168	51
SPSB2	0.6374	LP|Glia	0.2257	51
SPSB3	0.6437	LP|CD69- Mast	1.5146	51
SPTAN1	0.6782	LP|Endothelial	1.1578	51
SPTBN1	0.8579	LP|Microvascular	5.0144	51
SPTBN2	0.9263	Epi|Enteroendocrine	0.0157	51
SPTBN4	0.9199	LP|RSPO3+	0.0222	51
SPTBN5	0.9289	LP|Microvascular	0.0354	51
SPTLC1	0.5777	LP|WNT5B+ 2	0.1660	51
SPTLC2	0.9264	Epi|Tuft	2.6575	51
SPTLC3	0.9536	Epi|Tuft	0.3008	51
SPTSSA	0.6484	Epi|Enterocytes	1.9946	51
SPTSSB	0.9807	LP|NKs	0.4817	51
SPTY2D1	0.7479	LP|ILCs	0.6852	51
SPTY2D1-AS1	0.6778	LP|Glia	0.0284	51
SQLE	0.6927	LP|CD69- Mast	0.5202	51
SQRDL	0.7642	Epi|Enterocyte Progenitors	4.1984	51
SQSTM1	0.6967	Epi|Enterocytes	6.9597	51
SRA1	0.4350	LP|CD69- Mast	1.0342	51
SRBD1	0.6484	LP|WNT5B+ 2	0.1923	51
SRC	0.8197	Epi|M cells	0.4786	51
SRCAP	0.8360	Epi|M cells	0.9446	51
SRCIN1	0.9827	LP|Glia	0.1434	51
SRCRB4D	0.7944	LP|Cycling Monocytes	0.0064	51
SRD5A1	0.7506	Epi|M cells	0.2496	51
SRD5A3	0.7454	LP|Cycling Monocytes	0.8080	51
SRD5A3-AS1	0.8505	LP|WNT2B+ Fos-lo 1	0.0071	51
SREBF1	0.8942	LP|Glia	0.9790	51
SREBF2	0.6690	Epi|Immature Enterocytes 2	0.4010	51
SREK1	0.4828	LP|WNT5B+ 2	0.8929	51
SREK1IP1	0.4698	LP|CD69- Mast	1.0384	51
SRF	0.6354	LP|Myofibroblasts	0.2684	51
SRFBP1	0.4853	LP|Endothelial	0.2319	51
SRGAP1	0.8248	Epi|Tuft	0.5911	51
SRGAP2	0.7173	LP|Endothelial	0.3367	51
SRGAP3	0.9117	LP|ILCs	0.4789	51
SRGN	0.7970	LP|CD69- Mast	39.2196	51
SRI	0.8338	Epi|Enterocytes	22.9302	51
SRM	0.6872	LP|Cycling B	2.0234	51
SRP14	0.7050	LP|Endothelial	24.4551	51
SRP14-AS1	0.7199	LP|MT-hi	0.1841	51
SRP19	0.5588	LP|DC1	1.2662	51
SRP54	0.4585	LP|Cycling B	0.6288	51
SRP68	0.4999	LP|Glia	0.4393	51
SRP72	0.4578	LP|Cycling B	0.9624	51
SRP9	0.4774	LP|Cycling B	3.3548	51
SRPK1	0.6357	Epi|Cycling TA	0.6298	51
SRPK2	0.5785	LP|NKs	0.8263	51
SRPK3	0.9300	LP|Glia	0.0647	51
SRPR	0.5072	LP|CD8+ IL17+	0.5932	51
SRPRB	0.6701	LP|Plasma	0.9220	51
SRPX	0.9570	LP|RSPO3+	3.6499	51
SRPX2	0.9426	LP|Inflammatory Fibroblasts	0.5400	51
SRR	0.6849	LP|Glia	0.1290	51
SRRD	0.9046	LP|CD69- Mast	0.6786	51
SRRM1	0.4053	LP|Cycling B	1.8065	51
SRRM2	0.3745	Epi|Tuft	1.9893	51
SRRM2-AS1	0.7525	LP|NKs	0.0236	51
SRRM3	0.9003	LP|Inflammatory Fibroblasts	0.0991	51
SRRT	0.6283	LP|Cycling T	0.6455	51
SRSF1	0.5254	LP|CD69- Mast	1.3150	51
SRSF10	0.6535	LP|CD69- Mast	0.9205	51
SRSF11	0.4014	LP|CD69- Mast	2.1283	51
SRSF12	0.8678	LP|Myofibroblasts	0.0096	51
SRSF2	0.6821	LP|ILCs	7.9478	51
SRSF3	0.6143	LP|Cycling B	8.0037	51
SRSF4	0.4626	LP|Microvascular	1.0273	51
SRSF5	0.5542	LP|ILCs	5.4111	51
SRSF6	0.5650	LP|CD69+ Mast	0.9898	51
SRSF7	0.5859	LP|MT-hi	6.4871	51
SRSF9	0.6089	LP|Cycling B	3.8511	51
SRXN1	0.9614	Epi|Enterocytes	0.0073	51
SRY	nan	Epi|Best4+ Enterocytes	0.0000	51
SS18	0.7214	LP|GC	0.2777	51
SS18L1	0.6830	Epi|M cells	0.1315	51
SS18L2	0.6214	LP|GC	1.6195	51
SSB	0.5692	LP|CD69- Mast	2.6106	51
SSBP1	0.4897	LP|CD69- Mast	2.7868	51
SSBP2	0.6986	LP|GC	0.8594	51
SSBP3	0.5797	Epi|Enteroendocrine	0.6694	51
SSBP4	0.6122	LP|CD8+ IL17+	1.1272	51
SSC5D	0.8897	LP|Glia	0.3388	51
SSFA2	0.7070	Epi|Enterocytes	0.7297	51
SSH1	0.7117	LP|Post-capillary Venules	0.2851	51
SSH2	0.6113	LP|Inflammatory Monocytes	0.5819	51
SSH3	0.6299	LP|Pericytes	0.2098	51
SSNA1	0.3845	LP|Cycling T	1.6269	51
SSPN	0.8854	LP|Glia	1.1680	51
SSR1	0.4601	LP|DC2	1.2529	51
SSR2	0.4300	LP|RSPO3+	4.9671	51
SSR3	0.7704	LP|Plasma	4.8729	51
SSR4	0.8949	LP|Plasma	47.1123	51
SSRP1	0.6745	LP|Cycling B	1.3854	51
SSSCA1	0.4419	LP|Endothelial	0.7211	51
SSSCA1-AS1	0.8119	LP|MT-hi	0.0341	51
SST	0.9998	Epi|Enteroendocrine	38.8231	51
SSTR1	0.8513	Epi|Best4+ Enterocytes	0.0565	51
SSTR2	0.9112	LP|GC	0.0625	51
SSTR5	0.9694	Epi|Enterocytes	0.0026	51
SSTR5-AS1	0.9976	Epi|Enteroendocrine	0.0738	51
SSU72	0.5441	LP|CD69- Mast	2.7525	51
SSUH2	0.9469	Epi|Enterocytes	0.2059	51
SSX2IP	0.7520	LP|Myofibroblasts	0.1550	51
ST13	0.4533	LP|RSPO3+	3.1261	51
ST14	0.8835	Epi|Enterocytes	4.4110	51
ST18	0.9874	Epi|Tuft	0.1365	51
ST20	0.7336	LP|GC	0.3205	51
ST3GAL1	0.7908	LP|ILCs	0.9377	51
ST3GAL2	0.6570	Epi|M cells	0.3293	51
ST3GAL3	0.8463	LP|Glia	0.1941	51
ST3GAL4	0.8886	Epi|Goblet	1.9149	51
ST3GAL5	0.7414	LP|DC1	0.4736	51
ST3GAL6	0.9407	LP|Glia	0.8009	51
ST5	0.8608	LP|WNT5B+ 2	1.3773	51
ST6GAL1	0.8849	LP|GC	1.1190	51
ST6GAL2	0.9056	LP|RSPO3+	0.0286	51
ST6GALNAC1	0.9323	Epi|Immature Goblet	4.9872	51
ST6GALNAC2	0.9922	LP|Glia	2.1764	51
ST6GALNAC3	0.9203	Epi|Tuft	0.2944	51
ST6GALNAC4	0.7416	LP|Plasma	0.5098	51
ST6GALNAC6	0.6985	LP|Pericytes	1.0740	51
ST7	0.7966	LP|CD69- Mast	0.2334	51
ST7-AS1	0.9008	LP|Glia	0.0045	51
ST7-OT4	0.8452	LP|Pericytes	0.0198	51
ST7L	0.6332	LP|RSPO3+	0.2237	51
ST8SIA1	0.8492	LP|CD4+ PD1+	0.3181	51
ST8SIA4	0.8114	LP|Post-capillary Venules	0.8387	51
ST8SIA6	0.9577	Epi|Immature Enterocytes 1	0.0032	51
ST8SIA6-AS1	0.9766	LP|Pericytes	0.0288	51
STAB1	0.9601	LP|Cycling Monocytes	2.2180	51
STAB2	0.9810	Epi|Immature Enterocytes 1	0.0115	51
STAC2	0.8869	LP|Cycling T	0.0058	51
STAC3	0.9423	LP|CD69- Mast	0.6786	51
STAG1	0.4608	LP|Cycling T	0.3129	51
STAG2	0.4094	LP|ILCs	0.5790	51
STAG3	0.9227	LP|GC	1.6686	51
STAG3L5P-PVRIG2P-PILRB	0.8678	Epi|Tuft	0.1546	51
STAM	0.8389	LP|Tregs	0.4659	51
STAM2	0.5651	LP|Glia	0.1854	51
STAMBP	0.4258	LP|Myofibroblasts	0.3771	51
STAMBPL1	0.6997	LP|Inflammatory Fibroblasts	0.2959	51
STAP1	0.9469	LP|GC	0.8692	51
STAP2	0.8282	Epi|Enterocyte Progenitors	2.9179	51
STARD10	0.8442	Epi|Immature Goblet	4.5653	51
STARD13	0.9344	LP|Glia	0.7151	51
STARD3	0.6337	LP|CD8+ IL17+	0.6306	51
STARD3NL	0.7557	LP|NKs	1.2387	51
STARD4	0.8226	LP|Pericytes	0.4564	51
STARD4-AS1	0.8484	LP|Pericytes	0.1581	51
STARD5	0.7084	Epi|Enterocyte Progenitors	0.2052	51
STARD7	0.5091	LP|GC	0.7307	51
STARD8	0.9549	LP|Microvascular	0.1517	51
STARD9	0.7271	LP|MT-hi	0.1664	51
STAT1	0.6479	LP|Macrophages	1.4426	51
STAT2	0.7405	LP|WNT2B+ Fos-lo 2	0.7689	51
STAT3	0.6412	LP|WNT5B+ 1	2.7246	51
STAT4	0.8328	LP|NKs	1.0696	51
STAT5A	0.6246	Epi|M cells	0.2810	51
STAT5B	0.6976	LP|MT-hi	0.3525	51
STAT6	0.6142	Epi|Immature Enterocytes 1	0.8186	51
STAU1	0.3962	LP|RSPO3+	0.6558	51
STAU2	0.6937	LP|ILCs	0.3871	51
STAU2-AS1	0.8332	LP|RSPO3+	0.0136	51
STC1	0.9654	LP|Inflammatory Fibroblasts	0.9254	51
STC2	0.9635	LP|Post-capillary Venules	0.1596	51
STEAP1	0.9314	LP|Inflammatory Fibroblasts	1.8601	51
STEAP1B	0.9922	LP|Glia	0.3626	51
STEAP2	0.8670	LP|Inflammatory Fibroblasts	0.4786	51
STEAP3	0.8354	Epi|TA 2	0.1520	51
STEAP4	0.9860	LP|Pericytes	2.1490	51
STIL	0.8338	LP|Cycling T	0.0887	51
STIM1	0.5433	LP|NKs	0.2186	51
STIM2	0.4900	LP|Endothelial	0.3562	51
STIP1	0.5707	LP|Cycling T	0.9213	51
STK10	0.8332	LP|NKs	0.9473	51
STK11	0.6115	Epi|M cells	0.3420	51
STK11IP	0.7451	LP|MT-hi	0.2304	51
STK16	0.5067	LP|CD8+ IL17+	0.4157	51
STK17A	0.8224	LP|GC	4.6282	51
STK17B	0.7410	LP|Tregs	2.7407	51
STK19	0.6007	LP|Pericytes	0.3622	51
STK24	0.7798	Epi|Enterocytes	1.1921	51
STK24-AS1	nan	Epi|Best4+ Enterocytes	0.0000	51
STK25	0.5397	LP|Post-capillary Venules	0.6388	51
STK3	0.6502	LP|RSPO3+	0.3008	51
STK31	0.9790	Epi|Tuft	0.0228	51
STK32C	0.7152	LP|CD69- Mast	0.2956	51
STK33	0.8302	LP|GC	0.0251	51
STK35	0.5516	Epi|M cells	0.1061	51
STK36	0.6775	LP|WNT2B+ Fos-lo 2	0.0493	51
STK38	0.8410	Epi|Tuft	1.0815	51
STK38L	0.5998	LP|DC2	0.3477	51
STK39	0.7383	LP|MT-hi	0.2918	51
STK4	0.7251	LP|CD4+ Memory	2.8460	51
STK4-AS1	0.9493	LP|NKs	0.0072	51
STK40	0.7023	LP|GC	0.4420	51
STMN1	0.8961	LP|Cycling B	16.5702	51
STMN2	0.9407	LP|WNT2B+ Fos-hi	6.8785	51
STMN3	0.7990	LP|RSPO3+	0.6525	51
STMND1	0.8982	Epi|Cycling TA	0.0600	51
STOM	0.8683	LP|Endothelial	5.7929	51
STOML1	0.7500	LP|Glia	0.2448	51
STOML2	0.5646	Epi|Cycling TA	2.1952	51
STON1	0.8514	LP|Glia	0.2240	51
STON2	0.8373	LP|Macrophages	0.0781	51
STOX1	0.8631	Epi|Enteroendocrine	0.0765	51
STOX2	0.8143	LP|Glia	0.1412	51
STPG1	0.7186	Epi|M cells	0.1819	51
STRA13	0.7530	Epi|Cycling TA	4.0386	51
STRA6	0.9814	LP|Inflammatory Fibroblasts	0.2739	51
STRADA	0.8028	Epi|Tuft	0.0227	51
STRADB	0.6660	Epi|Enterocyte Progenitors	0.3786	51
STRAP	0.4290	LP|GC	1.3702	51
STRBP	0.8289	LP|GC	0.8879	51
STRC	0.9733	Epi|Immature Goblet	0.0017	51
STRIP1	0.5815	Epi|Tuft	0.2057	51
STRIP2	0.8259	LP|Cycling B	0.0234	51
STRN	0.6173	Epi|M cells	0.1856	51
STRN3	0.6035	LP|Endothelial	0.3098	51
STRN4	0.7141	LP|Microvascular	0.3340	51
STS	0.7232	Epi|Enterocytes	0.1117	51
STT3A	0.4419	LP|Inflammatory Fibroblasts	0.2622	51
STT3B	0.6553	LP|Microvascular	1.0835	51
STUB1	0.6280	LP|CD69- Mast	2.9281	51
STX10	0.4619	LP|MT-hi	0.8254	51
STX11	0.8645	LP|Inflammatory Monocytes	2.2183	51
STX12	0.5173	LP|GC	0.5550	51
STX16	0.5097	LP|MT-hi	0.4663	51
STX17	0.8091	LP|CD69- Mast	0.7457	51
STX18	0.5030	LP|CD8+ IL17+	0.3242	51
STX18-AS1	0.8518	LP|NKs	0.0264	51
STX19	0.9103	Epi|Goblet	0.5325	51
STX1A	0.9548	Epi|Enteroendocrine	0.3367	51
STX1B	0.9018	LP|Post-capillary Venules	0.0181	51
STX2	0.7448	LP|Pericytes	0.2404	51
STX3	0.8982	LP|CD69+ Mast	1.9017	51
STX4	0.7035	Epi|M cells	1.2378	51
STX5	0.4202	LP|ILCs	0.6668	51
STX6	0.5805	Epi|M cells	0.2312	51
STX7	0.8255	LP|GC	2.0985	51
STX8	0.5740	LP|Myofibroblasts	1.2258	51
STXBP1	0.9272	LP|Microvascular	0.5530	51
STXBP2	0.8961	LP|Inflammatory Monocytes	5.1478	51
STXBP3	0.6034	Epi|M cells	0.4711	51
STXBP4	0.7497	LP|WNT5B+ 2	0.0623	51
STXBP5	0.8253	Epi|M cells	0.2041	51
STXBP5-AS1	0.9677	Epi|Goblet	0.2838	51
STXBP6	0.9275	LP|CD69+ Mast	1.9331	51
STYK1	0.8485	Epi|M cells	0.1294	51
STYX	0.7439	LP|MT-hi	0.4382	51
STYXL1	0.7370	LP|CD69- Mast	0.6786	51
SUB1	0.5722	LP|Cycling T	8.2219	51
SUCLA2	0.7045	LP|Glia	0.9456	51
SUCLG1	0.7204	Epi|TA 2	4.0642	51
SUCLG2	0.7841	Epi|Enterocyte Progenitors	3.1616	51
SUCO	0.5746	LP|CD8+ IL17+	0.2651	51
SUDS3	0.5221	Epi|Tuft	0.5536	51
SUFU	0.7744	LP|CD4+ PD1+	0.1690	51
SUGP1	0.4769	Epi|Tuft	0.2194	51
SUGP2	0.6774	Epi|Tuft	0.4941	51
SUGT1	0.4376	Epi|M cells	0.8925	51
SULF1	0.9277	LP|WNT5B+ 2	1.2121	51
SULF2	0.8411	Epi|M cells	1.0440	51
SULT1A1	0.8434	Epi|Immature Enterocytes 2	2.0085	51
SULT1A2	0.9405	Epi|Immature Enterocytes 1	1.9128	51
SULT1A3	0.6576	Epi|TA 1	0.0568	51
SULT1A4	0.9315	Epi|Enterocyte Progenitors	0.0047	51
SULT1B1	0.9071	Epi|Immature Enterocytes 2	1.2582	51
SULT1C2	0.8880	Epi|M cells	0.2026	51
SULT1C3	0.9850	Epi|Goblet	0.0051	51
SULT1C4	0.8876	LP|Myofibroblasts	0.0919	51
SULT1E1	0.9975	Epi|Best4+ Enterocytes	0.0753	51
SULT2A1	0.7874	Epi|TA 2	0.0040	51
SULT2B1	0.8477	LP|CD69- Mast	0.1324	51
SUMF1	0.6675	LP|RSPO3+	0.4792	51
SUMF2	0.5138	LP|Inflammatory Fibroblasts	0.8441	51
SUMO1	0.3841	LP|Microvascular	2.9841	51
SUMO2	0.4747	LP|Cycling B	7.2905	51
SUMO3	0.6250	LP|Cycling Monocytes	2.3736	51
SUMO4	0.7789	LP|ILCs	0.0185	51
SUN1	0.7071	LP|Endothelial	0.7956	51
SUN2	0.8377	LP|NKs	2.7108	51
SUOX	0.6972	LP|RSPO3+	0.1808	51
SUPT16H	0.6154	LP|Cycling T	0.7099	51
SUPT20H	0.4711	LP|WNT5B+ 2	0.3484	51
SUPT3H	0.7305	LP|CD8+ LP	0.3489	51
SUPT4H1	0.4025	LP|CD69+ Mast	1.7420	51
SUPT5H	0.5840	LP|MT-hi	0.7851	51
SUPT6H	0.6351	Epi|Tuft	0.3948	51
SUPT7L	0.5653	LP|CD4+ PD1+	0.3627	51
SUPV3L1	0.6114	LP|MT-hi	0.2209	51
SURF1	0.3433	LP|CD4+ PD1+	0.9277	51
SURF2	0.4363	LP|Cycling T	0.5032	51
SURF4	0.5743	LP|CD8+ IL17+	1.4000	51
SURF6	0.6619	Epi|M cells	0.3676	51
SUSD1	0.7968	LP|CD69- Mast	0.1765	51
SUSD2	0.9590	LP|Pericytes	0.1048	51
SUSD3	0.8499	LP|DC1	1.5516	51
SUSD4	0.9621	LP|CD8+ IL17+	0.1700	51
SUV39H1	0.8718	LP|Cycling T	0.1970	51
SUV39H2	0.8514	LP|Cycling T	0.2098	51
SUV420H1	0.4977	LP|MT-hi	0.4428	51
SUV420H2	0.7380	LP|Cycling T	0.3878	51
SUZ12	0.6071	LP|Cycling T	0.4981	51
SV2A	0.8034	LP|WNT5B+ 1	0.0981	51
SV2C	0.9655	Epi|Enterocyte Progenitors	0.0003	51
SVEP1	0.9468	LP|RSPO3+	0.8318	51
SVIL	0.8437	LP|Myofibroblasts	0.9814	51
SVIP	0.6017	LP|ILCs	1.2374	51
SVOPL	0.9808	LP|CD69- Mast	1.6693	51
SWAP70	0.9233	LP|GC	3.0081	51
SWI5	0.6154	LP|Microvascular	0.7180	51
SWSAP1	0.6009	LP|Microvascular	0.2833	51
SWT1	0.7881	LP|CD4+ PD1+	0.0895	51
SYAP1	0.5820	LP|CD69+ Mast	1.6077	51
SYBU	0.9148	LP|GC	0.4793	51
SYCE1	0.8689	LP|ILCs	0.0280	51
SYCE1L	0.7339	LP|WNT2B+ Fos-lo 2	0.3708	51
SYCE2	0.9410	LP|Cycling T	0.0503	51
SYCE3	0.8202	LP|Cycling T	0.0116	51
SYCP2	0.8403	LP|Pericytes	0.0609	51
SYCP3	0.7563	Epi|TA 1	0.0320	51
SYDE1	0.8917	LP|Pericytes	0.5772	51
SYDE2	0.8636	Epi|Enteroendocrine	0.1094	51
SYF2	0.6017	LP|CD4+ PD1+	3.6252	51
SYK	0.8429	LP|GC	1.0059	51
SYMPK	0.6884	Epi|Tuft	0.6253	51
SYN1	0.8548	LP|RSPO3+	0.0393	51
SYN3	0.9677	Epi|Immature Enterocytes 1	0.0070	51
SYNC	0.5545	Epi|Enteroendocrine	0.2356	51
SYNCRIP	0.4544	LP|Cycling B	0.9043	51
SYNDIG1	0.8992	LP|WNT2B+ Fos-lo 1	0.1566	51
SYNE1	0.6824	LP|NKs	0.4527	51
SYNE2	0.7179	LP|Endothelial	1.3605	51
SYNE3	0.8128	Epi|Tuft	0.1258	51
SYNE4	0.8604	Epi|Tuft	0.1602	51
SYNGAP1	0.7963	LP|ILCs	0.1800	51
SYNGR1	0.8936	LP|Glia	1.3679	51
SYNGR2	0.7482	Epi|M cells	3.9755	51
SYNGR3	0.8162	LP|GC	0.0423	51
SYNGR4	0.9697	Epi|Goblet	0.0055	51
SYNJ1	0.7725	LP|CD4+ PD1+	0.1221	51
SYNJ2	0.8056	LP|Endothelial	0.3387	51
SYNJ2BP	0.4820	LP|Microvascular	0.4336	51
SYNM	0.9778	LP|Glia	0.6840	51
SYNPO	0.9332	LP|Endothelial	2.1268	51
SYNPO2	0.9559	LP|Myofibroblasts	1.8007	51
SYNPO2L	0.8254	LP|MT-hi	0.0662	51
SYNPR	0.9954	Epi|Enteroendocrine	0.0020	51
SYNPR-AS1	0.9355	Epi|Immature Enterocytes 2	0.0035	51
SYNRG	0.6949	LP|CD8+ IL17+	0.8019	51
SYP	0.8975	Epi|Enteroendocrine	0.4423	51
SYPL1	0.8003	LP|GC	4.8102	51
SYS1	0.5965	LP|CD8+ IL17+	0.7013	51
SYT1	0.9383	Epi|Enteroendocrine	0.1099	51
SYT10	0.9828	LP|Myofibroblasts	0.3665	51
SYT11	0.9157	LP|Glia	0.7333	51
SYT12	0.7959	LP|CD8+ IELs	0.0148	51
SYT13	0.9847	Epi|Enteroendocrine	1.0827	51
SYT15	0.9432	LP|Post-capillary Venules	0.3348	51
SYT17	0.8955	LP|GC	0.2733	51
SYT2	0.9841	Epi|Tuft	0.0095	51
SYT5	0.9353	Epi|Enteroendocrine	0.2619	51
SYT7	0.9753	Epi|Goblet	0.6478	51
SYT8	0.9005	Epi|M cells	0.0417	51
SYTL1	0.8459	LP|NKs	1.5066	51
SYTL2	0.9289	Epi|Goblet	2.7017	51
SYTL3	0.8389	LP|MT-hi	1.6418	51
SYTL4	0.8270	Epi|Goblet	0.3808	51
SYTL5	0.9882	Epi|Goblet	0.3809	51
SYVN1	0.8866	LP|GC	1.1259	51
SZRD1	0.3914	LP|Cycling T	0.6722	51
SZT2	0.7638	LP|MT-hi	0.2593	51
TAB1	0.6993	LP|Glia	0.1796	51
TAB2	0.6315	LP|Tregs	0.3871	51
TAB3	0.9240	LP|CD69- Mast	0.6400	51
TAC1	0.9760	LP|Glia	0.1417	51
TAC3	0.9109	LP|WNT2B+ Fos-hi	0.7203	51
TACC1	0.8031	LP|Microvascular	2.5754	51
TACC2	0.7446	Epi|M cells	0.4137	51
TACC3	0.8984	LP|Cycling B	1.3093	51
TACO1	0.7272	LP|CD69- Mast	0.5965	51
TACR2	0.9535	LP|Myofibroblasts	0.0438	51
TACSTD2	0.9680	LP|DC1	1.1084	51
TADA1	0.6869	LP|Glia	0.0920	51
TADA2A	0.7662	LP|MT-hi	0.2439	51
TADA2B	0.6605	LP|CD69- Mast	0.1478	51
TADA3	0.5503	LP|Cycling T	1.0500	51
TAF1	0.5974	LP|Endothelial	0.2001	51
TAF10	0.5147	LP|DC2	0.5301	51
TAF11	0.4265	LP|CD69- Mast	0.5968	51
TAF12	0.5271	LP|CD8+ IL17+	1.0412	51
TAF13	0.6639	LP|Inflammatory Monocytes	0.3019	51
TAF15	0.5095	Epi|Cycling TA	0.7603	51
TAF1A	0.7824	LP|Glia	0.1623	51
TAF1B	0.6266	LP|WNT5B+ 1	0.2369	51
TAF1C	0.7990	LP|Endothelial	0.3492	51
TAF1D	0.6707	LP|GC	2.0205	51
TAF2	0.5947	LP|Pericytes	0.1992	51
TAF3	0.8878	LP|CD69- Mast	1.8519	51
TAF4	0.4479	LP|Endothelial	0.0788	51
TAF4B	0.7025	LP|Follicular	0.0862	51
TAF5	0.7725	LP|Cycling T	0.1385	51
TAF5L	0.6116	LP|Pericytes	0.1011	51
TAF6	0.5511	LP|Pericytes	0.4162	51
TAF6L	0.8378	LP|CD69- Mast	0.4584	51
TAF7	0.5776	LP|ILCs	2.0988	51
TAF8	0.8324	LP|CD69- Mast	0.6786	51
TAF9	0.5050	LP|Cycling B	1.9273	51
TAF9B	0.6846	LP|Myofibroblasts	0.3109	51
TAGAP	0.7832	LP|CD4+ Activated Fos-hi	2.5531	51
TAGLN	0.9846	LP|Myofibroblasts	77.2985	51
TAGLN2	0.5663	LP|Post-capillary Venules	9.1432	51
TAL1	0.9590	LP|CD69+ Mast	0.3006	51
TALDO1	0.5813	LP|Glia	3.4157	51
TAMM41	0.5369	LP|CD69- Mast	0.1765	51
TANC1	0.7864	LP|WNT2B+ Fos-lo 2	0.4587	51
TANC2	0.8708	Epi|Tuft	0.2531	51
TANGO2	0.6990	LP|CD69- Mast	0.3014	51
TANGO6	0.6821	LP|Glia	0.0990	51
TANK	0.6918	LP|CD8+ IL17+	1.7389	51
TAOK1	0.5404	LP|Endothelial	0.4303	51
TAOK2	0.7744	LP|Endothelial	0.4778	51
TAOK3	0.5350	LP|CD69+ Mast	1.0844	51
TAP1	0.7704	LP|DC1	2.9735	51
TAP2	0.7063	LP|DC1	0.8500	51
TAPBP	0.5316	Epi|M cells	2.4289	51
TAPBPL	0.5345	Epi|Enterocytes	0.7054	51
TAPSAR1	0.6992	LP|NKs	1.4756	51
TAPT1	0.5690	LP|MT-hi	0.1223	51
TAPT1-AS1	0.7618	Epi|M cells	0.1944	51
TARBP1	0.6521	Epi|Stem	0.1983	51
TARBP2	0.7637	LP|CD69- Mast	0.4377	51
TARDBP	0.4605	Epi|M cells	0.7587	51
TARS	0.4063	LP|Myofibroblasts	0.3751	51
TARS2	0.6802	Epi|Tuft	0.2533	51
TARSL2	0.6874	LP|Glia	0.3906	51
TAS1R3	0.9984	Epi|Tuft	1.7430	51
TAS2R14	0.8864	LP|MT-hi	0.0979	51
TAS2R30	0.9684	Epi|Tuft	0.0144	51
TAS2R31	0.8773	LP|Inflammatory Fibroblasts	0.0016	51
TASP1	0.6926	LP|ILCs	0.2731	51
TAT	0.9846	Epi|Immature Enterocytes 1	0.0045	51
TATDN1	0.4377	LP|RSPO3+	0.5209	51
TATDN2	0.5821	LP|MT-hi	0.1580	51
TATDN3	0.7132	LP|MT-hi	0.3299	51
TAX1BP1	0.3809	Epi|M cells	1.5102	51
TAX1BP3	0.7402	Epi|Enterocytes	3.3250	51
TAZ	0.5357	LP|MT-hi	0.2997	51
TBC1D1	0.7824	LP|Endothelial	0.8791	51
TBC1D10A	0.7557	LP|CD69- Mast	0.6786	51
TBC1D10B	0.5972	Epi|Tuft	0.2227	51
TBC1D10C	0.8180	LP|NKs	2.7078	51
TBC1D12	0.7220	LP|RSPO3+	0.2319	51
TBC1D13	0.6426	LP|CD69- Mast	0.1765	51
TBC1D14	0.6419	LP|CD69- Mast	0.2798	51
TBC1D15	0.7590	LP|Microvascular	0.7734	51
TBC1D16	0.7607	LP|WNT2B+ Fos-lo 2	0.2073	51
TBC1D17	0.6445	LP|Glia	0.5312	51
TBC1D19	0.7084	Epi|Enteroendocrine	0.2260	51
TBC1D2	0.8226	Epi|Enterocytes	0.2580	51
TBC1D20	0.4918	LP|Microvascular	0.2824	51
TBC1D22A	0.7609	LP|GC	0.5971	51
TBC1D22B	0.7016	Epi|M cells	0.1316	51
TBC1D23	0.4727	LP|Microvascular	0.2363	51
TBC1D24	0.8648	Epi|M cells	0.1706	51
TBC1D25	0.7411	LP|CD4+ PD1+	0.2164	51
TBC1D29	0.8732	Epi|Enteroendocrine	0.0083	51
TBC1D2B	0.7816	Epi|Tuft	0.8905	51
TBC1D30	0.8445	LP|Post-capillary Venules	0.0925	51
TBC1D31	0.8828	LP|ILCs	0.3878	51
TBC1D32	0.8648	Epi|Tuft	0.1852	51
TBC1D3P1-DHX40P1	0.9566	Epi|Immature Goblet	0.0016	51
TBC1D4	0.9317	LP|Tregs	1.6529	51
TBC1D5	0.5036	LP|Endothelial	0.2440	51
TBC1D7	0.5891	LP|CD69- Mast	0.3822	51
TBC1D8	0.9117	LP|Microvascular	0.2783	51
TBC1D8B	0.8375	Epi|M cells	0.2199	51
TBC1D9	0.8504	LP|DC2	0.4206	51
TBC1D9B	0.4818	LP|Microvascular	0.2580	51
TBCA	0.5195	LP|GC	4.0089	51
TBCB	0.6738	LP|Glia	3.9481	51
TBCC	0.7323	LP|MT-hi	1.8471	51
TBCCD1	0.7392	LP|MT-hi	0.1389	51
TBCD	0.9150	LP|Microvascular	1.5770	51
TBCE	0.5929	LP|CD8+ IL17+	0.1612	51
TBCEL	0.6207	LP|ILCs	0.0709	51
TBCK	0.5320	Epi|M cells	0.0955	51
TBK1	0.8028	LP|CD69- Mast	0.7149	51
TBKBP1	0.8545	LP|Microvascular	0.1352	51
TBL1X	0.6705	LP|CD69- Mast	0.2283	51
TBL1XR1	0.7226	Epi|M cells	1.1837	51
TBL2	0.5920	LP|RSPO3+	0.2943	51
TBL3	0.6342	LP|Glia	0.3387	51
TBP	0.6203	Epi|Enteroendocrine	0.2035	51
TBPL1	0.7317	LP|CD69- Mast	1.3058	51
TBPL2	0.7876	LP|DC1	0.0088	51
TBRG1	0.4670	LP|CD69- Mast	0.6677	51
TBRG4	0.6786	Epi|M cells	0.7378	51
TBX10	0.9946	Epi|Goblet	1.9285	51
TBX19	0.7794	LP|WNT2B+ Fos-lo 2	0.0346	51
TBX2	0.9476	LP|Pericytes	1.3044	51
TBX21	0.9648	LP|NKs	1.1508	51
TBX3	0.8815	LP|Glia	0.7638	51
TBX4	0.9631	Epi|Best4+ Enterocytes	0.0013	51
TBX6	0.8528	Epi|Tuft	0.0783	51
TBXA2R	0.9492	LP|Microvascular	0.3855	51
TBXAS1	0.8376	LP|Cycling Monocytes	1.0354	51
TC2N	0.7694	LP|CD8+ LP	0.9717	51
TCAIM	0.4492	LP|Cycling T	0.1519	51
TCAP	0.8760	Epi|Tuft	0.0310	51
TCEA1	0.8355	LP|GC	4.9559	51
TCEA2	0.7391	LP|Glia	0.8189	51
TCEA3	0.8256	Epi|Immature Goblet	2.2768	51
TCEAL1	0.8585	LP|Myofibroblasts	1.4858	51
TCEAL2	0.9595	LP|RSPO3+	0.0454	51
TCEAL3	0.8090	LP|Myofibroblasts	1.1803	51
TCEAL4	0.8629	LP|Myofibroblasts	4.9392	51
TCEAL7	0.8841	LP|Glia	0.8559	51
TCEAL8	0.6039	LP|Microvascular	1.9540	51
TCEANC	0.7036	LP|MT-hi	0.0861	51
TCEANC2	0.6031	LP|Cycling B	0.0624	51
TCEB1	0.4959	LP|Glia	2.3198	51
TCEB2	0.4908	Epi|M cells	9.8090	51
TCEB3	0.7448	LP|CD69- Mast	0.5934	51
TCERG1	0.7534	LP|CD69- Mast	0.8016	51
TCF12	0.8490	Epi|M cells	0.7974	51
TCF19	0.9047	LP|Cycling T	0.5807	51
TCF20	0.6912	Epi|Tuft	0.2475	51
TCF21	0.9097	LP|WNT2B+ Fos-lo 1	8.8866	51
TCF25	0.4247	Epi|Tuft	1.8188	51
TCF3	0.7626	LP|Cycling B	0.3269	51
TCF4	0.8512	LP|Endothelial	4.3903	51
TCF7	0.8520	LP|CD4+ PD1+	1.7428	51
TCF7L1	0.8475	LP|Myofibroblasts	0.2382	51
TCF7L2	0.7959	Epi|Enterocytes	1.0623	51
TCFL5	0.7763	Epi|Tuft	0.0535	51
TCHH	0.9328	LP|DC2	0.0356	51
TCHP	0.7565	LP|CD69- Mast	0.3974	51
TCIRG1	0.6962	LP|Inflammatory Monocytes	0.9316	51
TCL1A	0.9769	LP|GC	11.2844	51
TCL6	0.9991	Epi|Tuft	0.0798	51
TCN1	0.9523	Epi|Enterocytes	0.0281	51
TCN2	0.8825	LP|Post-capillary Venules	1.1483	51
TCOF1	0.6324	LP|DC1	0.4804	51
TCP1	0.4540	LP|Cycling B	1.6939	51
TCP10	0.9387	Epi|Enterocytes	0.0010	51
TCP10L	0.8377	Epi|Tuft	0.0205	51
TCP10L2	0.9883	Epi|Stem	0.0018	51
TCP11L1	0.5949	LP|Microvascular	0.0881	51
TCP11L2	0.6939	Epi|Goblet	0.1185	51
TCTA	0.5123	LP|NKs	0.3156	51
TCTEX1D1	0.9386	LP|CD69- Mast	0.2425	51
TCTEX1D2	0.7942	LP|Cycling T	0.4819	51
TCTEX1D4	0.9628	Epi|Goblet	0.0195	51
TCTN1	0.8332	LP|CD69- Mast	0.6849	51
TCTN2	0.8248	LP|Pericytes	0.0788	51
TCTN3	0.7822	LP|ILCs	1.2469	51
TDG	0.5903	LP|ILCs	0.9077	51
TDGF1	0.9234	Epi|Stem	0.2137	51
TDO2	0.9433	LP|RSPO3+	1.7882	51
TDP1	0.7686	LP|Cycling T	0.2868	51
TDP2	0.8590	Epi|Enterocyte Progenitors	4.3687	51
TDRD1	0.9403	Epi|TA 1	0.0033	51
TDRD3	0.7899	LP|CD69+ Mast	0.5126	51
TDRD5	0.8771	Epi|Goblet	0.0053	51
TDRD6	0.8273	LP|WNT2B+ Fos-lo 1	0.0125	51
TDRD7	0.8255	LP|CD69- Mast	0.2301	51
TDRD9	0.9947	Epi|M cells	0.0149	51
TDRKH	0.8457	LP|ILCs	0.1176	51
TDRP	0.9238	LP|Microvascular	0.3647	51
TEAD1	0.8270	LP|Myofibroblasts	0.5345	51
TEAD2	0.8897	LP|Pericytes	0.7368	51
TEAD3	0.8474	LP|Myofibroblasts	0.4539	51
TEAD4	0.9146	LP|Endothelial	0.3780	51
TEC	0.9126	LP|CD69- Mast	0.1324	51
TECPR1	0.7122	LP|Endothelial	0.3113	51
TECPR2	0.6779	LP|Myofibroblasts	0.1193	51
TECR	0.5013	LP|Glia	2.3397	51
TEF	0.7330	LP|Glia	0.1906	51
TEFM	0.4759	LP|Glia	0.1818	51
TEK	0.9636	LP|Microvascular	0.9878	51
TEKT3	0.9428	LP|WNT2B+ Fos-lo 1	0.1882	51
TEKT4	0.8780	LP|Pericytes	0.0633	51
TEKT5	0.9626	Epi|Enterocyte Progenitors	0.0127	51
TELO2	0.5173	LP|Glia	0.2093	51
TEN1-CDK3	0.9899	Epi|Enterocytes	0.0006	51
TENC1	0.8965	LP|Pericytes	1.3225	51
TENM2	0.9837	Epi|Stem	0.0023	51
TENM3	0.9954	LP|Glia	0.4272	51
TENM4	0.9648	LP|Inflammatory Fibroblasts	0.0514	51
TEP1	0.8114	Epi|Goblet	0.2335	51
TEPP	0.8717	LP|Pericytes	0.0565	51
TERC	0.9887	Epi|TA 1	0.0017	51
TERF1	0.6105	LP|Glia	0.9351	51
TERF2	0.9054	LP|GC	0.7815	51
TERF2IP	0.7537	LP|GC	4.2598	51
TERT	0.9571	Epi|Stem	0.0181	51
TES	0.7240	LP|Myofibroblasts	1.0582	51
TESC	0.9051	Epi|M cells	2.1559	51
TESK1	0.7327	LP|MT-hi	0.2454	51
TESK2	0.7880	LP|CD69- Mast	0.1648	51
TESPA1	0.9500	LP|CD69- Mast	2.0053	51
TET1	0.9051	LP|RSPO3+	0.2918	51
TET2	0.8300	LP|Inflammatory Monocytes	0.5425	51
TET3	0.8321	LP|Inflammatory Monocytes	0.1706	51
TEX10	0.6603	LP|GC	0.1677	51
TEX101	0.9413	Epi|Enterocyte Progenitors	0.0129	51
TEX11	0.9089	Epi|Immature Enterocytes 2	0.2288	51
TEX12	0.9421	Epi|TA 1	0.0018	51
TEX14	0.9124	LP|Plasma	0.1685	51
TEX2	0.7324	Epi|Enteroendocrine	0.1209	51
TEX22	0.9379	LP|Cycling Monocytes	0.0730	51
TEX26-AS1	0.7962	Epi|Goblet	0.0163	51
TEX261	0.5359	LP|Glia	0.2778	51
TEX264	0.5768	LP|CD69- Mast	1.6282	51
TEX29	0.9569	LP|Inflammatory Fibroblasts	0.0623	51
TEX30	0.8643	LP|ILCs	1.3504	51
TEX9	0.9006	LP|GC	0.1899	51
TFAM	0.5502	LP|Cycling B	0.5743	51
TFAP2A	0.9986	LP|Glia	1.4109	51
TFAP2A-AS1	0.9908	Epi|TA 1	0.0008	51
TFAP2C	0.9618	LP|Inflammatory Fibroblasts	0.1462	51
TFAP2E	0.9425	LP|GC	0.0291	51
TFAP4	0.5783	LP|WNT5B+ 2	0.1561	51
TFB1M	0.6067	LP|MT-hi	0.2780	51
TFB2M	0.4028	Epi|Stem	0.1843	51
TFCP2	0.4772	LP|Pericytes	0.1787	51
TFCP2L1	0.8590	Epi|Tuft	0.6667	51
TFDP1	0.8136	LP|Cycling B	1.6544	51
TFDP2	0.7368	LP|CD69- Mast	0.7457	51
TFE3	0.5666	LP|WNT5B+ 2	0.1835	51
TFEB	0.8769	LP|GC	0.7814	51
TFEC	0.9471	LP|Macrophages	0.3834	51
TFF1	0.9818	Epi|Goblet	65.9212	51
TFF2	0.9858	Epi|Goblet	0.7641	51
TFF3	0.9687	Epi|Immature Goblet	405.0311	51
TFG	0.5402	LP|WNT5B+ 1	1.3363	51
TFIP11	0.5390	LP|GC	0.2417	51
TFPI	0.9178	LP|Pericytes	4.2919	51
TFPI2	0.9841	LP|Inflammatory Fibroblasts	7.8677	51
TFPT	0.6852	LP|Cycling Monocytes	0.8501	51
TFR2	0.8600	LP|MT-hi	0.0457	51
TFRC	0.7276	LP|Macrophages	0.8029	51
TG	0.9451	LP|Inflammatory Fibroblasts	0.0142	51
TGDS	0.5725	LP|Glia	0.2122	51
TGFA	0.9117	Epi|M cells	0.2794	51
TGFB1	0.8393	LP|NKs	3.8644	51
TGFB1I1	0.9269	LP|Myofibroblasts	4.6208	51
TGFB3	0.9304	LP|Pericytes	0.2196	51
TGFBI	0.9282	LP|Inflammatory Fibroblasts	7.8357	51
TGFBR1	0.6613	LP|NKs	0.2925	51
TGFBR2	0.9188	LP|Endothelial	6.0856	51
TGFBR3	0.9279	LP|Myofibroblasts	1.0185	51
TGFBR3L	0.8419	LP|Plasma	0.1035	51
TGFBRAP1	0.7604	LP|MT-hi	0.1667	51
TGIF1	0.6168	LP|Follicular	1.3387	51
TGIF2	0.6493	LP|GC	0.2945	51
TGM1	0.9165	LP|CD69+ Mast	0.0101	51
TGM2	0.9202	LP|Myofibroblasts	1.3426	51
TGM3	0.9966	Epi|Enteroendocrine	0.1639	51
TGM4	0.9916	Epi|TA 1	0.0042	51
TGOLN2	0.5991	Epi|Tuft	1.5797	51
TGS1	0.7100	LP|CD69- Mast	0.6400	51
TH	0.9809	Epi|Stem	0.0015	51
THADA	0.8014	LP|CD4+ PD1+	0.4551	51
THAP1	0.5365	LP|Glia	0.3769	51
THAP10	0.8319	LP|ILCs	0.0961	51
THAP11	0.6871	LP|NKs	0.6563	51
THAP2	0.7819	LP|Plasma	0.6449	51
THAP3	0.6139	LP|Glia	0.3080	51
THAP4	0.8005	LP|CD69- Mast	1.0917	51
THAP5	0.4618	LP|Glia	0.2363	51
THAP6	0.5140	LP|WNT2B+ Fos-lo 1	0.1869	51
THAP7	0.6495	LP|MT-hi	0.8271	51
THAP7-AS1	0.6106	LP|Glia	0.0738	51
THAP8	0.8857	LP|Glia	0.3640	51
THAP9	0.6765	LP|ILCs	0.0343	51
THAP9-AS1	0.6017	LP|CD69- Mast	0.5855	51
THBD	0.9331	LP|Microvascular	1.8217	51
THBS1	0.8684	LP|CD69+ Mast	2.4512	51
THBS2	0.9725	LP|Inflammatory Fibroblasts	0.8128	51
THBS3	0.8531	LP|RSPO3+	0.3183	51
THEM4	0.6919	LP|Tregs	0.3880	51
THEM6	0.6103	LP|MT-hi	0.2067	51
THEMIS	0.9073	LP|CD8+ IL17+	0.6357	51
THEMIS2	0.8798	LP|DC2	1.2122	51
THG1L	0.4723	Epi|Cycling TA	0.2594	51
THNSL1	0.8685	LP|CD69- Mast	0.1765	51
THNSL2	0.8469	LP|Glia	0.3565	51
THOC1	0.6187	LP|Glia	0.3106	51
THOC2	0.4388	LP|MT-hi	0.7226	51
THOC3	0.6456	Epi|Cycling TA	0.8195	51
THOC5	0.8640	Epi|Tuft	0.8562	51
THOC6	0.6834	LP|CD69- Mast	0.8935	51
THOC7	0.4748	LP|CD4+ PD1+	1.4147	51
THOP1	0.8041	Epi|Immature Enterocytes 2	1.0602	51
THRA	0.7507	LP|Glia	0.5990	51
THRAP3	0.5121	LP|Cycling B	1.4177	51
THRB	0.8317	Epi|Enterocytes	0.2129	51
THRB-AS1	0.9616	Epi|M cells	0.0055	51
THRB-IT1	0.9522	Epi|M cells	0.1347	51
THSD1	0.9668	LP|Endothelial	0.3655	51
THSD4	0.9395	LP|Myofibroblasts	1.0364	51
THSD7A	0.9744	LP|Endothelial	0.6021	51
THUMPD1	0.5135	LP|ILCs	0.6038	51
THUMPD2	0.5410	LP|WNT5B+ 1	0.1991	51
THUMPD3	0.5804	LP|Cycling T	0.3412	51
THY1	0.9310	LP|Pericytes	8.9230	51
THYN1	0.5357	LP|Myofibroblasts	1.2511	51
TIA1	0.6023	Epi|Tuft	0.6195	51
TIAF1	0.8080	LP|DC1	0.0087	51
TIAL1	0.5973	LP|Cycling T	0.8860	51
TIAM1	0.8571	LP|ILCs	0.3161	51
TIAM2	0.9300	LP|CD69- Mast	0.6247	51
TICAM1	0.8516	Epi|Enterocytes	0.7732	51
TICRR	0.9521	LP|Cycling Monocytes	0.0597	51
TIE1	0.9533	LP|Endothelial	1.1799	51
TIFA	0.8016	LP|Cycling B	1.1647	51
TIFAB	0.9604	LP|DC1	0.3461	51
TIGD1	0.5818	LP|CD4+ Memory	0.0508	51
TIGD2	0.8515	Epi|M cells	0.0974	51
TIGD3	0.8702	LP|DC1	0.0594	51
TIGD4	0.8657	LP|CD69+ Mast	0.0041	51
TIGD5	0.8013	Epi|Enteroendocrine	0.0420	51
TIGD6	0.7460	Epi|M cells	0.0945	51
TIGD7	0.8559	LP|ILCs	0.0765	51
TIGIT	0.9504	LP|Tregs	4.4617	51
TIMD4	0.9661	LP|Cycling T	0.2008	51
TIMELESS	0.8538	LP|Cycling B	0.2419	51
TIMM10	0.6277	LP|Cycling B	1.3933	51
TIMM10B	0.5306	LP|GC	0.4945	51
TIMM13	0.6650	Epi|Cycling TA	4.6938	51
TIMM17A	0.3930	LP|Inflammatory Fibroblasts	0.8768	51
TIMM17B	0.4020	Epi|Enteroendocrine	0.9484	51
TIMM21	0.8139	LP|CD69- Mast	0.6849	51
TIMM22	0.6253	LP|WNT5B+ 2	0.5870	51
TIMM23	0.4902	LP|Cycling B	0.3257	51
TIMM44	0.5105	Epi|Cycling TA	0.3820	51
TIMM50	0.5224	Epi|Cycling TA	0.5962	51
TIMM8A	0.6787	Epi|Cycling TA	0.3015	51
TIMM8B	0.4500	Epi|Cycling TA	2.1320	51
TIMM9	0.5647	LP|CD69- Mast	0.7457	51
TIMMDC1	0.6208	LP|Post-capillary Venules	1.2560	51
TIMP1	0.8973	LP|Inflammatory Fibroblasts	56.9433	51
TIMP2	0.8820	LP|Myofibroblasts	4.5796	51
TIMP3	0.9236	LP|Glia	10.2014	51
TIMP4	0.9868	LP|Glia	1.4728	51
TINAG	0.9578	Epi|M cells	0.9667	51
TINAGL1	0.9408	LP|Pericytes	5.0330	51
TINCR	0.8571	Epi|Immature Enterocytes 2	0.0850	51
TINF2	0.6274	LP|CD8+ IL17+	0.9431	51
TIPARP	0.9109	LP|ILCs	3.1082	51
TIPARP-AS1	0.7776	Epi|Tuft	0.1266	51
TIPIN	0.5778	LP|Cycling B	0.4751	51
TIPRL	0.5259	LP|Cycling B	0.6322	51
TIRAP	0.6142	LP|Glia	0.0711	51
TJAP1	0.5090	LP|Pericytes	0.1630	51
TJP1	0.8687	LP|Endothelial	1.2587	51
TJP2	0.7807	Epi|Tuft	0.6722	51
TJP3	0.8895	Epi|Enterocytes	2.0282	51
TK1	0.9350	LP|Cycling B	3.2094	51
TK2	0.6925	Epi|Tuft	0.2513	51
TKT	0.7732	LP|Inflammatory Monocytes	3.8334	51
TLCD1	0.8816	LP|ILCs	0.4128	51
TLCD2	0.8960	Epi|Enterocytes	0.0434	51
TLDC1	0.8746	Epi|M cells	0.3780	51
TLDC2	0.8663	Epi|Best4+ Enterocytes	0.1244	51
TLE1	0.8586	LP|Pericytes	1.3824	51
TLE2	0.7113	Epi|Stem	0.2252	51
TLE3	0.7283	LP|MT-hi	0.8107	51
TLE4	0.7548	Epi|Tuft	1.6164	51
TLE6	0.6930	Epi|Enteroendocrine	0.0238	51
TLK1	0.7222	LP|Tregs	0.8117	51
TLK2	0.5738	LP|GC	0.2174	51
TLL1	0.9977	LP|Post-capillary Venules	0.4833	51
TLL2	0.9184	LP|WNT5B+ 1	0.0834	51
TLN1	0.6804	LP|Pericytes	1.7469	51
TLN2	0.7510	LP|WNT2B+ Fos-lo 2	0.2883	51
TLR1	0.8341	LP|Inflammatory Monocytes	0.1840	51
TLR10	0.9613	LP|GC	0.9391	51
TLR2	0.9658	LP|Inflammatory Monocytes	0.5271	51
TLR3	0.8543	Epi|Enterocytes	0.2391	51
TLR4	0.9453	LP|Inflammatory Monocytes	0.3540	51
TLR5	0.8930	LP|Macrophages	0.1165	51
TLR6	0.8553	LP|Inflammatory Monocytes	0.0985	51
TLR7	0.9102	LP|Macrophages	0.1647	51
TLR8	0.9719	LP|Inflammatory Monocytes	0.2483	51
TLX1	0.9298	Epi|Goblet	0.0004	51
TM2D1	0.7397	LP|CD69- Mast	2.1307	51
TM2D2	0.7622	LP|Microvascular	1.3325	51
TM2D3	0.5790	LP|RSPO3+	1.2791	51
TM4SF1	0.9255	LP|Endothelial	16.6193	51
TM4SF1-AS1	0.9193	Epi|Goblet	0.0383	51
TM4SF18	0.9853	LP|Microvascular	5.2198	51
TM4SF19-AS1	0.8682	LP|Glia	0.0117	51
TM4SF20	0.9791	Epi|Enterocytes	0.8164	51
TM4SF4	0.9404	Epi|Enteroendocrine	0.0539	51
TM4SF5	0.9515	Epi|Goblet	2.8342	51
TM6SF1	0.9482	LP|CD69- Mast	0.8412	51
TM6SF2	0.9490	Epi|Immature Enterocytes 1	0.2652	51
TM7SF2	0.7922	Epi|Enteroendocrine	0.3855	51
TM7SF3	0.8415	Epi|M cells	1.5761	51
TM9SF1	0.6850	LP|Glia	0.1532	51
TM9SF2	0.5929	Epi|M cells	1.3755	51
TM9SF3	0.6216	Epi|Immature Goblet	1.4558	51
TM9SF4	0.6938	Epi|M cells	0.4127	51
TMA16	0.5963	LP|Myofibroblasts	0.6780	51
TMA7	0.3061	LP|Cycling T	8.9355	51
TMBIM1	0.7966	Epi|Enterocytes	2.2192	51
TMBIM4	0.5559	LP|Glia	3.7999	51
TMBIM6	0.5160	Epi|Enterocytes	7.6768	51
TMC4	0.7771	Epi|Immature Enterocytes 2	1.1520	51
TMC5	0.8882	Epi|Enterocytes	1.2569	51
TMC6	0.7188	LP|GC	1.2371	51
TMC7	0.8097	LP|Endothelial	0.1276	51
TMC8	0.7705	LP|NKs	0.6915	51
TMCC1	0.5892	Epi|Tuft	0.1192	51
TMCC1-AS1	0.7985	LP|Cycling Monocytes	0.0454	51
TMCC2	0.9079	LP|Glia	0.0375	51
TMCC3	0.8941	Epi|Enterocytes	0.8109	51
TMCO1	0.3723	Epi|Enterocytes	1.9285	51
TMCO3	0.7141	Epi|Goblet	0.5442	51
TMCO4	0.8215	Epi|Tuft	0.3534	51
TMCO6	0.6597	LP|CD4+ PD1+	0.1499	51
TMED1	0.7350	LP|WNT5B+ 2	1.0225	51
TMED10	0.4756	LP|CD69- Mast	2.6797	51
TMED2	0.3970	LP|CD69+ Mast	2.8220	51
TMED3	0.6120	Epi|Immature Goblet	1.4382	51
TMED4	0.5341	LP|Glia	1.0940	51
TMED5	0.5318	LP|CD69- Mast	0.6576	51
TMED6	0.9551	Epi|M cells	0.4668	51
TMED7	0.5114	LP|Pericytes	0.5961	51
TMED8	0.9219	LP|GC	0.9567	51
TMED9	0.5062	LP|Microvascular	3.1591	51
TMEM100	0.9130	LP|WNT5B+ 1	1.2951	51
TMEM101	0.5248	LP|Inflammatory Fibroblasts	0.5915	51
TMEM102	0.6944	LP|NKs	0.2061	51
TMEM104	0.8745	LP|MT-hi	0.2360	51
TMEM105	0.8815	Epi|Tuft	0.0285	51
TMEM106A	0.6719	LP|Macrophages	0.1996	51
TMEM106B	0.7097	Epi|M cells	0.9738	51
TMEM106C	0.8056	Epi|M cells	3.0065	51
TMEM107	0.6651	LP|Inflammatory Monocytes	0.6333	51
TMEM108	0.9188	LP|Pericytes	0.0713	51
TMEM109	0.7579	LP|Microvascular	2.2604	51
TMEM11	0.4749	LP|Microvascular	0.6969	51
TMEM110	0.6175	LP|CD8+ IL17+	0.0511	51
TMEM115	0.6173	LP|Pericytes	0.5527	51
TMEM116	0.6455	LP|Cycling T	0.1710	51
TMEM117	0.7181	Epi|Best4+ Enterocytes	0.0711	51
TMEM119	0.9468	LP|WNT5B+ 2	3.0495	51
TMEM120B	0.7892	LP|NKs	0.3893	51
TMEM121	0.7418	LP|Endothelial	0.1573	51
TMEM123	0.6925	LP|GC	3.2860	51
TMEM125	0.8220	Epi|M cells	0.6585	51
TMEM126A	0.4088	LP|Cycling T	0.7387	51
TMEM126B	0.4567	LP|Glia	0.9091	51
TMEM127	0.7749	Epi|Enterocytes	0.7638	51
TMEM128	0.6483	LP|Glia	0.6287	51
TMEM129	0.5961	LP|GC	0.4107	51
TMEM130	0.9534	LP|CD8+ IL17+	0.0226	51
TMEM131	0.6002	LP|GC	0.3496	51
TMEM132A	0.9466	LP|Inflammatory Fibroblasts	0.4471	51
TMEM132B	0.9721	LP|Glia	0.1459	51
TMEM132C	0.9728	Epi|Secretory TA	0.0010	51
TMEM133	0.9388	LP|Pericytes	0.1525	51
TMEM134	0.4610	LP|CD4+ PD1+	1.0235	51
TMEM135	0.7618	Epi|Enteroendocrine	0.1653	51
TMEM136	0.8426	LP|Pericytes	0.2386	51
TMEM138	0.5159	LP|Cycling Monocytes	0.4469	51
TMEM139	0.8840	Epi|Immature Enterocytes 2	0.3663	51
TMEM140	0.7974	LP|Glia	0.6059	51
TMEM141	0.7666	Epi|Enterocyte Progenitors	5.7079	51
TMEM143	0.5965	LP|NKs	0.0616	51
TMEM144	0.7602	Epi|Enterocytes	0.1878	51
TMEM145	0.9265	LP|DC1	0.0072	51
TMEM147	0.4831	LP|Inflammatory Fibroblasts	2.3165	51
TMEM14A	0.7572	LP|Glia	1.9701	51
TMEM14B	0.4881	LP|CD8+ IL17+	2.1837	51
TMEM14C	0.5580	LP|Cycling Monocytes	2.7789	51
TMEM150A	0.8305	LP|Microvascular	0.6253	51
TMEM150B	0.9421	Epi|Immature Enterocytes 1	0.3347	51
TMEM150C	0.8999	LP|Microvascular	0.6436	51
TMEM154	0.9354	LP|CD69- Mast	1.8811	51
TMEM156	0.9097	LP|GC	1.3623	51
TMEM158	0.9382	LP|Inflammatory Fibroblasts	0.5974	51
TMEM159	0.6204	LP|GC	0.2903	51
TMEM160	0.5027	LP|Cycling Monocytes	2.0880	51
TMEM161A	0.6160	LP|RSPO3+	0.2989	51
TMEM161B	0.6589	LP|MT-hi	0.1599	51
TMEM161B-AS1	0.5277	LP|Glia	0.2524	51
TMEM163	0.9263	LP|GC	0.0743	51
TMEM164	0.8133	Epi|Immature Enterocytes 2	0.3565	51
TMEM165	0.5081	LP|Inflammatory Fibroblasts	1.7591	51
TMEM167A	0.7140	LP|CD8+ IL17+	2.5154	51
TMEM167B	0.4522	LP|MT-hi	0.3688	51
TMEM168	0.5506	Epi|Enteroendocrine	0.3011	51
TMEM17	0.8924	LP|Glia	0.1276	51
TMEM170A	0.5406	LP|MT-hi	0.7147	51
TMEM170B	0.9597	LP|Inflammatory Monocytes	0.2666	51
TMEM171	0.9345	Epi|Enterocytes	2.8717	51
TMEM173	0.7552	LP|Microvascular	1.9801	51
TMEM175	0.5976	LP|RSPO3+	0.3653	51
TMEM176A	0.7930	LP|Glia	11.1209	51
TMEM176B	0.8213	LP|Glia	22.1476	51
TMEM177	0.7045	Epi|Enterocyte Progenitors	0.2290	51
TMEM178A	0.9825	LP|Glia	0.4104	51
TMEM178B	0.9923	LP|Glia	0.0392	51
TMEM179B	0.4630	LP|CD69- Mast	1.8347	51
TMEM18	0.5397	LP|Microvascular	0.6613	51
TMEM180	0.7636	LP|Microvascular	0.1581	51
TMEM181	0.6697	LP|Microvascular	0.3927	51
TMEM182	0.7544	Epi|Tuft	0.0419	51
TMEM183A	0.4636	Epi|Enterocyte Progenitors	0.9017	51
TMEM184A	0.8782	Epi|Goblet	0.4998	51
TMEM184B	0.7822	LP|Microvascular	0.5588	51
TMEM184C	0.5660	LP|Microvascular	0.1335	51
TMEM185A	0.7431	LP|MT-hi	0.4037	51
TMEM185B	0.8065	LP|CD69- Mast	0.4139	51
TMEM186	0.6269	Epi|Cycling TA	0.2437	51
TMEM187	0.6810	LP|RSPO3+	0.2652	51
TMEM189	0.6623	LP|Microvascular	0.4121	51
TMEM19	0.6761	LP|CD69- Mast	0.4702	51
TMEM191A	0.7267	LP|DC1	0.2367	51
TMEM191C	0.8659	Epi|Tuft	0.2097	51
TMEM192	0.5583	Epi|Enteroendocrine	0.2695	51
TMEM194A	0.7071	LP|Cycling Monocytes	0.0964	51
TMEM194B	0.7009	LP|Cycling T	0.1115	51
TMEM198	0.9891	Epi|Tuft	0.6400	51
TMEM199	0.3865	LP|Cycling Monocytes	0.3210	51
TMEM2	0.7169	LP|CD4+ PD1+	0.7960	51
TMEM200A	0.7767	Epi|Enteroendocrine	0.1472	51
TMEM200B	0.9597	LP|Myofibroblasts	0.3293	51
TMEM201	0.6982	LP|Endothelial	0.0735	51
TMEM203	0.5398	LP|NKs	0.5013	51
TMEM204	0.9576	LP|Microvascular	4.8215	51
TMEM205	0.6232	LP|Pericytes	1.7872	51
TMEM206	0.7886	LP|GC	0.2657	51
TMEM208	0.4386	LP|Plasma	1.4815	51
TMEM209	0.6755	LP|MT-hi	0.1798	51
TMEM210	0.9641	Epi|Immature Goblet	0.0110	51
TMEM211	0.9678	Epi|Tuft	0.0324	51
TMEM213	0.8871	LP|Pericytes	0.0120	51
TMEM214	0.4978	LP|Inflammatory Fibroblasts	0.3272	51
TMEM216	0.5693	LP|CD4+ PD1+	0.4121	51
TMEM217	0.9229	LP|CD8+ IL17+	0.0651	51
TMEM218	0.5813	LP|RSPO3+	0.4535	51
TMEM219	0.3455	LP|Post-capillary Venules	2.5181	51
TMEM220	0.8358	LP|CD69- Mast	0.7734	51
TMEM222	0.5347	LP|Glia	0.3908	51
TMEM223	0.4718	LP|Microvascular	0.5903	51
TMEM229A	0.9943	Epi|Enterocyte Progenitors	0.0019	51
TMEM229B	0.8039	LP|MT-hi	0.1876	51
TMEM230	0.4881	LP|CD69- Mast	2.7461	51
TMEM231	0.7976	LP|Glia	0.0734	51
TMEM232	0.9418	LP|CD8+ IL17+	0.0391	51
TMEM234	0.5512	LP|RSPO3+	0.2446	51
TMEM236	0.9221	Epi|Enterocytes	0.2758	51
TMEM237	0.6899	LP|Inflammatory Fibroblasts	0.1871	51
TMEM238	0.8388	Epi|Cycling TA	0.1641	51
TMEM241	0.7562	Epi|M cells	0.0697	51
TMEM242	0.6486	LP|CD69- Mast	0.8551	51
TMEM243	0.7779	LP|GC	2.6811	51
TMEM244	0.9503	LP|CD8+ IL17+	0.0286	51
TMEM245	0.7072	LP|Glia	0.5234	51
TMEM246	0.8515	Epi|M cells	0.4866	51
TMEM248	0.3933	Epi|Tuft	0.9295	51
TMEM249	0.9488	Epi|TA 1	0.0017	51
TMEM25	0.8752	LP|Glia	0.2692	51
TMEM251	0.5009	Epi|Enterocyte Progenitors	0.4610	51
TMEM252	0.9726	Epi|TA 1	0.0017	51
TMEM253	0.8991	Epi|Immature Enterocytes 2	0.2674	51
TMEM254	0.5468	Epi|Stem	0.1673	51
TMEM254-AS1	0.7614	LP|Endothelial	0.0126	51
TMEM255A	0.9779	LP|Glia	0.2179	51
TMEM255B	0.9547	LP|Microvascular	1.0471	51
TMEM256	0.4009	LP|GC	1.7657	51
TMEM256-PLSCR3	0.9185	LP|Inflammatory Monocytes	0.0112	51
TMEM258	0.5207	LP|Plasma	6.2760	51
TMEM259	0.5276	Epi|Tuft	0.8988	51
TMEM260	0.7023	Epi|M cells	0.2084	51
TMEM261	0.6370	Epi|Cycling TA	2.6045	51
TMEM27	0.8410	LP|WNT2B+ Fos-hi	0.0062	51
TMEM30A	0.6464	LP|WNT5B+ 1	1.0820	51
TMEM30B	0.7981	Epi|M cells	0.3604	51
TMEM33	0.7668	Epi|M cells	1.0248	51
TMEM35	0.9674	LP|Myofibroblasts	0.2504	51
TMEM37	0.9472	Epi|Enterocytes	3.6303	51
TMEM38A	0.7633	LP|Pericytes	0.0824	51
TMEM38B	0.6864	LP|CD69- Mast	0.4584	51
TMEM39A	0.6338	LP|Glia	0.3033	51
TMEM39B	0.6446	LP|Microvascular	0.3648	51
TMEM41A	0.6210	LP|MT-hi	0.3545	51
TMEM41B	0.5523	Epi|Tuft	0.3053	51
TMEM42	0.8427	LP|CD69- Mast	0.8551	51
TMEM43	0.6831	LP|Myofibroblasts	0.7345	51
TMEM44	0.7715	Epi|Goblet	0.3324	51
TMEM44-AS1	0.4854	LP|WNT5B+ 1	0.0526	51
TMEM45A	0.8316	LP|Inflammatory Fibroblasts	0.7899	51
TMEM45B	0.9038	Epi|Enterocytes	3.4504	51
TMEM47	0.8813	LP|Myofibroblasts	1.2578	51
TMEM5	0.5322	LP|Pericytes	0.3499	51
TMEM50A	0.4894	LP|Glia	3.1921	51
TMEM50B	0.5090	LP|Glia	1.0387	51
TMEM51	0.6882	LP|WNT2B+ Fos-hi	0.2739	51
TMEM51-AS1	0.8606	Epi|Immature Goblet	0.0025	51
TMEM52	0.8653	Epi|Stem	0.1132	51
TMEM53	0.7676	Epi|Enterocytes	0.5268	51
TMEM54	0.8991	Epi|Immature Enterocytes 2	15.0825	51
TMEM55A	0.7538	LP|CD4+ PD1+	0.6477	51
TMEM55B	0.4575	LP|Follicular	0.4158	51
TMEM56	0.8895	Epi|Enterocytes	0.6057	51
TMEM57	0.6077	LP|RSPO3+	0.3610	51
TMEM59	0.5195	Epi|Enterocytes	9.1472	51
TMEM60	0.5148	LP|Glia	0.5886	51
TMEM61	0.9547	Epi|Immature Goblet	0.6612	51
TMEM62	0.5617	Epi|Cycling TA	0.1050	51
TMEM63A	0.9105	Epi|Tuft	1.9801	51
TMEM63B	0.7800	Epi|Enterocytes	0.4872	51
TMEM63C	0.9460	Epi|Tuft	0.0848	51
TMEM64	0.8373	LP|Myofibroblasts	0.4982	51
TMEM65	0.6333	Epi|Tuft	0.0709	51
TMEM66	0.6613	LP|CD4+ Activated Fos-lo	9.6665	51
TMEM67	0.8770	LP|Glia	0.5933	51
TMEM68	0.5465	Epi|Enteroendocrine	0.2609	51
TMEM69	0.4799	LP|GC	0.3919	51
TMEM70	0.4804	LP|Cycling Monocytes	0.7873	51
TMEM71	0.9230	LP|Glia	1.2255	51
TMEM72	0.9063	Epi|Immature Enterocytes 2	0.0960	51
TMEM74B	0.9806	LP|CD69- Mast	0.6677	51
TMEM78	0.9754	Epi|TA 1	0.0026	51
TMEM79	0.7461	LP|GC	0.0796	51
TMEM80	0.6101	LP|RSPO3+	0.5169	51
TMEM81	0.9045	LP|MT-hi	0.0377	51
TMEM82	0.9230	Epi|Immature Enterocytes 2	0.3780	51
TMEM86A	0.8515	LP|Macrophages	0.0965	51
TMEM86B	0.5690	LP|Inflammatory Monocytes	0.0350	51
TMEM87A	0.4824	Epi|M cells	0.8342	51
TMEM87B	0.6978	Epi|M cells	0.4535	51
TMEM88	0.9823	LP|Microvascular	6.5780	51
TMEM89	0.9725	Epi|Goblet	0.0088	51
TMEM8A	0.7870	Epi|Enterocytes	0.6273	51
TMEM8B	0.7702	LP|DC2	0.1548	51
TMEM9	0.7680	LP|RSPO3+	1.1449	51
TMEM91	0.7897	LP|Microvascular	0.4405	51
TMEM92	0.8707	Epi|M cells	0.2133	51
TMEM97	0.7728	Epi|Cycling TA	0.3899	51
TMEM98	0.7560	LP|WNT5B+ 1	2.3788	51
TMEM99	0.6628	LP|RSPO3+	0.3529	51
TMEM9B	0.4751	Epi|Enterocyte Progenitors	1.4062	51
TMEM9B-AS1	0.8020	LP|CD8+ IL17+	0.0112	51
TMF1	0.3977	Epi|M cells	0.4525	51
TMIGD1	0.9641	Epi|Enterocytes	2.6672	51
TMIGD2	0.9387	LP|ILCs	3.1087	51
TMLHE	0.4938	LP|CD8+ IELs	0.1338	51
TMLHE-AS1	0.9700	Epi|M cells	0.0531	51
TMOD1	0.8582	LP|Pericytes	0.1774	51
TMOD2	0.9739	LP|Glia	1.5356	51
TMOD3	0.6419	LP|WNT5B+ 2	1.0804	51
TMPO	0.8423	LP|Cycling T	1.7014	51
TMPO-AS1	0.8747	LP|Cycling T	0.1467	51
TMPPE	0.7989	LP|Inflammatory Monocytes	0.0118	51
TMPRSS13	0.9733	Epi|Stem	0.0188	51
TMPRSS2	0.9401	Epi|Enterocytes	3.9311	51
TMPRSS3	0.9848	Epi|Tuft	0.1903	51
TMPRSS4	0.8695	Epi|Immature Enterocytes 2	0.9854	51
TMPRSS5	0.9785	Epi|TA 1	0.0042	51
TMPRSS6	0.9915	Epi|Tuft	0.1726	51
TMPRSS7	0.8633	Epi|Goblet	0.0307	51
TMSB10	0.5463	Epi|M cells	91.7278	51
TMSB15A	0.9344	LP|Pericytes	0.1689	51
TMSB15B	0.7897	LP|CD69- Mast	0.4073	51
TMSB4X	0.6888	LP|DC1	433.2066	51
TMSB4Y	0.8373	Epi|Enterocyte Progenitors	0.1575	51
TMTC1	0.9401	LP|Endothelial	0.6622	51
TMTC2	0.8685	LP|RSPO3+	0.3310	51
TMTC3	0.8190	LP|Myofibroblasts	0.3413	51
TMTC4	0.7465	Epi|M cells	0.1826	51
TMUB1	0.6056	LP|MT-hi	1.0451	51
TMUB2	0.4226	Epi|Tuft	0.4357	51
TMX1	0.4983	LP|CD69- Mast	0.9711	51
TMX2	0.5115	LP|Glia	0.9353	51
TMX3	0.6235	LP|Inflammatory Fibroblasts	0.3934	51
TMX4	0.5967	LP|CD8+ IL17+	0.8228	51
TNC	0.9635	LP|Inflammatory Fibroblasts	3.2089	51
TNF	0.8770	LP|CD4+ Activated Fos-hi	1.0021	51
TNFAIP1	0.8741	LP|Endothelial	0.8301	51
TNFAIP2	0.9541	Epi|M cells	4.0928	51
TNFAIP3	0.8476	LP|ILCs	7.3899	51
TNFAIP6	0.9619	LP|Glia	2.5679	51
TNFAIP8	0.7624	LP|GC	2.4869	51
TNFAIP8L1	0.8637	LP|Microvascular	0.7118	51
TNFAIP8L2	0.8671	LP|DC2	0.5976	51
TNFAIP8L3	0.8939	LP|RSPO3+	0.1918	51
TNFRSF10A	0.8141	Epi|M cells	0.1659	51
TNFRSF10B	0.7583	Epi|M cells	0.3635	51
TNFRSF10C	0.9422	LP|Post-capillary Venules	0.0411	51
TNFRSF10D	0.9137	LP|Post-capillary Venules	0.5613	51
TNFRSF11A	0.9685	Epi|M cells	1.4793	51
TNFRSF11B	0.9887	LP|Inflammatory Fibroblasts	3.9679	51
TNFRSF12A	0.8948	LP|Inflammatory Fibroblasts	1.7394	51
TNFRSF13B	0.9647	LP|Follicular	1.0329	51
TNFRSF13C	0.9670	LP|GC	0.6214	51
TNFRSF14	0.5705	LP|Tregs	1.4044	51
TNFRSF17	0.9765	LP|Plasma	4.3585	51
TNFRSF18	0.9283	LP|Tregs	6.1867	51
TNFRSF19	0.9395	LP|Glia	0.1584	51
TNFRSF1A	0.6953	LP|WNT2B+ Fos-lo 1	2.4552	51
TNFRSF1B	0.8777	LP|Tregs	2.5418	51
TNFRSF21	0.8667	Epi|Enterocytes	0.8474	51
TNFRSF25	0.9124	LP|ILCs	2.5259	51
TNFRSF4	0.9515	LP|Tregs	10.1445	51
TNFRSF8	0.9449	LP|Tregs	0.1165	51
TNFRSF9	0.9487	LP|Tregs	1.0401	51
TNFSF10	0.7822	LP|Post-capillary Venules	4.6838	51
TNFSF11	0.9737	LP|ILCs	0.9100	51
TNFSF12	0.6564	LP|ILCs	0.7049	51
TNFSF13	0.9780	Epi|Immature Goblet	0.0016	51
TNFSF13B	0.8952	LP|Inflammatory Monocytes	3.7560	51
TNFSF14	0.8963	LP|ILCs	0.7781	51
TNFSF15	0.8260	LP|WNT5B+ 1	0.0986	51
TNFSF4	0.9647	LP|ILCs	0.2606	51
TNFSF8	0.8726	LP|CD4+ PD1+	0.1404	51
TNFSF9	0.8858	LP|CD8+ LP	0.0527	51
TNIK	0.7969	LP|CD69+ Mast	0.5871	51
TNIP1	0.6437	Epi|Enterocytes	1.6373	51
TNIP2	0.5592	LP|Microvascular	0.7411	51
TNIP3	0.9197	Epi|Enterocytes	0.6574	51
TNK1	0.7423	Epi|Enterocytes	0.0954	51
TNK2	0.7029	LP|Endothelial	0.2515	51
TNKS	0.4932	LP|CD8+ IL17+	0.1595	51
TNKS1BP1	0.7874	Epi|Tuft	0.5591	51
TNKS2	0.5981	LP|Endothelial	0.3683	51
TNKS2-AS1	0.9308	LP|GC	0.1221	51
TNMD	0.9313	Epi|Enterocyte Progenitors	0.0322	51
TNNC1	0.9969	Epi|Enteroendocrine	1.0403	51
TNNC2	0.8732	Epi|Immature Enterocytes 2	0.7421	51
TNNI1	0.9992	Epi|Tuft	0.3138	51
TNNI2	0.9614	LP|DC1	0.6354	51
TNNI3	0.9312	Epi|Secretory TA	0.0050	51
TNNT1	0.9728	LP|Inflammatory Monocytes	0.1211	51
TNNT2	0.8164	Epi|Stem	0.0108	51
TNPO1	0.4948	LP|CD4+ PD1+	0.4623	51
TNPO2	0.7866	Epi|Tuft	0.4043	51
TNPO3	0.6410	LP|ILCs	0.2621	51
TNRC18	0.7396	Epi|M cells	0.2996	51
TNRC6A	0.5567	LP|WNT2B+ Fos-lo 2	0.5025	51
TNRC6B	0.5310	LP|CD4+ Memory	1.3713	51
TNRC6C	0.5867	LP|CD4+ Memory	0.3784	51
TNRC6C-AS1	0.6998	LP|CD8+ LP	0.1101	51
TNS1	0.9160	LP|Pericytes	1.0959	51
TNS3	0.8567	LP|Glia	0.9777	51
TNS4	0.8771	LP|CD4+ PD1+	0.0475	51
TNXB	0.9441	LP|WNT2B+ Fos-lo 2	2.2321	51
TOB1	0.6670	LP|Glia	1.2109	51
TOB1-AS1	0.7324	Epi|Tuft	0.1027	51
TOB2	0.6081	LP|ILCs	0.7986	51
TOE1	0.5872	LP|ILCs	0.2413	51
TOLLIP	0.7982	LP|CD69- Mast	1.3474	51
TOLLIP-AS1	0.7893	LP|WNT5B+ 2	0.1009	51
TOM1	0.6481	LP|CD4+ PD1+	0.4162	51
TOM1L1	0.7930	Epi|Immature Goblet	0.2855	51
TOM1L2	0.7118	LP|Glia	0.4539	51
TOMM20	0.3544	Epi|Stem	1.5136	51
TOMM20L	0.9960	Epi|Immature Goblet	0.0028	51
TOMM22	0.4437	LP|Cycling B	1.8485	51
TOMM34	0.7852	LP|DC1	0.3949	51
TOMM40	0.7015	Epi|Cycling TA	1.2540	51
TOMM40L	0.6362	Epi|Tuft	0.1025	51
TOMM5	0.8396	LP|CD69- Mast	1.6202	51
TOMM7	0.5386	LP|CD4+ Memory	12.3190	51
TOMM70A	0.5461	Epi|Enteroendocrine	0.2800	51
TONSL	0.6876	Epi|Cycling TA	0.1164	51
TOP1	0.6782	LP|Cycling B	1.9057	51
TOP1MT	0.7099	Epi|Stem	0.2979	51
TOP2A	0.9435	LP|Cycling T	2.1842	51
TOP2B	0.3984	LP|RSPO3+	0.3860	51
TOP3A	0.6209	LP|CD8+ IELs	0.1517	51
TOP3B	0.6536	LP|CD69- Mast	0.1539	51
TOPBP1	0.7017	LP|Cycling Monocytes	0.2672	51
TOPORS	0.5239	LP|Tregs	0.5980	51
TOPORS-AS1	0.6897	LP|CD69- Mast	0.7175	51
TOR1A	0.5857	LP|Cycling T	0.5839	51
TOR1AIP1	0.5833	LP|CD8+ IL17+	0.4884	51
TOR1AIP2	0.6694	Epi|Enterocytes	0.7505	51
TOR1B	0.6746	Epi|Goblet	0.2367	51
TOR2A	0.6659	LP|Cycling Monocytes	0.5080	51
TOR3A	0.7957	LP|GC	1.3632	51
TOR4A	0.7121	Epi|Tuft	0.3129	51
TOX	0.8747	LP|CD4+ PD1+	1.1474	51
TOX2	0.9558	LP|CD4+ PD1+	1.9985	51
TOX3	0.8200	Epi|Enteroendocrine	0.2739	51
TOX4	0.3933	LP|ILCs	0.7223	51
TP53	0.5366	LP|GC	0.3710	51
TP53AIP1	0.9165	Epi|Stem	0.0048	51
TP53BP1	0.6184	Epi|Tuft	0.1851	51
TP53BP2	0.6511	Epi|M cells	0.1911	51
TP53I11	0.8634	LP|Microvascular	1.1150	51
TP53I13	0.6867	LP|ILCs	0.9821	51
TP53I3	0.8038	Epi|Tuft	2.0290	51
TP53INP1	0.6955	LP|CD4+ PD1+	0.4051	51
TP53INP2	0.9058	Epi|Enterocytes	1.9544	51
TP53RK	0.5167	LP|CD69- Mast	0.3627	51
TP53TG1	0.5377	Epi|Enterocyte Progenitors	0.8737	51
TP53TG5	0.9843	Epi|Goblet	0.0017	51
TP73	0.9589	Epi|Enteroendocrine	0.0801	51
TP73-AS1	0.8344	LP|RSPO3+	0.1977	51
TPBG	0.8679	LP|WNT5B+ 1	1.2297	51
TPCN1	0.6586	Epi|Tuft	0.3271	51
TPCN2	0.8970	LP|Glia	0.3014	51
TPD52	0.8070	LP|GC	3.8271	51
TPD52L1	0.9293	LP|Post-capillary Venules	0.9711	51
TPD52L2	0.5151	LP|Myofibroblasts	0.5332	51
TPGS1	0.5552	LP|CD8+ IL17+	1.1486	51
TPGS2	0.6252	LP|Cycling B	0.9806	51
TPH1	0.9996	Epi|Enteroendocrine	10.7680	51
TPI1	0.4731	Epi|Cycling TA	10.9561	51
TPK1	0.6858	LP|Cycling Monocytes	0.1969	51
TPM1	0.9095	LP|Myofibroblasts	21.6319	51
TPM2	0.9571	LP|Myofibroblasts	30.3195	51
TPM3	0.5884	LP|Cycling T	4.9765	51
TPM4	0.6525	LP|Pericytes	4.8980	51
TPMT	0.7097	Epi|Enterocyte Progenitors	1.1977	51
TPO	0.9712	LP|Endothelial	0.1491	51
TPP1	0.7508	LP|Macrophages	1.7593	51
TPP2	0.5990	LP|WNT5B+ 2	0.3656	51
TPPP	0.9288	LP|Glia	0.0246	51
TPPP3	0.9404	LP|Pericytes	5.3484	51
TPR	0.5507	LP|Tregs	1.5707	51
TPRA1	0.6300	LP|Glia	0.5522	51
TPRG1	0.9159	LP|CD8+ LP	0.1848	51
TPRG1L	0.6800	Epi|Immature Enterocytes 2	0.4011	51
TPRKB	0.5182	LP|Cycling T	1.0288	51
TPRN	0.8899	Epi|Immature Enterocytes 2	0.9768	51
TPRXL	0.9999	Epi|M cells	0.1139	51
TPSAB1	0.9912	LP|CD69- Mast	665.3428	51
TPSD1	0.9791	Epi|Immature Goblet	0.0017	51
TPSG1	0.9617	Epi|Immature Goblet	2.8712	51
TPST1	0.9109	LP|RSPO3+	1.0342	51
TPST2	0.8667	LP|NKs	2.2779	51
TPT1	0.4881	LP|ILCs	54.0441	51
TPT1-AS1	0.8795	LP|Glia	1.2188	51
TPTE2	nan	Epi|Best4+ Enterocytes	0.0000	51
TPTEP1	0.7359	LP|MT-hi	0.2604	51
TPX2	0.9491	LP|Cycling T	1.0146	51
TRA2A	0.5091	Epi|M cells	0.9902	51
TRA2B	0.5423	LP|ILCs	2.6833	51
TRABD	0.7086	LP|GC	1.6052	51
TRABD2A	0.8591	Epi|M cells	1.6242	51
TRABD2B	0.9641	LP|Glia	0.2346	51
TRAC	0.8738	LP|CD8+ IL17+	23.2249	51
TRADD	0.5413	LP|CD4+ Activated Fos-hi	0.8891	51
TRAF1	0.8142	LP|CD4+ PD1+	0.6130	51
TRAF2	0.7038	LP|Cycling T	0.3895	51
TRAF3	0.7422	LP|Tregs	0.4949	51
TRAF3IP1	0.6573	LP|Microvascular	0.1066	51
TRAF3IP2	0.7135	LP|Microvascular	0.4538	51
TRAF3IP2-AS1	0.6327	LP|Myofibroblasts	0.0947	51
TRAF3IP3	0.8279	LP|NKs	3.2094	51
TRAF4	0.8111	LP|GC	1.4426	51
TRAF5	0.7216	LP|GC	0.5044	51
TRAF6	0.6853	LP|MT-hi	0.1861	51
TRAF7	0.5404	Epi|M cells	0.5024	51
TRAFD1	0.5281	LP|Inflammatory Fibroblasts	0.2605	51
TRAIP	0.9341	LP|Cycling T	0.1612	51
TRAK1	0.7861	Epi|Tuft	0.5851	51
TRAK2	0.5886	Epi|M cells	0.2437	51
TRAM1	0.6018	LP|Plasma	2.5941	51
TRAM1L1	0.9089	LP|RSPO3+	0.1317	51
TRAM2	0.7595	LP|Myofibroblasts	0.3577	51
TRAM2-AS1	0.7319	LP|RSPO3+	0.0776	51
TRANK1	0.8834	Epi|Enterocytes	0.6158	51
TRAP1	0.7180	Epi|Cycling TA	0.8849	51
TRAPPC1	0.5491	LP|CD69- Mast	4.0468	51
TRAPPC10	0.6927	LP|NKs	0.5126	51
TRAPPC11	0.5714	LP|Inflammatory Monocytes	0.1082	51
TRAPPC12	0.5999	LP|CD69- Mast	0.3931	51
TRAPPC12-AS1	0.8905	LP|MT-hi	0.0315	51
TRAPPC13	0.7141	LP|MT-hi	0.3089	51
TRAPPC2	0.7272	LP|GC	0.4618	51
TRAPPC2L	0.4021	LP|WNT5B+ 2	1.3407	51
TRAPPC2P1	0.6624	LP|CD69+ Mast	0.7471	51
TRAPPC3	0.3928	LP|Microvascular	1.0968	51
TRAPPC4	0.5445	LP|Microvascular	1.3400	51
TRAPPC5	0.5672	Epi|Tuft	0.0646	51
TRAPPC6A	0.6484	LP|CD69- Mast	1.8756	51
TRAPPC6B	0.5033	LP|NKs	0.2824	51
TRAPPC8	0.6178	LP|CD8+ IL17+	0.2077	51
TRAPPC9	0.7492	Epi|Enteroendocrine	0.2014	51
TRAT1	0.8688	LP|CD4+ Activated Fos-lo	1.8385	51
TRAV4	0.9437	LP|CD8+ IL17+	0.2364	51
TRBC2	0.8770	LP|CD4+ PD1+	21.8437	51
TRDC	0.9693	LP|CD8+ IELs	10.7075	51
TRDMT1	0.6156	LP|Myofibroblasts	0.0948	51
TRDN	0.9985	Epi|M cells	0.0014	51
TREH	0.9966	Epi|Tuft	1.5703	51
TREM1	0.9805	LP|Inflammatory Monocytes	1.1848	51
TREM2	0.9777	LP|Cycling Monocytes	0.5460	51
TREML2	1.0000	Epi|Cycling TA	0.0000	51
TRERF1	0.7699	LP|WNT2B+ Fos-lo 2	0.2312	51
TREX1	0.6944	LP|Microvascular	0.6486	51
TRGC1	0.9626	LP|CD8+ IELs	2.5263	51
TRGC2	0.9500	LP|CD8+ IELs	3.6327	51
TRHDE	0.9635	Epi|Tuft	0.1868	51
TRIAP1	0.5030	LP|CD4+ PD1+	0.6391	51
TRIB1	0.7750	LP|Plasma	1.4099	51
TRIB2	0.8230	LP|Pericytes	0.8701	51
TRIB3	0.7454	Epi|Goblet	0.1731	51
TRIL	0.8944	LP|Myofibroblasts	0.5935	51
TRIM10	0.9583	Epi|M cells	0.0932	51
TRIM11	0.5517	LP|CD8+ IL17+	0.2839	51
TRIM13	0.5117	LP|WNT5B+ 2	0.5256	51
TRIM14	0.6689	LP|Cycling Monocytes	0.3689	51
TRIM15	0.9165	Epi|Enterocytes	0.7761	51
TRIM16	0.7789	LP|Endothelial	0.4148	51
TRIM16L	0.9340	Epi|M cells	0.2818	51
TRIM2	0.7661	Epi|Stem	0.6068	51
TRIM21	0.6533	LP|Cycling T	0.2253	51
TRIM22	0.5531	LP|CD8+ IL17+	0.5481	51
TRIM23	0.6689	LP|WNT2B+ Fos-lo 2	0.1195	51
TRIM24	0.5955	LP|CD69+ Mast	0.1553	51
TRIM25	0.6214	LP|Post-capillary Venules	0.3647	51
TRIM26	0.6522	LP|GC	0.3595	51
TRIM27	0.5282	Epi|Enteroendocrine	0.4850	51
TRIM28	0.6287	Epi|Tuft	0.8905	51
TRIM29	0.9526	Epi|M cells	0.1270	51
TRIM3	0.6562	Epi|Immature Enterocytes 2	0.1556	51
TRIM31	0.9604	Epi|Enterocytes	6.5334	51
TRIM31-AS1	0.9442	Epi|Immature Goblet	0.0140	51
TRIM32	0.6466	LP|Glia	0.1348	51
TRIM33	0.5565	Epi|M cells	0.4898	51
TRIM35	0.6617	LP|Microvascular	0.0963	51
TRIM36	0.8429	Epi|Enterocytes	0.1443	51
TRIM36-IT1	0.9416	Epi|Enterocytes	0.0034	51
TRIM37	0.7372	LP|Pericytes	0.2257	51
TRIM38	0.7471	LP|GC	1.0812	51
TRIM39	0.7919	LP|ILCs	0.3277	51
TRIM4	0.4901	LP|RSPO3+	0.3015	51
TRIM40	0.9767	Epi|Enterocytes	0.1047	51
TRIM41	0.6005	LP|CD8+ IL17+	0.2635	51
TRIM44	0.5776	Epi|Tuft	0.5695	51
TRIM45	0.8712	LP|WNT5B+ 2	0.0335	51
TRIM46	0.8926	Epi|Enteroendocrine	0.0276	51
TRIM47	0.7696	LP|Microvascular	0.9488	51
TRIM5	0.6801	LP|CD69- Mast	0.2188	51
TRIM52	0.5392	LP|CD4+ PD1+	0.1342	51
TRIM52-AS1	0.6541	LP|Glia	0.3784	51
TRIM54	0.9328	Epi|Stem	0.0423	51
TRIM56	0.5186	LP|MT-hi	0.2901	51
TRIM58	0.9480	LP|Glia	0.3539	51
TRIM59	0.8535	LP|Cycling T	0.2351	51
TRIM6	0.8584	Epi|M cells	0.0115	51
TRIM60	0.9275	LP|NKs	0.0039	51
TRIM61	0.7588	LP|Inflammatory Fibroblasts	0.0492	51
TRIM62	0.7890	Epi|Tuft	0.0710	51
TRIM65	0.5678	LP|WNT2B+ Fos-lo 2	0.1649	51
TRIM66	0.6935	Epi|M cells	0.1061	51
TRIM68	0.5396	LP|Pericytes	0.0587	51
TRIM69	0.6984	LP|Cycling T	0.6702	51
TRIM7	0.8301	LP|ILCs	0.1395	51
TRIM72	0.9408	LP|ILCs	0.0256	51
TRIM73	0.8186	Epi|M cells	0.1441	51
TRIM74	0.8932	LP|Post-capillary Venules	0.0078	51
TRIM8	0.6166	LP|Microvascular	0.3841	51
TRIM9	0.9354	LP|Inflammatory Fibroblasts	0.0696	51
TRIO	0.6942	Epi|M cells	0.3126	51
TRIOBP	0.7695	LP|Microvascular	0.9827	51
TRIP10	0.6952	Epi|M cells	0.5952	51
TRIP11	0.4417	LP|WNT5B+ 2	0.4044	51
TRIP12	0.5503	LP|Inflammatory Monocytes	0.4430	51
TRIP13	0.9313	LP|Cycling T	0.3010	51
TRIP4	0.5130	LP|CD8+ IL17+	0.2571	51
TRIP6	0.7888	LP|Glia	1.1844	51
TRIQK	0.5624	LP|WNT2B+ Fos-lo 1	0.2614	51
TRIT1	0.6012	LP|Cycling Monocytes	0.2040	51
TRMT1	0.7279	LP|Inflammatory Monocytes	0.7278	51
TRMT10A	0.5843	Epi|Enteroendocrine	0.1182	51
TRMT10B	0.6062	LP|CD4+ PD1+	0.3174	51
TRMT10C	0.4468	LP|GC	0.5574	51
TRMT11	0.5927	LP|RSPO3+	0.2426	51
TRMT112	0.5335	LP|CD69- Mast	4.8849	51
TRMT12	0.7373	LP|CD4+ PD1+	0.1771	51
TRMT13	0.6338	LP|MT-hi	0.4098	51
TRMT1L	0.6308	LP|CD69- Mast	0.2283	51
TRMT2A	0.5029	LP|NKs	0.2848	51
TRMT2B	0.5885	LP|NKs	0.1016	51
TRMT44	0.5900	LP|CD8+ IL17+	0.0608	51
TRMT5	0.6013	LP|Myofibroblasts	0.1311	51
TRMT6	0.6665	LP|CD69- Mast	0.4123	51
TRMT61A	0.6632	LP|Glia	0.2688	51
TRMT61B	0.8397	LP|CD69- Mast	0.6667	51
TRMU	0.4840	LP|WNT5B+ 2	0.2755	51
TRNAU1AP	0.6564	LP|MT-hi	0.7264	51
TRNP1	0.9581	LP|Pericytes	0.1197	51
TRNT1	0.6060	LP|CD69+ Mast	0.3198	51
TRO	0.9012	LP|Myofibroblasts	0.0543	51
TROAP	0.9374	LP|Cycling Monocytes	0.6064	51
TROVE2	0.7004	LP|RSPO3+	1.3629	51
TRPA1	0.9620	LP|WNT5B+ 2	2.3118	51
TRPC1	0.9070	LP|Myofibroblasts	0.1056	51
TRPC4AP	0.5172	Epi|Tuft	0.3573	51
TRPC6	0.9568	LP|Myofibroblasts	0.3179	51
TRPC7-AS1	0.9192	Epi|Immature Enterocytes 2	0.0198	51
TRPM2	0.9432	LP|Cycling Monocytes	0.2789	51
TRPM3	0.9280	Epi|Enteroendocrine	0.0559	51
TRPM4	0.7468	Epi|Goblet	0.7924	51
TRPM5	0.9997	Epi|Tuft	5.6700	51
TRPM6	0.9436	Epi|Immature Enterocytes 1	0.8369	51
TRPM7	0.6082	Epi|M cells	0.2278	51
TRPM8	0.8802	LP|Post-capillary Venules	0.0468	51
TRPS1	0.7880	LP|Tregs	0.4625	51
TRPT1	0.5850	Epi|Immature Goblet	0.5885	51
TRPV2	0.7037	LP|DC1	0.4885	51
TRPV3	0.8113	LP|Plasma	0.1493	51
TRPV4	0.9355	LP|Inflammatory Fibroblasts	0.0576	51
TRPV6	0.9628	Epi|Stem	0.0018	51
TRRAP	0.4772	LP|CD8+ IL17+	0.1059	51
TRUB1	0.5741	LP|Pericytes	0.1184	51
TRUB2	0.6087	Epi|Stem	0.4581	51
TSACC	0.8647	LP|CD8+ IELs	0.0167	51
TSC1	0.6856	Epi|Enteroendocrine	0.1987	51
TSC2	0.5559	LP|RSPO3+	0.3652	51
TSC22D1	0.8579	LP|CD69- Mast	10.9722	51
TSC22D2	0.7498	LP|CD69+ Mast	0.5312	51
TSC22D3	0.7862	LP|CD4+ Activated Fos-hi	15.0084	51
TSC22D4	0.6665	LP|NKs	1.7283	51
TSEN15	0.6255	LP|NKs	0.5633	51
TSEN2	0.8001	LP|CD69- Mast	0.3530	51
TSEN34	0.5684	LP|CD69- Mast	1.1002	51
TSEN54	0.7862	LP|CD8+ IL17+	1.1148	51
TSFM	0.7502	LP|CD69- Mast	1.0892	51
TSG101	0.4637	LP|Microvascular	1.0836	51
TSGA10	0.7559	Epi|Enteroendocrine	0.1785	51
TSHR	0.9250	LP|Plasma	0.0251	51
TSHZ1	0.6254	LP|Microvascular	0.2082	51
TSHZ2	0.9199	LP|WNT5B+ 2	2.0593	51
TSHZ3	0.8765	LP|WNT5B+ 1	0.2490	51
TSIX	0.7301	LP|Pericytes	0.1598	51
TSKU	0.8051	LP|Inflammatory Fibroblasts	0.2935	51
TSLP	0.9428	LP|WNT5B+ 2	1.0725	51
TSN	0.4105	LP|CD8+ IL17+	0.6399	51
TSNARE1	0.8049	LP|Pericytes	0.0364	51
TSNAX	0.7799	LP|CD69- Mast	1.2654	51
TSNAXIP1	0.9164	LP|Inflammatory Fibroblasts	0.0136	51
TSPAN1	0.9300	Epi|Enterocytes	30.3533	51
TSPAN11	0.9860	LP|Glia	4.0548	51
TSPAN12	0.9244	LP|Microvascular	1.5658	51
TSPAN13	0.8607	Epi|Immature Goblet	2.8170	51
TSPAN14	0.7832	LP|Microvascular	1.1290	51
TSPAN15	0.8900	LP|Glia	2.1324	51
TSPAN17	0.6598	LP|Tregs	0.4167	51
TSPAN18	0.9576	LP|Endothelial	0.3442	51
TSPAN2	0.8811	LP|Inflammatory Fibroblasts	0.8107	51
TSPAN3	0.8215	Epi|Enterocytes	4.0693	51
TSPAN31	0.7127	LP|CD8+ IL17+	0.7850	51
TSPAN32	0.9326	LP|NKs	0.6069	51
TSPAN33	0.8643	LP|WNT5B+ 2	0.5825	51
TSPAN4	0.7980	LP|Microvascular	3.4164	51
TSPAN5	0.8424	LP|Pericytes	0.8447	51
TSPAN6	0.8150	Epi|M cells	1.1296	51
TSPAN7	0.9616	LP|Post-capillary Venules	5.5241	51
TSPAN8	0.8591	Epi|Immature Enterocytes 2	24.2479	51
TSPAN9	0.8901	LP|Microvascular	0.8159	51
TSPEAR	0.9985	Epi|M cells	0.0225	51
TSPO	0.6525	Epi|TA 2	8.2720	51
TSPO2	0.9881	Epi|M cells	0.0759	51
TSPYL1	0.5248	LP|CD4+ Memory	0.7789	51
TSPYL2	0.8020	LP|MT-hi	1.4275	51
TSPYL4	0.6860	LP|CD69- Mast	0.1324	51
TSPYL5	0.8174	LP|Post-capillary Venules	0.1046	51
TSR1	0.5294	LP|MT-hi	0.2174	51
TSR2	0.5804	LP|Microvascular	0.8070	51
TSR3	0.4658	LP|NKs	0.5940	51
TSSC1	0.7262	LP|ILCs	0.7180	51
TSSC4	0.4958	LP|Microvascular	0.8351	51
TSSK3	0.9479	Epi|Best4+ Enterocytes	0.0007	51
TSSK6	0.8535	Epi|Enteroendocrine	0.0552	51
TST	0.8709	Epi|Immature Enterocytes 2	4.6883	51
TSTA3	0.8021	Epi|Immature Goblet	2.6359	51
TSTD1	0.7454	Epi|Enterocytes	5.7437	51
TSTD2	0.8625	LP|CD69- Mast	0.4085	51
TSTD3	0.9379	LP|CD69- Mast	0.6316	51
TTBK1	0.9713	Epi|Immature Enterocytes 1	0.0048	51
TTBK2	0.7148	LP|Pericytes	0.2446	51
TTC1	0.4254	LP|Cycling B	0.9598	51
TTC12	0.8596	LP|MT-hi	0.1587	51
TTC13	0.5726	LP|NKs	0.1400	51
TTC14	0.5445	LP|WNT2B+ Fos-lo 2	0.8400	51
TTC16	nan	Epi|Best4+ Enterocytes	0.0000	51
TTC17	0.4101	LP|Glia	0.4702	51
TTC18	0.8831	LP|MT-hi	0.0568	51
TTC19	0.4764	LP|CD8+ LP	0.9380	51
TTC21A	0.7993	LP|Follicular	0.1004	51
TTC21B	0.7726	Epi|Enteroendocrine	0.1796	51
TTC22	0.9091	Epi|Enterocytes	0.7071	51
TTC23	0.7141	LP|Post-capillary Venules	0.0990	51
TTC23L	0.9851	Epi|TA 2	0.0005	51
TTC25	0.9006	LP|WNT5B+ 2	0.0105	51
TTC26	0.8901	LP|RSPO3+	0.1546	51
TTC27	0.6230	LP|CD69- Mast	0.1478	51
TTC28	0.7806	LP|WNT2B+ Fos-lo 2	0.4916	51
TTC28-AS1	0.7072	LP|CD69- Mast	0.5068	51
TTC3	0.6137	LP|Myofibroblasts	1.8315	51
TTC30A	0.6536	LP|CD8+ IL17+	0.0414	51
TTC30B	0.6598	LP|WNT5B+ 1	0.0445	51
TTC31	0.6491	LP|MT-hi	0.1813	51
TTC32	0.4387	LP|CD8+ IELs	0.1694	51
TTC33	0.7445	LP|CD69- Mast	0.3295	51
TTC34	0.7757	LP|WNT2B+ Fos-lo 2	0.0096	51
TTC36	0.9574	Epi|Enteroendocrine	0.0328	51
TTC37	0.4919	LP|Pericytes	0.3057	51
TTC38	0.8361	LP|NKs	1.3981	51
TTC39A	0.8783	Epi|Goblet	0.4403	51
TTC39B	0.8851	Epi|M cells	1.0249	51
TTC39C	0.7799	LP|CD4+ Activated Fos-hi	1.1333	51
TTC4	0.8103	LP|CD8+ IELs	0.0346	51
TTC40	0.9956	Epi|Enteroendocrine	0.0411	51
TTC5	0.6236	LP|Microvascular	0.3433	51
TTC6	0.9784	Epi|Enteroendocrine	0.0634	51
TTC7A	0.6618	LP|Cycling T	0.2065	51
TTC7B	0.8704	LP|Post-capillary Venules	0.1040	51
TTC8	0.7460	LP|WNT5B+ 2	0.1619	51
TTC9	0.8901	LP|GC	0.2253	51
TTC9B	0.9285	Epi|Enterocytes	0.0004	51
TTC9C	0.5663	LP|GC	0.4717	51
TTF1	0.6017	LP|Microvascular	0.5666	51
TTF2	0.7583	LP|Cycling T	0.2652	51
TTI1	0.7528	LP|CD69- Mast	0.1995	51
TTI2	0.6878	LP|CD4+ PD1+	0.1818	51
TTK	0.9465	LP|Cycling B	0.2567	51
TTL	0.6813	LP|Post-capillary Venules	0.2094	51
TTLL1	0.9466	LP|CD69- Mast	0.8380	51
TTLL10	0.9231	LP|CD69- Mast	0.1539	51
TTLL11	0.7874	LP|Myofibroblasts	0.0507	51
TTLL12	0.7040	Epi|Immature Enterocytes 2	0.3729	51
TTLL13	0.9193	Epi|Enterocytes	0.0014	51
TTLL3	0.6072	Epi|Tuft	0.1586	51
TTLL4	0.7966	LP|Glia	0.1330	51
TTLL5	0.6112	LP|Glia	0.1485	51
TTLL6	0.8722	Epi|Enteroendocrine	0.0481	51
TTLL7	0.9269	LP|Myofibroblasts	1.3301	51
TTN	0.8917	LP|Tregs	0.1288	51
TTN-AS1	0.6578	LP|ILCs	0.1044	51
TTPA	0.9142	Epi|M cells	0.0834	51
TTPAL	0.6719	LP|ILCs	0.4547	51
TTR	0.9857	LP|Glia	3.9219	51
TTTY14	0.8559	Epi|Enteroendocrine	0.1844	51
TTTY15	0.6723	LP|ILCs	0.0928	51
TTYH1	0.9938	LP|Glia	1.1719	51
TTYH2	0.8698	LP|Glia	0.1777	51
TTYH3	0.8928	LP|Cycling Monocytes	0.7396	51
TUB	0.9174	LP|WNT2B+ Fos-lo 2	0.0302	51
TUBA1A	0.9211	LP|Glia	38.3374	51
TUBA1B	0.8492	LP|Cycling Monocytes	42.2566	51
TUBA1C	0.6780	Epi|Immature Enterocytes 2	2.3857	51
TUBA4A	0.6799	LP|CD8+ LP	2.2448	51
TUBAL3	0.9369	Epi|Enterocytes	0.1081	51
TUBB	0.8457	LP|Cycling B	21.4150	51
TUBB2A	0.8893	LP|Glia	3.4567	51
TUBB2B	0.9950	LP|Glia	6.1428	51
TUBB3	0.9563	LP|Endothelial	0.0054	51
TUBB4A	0.9755	LP|Glia	0.1186	51
TUBB4B	0.7161	Epi|Cycling TA	8.6547	51
TUBB6	0.8724	LP|Myofibroblasts	2.3764	51
TUBD1	0.6513	LP|CD4+ PD1+	0.2431	51
TUBE1	0.6798	LP|Microvascular	0.3837	51
TUBG1	0.7834	LP|Cycling B	0.7215	51
TUBG2	0.8501	LP|Glia	0.3013	51
TUBGCP2	0.5304	Epi|Tuft	0.5248	51
TUBGCP3	0.6209	LP|Cycling Monocytes	0.2083	51
TUBGCP4	0.5233	LP|CD4+ PD1+	0.1564	51
TUBGCP5	0.6959	LP|MT-hi	0.1528	51
TUBGCP6	0.6260	Epi|Tuft	0.1472	51
TUFM	0.5565	Epi|Cycling TA	3.7643	51
TUFT1	0.8147	Epi|Tuft	0.2075	51
TUG1	0.5258	LP|Pericytes	0.4906	51
TULP3	0.8765	LP|Glia	0.7762	51
TULP4	0.6195	LP|Tregs	0.2142	51
TUSC1	0.7304	LP|Inflammatory Fibroblasts	0.3119	51
TUSC2	0.3801	LP|NKs	0.6755	51
TUSC3	0.8652	LP|WNT5B+ 1	0.9862	51
TUT1	0.7165	LP|Microvascular	0.2524	51
TVP23A	0.9412	LP|DC1	0.2179	51
TVP23B	0.5741	LP|ILCs	0.2322	51
TVP23C	0.8350	Epi|Tuft	0.1196	51
TWF1	0.6227	Epi|Best4+ Enterocytes	0.5828	51
TWF2	0.6067	LP|DC1	1.4122	51
TWIST1	0.9758	LP|Inflammatory Fibroblasts	0.4526	51
TWISTNB	0.7453	LP|CD69+ Mast	1.8422	51
TWSG1	0.8539	LP|WNT5B+ 1	1.3155	51
TXK	0.9257	LP|NKs	1.3146	51
TXLNA	0.6111	LP|WNT2B+ Fos-lo 2	0.2768	51
TXLNB	0.8117	LP|GC	0.0464	51
TXLNG	0.5479	LP|GC	0.2778	51
TXN	0.7462	Epi|TA 2	19.8126	51
TXN2	0.4220	LP|Cycling B	1.4325	51
TXNDC11	0.7952	LP|Plasma	1.0182	51
TXNDC12	0.5727	LP|Microvascular	1.4545	51
TXNDC15	0.7198	LP|Plasma	1.5207	51
TXNDC16	0.7206	LP|Glia	0.1075	51
TXNDC17	0.6783	Epi|Enterocyte Progenitors	4.4579	51
TXNDC5	0.8842	LP|Plasma	0.1156	51
TXNDC9	0.5298	LP|GC	0.8792	51
TXNIP	0.7441	LP|Endothelial	11.4699	51
TXNL1	0.5919	LP|WNT5B+ 2	2.1758	51
TXNL4A	0.5223	LP|Cycling B	1.4147	51
TXNL4B	0.6581	LP|MT-hi	0.2438	51
TXNRD1	0.6087	Epi|Enterocytes	0.4623	51
TXNRD2	0.8331	LP|Glia	0.7708	51
TXNRD3	0.7321	LP|Microvascular	0.0496	51
TYK2	0.4907	LP|GC	0.2224	51
TYMP	0.8583	LP|Inflammatory Monocytes	12.4390	51
TYMS	0.9509	LP|Cycling T	4.1850	51
TYRO3	0.9419	LP|Glia	0.1720	51
TYROBP	0.9310	LP|Inflammatory Monocytes	39.4083	51
TYSND1	0.6014	LP|CD4+ PD1+	0.2676	51
TYW1	0.4862	Epi|M cells	0.1500	51
TYW3	0.5192	LP|RSPO3+	0.4504	51
TYW5	0.6338	LP|MT-hi	0.2834	51
U1	0.9126	LP|Inflammatory Monocytes	0.0906	51
U2AF1	0.4501	LP|Cycling B	3.7550	51
U2AF1L4	0.6180	LP|Tregs	0.5952	51
U2AF2	0.5873	LP|Cycling T	0.5829	51
U2SURP	0.4756	LP|Glia	1.0233	51
U3	0.9024	Epi|M cells	0.1869	51
U47924.27	0.9377	Epi|Tuft	0.8345	51
U47924.29	0.9370	Epi|Enterocytes	0.0041	51
U47924.30	0.7646	LP|Microvascular	0.0359	51
U47924.31	0.7218	LP|Endothelial	0.0370	51
U52111.14	0.9834	Epi|TA 1	0.0006	51
U73166.2	0.7750	LP|Glia	0.0827	51
U91328.19	0.7388	LP|GC	0.0328	51
U91328.20	0.8988	LP|Inflammatory Monocytes	0.0132	51
U91328.22	0.9065	LP|DC1	0.0034	51
UACA	0.8683	LP|Pericytes	1.0770	51
UAP1	0.6046	LP|Plasma	0.8530	51
UAP1L1	0.7023	LP|Glia	0.0906	51
UBA1	0.5483	Epi|Enterocytes	0.9260	51
UBA2	0.7845	LP|Pericytes	1.4761	51
UBA3	0.5487	LP|Glia	0.5742	51
UBA5	0.5841	LP|Cycling T	0.4653	51
UBA52	0.4225	LP|CD4+ Memory	24.5932	51
UBA6	0.6169	LP|MT-hi	0.4539	51
UBA6-AS1	0.6431	LP|Cycling T	0.1046	51
UBA7	0.8777	LP|CD69- Mast	1.3245	51
UBAC1	0.6818	Epi|Enterocyte Progenitors	0.6120	51
UBAC2	0.5274	LP|ILCs	0.8855	51
UBAC2-AS1	0.7806	LP|GC	0.0735	51
UBALD1	0.6680	LP|GC	0.5472	51
UBALD2	0.6932	LP|Cycling T	1.2364	51
UBAP1	0.7192	LP|MT-hi	0.5602	51
UBAP1L	0.7436	LP|WNT2B+ Fos-lo 2	0.0294	51
UBAP2	0.5822	LP|MT-hi	0.3031	51
UBAP2L	0.3790	LP|Macrophages	0.2297	51
UBASH3A	0.8631	LP|CD8+ IL17+	0.2848	51
UBASH3B	0.7722	LP|CD8+ IL17+	0.1758	51
UBB	0.6226	LP|CD69+ Mast	36.2136	51
UBBP4	0.6070	LP|CD69+ Mast	0.8273	51
UBC	0.5733	LP|Glia	25.5451	51
UBD	0.9287	Epi|M cells	0.1637	51
UBE2A	0.6068	Epi|Enterocytes	1.9642	51
UBE2B	0.5879	LP|Glia	2.6346	51
UBE2C	0.9421	LP|Cycling B	5.0441	51
UBE2D1	0.6956	LP|Inflammatory Monocytes	1.5915	51
UBE2D2	0.5048	LP|GC	3.1296	51
UBE2D3	0.4354	LP|Tregs	5.1930	51
UBE2D4	0.7349	LP|Microvascular	0.4782	51
UBE2E1	0.6426	LP|GC	1.2848	51
UBE2E2	0.7816	LP|Pericytes	0.7899	51
UBE2E3	0.7938	LP|Myofibroblasts	3.7486	51
UBE2F	0.6904	LP|NKs	1.2092	51
UBE2G1	0.7598	LP|GC	1.4575	51
UBE2G2	0.5446	LP|MT-hi	0.5890	51
UBE2H	0.6360	LP|GC	0.5905	51
UBE2I	0.5221	LP|Cycling B	2.5702	51
UBE2J1	0.8577	LP|Cycling B	4.6940	51
UBE2J2	0.4631	LP|Cycling T	0.7467	51
UBE2K	0.3856	LP|GC	0.7165	51
UBE2L3	0.4981	LP|Cycling B	2.9437	51
UBE2L6	0.5380	LP|CD8+ IL17+	1.6317	51
UBE2M	0.4582	LP|Cycling T	0.3536	51
UBE2N	0.6823	LP|GC	3.1826	51
UBE2NL	0.9100	LP|Cycling B	0.0128	51
UBE2O	0.4752	LP|NKs	0.1118	51
UBE2Q1	0.3546	LP|Inflammatory Monocytes	0.2633	51
UBE2Q2	0.6486	LP|Endothelial	0.6555	51
UBE2QL1	0.9461	LP|Plasma	0.0228	51
UBE2R2	0.6959	LP|Inflammatory Monocytes	1.1287	51
UBE2S	0.7812	LP|ILCs	3.1354	51
UBE2T	0.9042	LP|Cycling T	1.4320	51
UBE2V1	0.9588	LP|CD69- Mast	0.6136	51
UBE2V2	0.4994	LP|Cycling B	1.2092	51
UBE2W	0.6960	Epi|M cells	0.5619	51
UBE2Z	0.6930	Epi|M cells	0.7360	51
UBE3A	0.8799	LP|CD69- Mast	2.4890	51
UBE3B	0.6560	LP|MT-hi	0.3026	51
UBE3C	0.4836	Epi|Enteroendocrine	0.2397	51
UBE3D	0.5539	LP|WNT5B+ 2	0.1062	51
UBE4A	0.4785	LP|MT-hi	0.2464	51
UBE4B	0.4261	LP|WNT5B+ 1	0.1754	51
UBFD1	0.6839	Epi|M cells	0.2696	51
UBIAD1	0.5907	LP|Glia	0.2537	51
UBL3	0.4333	LP|RSPO3+	0.4816	51
UBL4A	0.5520	LP|Glia	0.3687	51
UBL5	0.3122	Epi|M cells	5.8832	51
UBL7	0.5717	LP|GC	0.8194	51
UBL7-AS1	0.7198	LP|Cycling T	0.2220	51
UBLCP1	0.5850	LP|GC	0.3435	51
UBN1	0.4625	LP|CD8+ IELs	0.4007	51
UBN2	0.6104	Epi|Enteroendocrine	0.2392	51
UBOX5	0.6166	LP|Glia	0.0931	51
UBP1	0.5094	LP|Endothelial	0.2494	51
UBQLN1	0.6238	LP|GC	0.7931	51
UBQLN2	0.7360	LP|CD4+ PD1+	0.7728	51
UBQLN4	0.6574	LP|CD69- Mast	0.2334	51
UBR1	0.5882	LP|Pericytes	0.2369	51
UBR2	0.4815	Epi|Tuft	0.3204	51
UBR3	0.5429	LP|WNT2B+ Fos-lo 2	0.1805	51
UBR4	0.6557	LP|Glia	0.2041	51
UBR5	0.6230	LP|GC	0.4166	51
UBR7	0.6799	LP|MT-hi	0.2980	51
UBTD1	0.8934	LP|Post-capillary Venules	0.4124	51
UBTD2	0.6199	LP|WNT5B+ 2	0.1635	51
UBTF	0.4610	LP|MT-hi	0.5276	51
UBXN1	0.4596	LP|GC	3.4988	51
UBXN10	0.9509	Epi|Enteroendocrine	0.4667	51
UBXN11	0.8191	LP|CD69- Mast	0.8111	51
UBXN2A	0.6945	LP|ILCs	0.5382	51
UBXN2B	0.6658	LP|Inflammatory Monocytes	0.2192	51
UBXN4	0.3965	LP|WNT5B+ 2	1.9573	51
UBXN6	0.7020	Epi|Tuft	0.9183	51
UBXN7	0.4827	LP|WNT2B+ Fos-lo 2	0.2021	51
UBXN7-AS1	0.8123	LP|Glia	0.0436	51
UBXN8	0.6701	LP|Microvascular	0.2350	51
UCA1	0.9567	Epi|Goblet	0.1471	51
UCHL1	0.9760	LP|Glia	0.8433	51
UCHL3	0.6570	LP|CD69- Mast	1.0089	51
UCHL5	0.5990	LP|CD69- Mast	0.4563	51
UCK1	0.6186	LP|Glia	0.3450	51
UCK2	0.6862	Epi|Immature Enterocytes 2	0.3203	51
UCKL1	0.7853	LP|CD69- Mast	0.6786	51
UCN	0.7940	Epi|Enteroendocrine	0.0290	51
UCP2	0.8575	LP|GC	8.2740	51
UCP3	0.8383	LP|NKs	0.0233	51
UEVLD	0.6211	LP|CD69- Mast	0.2283	51
UFC1	0.2712	LP|Microvascular	2.1298	51
UFD1L	0.5083	LP|Cycling T	1.3811	51
UFL1	0.5246	LP|RSPO3+	0.4891	51
UFM1	0.5983	LP|Plasma	1.3864	51
UFSP1	0.8991	Epi|M cells	0.1395	51
UFSP2	0.5711	LP|Pericytes	0.4700	51
UGCG	0.7757	LP|Post-capillary Venules	0.8668	51
UGDH	0.8397	Epi|Enterocyte Progenitors	2.2393	51
UGDH-AS1	0.8097	LP|RSPO3+	0.0328	51
UGGT1	0.4453	LP|GC	0.2102	51
UGGT2	0.7287	LP|Pericytes	0.2370	51
UGP2	0.7195	Epi|Enterocytes	4.1465	51
UGT1A1	0.8394	Epi|TA 1	0.0292	51
UGT1A10	0.8927	Epi|Immature Enterocytes 1	0.0139	51
UGT1A6	0.9542	Epi|TA 1	0.0063	51
UGT1A7	0.9121	Epi|TA 1	0.0077	51
UGT2A3	0.8750	Epi|Enterocyte Progenitors	0.5982	51
UGT2B10	0.9794	Epi|Enterocyte Progenitors	0.0015	51
UGT2B15	0.8605	Epi|Enterocyte Progenitors	0.0365	51
UGT2B17	0.9186	Epi|Enterocyte Progenitors	7.5921	51
UGT2B7	0.9364	Epi|Immature Goblet	0.1321	51
UGT8	0.8228	Epi|Tuft	0.2705	51
UHMK1	0.5893	LP|NKs	0.5429	51
UHRF1	0.9410	LP|Cycling T	0.6925	51
UHRF1BP1	0.8064	LP|Macrophages	0.1189	51
UHRF1BP1L	0.9115	LP|CD69- Mast	0.6400	51
UHRF2	0.6993	LP|GC	0.3088	51
UIMC1	0.6795	LP|GC	0.3598	51
ULBP1	nan	Epi|Best4+ Enterocytes	0.0000	51
ULBP2	0.8680	LP|Microvascular	0.1804	51
ULK1	0.7767	Epi|Tuft	0.2317	51
ULK2	0.7447	LP|Myofibroblasts	0.1389	51
ULK3	0.6476	Epi|Tuft	0.3919	51
ULK4	0.7526	LP|MT-hi	0.1348	51
UMODL1	0.9533	Epi|Immature Goblet	0.0021	51
UMPS	0.8478	LP|CD69- Mast	0.9273	51
UNC119	0.7277	LP|DC1	0.7241	51
UNC119B	0.7728	LP|Microvascular	0.2353	51
UNC13A	0.9194	Epi|M cells	0.0328	51
UNC13B	0.8308	Epi|Goblet	0.2993	51
UNC13D	0.9104	LP|CD69- Mast	1.7874	51
UNC45A	0.5859	LP|Myofibroblasts	0.4479	51
UNC50	0.6212	LP|RSPO3+	1.0953	51
UNC5B	0.8187	LP|Microvascular	0.5264	51
UNC5B-AS1	0.9079	Epi|Goblet	0.0537	51
UNC5C	0.8914	Epi|Best4+ Enterocytes	0.3012	51
UNC5CL	0.9616	Epi|M cells	0.2514	51
UNC79	0.8467	LP|Glia	0.0102	51
UNC93A	0.9501	Epi|Stem	0.0053	51
UNC93B1	0.6622	LP|Macrophages	0.5760	51
UNG	0.6684	Epi|Cycling TA	0.4050	51
UNK	0.5971	LP|CD8+ IL17+	0.3279	51
UNKL	0.6479	Epi|Tuft	0.1978	51
UPB1	0.7266	LP|Pericytes	0.0695	51
UPF1	0.7250	Epi|M cells	0.4106	51
UPF2	0.5930	Epi|Tuft	1.2164	51
UPF3A	0.4886	LP|Myofibroblasts	0.9255	51
UPF3B	0.4989	LP|Cycling B	0.5049	51
UPK1B	nan	Epi|Best4+ Enterocytes	0.0000	51
UPK3A	0.9659	Epi|M cells	0.3587	51
UPK3B	0.6942	LP|Cycling Monocytes	0.0829	51
UPK3BL	0.8430	LP|WNT5B+ 1	0.0088	51
UPP1	0.7845	LP|Post-capillary Venules	1.9673	51
UPRT	0.8650	LP|CD69- Mast	0.6028	51
UQCC1	0.6308	Epi|M cells	0.2495	51
UQCC2	0.5611	LP|Cycling Monocytes	1.6440	51
UQCR10	0.6719	Epi|Enterocyte Progenitors	10.8187	51
UQCR11	0.5344	Epi|Immature Enterocytes 2	11.0310	51
UQCRB	0.5004	LP|Inflammatory Monocytes	9.7893	51
UQCRC1	0.7268	Epi|Enterocyte Progenitors	5.1607	51
UQCRC2	0.6871	Epi|Enterocyte Progenitors	4.4495	51
UQCRFS1	0.7045	Epi|Enterocyte Progenitors	6.0373	51
UQCRH	0.6010	Epi|TA 2	11.7760	51
UQCRQ	0.7016	Epi|Immature Enterocytes 2	16.2909	51
URAD	0.8742	Epi|Immature Goblet	1.5829	51
URB1	0.7281	LP|MT-hi	0.1199	51
URB2	0.6989	LP|MT-hi	0.0650	51
URGCP	0.6352	LP|MT-hi	0.3400	51
URI1	0.6687	LP|NKs	0.7069	51
URM1	0.5561	LP|Cycling T	1.0236	51
UROD	0.6044	LP|Glia	1.0762	51
UROS	0.6899	LP|CD69- Mast	1.1933	51
USB1	0.5738	LP|NKs	0.4668	51
USE1	0.5761	LP|MT-hi	1.0306	51
USF1	0.7631	Epi|Tuft	0.1245	51
USF2	0.7388	LP|GC	1.3815	51
USH1C	0.8371	Epi|Tuft	1.4073	51
USHBP1	0.9605	LP|Endothelial	0.4057	51
USMG5	0.6470	Epi|Enterocyte Progenitors	8.1491	51
USO1	0.4333	LP|CD69- Mast	0.4957	51
USP1	0.7271	LP|Cycling T	1.1668	51
USP10	0.5910	LP|WNT5B+ 1	0.5192	51
USP11	0.7779	LP|Glia	0.9159	51
USP12	0.5512	LP|GC	0.2853	51
USP13	0.7355	LP|Pericytes	0.1287	51
USP14	0.5230	LP|Cycling B	0.5284	51
USP15	0.6194	LP|Tregs	0.8791	51
USP16	0.3771	LP|Tregs	1.0501	51
USP18	0.9066	Epi|Tuft	0.6629	51
USP19	0.5747	Epi|Tuft	0.1622	51
USP2	0.9293	Epi|Enterocytes	0.3571	51
USP2-AS1	0.9082	Epi|Enterocytes	0.0662	51
USP20	0.7830	LP|MT-hi	0.2434	51
USP21	0.7412	LP|Pericytes	0.0905	51
USP22	0.5996	Epi|Tuft	0.7626	51
USP24	0.5806	LP|GC	0.1790	51
USP25	0.5939	LP|Inflammatory Monocytes	0.1821	51
USP27X	0.7453	LP|Glia	0.0306	51
USP27X-AS1	0.9337	LP|Myofibroblasts	0.0158	51
USP28	0.8020	Epi|Tuft	0.3261	51
USP3	0.6816	LP|Inflammatory Monocytes	0.6367	51
USP3-AS1	0.8240	Epi|Tuft	0.0375	51
USP30	0.6480	Epi|Tuft	0.1152	51
USP30-AS1	0.8316	LP|CD8+ IL17+	0.4309	51
USP31	0.8129	LP|Endothelial	0.0765	51
USP32	0.6843	LP|Inflammatory Monocytes	0.2543	51
USP33	0.5099	LP|WNT5B+ 2	0.3339	51
USP34	0.5434	LP|GC	0.5998	51
USP35	0.9089	Epi|Tuft	0.0851	51
USP36	0.7891	LP|CD8+ IL17+	0.8579	51
USP37	0.5441	LP|ILCs	0.1260	51
USP38	0.5258	LP|CD8+ IELs	0.2047	51
USP39	0.5875	LP|Cycling T	0.3803	51
USP4	0.5992	LP|MT-hi	0.3762	51
USP40	0.8427	LP|CD69- Mast	0.3530	51
USP42	0.6276	LP|CD69- Mast	0.2283	51
USP43	0.8363	Epi|Enterocytes	0.0889	51
USP44	0.9776	LP|Glia	0.1384	51
USP45	0.5805	LP|Glia	0.0880	51
USP46	0.7390	LP|MT-hi	0.1889	51
USP46-AS1	0.7577	LP|Cycling Monocytes	0.0409	51
USP47	0.6915	LP|MT-hi	0.8031	51
USP48	0.8138	LP|CD69- Mast	1.4001	51
USP49	0.7706	LP|MT-hi	0.1056	51
USP5	0.5523	LP|Cycling T	0.2943	51
USP51	0.9007	LP|Glia	0.2977	51
USP53	0.7721	Epi|M cells	0.6324	51
USP54	0.8944	Epi|Goblet	0.3443	51
USP6	0.7336	LP|Inflammatory Monocytes	0.0398	51
USP6NL	0.8659	LP|GC	0.4926	51
USP7	0.5508	Epi|Tuft	0.4098	51
USP8	0.5043	LP|CD8+ IL17+	0.6458	51
USP9X	0.3920	LP|CD4+ PD1+	0.3023	51
USP9Y	0.8871	Epi|Enteroendocrine	0.1418	51
USPL1	0.8972	LP|CD69- Mast	0.5234	51
UST	0.8578	LP|MT-hi	0.1162	51
UTP11L	0.5952	LP|CD69- Mast	0.7608	51
UTP14A	0.5841	LP|GC	0.1980	51
UTP14C	0.6186	LP|RSPO3+	0.1835	51
UTP15	0.6590	LP|Post-capillary Venules	0.1043	51
UTP18	0.5221	LP|CD8+ IL17+	0.4979	51
UTP20	0.5107	LP|Endothelial	0.0999	51
UTP23	0.5928	LP|Glia	0.3747	51
UTP3	0.5024	LP|WNT5B+ 1	0.3447	51
UTP6	0.6596	LP|GC	0.5567	51
UTRN	0.7817	LP|Endothelial	1.2564	51
UTS2	0.9764	LP|CD69- Mast	3.6118	51
UTS2B	0.9412	LP|Follicular	0.0145	51
UTY	0.7218	Epi|Enteroendocrine	0.1118	51
UVRAG	0.7960	LP|GC	0.6581	51
UVSSA	0.6643	Epi|M cells	0.1226	51
UXS1	0.6596	LP|Tregs	0.6227	51
UXT	0.3489	Epi|Enteroendocrine	3.0142	51
VAC14	0.9089	LP|DC1	0.8089	51
VAMP1	0.7396	LP|GC	0.2141	51
VAMP2	0.5382	LP|Glia	3.9663	51
VAMP3	0.7006	LP|Microvascular	1.1736	51
VAMP4	0.5566	LP|CD4+ PD1+	0.3249	51
VAMP5	0.8955	LP|Microvascular	12.3859	51
VAMP7	0.4332	LP|GC	0.3374	51
VAMP8	0.7517	LP|Cycling Monocytes	11.6738	51
VANGL1	0.7649	LP|WNT2B+ Fos-lo 2	0.2413	51
VANGL2	0.9285	Epi|M cells	0.2413	51
VAPA	0.4702	LP|Glia	3.2500	51
VAPB	0.6590	LP|Glia	0.5090	51
VARS	0.5237	Epi|Cycling TA	0.2471	51
VARS2	0.5454	Epi|Cycling TA	0.0904	51
VASH1	0.8958	LP|Endothelial	0.4428	51
VASH2	0.9178	Epi|Enteroendocrine	0.0743	51
VASN	0.9261	LP|Pericytes	1.1723	51
VASP	0.6211	LP|GC	2.3870	51
VAT1	0.8745	LP|Microvascular	1.5195	51
VAT1L	0.9442	LP|Myofibroblasts	0.3352	51
VAV1	0.9252	Epi|Tuft	1.4683	51
VAV2	0.7455	Epi|Enterocytes	0.2472	51
VAV3	0.6433	LP|NKs	0.3833	51
VBP1	0.5526	LP|Cycling B	1.2033	51
VCAM1	0.9169	LP|WNT2B+ Fos-lo 1	3.0988	51
VCAN	0.9250	LP|Inflammatory Monocytes	6.7041	51
VCL	0.8875	LP|Myofibroblasts	1.9263	51
VCP	0.4979	LP|Microvascular	1.7010	51
VCPIP1	0.5629	LP|GC	0.2137	51
VCPKMT	0.8824	LP|GC	0.8778	51
VDAC1	0.6025	Epi|Enterocyte Progenitors	3.4232	51
VDAC2	0.6485	Epi|Enterocytes	4.9828	51
VDAC3	0.5384	LP|Cycling T	1.8709	51
VDR	0.8472	Epi|Immature Enterocytes 2	0.7184	51
VEGFA	0.7775	Epi|Enterocytes	0.6761	51
VEGFB	0.6912	LP|RSPO3+	0.3173	51
VEGFC	0.9798	LP|Post-capillary Venules	0.3952	51
VEPH1	0.9252	Epi|Best4+ Enterocytes	0.0234	51
VEZF1	0.7127	LP|Glia	0.7193	51
VEZT	0.6281	LP|GC	0.5660	51
VGF	0.8997	LP|ILCs	0.0190	51
VGLL3	0.9340	LP|Glia	0.1714	51
VGLL4	0.7513	LP|Post-capillary Venules	1.2923	51
VHL	0.7082	LP|GC	0.3861	51
VIL1	0.8266	Epi|Immature Enterocytes 2	1.6140	51
VILL	0.8546	Epi|Immature Enterocytes 1	1.3982	51
VIM	0.7959	LP|Glia	48.0014	51
VIM-AS1	0.8852	LP|CD69+ Mast	0.6585	51
VIMP	0.6640	LP|Plasma	4.2901	51
VIPAS39	0.5661	LP|Glia	0.1472	51
VIPR1	0.9180	Epi|Goblet	1.0006	51
VIPR1-AS1	0.9455	Epi|Goblet	0.0051	51
VIPR2	0.8859	LP|WNT2B+ Fos-lo 2	0.1615	51
VIT	0.9781	Epi|Stem	0.0023	51
VKORC1	0.6708	LP|WNT2B+ Fos-lo 1	3.1864	51
VKORC1L1	0.4959	Epi|Immature Enterocytes 2	0.2116	51
VLDLR	0.8476	LP|RSPO3+	0.1042	51
VMA21	0.7326	LP|Cycling Monocytes	1.2118	51
VMAC	0.6935	LP|CD4+ PD1+	0.1854	51
VMO1	0.9519	LP|DC1	1.5630	51
VMP1	0.6021	LP|Inflammatory Monocytes	2.6298	51
VNN1	0.9495	Epi|Enterocytes	0.3152	51
VNN2	0.9358	LP|GC	1.2266	51
VNN3	0.9801	LP|Inflammatory Monocytes	0.0566	51
VOPP1	0.5823	LP|DC1	1.2636	51
VPRBP	0.5044	LP|MT-hi	0.0987	51
VPREB3	0.9730	LP|GC	7.1775	51
VPS11	0.6071	LP|CD8+ IL17+	0.2145	51
VPS13A	0.7465	Epi|Immature Enterocytes 1	0.7375	51
VPS13B	0.6448	LP|RSPO3+	0.1774	51
VPS13C	0.5460	LP|Tregs	0.5081	51
VPS13D	0.8538	LP|Glia	0.6423	51
VPS16	0.5155	LP|NKs	0.2986	51
VPS18	0.5449	LP|WNT2B+ Fos-lo 2	0.1193	51
VPS25	0.4196	LP|WNT5B+ 2	0.8430	51
VPS26A	0.5095	LP|Glia	0.7737	51
VPS26B	0.5690	LP|Cycling T	0.4578	51
VPS28	0.4275	Epi|Tuft	3.1423	51
VPS29	0.5207	LP|Cycling Monocytes	2.8603	51
VPS33A	0.6294	LP|CD8+ IL17+	0.2397	51
VPS33B	0.7620	LP|MT-hi	0.1871	51
VPS35	0.5368	LP|Inflammatory Monocytes	1.1528	51
VPS36	0.5052	Epi|M cells	0.6669	51
VPS37A	0.7511	LP|CD69- Mast	0.6786	51
VPS37B	0.7247	LP|NKs	1.6404	51
VPS37C	0.6966	Epi|M cells	0.2428	51
VPS37D	0.9580	LP|Pericytes	0.0613	51
VPS39	0.7538	Epi|M cells	0.2824	51
VPS41	0.5116	LP|Macrophages	0.2406	51
VPS45	0.7594	LP|MT-hi	0.4673	51
VPS4A	0.4750	LP|Glia	0.5676	51
VPS4B	0.3648	Epi|M cells	0.6563	51
VPS51	0.4250	Epi|Stem	0.9941	51
VPS52	0.4837	LP|WNT5B+ 2	0.1518	51
VPS53	0.5904	LP|MT-hi	0.3849	51
VPS54	0.6390	Epi|M cells	0.1464	51
VPS72	0.8098	LP|CD69- Mast	1.5524	51
VPS8	0.5654	Epi|Tuft	0.2465	51
VPS9D1	0.6940	LP|Pericytes	0.1085	51
VPS9D1-AS1	0.9453	Epi|Stem	0.0685	51
VRK1	0.8061	LP|Cycling B	0.9026	51
VRK2	0.6453	LP|CD4+ PD1+	0.3607	51
VRK3	0.4130	LP|MT-hi	0.4482	51
VRTN	0.9660	Epi|Stem	0.0005	51
VSIG1	0.9064	LP|CD4+ Memory	0.0585	51
VSIG10	0.7582	Epi|M cells	0.3795	51
VSIG10L	0.7697	LP|WNT2B+ Fos-lo 2	0.0427	51
VSIG2	0.8882	Epi|Goblet	4.6525	51
VSIG4	0.9788	LP|Cycling Monocytes	2.5359	51
VSIG8	0.9556	Epi|Enteroendocrine	0.0885	51
VSNL1	0.8973	Epi|Tuft	0.1819	51
VSTM2A	0.9814	LP|WNT5B+ 1	5.2648	51
VSTM2L	0.9732	LP|Myofibroblasts	0.0902	51
VSTM4	0.8573	LP|Pericytes	0.6245	51
VSTM5	0.8953	Epi|M cells	0.0288	51
VTA1	0.6503	LP|CD69- Mast	0.4669	51
VTI1A	0.4314	LP|NKs	0.1839	51
VTI1B	0.5914	LP|CD69- Mast	1.3166	51
VTRNA1-1	0.9806	LP|CD69- Mast	0.4998	51
VTRNA1-2	0.8030	Epi|Enteroendocrine	0.0167	51
VTRNA1-3	0.7555	LP|MT-hi	0.0784	51
VTRNA2-1	0.8849	LP|WNT2B+ Fos-hi	0.0170	51
VWA1	0.9715	LP|Microvascular	9.6653	51
VWA2	0.9660	Epi|Tuft	0.0295	51
VWA3B	0.9320	LP|ILCs	0.0654	51
VWA5A	0.9696	LP|CD69- Mast	11.6060	51
VWA5B2	0.9997	Epi|Enteroendocrine	0.1685	51
VWA7	0.8989	Epi|M cells	0.0263	51
VWA8	0.5998	LP|MT-hi	0.0828	51
VWA9	0.7234	LP|CD69- Mast	0.5243	51
VWC2	0.9297	LP|CD69- Mast	0.1765	51
VWCE	0.8837	LP|Pericytes	0.0236	51
VWDE	0.9565	Epi|M cells	0.0121	51
VWF	0.9717	LP|Microvascular	10.9706	51
WAC	0.4203	LP|Inflammatory Monocytes	0.8127	51
WAC-AS1	0.6751	LP|CD69- Mast	0.6136	51
WAPAL	0.5773	Epi|M cells	0.5859	51
WARS	0.8181	LP|Endothelial	3.9837	51
WARS2	0.6547	LP|RSPO3+	0.2441	51
WAS	0.7724	LP|CD8+ IL17+	1.5028	51
WASF1	0.8064	LP|WNT2B+ Fos-lo 1	0.0619	51
WASF2	0.5728	LP|Endothelial	2.3000	51
WASF3	0.8812	LP|RSPO3+	0.1073	51
WASH4P	0.5743	Epi|Tuft	0.4848	51
WASIR1	0.9798	Epi|TA 1	0.0012	51
WASIR2	0.9930	Epi|Immature Goblet	0.0010	51
WASL	0.7189	Epi|Immature Enterocytes 2	0.8012	51
WBP1	0.9797	LP|CD69- Mast	0.6786	51
WBP11	0.7655	LP|CD69- Mast	1.5531	51
WBP1L	0.5212	LP|Post-capillary Venules	0.2673	51
WBP2	0.6066	LP|Microvascular	1.1505	51
WBP2NL	0.8186	Epi|Tuft	0.0585	51
WBP4	0.6982	LP|Glia	0.9135	51
WBP5	0.7517	LP|Inflammatory Fibroblasts	3.2054	51
WBSCR16	0.5773	LP|ILCs	0.3285	51
WBSCR22	0.4122	LP|CD69- Mast	1.3055	51
WBSCR27	0.8103	Epi|Enterocytes	0.1259	51
WBSCR28	0.9956	Epi|Enteroendocrine	0.0081	51
WDFY1	0.5840	LP|Microvascular	0.2550	51
WDFY2	0.7676	LP|Cycling Monocytes	0.1917	51
WDFY3	0.8095	LP|Pericytes	0.2885	51
WDFY3-AS2	0.8612	LP|RSPO3+	0.1100	51
WDFY4	0.9814	LP|DC1	1.4379	51
WDHD1	0.8503	LP|Cycling T	0.1153	51
WDPCP	0.6707	LP|Microvascular	0.0719	51
WDR1	0.6173	LP|Cycling T	2.7942	51
WDR11	0.5652	Epi|Tuft	0.3464	51
WDR11-AS1	0.9024	Epi|Immature Enterocytes 1	0.0093	51
WDR12	0.5534	Epi|Stem	0.2356	51
WDR13	0.5855	LP|Glia	0.9829	51
WDR17	0.8939	LP|Glia	0.0281	51
WDR18	0.5032	LP|Glia	0.6742	51
WDR19	0.7794	LP|WNT2B+ Fos-lo 2	0.1097	51
WDR20	0.7621	LP|CD69- Mast	0.6400	51
WDR24	0.7111	Epi|M cells	0.1515	51
WDR25	0.8553	LP|CD69- Mast	0.5521	51
WDR26	0.5055	LP|Inflammatory Monocytes	0.3883	51
WDR27	0.8487	LP|WNT5B+ 2	0.2499	51
WDR3	0.5911	LP|Pericytes	0.1423	51
WDR31	0.8117	LP|Pericytes	0.0858	51
WDR33	0.5290	LP|CD69- Mast	1.0196	51
WDR34	0.7855	Epi|Cycling TA	1.1951	51
WDR35	0.7830	LP|WNT5B+ 2	0.1007	51
WDR36	0.5640	LP|WNT5B+ 2	0.1737	51
WDR37	0.6528	LP|Microvascular	0.1775	51
WDR4	0.7482	LP|Cycling B	0.2163	51
WDR41	0.7995	LP|CD69- Mast	0.7906	51
WDR43	0.5186	LP|ILCs	0.2931	51
WDR44	0.5023	Epi|Immature Enterocytes 2	0.1028	51
WDR45	0.8341	LP|CD69- Mast	2.4213	51
WDR45B	0.6166	LP|ILCs	0.8236	51
WDR46	0.4633	LP|Inflammatory Fibroblasts	0.5268	51
WDR47	0.7731	LP|Glia	0.1769	51
WDR48	0.5774	LP|RSPO3+	0.3061	51
WDR5	0.6539	LP|Cycling T	0.2620	51
WDR52	0.8513	Epi|Tuft	0.1458	51
WDR53	0.7560	LP|MT-hi	0.1644	51
WDR54	0.6917	LP|Cycling T	0.7883	51
WDR55	0.7205	Epi|M cells	0.5062	51
WDR59	0.6604	Epi|Tuft	0.3101	51
WDR5B	0.8667	LP|CD4+ PD1+	0.2468	51
WDR6	0.6798	Epi|Enteroendocrine	0.6258	51
WDR60	0.6697	LP|Microvascular	0.4950	51
WDR61	0.5299	LP|Glia	1.1758	51
WDR62	0.8301	LP|Cycling T	0.0916	51
WDR63	nan	Epi|Best4+ Enterocytes	0.0000	51
WDR64	0.9909	LP|Glia	0.0360	51
WDR66	0.9587	LP|GC	0.4854	51
WDR7	0.7752	LP|CD4+ PD1+	0.1332	51
WDR70	0.5247	LP|Glia	0.2238	51
WDR72	0.9502	Epi|Enteroendocrine	0.0138	51
WDR73	0.6714	LP|MT-hi	0.4365	51
WDR74	0.6598	LP|Follicular	1.0433	51
WDR75	0.5471	LP|Pericytes	0.1857	51
WDR76	0.9176	LP|Cycling B	0.6040	51
WDR77	0.5969	LP|GC	0.2899	51
WDR78	0.8168	Epi|Immature Enterocytes 2	0.1214	51
WDR81	0.6610	LP|MT-hi	0.1489	51
WDR82	0.5816	LP|CD8+ IL17+	0.6364	51
WDR83	0.4306	LP|MT-hi	0.2225	51
WDR83OS	0.4058	LP|CD69- Mast	4.2592	51
WDR86	0.9819	LP|Glia	0.8300	51
WDR89	0.6732	LP|CD8+ IL17+	0.1463	51
WDR90	0.8324	Epi|Cycling TA	0.1492	51
WDR91	0.8680	Epi|M cells	0.2627	51
WDR92	0.6032	LP|Glia	0.1691	51
WDR93	0.9019	Epi|M cells	0.0578	51
WDR96	0.9547	LP|RSPO3+	0.0047	51
WDSUB1	0.7140	LP|Glia	0.2127	51
WDTC1	0.5545	Epi|Tuft	0.2300	51
WDYHV1	0.9103	LP|CD69- Mast	0.8684	51
WEE1	0.8335	LP|GC	0.4374	51
WEE2-AS1	0.8829	LP|WNT5B+ 2	0.0063	51
WFDC1	0.9612	LP|Myofibroblasts	5.6462	51
WFDC12	0.9527	Epi|Enterocyte Progenitors	0.0042	51
WFDC2	0.9642	Epi|Immature Goblet	15.2951	51
WFDC3	0.9459	Epi|M cells	0.2219	51
WFIKKN1	0.9497	Epi|Tuft	0.0610	51
WFS1	0.8961	LP|WNT5B+ 2	0.5378	51
WHAMM	0.6664	LP|MT-hi	0.4263	51
WHSC1	0.7453	Epi|Tuft	0.4247	51
WHSC1L1	0.5526	LP|Tregs	1.3201	51
WI2-85898F10.1	0.8493	LP|Glia	0.0207	51
WI2-89031B12.1	nan	Epi|Best4+ Enterocytes	0.0000	51
WIBG	0.5432	LP|CD4+ PD1+	0.7144	51
WIPF1	0.7865	LP|GC	3.1718	51
WIPF2	0.5963	Epi|Enterocytes	0.6295	51
WIPF3	0.9879	Epi|M cells	0.3095	51
WIPI1	0.7003	Epi|Immature Goblet	0.7296	51
WIPI2	0.5059	LP|Glia	0.7819	51
WISP2	0.9968	LP|Glia	2.4492	51
WISP3	0.9245	Epi|Enteroendocrine	0.0176	51
WIZ	0.6234	LP|Endothelial	0.1156	51
WLS	0.8560	LP|Myofibroblasts	1.6240	51
WNK1	0.5931	LP|Tregs	0.7628	51
WNK2	0.8826	Epi|Tuft	0.7798	51
WNK4	0.9281	Epi|Goblet	0.5767	51
WNT10A	0.9438	LP|Plasma	0.2117	51
WNT10B	0.9355	LP|RSPO3+	0.0097	51
WNT11	0.9671	Epi|M cells	0.0426	51
WNT2	0.9946	LP|Inflammatory Fibroblasts	0.6594	51
WNT2B	0.9132	LP|Myofibroblasts	1.6804	51
WNT3	0.9398	Epi|Cycling TA	0.0009	51
WNT4	0.8982	LP|WNT2B+ Fos-lo 2	0.3778	51
WNT5A	0.9601	LP|Inflammatory Fibroblasts	1.0865	51
WNT5A-AS1	0.9550	LP|Inflammatory Fibroblasts	0.0421	51
WNT5B	0.9645	LP|WNT5B+ 2	0.7450	51
WNT7B	0.8417	LP|WNT5B+ 2	0.0048	51
WNT9A	0.8596	LP|Myofibroblasts	0.0165	51
WRAP53	0.6383	LP|Cycling B	0.1679	51
WRAP73	0.4130	LP|GC	0.2626	51
WRB	0.8330	LP|Glia	1.4391	51
WRN	0.7041	LP|Pericytes	0.1391	51
WRNIP1	0.5789	Epi|Enteroendocrine	0.2266	51
WSB1	0.7141	LP|Glia	3.9983	51
WSB2	0.6614	Epi|Enterocytes	0.4674	51
WSCD1	0.8906	Epi|Immature Enterocytes 2	0.1786	51
WT1	0.9951	Epi|Goblet	0.0097	51
WT1-AS	0.9578	LP|Plasma	1.1682	51
WTAP	0.6235	LP|Inflammatory Fibroblasts	1.9772	51
WTIP	0.9122	LP|Pericytes	0.1652	51
WWC1	0.8519	Epi|Enterocytes	0.1321	51
WWC2	0.8550	LP|Endothelial	0.2159	51
WWC3	0.6977	LP|Endothelial	0.2681	51
WWOX	0.6629	LP|RSPO3+	0.1767	51
WWP1	0.7332	LP|Macrophages	0.5185	51
WWP2	0.6484	Epi|Tuft	0.2972	51
WWTR1	0.9315	LP|Microvascular	2.0754	51
XAB2	0.6063	LP|RSPO3+	0.4119	51
XAF1	0.7652	LP|Endothelial	0.8740	51
XBP1	0.8833	LP|Plasma	15.5846	51
XCL1	0.9621	LP|NKs	6.7796	51
XCL2	0.9713	LP|NKs	6.8558	51
XDH	0.9652	Epi|Enterocytes	0.9123	51
XIAP	0.5758	Epi|Enterocytes	0.6287	51
XIST	0.7268	Epi|M cells	4.1959	51
XK	0.8318	Epi|Immature Enterocytes 2	0.1433	51
XKR4	0.9976	LP|Glia	2.3035	51
XKR6	0.9556	LP|GC	0.3822	51
XKR8	0.6059	LP|NKs	0.1806	51
XKR9	0.9325	Epi|M cells	0.1442	51
XKRX	0.9183	Epi|Enterocytes	0.0047	51
XPA	0.5964	LP|Pericytes	0.6131	51
XPC	0.5216	LP|Endothelial	0.3914	51
XPNPEP1	0.5366	Epi|M cells	0.4349	51
XPNPEP2	0.8938	Epi|Immature Enterocytes 1	0.1407	51
XPNPEP3	0.6115	LP|CD69- Mast	0.2188	51
XPO1	0.5636	Epi|M cells	0.5738	51
XPO4	0.6008	LP|RSPO3+	0.1422	51
XPO5	0.7364	LP|MT-hi	0.1816	51
XPO6	0.4961	LP|Cycling T	0.2488	51
XPO7	0.6168	Epi|M cells	0.1943	51
XPOT	0.7639	LP|CD69- Mast	0.4369	51
XPR1	0.6968	Epi|M cells	0.1807	51
XRCC1	0.8637	LP|CD69- Mast	0.8041	51
XRCC2	0.9247	LP|Cycling T	0.1305	51
XRCC3	0.8904	LP|Cycling T	0.1768	51
XRCC4	0.5980	LP|Cycling B	0.2142	51
XRCC5	0.5135	LP|Cycling T	2.0489	51
XRCC6	0.4321	LP|Cycling B	2.5026	51
XRCC6BP1	0.7319	Epi|Enterocyte Progenitors	0.4124	51
XRN1	0.4906	LP|Endothelial	0.3351	51
XRN2	0.5294	LP|Inflammatory Monocytes	1.1143	51
XRRA1	0.6713	LP|MT-hi	0.2955	51
XX-C2158C12.2	0.9016	LP|MT-hi	0.0305	51
XX-CR54.3	0.9323	Epi|M cells	0.0788	51
XXYLT1	0.6169	LP|Myofibroblasts	0.1640	51
XXYLT1-AS2	0.9654	LP|CD4+ PD1+	0.1167	51
XXbac-B135H6.15	0.8344	Epi|Tuft	0.3311	51
XXbac-B135H6.18	0.9588	LP|CD69- Mast	0.1943	51
XXbac-B476C20.13	0.8833	Epi|Immature Enterocytes 1	0.0682	51
XXbac-B476C20.9	0.9278	Epi|Enterocytes	0.2608	51
XXbac-BPG157A10.21	0.8495	Epi|Enteroendocrine	0.0185	51
XXbac-BPG181B23.7	0.6232	Epi|Enterocytes	0.0436	51
XXbac-BPG181M17.6	0.9063	LP|Inflammatory Monocytes	0.0033	51
XXbac-BPG252P9.10	0.7174	LP|WNT5B+ 1	0.0611	51
XXbac-BPG252P9.9	0.7925	LP|Inflammatory Monocytes	0.0252	51
XXbac-BPG27H4.8	0.9737	LP|Glia	0.0117	51
XXbac-BPG299F13.17	0.7999	LP|NKs	0.3757	51
XXbac-BPG308K3.6	nan	Epi|Best4+ Enterocytes	0.0000	51
XXbac-BPGBPG55C20.1	0.9681	LP|NKs	0.0058	51
XXbac-BPGBPG55C20.2	0.6283	Epi|Tuft	0.1221	51
XXbac-BPGBPG55C20.3	0.9795	Epi|TA 1	0.0015	51
XXcos-LUCA11.4	0.7951	Epi|Enteroendocrine	0.1801	51
XXyac-YM21GA2.4	0.9318	Epi|TA 2	0.0173	51
XXyac-YM21GA2.7	0.9511	Epi|Enterocyte Progenitors	0.0064	51
XXyac-YX155B6.5	0.9116	LP|Glia	0.0074	51
XYLB	0.7698	Epi|Best4+ Enterocytes	0.0674	51
XYLT1	0.8450	LP|MT-hi	0.2647	51
XYLT2	0.7794	LP|Inflammatory Fibroblasts	0.1776	51
YAE1D1	0.6807	LP|RSPO3+	0.3648	51
YAF2	0.5978	LP|CD8+ IL17+	0.8190	51
YAP1	0.8113	LP|Myofibroblasts	0.4341	51
YARS	0.5968	LP|NKs	0.4309	51
YARS2	0.5715	LP|CD69- Mast	0.3055	51
YBEY	0.5450	LP|GC	0.6331	51
YBX1	0.5741	LP|Cycling Monocytes	18.8433	51
YBX2	0.8509	Epi|Cycling TA	0.2256	51
YBX3	0.7074	LP|Inflammatory Monocytes	3.4145	51
YDJC	0.6408	LP|GC	0.7463	51
YEATS2	0.5666	LP|DC1	0.0894	51
YEATS4	0.7842	LP|Cycling B	1.0494	51
YES1	0.8992	LP|CD69- Mast	1.2273	51
YIF1A	0.5174	LP|Glia	1.7918	51
YIF1B	0.7262	LP|Cycling Monocytes	1.0726	51
YIPF1	0.5816	LP|CD8+ IL17+	0.3608	51
YIPF2	0.5608	LP|Plasma	0.2789	51
YIPF3	0.5124	LP|WNT5B+ 1	1.4298	51
YIPF4	0.4498	LP|Glia	1.0587	51
YIPF5	0.7671	LP|CD69- Mast	1.6139	51
YIPF6	0.5134	LP|Glia	0.6471	51
YJEFN3	0.7801	Epi|Tuft	0.1060	51
YKT6	0.5576	LP|CD69- Mast	0.3822	51
YLPM1	0.4306	LP|MT-hi	0.2359	51
YME1L1	0.6931	LP|ILCs	1.8859	51
YOD1	0.6514	LP|Pericytes	0.0774	51
YPEL1	0.8994	LP|NKs	0.5023	51
YPEL2	0.7429	LP|Post-capillary Venules	0.6878	51
YPEL3	0.7200	LP|NKs	1.9857	51
YPEL4	0.9395	LP|Glia	0.1851	51
YPEL5	0.7885	LP|ILCs	8.8627	51
YRDC	0.6571	LP|GC	0.3587	51
YTHDC1	0.4836	LP|ILCs	0.8523	51
YTHDC2	0.5229	LP|GC	0.2692	51
YTHDF1	0.4146	LP|Post-capillary Venules	0.1850	51
YTHDF2	0.3972	LP|Post-capillary Venules	0.9578	51
YTHDF3	0.4675	Epi|Enteroendocrine	0.3162	51
YTHDF3-AS1	0.5009	LP|Cycling B	0.0722	51
YWHAB	0.5589	LP|GC	5.9287	51
YWHAE	0.5785	LP|Glia	3.5803	51
YWHAG	0.6000	LP|Endothelial	0.7436	51
YWHAH	0.7620	LP|Cycling Monocytes	6.2591	51
YWHAQ	0.6410	LP|ILCs	5.0222	51
YWHAZ	0.5030	LP|CD69+ Mast	3.8777	51
YY1	0.3107	LP|Tregs	0.8319	51
YY1AP1	0.5330	Epi|Tuft	0.4074	51
YY2	0.7239	LP|MT-hi	0.0429	51
Y_RNA	0.9652	Epi|Tuft	0.4939	51
Z69720.2	0.8837	LP|Tregs	0.0068	51
Z83851.1	0.9089	Epi|Enteroendocrine	0.2817	51
Z83851.4	0.7886	LP|CD4+ PD1+	0.0144	51
Z97351.1	0.9703	Epi|Immature Enterocytes 1	0.0006	51
Z98049.1	0.8818	LP|Inflammatory Fibroblasts	0.0408	51
ZADH2	0.8074	LP|CD69- Mast	0.6786	51
ZAP70	0.8955	LP|NKs	1.8873	51
ZBED1	0.4594	LP|ILCs	0.2660	51
ZBED2	0.9316	LP|Cycling T	0.1396	51
ZBED3	0.8267	LP|DC1	0.1499	51
ZBED3-AS1	0.8104	LP|Endothelial	0.0147	51
ZBED4	0.6233	LP|MT-hi	0.1060	51
ZBED5	0.5129	LP|WNT5B+ 1	0.3239	51
ZBED5-AS1	0.6519	LP|GC	0.3059	51
ZBED6	0.6233	LP|MT-hi	0.2519	51
ZBED6CL	0.6899	LP|CD8+ IELs	0.0294	51
ZBP1	0.8738	LP|Plasma	0.5140	51
ZBTB1	0.6205	LP|CD8+ IELs	0.6672	51
ZBTB10	0.6782	LP|ILCs	0.3807	51
ZBTB11	0.6562	LP|CD69- Mast	0.2188	51
ZBTB11-AS1	0.6708	LP|RSPO3+	0.0781	51
ZBTB14	0.6778	LP|GC	0.1569	51
ZBTB16	0.8712	LP|NKs	0.5488	51
ZBTB17	0.5821	LP|CD8+ IL17+	0.2191	51
ZBTB18	0.9087	Epi|M cells	0.5236	51
ZBTB2	0.7600	LP|CD8+ IL17+	0.3184	51
ZBTB20	0.8140	LP|Glia	1.5221	51
ZBTB20-AS2	0.8275	LP|CD69+ Mast	0.0620	51
ZBTB20-AS4	0.8949	Epi|Enteroendocrine	0.0178	51
ZBTB21	0.5921	LP|Pericytes	0.1188	51
ZBTB22	0.5689	LP|NKs	0.1185	51
ZBTB24	0.6857	LP|Tregs	0.2092	51
ZBTB25	0.6424	LP|CD4+ Memory	0.2678	51
ZBTB26	0.8703	LP|MT-hi	0.1475	51
ZBTB3	0.6195	LP|Endothelial	0.0497	51
ZBTB32	0.9305	LP|Tregs	0.2886	51
ZBTB33	0.6309	LP|Endothelial	0.0962	51
ZBTB34	0.7795	Epi|Tuft	0.1048	51
ZBTB37	0.5092	LP|Pericytes	0.0874	51
ZBTB38	0.6671	LP|CD69- Mast	0.9972	51
ZBTB39	0.6609	LP|GC	0.0478	51
ZBTB4	0.6597	LP|Glia	0.3393	51
ZBTB40	0.5687	Epi|Enteroendocrine	0.1016	51
ZBTB41	0.7369	Epi|M cells	0.1250	51
ZBTB42	0.6855	Epi|Immature Goblet	0.0525	51
ZBTB43	0.5830	LP|MT-hi	0.3295	51
ZBTB44	0.6035	LP|Glia	0.5169	51
ZBTB45	0.6036	LP|Glia	0.1553	51
ZBTB46	0.8198	LP|DC1	0.1290	51
ZBTB47	0.8032	LP|WNT2B+ Fos-lo 2	0.1209	51
ZBTB48	0.8111	Epi|Tuft	0.5182	51
ZBTB49	0.8191	LP|MT-hi	0.1179	51
ZBTB5	0.8037	LP|MT-hi	0.1244	51
ZBTB6	0.7736	LP|MT-hi	0.1506	51
ZBTB7A	0.6150	Epi|Immature Enterocytes 2	0.8584	51
ZBTB7B	0.7844	Epi|Immature Enterocytes 2	0.6897	51
ZBTB7C	0.8678	Epi|Immature Enterocytes 2	0.3103	51
ZBTB8A	0.6078	LP|Endothelial	0.1483	51
ZBTB8B	0.8532	Epi|Enteroendocrine	0.0351	51
ZBTB8OS	0.6187	LP|Cycling B	1.1610	51
ZBTB9	0.6446	LP|Cycling T	0.0600	51
ZC2HC1A	0.8017	LP|Glia	0.6388	51
ZC2HC1B	0.9633	LP|Plasma	0.0176	51
ZC2HC1C	0.7902	Epi|Enterocyte Progenitors	0.0390	51
ZC3H10	0.7293	LP|Glia	0.1051	51
ZC3H11A	0.5312	LP|Pericytes	0.6164	51
ZC3H12A	0.7560	LP|ILCs	1.1896	51
ZC3H12B	0.8856	LP|Pericytes	0.0262	51
ZC3H12C	0.7754	LP|DC1	0.1168	51
ZC3H12D	0.9218	LP|Tregs	0.6606	51
ZC3H13	0.5540	LP|WNT2B+ Fos-lo 1	0.9262	51
ZC3H14	0.4735	LP|Glia	0.3173	51
ZC3H15	0.3984	LP|GC	1.4921	51
ZC3H18	0.6000	LP|CD8+ IELs	0.3678	51
ZC3H3	0.7799	LP|CD4+ PD1+	0.2417	51
ZC3H4	0.5032	LP|Inflammatory Monocytes	0.1782	51
ZC3H6	0.6501	LP|CD69- Mast	0.4085	51
ZC3H7A	0.6720	LP|Tregs	0.4444	51
ZC3H7B	0.5327	LP|WNT2B+ Fos-lo 2	0.2378	51
ZC3H8	0.7965	LP|CD69- Mast	0.8145	51
ZC3HAV1	0.6306	LP|CD8+ IELs	1.2159	51
ZC3HAV1L	0.8272	LP|WNT5B+ 2	0.0147	51
ZC3HC1	0.7362	LP|CD69- Mast	0.2798	51
ZC4H2	0.7335	LP|RSPO3+	0.0978	51
ZCCHC10	0.5818	LP|GC	0.8802	51
ZCCHC11	0.6099	LP|Follicular	0.5482	51
ZCCHC12	nan	Epi|Best4+ Enterocytes	0.0000	51
ZCCHC14	0.6994	LP|Pericytes	0.1861	51
ZCCHC17	0.6156	LP|Inflammatory Fibroblasts	0.9267	51
ZCCHC18	0.7897	LP|NKs	0.0351	51
ZCCHC2	0.5676	LP|Endothelial	0.1186	51
ZCCHC24	0.8731	LP|WNT2B+ Fos-lo 2	0.6566	51
ZCCHC3	0.6603	LP|ILCs	0.2181	51
ZCCHC4	0.5723	LP|CD69- Mast	0.0671	51
ZCCHC6	0.7306	LP|GC	0.5089	51
ZCCHC7	0.9029	LP|GC	2.0247	51
ZCCHC8	0.7437	LP|CD69- Mast	0.4564	51
ZCCHC9	0.8016	LP|CD69- Mast	1.0125	51
ZCRB1	0.4990	LP|Cycling T	1.2125	51
ZCWPW1	0.6971	LP|MT-hi	0.1318	51
ZCWPW2	0.7697	LP|Glia	0.0332	51
ZDBF2	0.8189	LP|Tregs	0.1794	51
ZDHHC1	0.8672	LP|Pericytes	0.3137	51
ZDHHC11	0.9620	LP|Glia	0.0360	51
ZDHHC11B	0.9379	LP|WNT2B+ Fos-hi	0.0097	51
ZDHHC12	0.6127	LP|Cycling Monocytes	1.6635	51
ZDHHC13	0.6275	Epi|Enteroendocrine	0.2911	51
ZDHHC14	0.8339	LP|WNT5B+ 2	0.3827	51
ZDHHC15	0.8613	LP|RSPO3+	0.0510	51
ZDHHC16	0.4853	LP|Inflammatory Fibroblasts	0.2580	51
ZDHHC17	0.5588	LP|WNT5B+ 2	0.1718	51
ZDHHC18	0.6236	LP|Tregs	0.2013	51
ZDHHC2	0.6883	Epi|M cells	0.2497	51
ZDHHC20	0.6573	LP|Pericytes	0.0372	51
ZDHHC21	0.6540	Epi|Immature Enterocytes 1	0.2522	51
ZDHHC23	0.8100	Epi|M cells	0.1280	51
ZDHHC24	0.5415	LP|Post-capillary Venules	0.4162	51
ZDHHC3	0.5375	Epi|Enterocyte Progenitors	0.7592	51
ZDHHC4	0.5363	LP|Glia	0.6000	51
ZDHHC5	0.8653	LP|CD69- Mast	0.6667	51
ZDHHC6	0.7623	Epi|M cells	1.0263	51
ZDHHC7	0.5244	Epi|M cells	0.3280	51
ZDHHC8	0.7164	LP|CD69- Mast	0.1539	51
ZDHHC9	0.7221	Epi|Stem	0.2393	51
ZEB1	0.8631	LP|WNT5B+ 2	1.0764	51
ZEB1-AS1	0.8253	LP|WNT5B+ 1	0.2346	51
ZEB2	0.7902	LP|Pericytes	1.9604	51
ZEB2-AS1	0.9120	LP|Inflammatory Monocytes	0.1373	51
ZER1	0.8226	Epi|Enterocytes	0.3436	51
ZFAND1	0.5926	LP|CD69+ Mast	0.8403	51
ZFAND2A	0.7754	LP|Plasma	1.8192	51
ZFAND2B	0.5278	Epi|Immature Enterocytes 1	0.8840	51
ZFAND3	0.4306	Epi|Enterocytes	0.3706	51
ZFAND4	0.8968	LP|GC	0.2262	51
ZFAND5	0.6068	LP|Inflammatory Monocytes	2.1804	51
ZFAND6	0.7147	LP|GC	2.8679	51
ZFAS1	0.6225	LP|GC	6.8498	51
ZFAT	0.9116	LP|GC	0.2042	51
ZFC3H1	0.5713	Epi|Tuft	0.3297	51
ZFHX2	0.9639	Epi|Tuft	0.1029	51
ZFHX3	0.9400	Epi|Tuft	2.2663	51
ZFP1	0.7543	LP|RSPO3+	0.1058	51
ZFP14	0.5931	LP|NKs	0.2439	51
ZFP2	0.8305	LP|Post-capillary Venules	0.0149	51
ZFP28	0.8037	LP|Glia	0.0695	51
ZFP3	0.7494	LP|Pericytes	0.0461	51
ZFP30	0.6571	LP|WNT2B+ Fos-lo 2	0.0533	51
ZFP36	0.7575	LP|ILCs	23.1642	51
ZFP36L1	0.7193	LP|ILCs	10.2402	51
ZFP36L2	0.6601	LP|CD8+ LP	11.7511	51
ZFP37	0.8857	LP|RSPO3+	0.0825	51
ZFP41	0.7987	LP|MT-hi	0.0560	51
ZFP57	0.8626	LP|CD8+ IL17+	0.0288	51
ZFP62	0.5414	Epi|M cells	0.1910	51
ZFP64	0.6773	LP|CD4+ PD1+	0.1398	51
ZFP69	0.6588	LP|NKs	0.0370	51
ZFP69B	0.8648	LP|ILCs	0.0449	51
ZFP82	0.7707	LP|CD69- Mast	0.2334	51
ZFP90	0.7839	LP|CD69- Mast	0.2798	51
ZFP91	0.6013	LP|CD69+ Mast	0.3480	51
ZFPL1	0.5528	Epi|Enteroendocrine	0.4946	51
ZFPM1	0.7488	LP|NKs	0.0487	51
ZFPM2	0.9362	LP|RSPO3+	0.0486	51
ZFR	0.4229	LP|ILCs	0.4012	51
ZFR2	0.9253	LP|ILCs	0.0532	51
ZFX	0.5349	LP|GC	0.3049	51
ZFY	0.6198	LP|CD69+ Mast	0.0615	51
ZFY-AS1	0.9698	Epi|Enterocytes	0.0097	51
ZFYVE1	0.6925	LP|Glia	0.1291	51
ZFYVE16	0.7042	LP|DC2	0.5313	51
ZFYVE19	0.6204	Epi|Tuft	0.3155	51
ZFYVE20	0.6425	LP|Pericytes	0.1910	51
ZFYVE21	0.8016	LP|Glia	2.0951	51
ZFYVE26	0.6068	LP|Macrophages	0.0836	51
ZFYVE27	0.6552	LP|ILCs	0.4272	51
ZFYVE28	0.8500	LP|CD8+ IL17+	0.5786	51
ZFYVE9	0.7944	Epi|Enteroendocrine	0.1395	51
ZG16	0.9917	Epi|Goblet	703.8289	51
ZG16B	0.9204	Epi|Goblet	2.6006	51
ZGLP1	0.8858	LP|Macrophages	0.1217	51
ZGPAT	0.9738	LP|ILCs	0.0158	51
ZHX1	0.6471	LP|CD69- Mast	0.4437	51
ZHX1-C8ORF76	0.7592	LP|MT-hi	0.0681	51
ZHX2	0.7945	LP|GC	0.1923	51
ZHX3	0.8256	LP|Microvascular	0.2131	51
ZIC1	nan	Epi|Best4+ Enterocytes	0.0000	51
ZIK1	0.7391	LP|ILCs	0.0681	51
ZIM3	0.9389	LP|Glia	0.0030	51
ZKSCAN1	0.7168	Epi|Enteroendocrine	1.4680	51
ZKSCAN2	0.8531	Epi|Tuft	0.0635	51
ZKSCAN3	0.9442	LP|CD69- Mast	0.2334	51
ZKSCAN4	0.8339	LP|GC	0.1305	51
ZKSCAN5	0.6213	LP|Microvascular	0.0869	51
ZKSCAN7	0.8662	Epi|Enteroendocrine	0.0489	51
ZKSCAN8	0.6184	LP|Myofibroblasts	0.0732	51
ZMAT1	0.7298	LP|Endothelial	0.1398	51
ZMAT2	0.4522	LP|RSPO3+	1.1670	51
ZMAT3	0.6560	LP|WNT2B+ Fos-lo 2	0.4373	51
ZMAT5	0.6019	LP|Glia	0.6382	51
ZMIZ1	0.6993	LP|Pericytes	0.4747	51
ZMIZ1-AS1	0.9079	LP|Inflammatory Fibroblasts	0.0205	51
ZMIZ2	0.7583	Epi|M cells	0.4048	51
ZMPSTE24	0.5711	LP|MT-hi	0.5367	51
ZMYM1	0.6052	LP|Glia	0.0924	51
ZMYM2	0.6738	LP|ILCs	0.7564	51
ZMYM3	0.8061	LP|MT-hi	0.2782	51
ZMYM4	0.5764	Epi|Enteroendocrine	0.2110	51
ZMYM5	0.6292	LP|MT-hi	0.3807	51
ZMYM6	0.4901	LP|Microvascular	0.1389	51
ZMYM6NB	0.9633	LP|Pericytes	0.0114	51
ZMYND10	0.9119	LP|CD8+ IELs	0.0222	51
ZMYND11	0.6018	LP|Glia	0.3238	51
ZMYND12	0.8028	LP|Pericytes	0.0240	51
ZMYND15	0.9266	LP|DC1	0.1225	51
ZMYND19	0.7455	Epi|Enteroendocrine	0.0880	51
ZMYND8	0.8388	Epi|Tuft	1.2193	51
ZNF10	0.7544	LP|ILCs	0.1400	51
ZNF100	0.7119	LP|MT-hi	0.1475	51
ZNF101	0.8625	LP|CD4+ PD1+	0.5650	51
ZNF106	0.6402	LP|GC	1.0354	51
ZNF107	0.6800	LP|CD4+ PD1+	0.0916	51
ZNF112	0.8429	Epi|M cells	0.0382	51
ZNF114	0.7853	LP|Endothelial	0.0305	51
ZNF117	0.6867	LP|RSPO3+	0.0938	51
ZNF12	0.5441	Epi|M cells	0.1796	51
ZNF121	0.5813	LP|CD8+ IELs	0.1441	51
ZNF124	0.7041	LP|CD8+ IL17+	0.2112	51
ZNF131	0.7309	LP|ILCs	0.9232	51
ZNF132	0.8669	Epi|Tuft	0.0221	51
ZNF133	0.7029	LP|RSPO3+	0.1101	51
ZNF134	0.8630	LP|CD69- Mast	0.3339	51
ZNF135	0.8578	LP|Glia	0.1117	51
ZNF136	0.5581	LP|ILCs	0.1596	51
ZNF138	0.7069	LP|CD8+ IL17+	0.2331	51
ZNF14	0.7259	LP|CD8+ IL17+	0.1537	51
ZNF140	0.7124	LP|ILCs	0.2402	51
ZNF141	0.7538	LP|ILCs	0.1580	51
ZNF142	0.7269	Epi|Tuft	0.0702	51
ZNF143	0.7838	LP|MT-hi	0.4609	51
ZNF146	0.4573	LP|MT-hi	0.3304	51
ZNF148	0.3957	LP|Glia	0.4591	51
ZNF154	0.8017	Epi|Enteroendocrine	0.0708	51
ZNF155	0.7535	LP|Endothelial	0.0808	51
ZNF16	0.7110	LP|CD8+ IELs	0.1866	51
ZNF160	0.5854	LP|Pericytes	0.1811	51
ZNF165	0.9105	LP|ILCs	0.4976	51
ZNF169	0.7180	Epi|M cells	0.0959	51
ZNF17	0.7952	LP|CD4+ PD1+	0.1281	51
ZNF174	0.6741	LP|MT-hi	0.1162	51
ZNF175	0.9029	LP|CD69- Mast	0.1648	51
ZNF18	0.8098	LP|CD69- Mast	0.1765	51
ZNF180	0.7325	LP|CD8+ IL17+	0.1107	51
ZNF181	0.7144	LP|RSPO3+	0.2008	51
ZNF182	0.6754	LP|MT-hi	0.0599	51
ZNF184	0.7263	LP|CD8+ IELs	0.1564	51
ZNF185	0.8766	Epi|Tuft	0.0983	51
ZNF189	0.8909	Epi|M cells	0.3708	51
ZNF19	0.7736	LP|MT-hi	0.0805	51
ZNF195	0.4125	LP|Pericytes	0.1751	51
ZNF197	0.6987	Epi|Enteroendocrine	0.1360	51
ZNF2	0.7130	LP|Pericytes	0.0486	51
ZNF20	0.7463	Epi|Immature Enterocytes 2	0.0362	51
ZNF200	0.6116	LP|Cycling Monocytes	0.1704	51
ZNF202	0.7378	LP|CD8+ IL17+	0.0776	51
ZNF205	0.8239	Epi|Tuft	0.2650	51
ZNF205-AS1	0.8862	LP|ILCs	0.0119	51
ZNF207	0.4009	LP|Cycling T	1.4118	51
ZNF208	0.7910	LP|WNT2B+ Fos-lo 1	0.0207	51
ZNF211	0.6454	LP|CD8+ IELs	0.1034	51
ZNF212	0.7043	LP|MT-hi	0.1378	51
ZNF213	0.6916	LP|RSPO3+	0.0880	51
ZNF214	0.8041	LP|RSPO3+	0.0306	51
ZNF215	0.8956	LP|Plasma	0.0727	51
ZNF217	0.6849	Epi|M cells	0.3364	51
ZNF219	0.7139	Epi|M cells	0.2405	51
ZNF22	0.8697	LP|CD69- Mast	3.5935	51
ZNF221	0.9210	LP|WNT2B+ Fos-lo 2	0.0091	51
ZNF222	0.7865	LP|CD8+ IL17+	0.1174	51
ZNF223	0.6620	Epi|Enteroendocrine	0.0425	51
ZNF224	0.8241	LP|MT-hi	0.8991	51
ZNF225	0.8422	LP|MT-hi	0.0622	51
ZNF226	0.7440	LP|CD69- Mast	0.6667	51
ZNF227	0.6520	LP|CD8+ IL17+	0.1313	51
ZNF229	0.9111	LP|Pericytes	0.0128	51
ZNF23	0.8254	LP|WNT2B+ Fos-lo 2	0.0054	51
ZNF230	0.7790	LP|MT-hi	0.2941	51
ZNF232	0.7190	LP|Glia	0.1333	51
ZNF233	0.9146	LP|CD4+ PD1+	0.0230	51
ZNF234	0.7447	LP|CD8+ IL17+	0.1407	51
ZNF235	0.7831	LP|CD4+ PD1+	0.0763	51
ZNF236	0.7022	LP|MT-hi	0.2157	51
ZNF239	0.9065	LP|CD4+ PD1+	0.0933	51
ZNF24	0.5845	LP|Glia	0.8657	51
ZNF248	0.6863	LP|Myofibroblasts	0.1540	51
ZNF25	0.7169	LP|Glia	0.1297	51
ZNF250	0.6580	LP|CD4+ Activated Fos-lo	0.1593	51
ZNF251	0.8298	LP|Endothelial	0.1298	51
ZNF252P-AS1	0.8865	Epi|Tuft	0.0350	51
ZNF253	0.7572	LP|GC	0.1538	51
ZNF254	0.5865	Epi|Tuft	0.1257	51
ZNF256	0.8349	LP|CD69- Mast	0.1478	51
ZNF257	0.7938	LP|Cycling B	0.0552	51
ZNF259	0.4497	LP|CD4+ PD1+	0.4338	51
ZNF260	0.8586	LP|CD69- Mast	0.3339	51
ZNF263	0.8314	LP|CD69- Mast	0.6786	51
ZNF264	0.7412	LP|CD4+ PD1+	0.1118	51
ZNF266	0.6061	LP|NKs	0.1761	51
ZNF267	0.7287	LP|Tregs	0.6073	51
ZNF268	0.5764	LP|RSPO3+	0.1358	51
ZNF273	0.7063	LP|GC	0.1028	51
ZNF274	0.7821	LP|CD69- Mast	0.6715	51
ZNF275	0.7035	LP|Plasma	0.1225	51
ZNF276	0.8352	LP|NKs	0.6904	51
ZNF277	0.8147	LP|CD69- Mast	0.8932	51
ZNF28	0.5595	Epi|M cells	0.0991	51
ZNF280B	0.9057	Epi|Tuft	0.0569	51
ZNF280C	0.6386	LP|WNT2B+ Fos-lo 2	0.0294	51
ZNF280D	0.7227	LP|RSPO3+	0.6878	51
ZNF281	0.7099	LP|Tregs	0.7034	51
ZNF282	0.6208	Epi|Enteroendocrine	0.1133	51
ZNF283	0.6574	LP|RSPO3+	0.0305	51
ZNF284	0.9490	LP|CD69- Mast	0.2334	51
ZNF285	0.7808	LP|NKs	0.0151	51
ZNF286A	0.7306	Epi|Enteroendocrine	0.0360	51
ZNF286B	0.7750	Epi|M cells	0.0271	51
ZNF287	0.7472	LP|Glia	0.0800	51
ZNF292	0.5783	LP|Tregs	0.7360	51
ZNF295-AS1	0.9672	LP|Inflammatory Fibroblasts	0.0381	51
ZNF296	0.8351	LP|GC	0.5541	51
ZNF3	0.5783	Epi|Enteroendocrine	0.3139	51
ZNF30	0.6799	LP|Post-capillary Venules	0.0444	51
ZNF300	0.7477	Epi|Tuft	0.0323	51
ZNF302	0.6037	LP|CD69- Mast	0.9667	51
ZNF304	0.7399	LP|Glia	0.0680	51
ZNF311	0.8140	Epi|Enteroendocrine	0.0178	51
ZNF317	0.4795	LP|NKs	0.1334	51
ZNF318	0.8586	LP|GC	0.3609	51
ZNF319	0.8277	Epi|M cells	0.0917	51
ZNF32	0.5657	LP|CD69- Mast	0.6234	51
ZNF320	0.5705	Epi|Immature Goblet	0.1198	51
ZNF322	0.6372	LP|Pericytes	0.2020	51
ZNF324	0.6406	LP|ILCs	0.1818	51
ZNF324B	0.7737	LP|NKs	0.0430	51
ZNF326	0.6425	Epi|Enteroendocrine	0.6427	51
ZNF329	0.7255	Epi|Enteroendocrine	0.0751	51
ZNF330	0.4620	LP|Macrophages	0.4644	51
ZNF331	0.8966	LP|ILCs	10.1520	51
ZNF333	0.6134	LP|Glia	0.1232	51
ZNF334	0.9150	Epi|Enteroendocrine	0.0599	51
ZNF335	0.5836	LP|MT-hi	0.2320	51
ZNF337	0.7488	Epi|Enteroendocrine	0.1145	51
ZNF33A	0.5594	LP|MT-hi	0.4277	51
ZNF33B	0.5466	Epi|Stem	0.2173	51
ZNF34	0.8051	LP|Pericytes	0.1568	51
ZNF341	0.7061	LP|Inflammatory Monocytes	0.0696	51
ZNF343	0.7699	LP|RSPO3+	0.0792	51
ZNF345	0.6190	LP|NKs	0.0888	51
ZNF346	0.6722	LP|CD8+ IL17+	0.1125	51
ZNF347	0.7588	LP|Endothelial	0.0820	51
ZNF35	0.7578	LP|ILCs	0.1189	51
ZNF350	0.6295	LP|ILCs	0.2668	51
ZNF354A	0.6752	LP|Glia	0.2310	51
ZNF354B	0.7953	LP|CD69- Mast	0.1539	51
ZNF354C	0.7550	LP|WNT2B+ Fos-lo 2	0.0455	51
ZNF358	0.7425	LP|WNT2B+ Fos-lo 2	0.3910	51
ZNF362	0.7431	LP|WNT2B+ Fos-lo 2	0.2183	51
ZNF366	0.9583	LP|DC1	0.3970	51
ZNF367	0.9188	LP|Cycling T	0.1821	51
ZNF37A	0.7245	LP|WNT5B+ 2	0.4826	51
ZNF382	0.8653	LP|Cycling T	0.0693	51
ZNF383	0.6106	LP|CD4+ PD1+	0.0825	51
ZNF384	0.5471	LP|Pericytes	0.1242	51
ZNF385A	0.8786	LP|DC2	0.8187	51
ZNF385B	0.9538	Epi|TA 1	0.0023	51
ZNF385C	0.8758	LP|Glia	0.0179	51
ZNF385D	0.9941	LP|Post-capillary Venules	1.6386	51
ZNF391	0.7835	LP|MT-hi	0.0285	51
ZNF394	0.6353	LP|MT-hi	0.7771	51
ZNF395	0.6664	Epi|Tuft	0.2322	51
ZNF396	0.6859	LP|CD8+ IL17+	0.0202	51
ZNF397	0.8177	LP|Glia	0.5862	51
ZNF398	0.8146	LP|CD8+ IL17+	0.2592	51
ZNF404	0.7883	LP|GC	0.0272	51
ZNF407	0.7907	LP|WNT5B+ 1	0.1693	51
ZNF408	0.6483	LP|GC	0.1583	51
ZNF41	0.7933	LP|Cycling T	0.0581	51
ZNF410	0.8356	LP|ILCs	0.0742	51
ZNF414	0.6922	LP|CD69- Mast	0.4602	51
ZNF415	0.7974	LP|MT-hi	0.1147	51
ZNF416	0.7082	LP|CD8+ IELs	0.0579	51
ZNF417	0.7213	LP|Pericytes	0.0453	51
ZNF418	0.8743	LP|Post-capillary Venules	0.0298	51
ZNF419	0.7065	LP|CD4+ PD1+	0.0940	51
ZNF420	0.6231	LP|Glia	0.1403	51
ZNF423	0.8832	LP|Post-capillary Venules	0.1608	51
ZNF425	0.9600	LP|CD69- Mast	0.1648	51
ZNF426	0.7353	LP|MT-hi	0.2063	51
ZNF428	0.7562	Epi|Tuft	3.2557	51
ZNF429	0.8828	LP|CD69- Mast	0.6136	51
ZNF43	0.5352	LP|Post-capillary Venules	0.1083	51
ZNF430	0.7687	LP|MT-hi	0.7553	51
ZNF431	0.9210	LP|CD69- Mast	0.6786	51
ZNF432	0.7411	LP|CD4+ PD1+	0.1352	51
ZNF433	0.6716	LP|WNT2B+ Fos-hi	0.0343	51
ZNF436	0.8692	LP|Endothelial	0.1684	51
ZNF438	0.7345	LP|Glia	0.0971	51
ZNF439	0.6944	LP|CD4+ PD1+	0.2040	51
ZNF44	0.5096	LP|NKs	0.2571	51
ZNF440	0.7297	LP|CD69- Mast	0.1765	51
ZNF441	0.7788	Epi|Tuft	0.0713	51
ZNF442	0.8035	LP|Endothelial	0.0418	51
ZNF443	0.5897	Epi|TA 1	0.0426	51
ZNF444	0.6519	Epi|Tuft	0.4429	51
ZNF445	0.7060	LP|MT-hi	0.1709	51
ZNF446	0.7707	LP|RSPO3+	0.1775	51
ZNF449	0.7712	LP|Endothelial	0.0550	51
ZNF45	0.7095	LP|NKs	0.0739	51
ZNF451	0.4462	LP|Myofibroblasts	0.3136	51
ZNF454	0.8378	LP|WNT5B+ 2	0.0333	51
ZNF460	0.7452	LP|Pericytes	0.0408	51
ZNF461	0.8741	LP|CD69- Mast	0.1943	51
ZNF462	0.8327	LP|Glia	0.3212	51
ZNF467	0.8773	LP|Microvascular	0.5602	51
ZNF468	0.5572	Epi|Enteroendocrine	0.1001	51
ZNF469	0.8653	LP|Inflammatory Fibroblasts	0.0428	51
ZNF470	0.6522	LP|Glia	0.0362	51
ZNF471	0.7847	LP|Pericytes	0.0396	51
ZNF473	0.7266	LP|WNT5B+ 1	0.1043	51
ZNF48	0.6283	LP|CD4+ PD1+	0.1077	51
ZNF480	0.7035	LP|CD69- Mast	0.4564	51
ZNF483	0.8579	LP|RSPO3+	0.0713	51
ZNF484	0.8231	LP|CD8+ IL17+	0.0442	51
ZNF485	0.7673	Epi|Stem	0.0494	51
ZNF486	0.7543	Epi|M cells	0.0638	51
ZNF487	0.6519	LP|Microvascular	0.1198	51
ZNF488	0.9224	Epi|Stem	0.0053	51
ZNF490	0.7939	LP|Myofibroblasts	0.0273	51
ZNF491	0.8779	LP|WNT2B+ Fos-lo 1	0.0034	51
ZNF492	0.8641	LP|MT-hi	0.0425	51
ZNF493	0.6024	Epi|Tuft	0.3411	51
ZNF496	0.9586	LP|CD69- Mast	0.9127	51
ZNF497	0.8607	Epi|Tuft	0.0205	51
ZNF500	0.5114	LP|Pericytes	0.1127	51
ZNF501	0.8109	LP|RSPO3+	0.0769	51
ZNF502	0.7989	LP|RSPO3+	0.0825	51
ZNF503	0.8712	LP|RSPO3+	1.4583	51
ZNF503-AS1	0.8302	LP|Glia	0.0862	51
ZNF503-AS2	0.8440	LP|Microvascular	0.0526	51
ZNF506	0.6603	LP|ILCs	0.2672	51
ZNF507	0.4847	Epi|Tuft	0.0921	51
ZNF510	0.6816	LP|WNT2B+ Fos-lo 2	0.0514	51
ZNF511	0.6086	Epi|Immature Goblet	1.0272	51
ZNF512	0.6428	LP|Glia	0.1968	51
ZNF512B	0.8680	LP|MT-hi	0.1531	51
ZNF513	0.7005	Epi|Enteroendocrine	0.1603	51
ZNF514	0.6770	Epi|M cells	0.2075	51
ZNF516	0.7612	LP|Pericytes	0.2319	51
ZNF517	0.7832	LP|Tregs	0.0681	51
ZNF518A	0.5600	Epi|Tuft	0.5536	51
ZNF518B	0.7783	LP|MT-hi	0.1767	51
ZNF519	0.7742	LP|RSPO3+	0.0929	51
ZNF521	0.9398	LP|Post-capillary Venules	0.5484	51
ZNF524	0.4859	Epi|Tuft	0.5582	51
ZNF525	0.6247	LP|NKs	0.0902	51
ZNF526	0.5641	Epi|Tuft	0.1033	51
ZNF527	0.6426	LP|NKs	0.0634	51
ZNF528	0.6818	Epi|Enteroendocrine	0.1280	51
ZNF529	0.7194	LP|MT-hi	0.1305	51
ZNF530	0.7459	LP|Endothelial	0.0487	51
ZNF532	0.8001	LP|WNT5B+ 2	0.2730	51
ZNF534	0.8615	LP|Cycling B	0.0075	51
ZNF536	0.9609	LP|Glia	0.5733	51
ZNF540	0.9640	LP|CD69- Mast	0.6786	51
ZNF541	0.9814	LP|Endothelial	0.1017	51
ZNF543	0.7055	LP|GC	0.0538	51
ZNF544	0.5609	Epi|Tuft	0.1465	51
ZNF546	0.8378	LP|Glia	0.1022	51
ZNF547	0.6540	Epi|M cells	0.0591	51
ZNF548	0.7440	LP|CD69+ Mast	0.1717	51
ZNF549	0.7297	LP|NKs	0.0779	51
ZNF550	0.8129	LP|Pericytes	0.1376	51
ZNF551	0.7877	Epi|M cells	0.1357	51
ZNF552	0.7794	Epi|Tuft	0.2875	51
ZNF554	0.6356	LP|Glia	0.0654	51
ZNF555	0.7585	LP|WNT5B+ 1	0.0840	51
ZNF557	0.6337	LP|CD4+ PD1+	0.1153	51
ZNF558	0.8165	LP|RSPO3+	0.0911	51
ZNF559	0.7826	LP|Pericytes	0.3118	51
ZNF561	0.5317	LP|MT-hi	0.1874	51
ZNF562	0.5318	LP|CD69+ Mast	0.1258	51
ZNF563	0.6242	LP|Glia	0.1004	51
ZNF564	0.8587	Epi|M cells	0.0666	51
ZNF565	0.8141	LP|Pericytes	0.0912	51
ZNF566	0.6744	LP|CD8+ IL17+	0.1953	51
ZNF567	0.5798	LP|MT-hi	0.1649	51
ZNF568	0.6908	LP|Glia	0.1600	51
ZNF569	0.7942	LP|CD8+ IL17+	0.1635	51
ZNF57	0.8278	Epi|Enterocyte Progenitors	0.1629	51
ZNF570	0.8146	LP|NKs	0.0517	51
ZNF571	0.8241	LP|CD8+ IELs	0.1899	51
ZNF571-AS1	0.8886	LP|CD8+ IELs	0.0598	51
ZNF572	0.8805	LP|Cycling B	0.0162	51
ZNF573	0.6652	LP|CD8+ IELs	0.1162	51
ZNF574	0.7665	LP|ILCs	0.2644	51
ZNF575	0.8171	Epi|Immature Enterocytes 2	0.1789	51
ZNF576	0.5719	LP|CD8+ IL17+	0.2891	51
ZNF577	0.9274	LP|CD69- Mast	0.4663	51
ZNF578	0.9073	LP|NKs	0.0198	51
ZNF579	0.7355	Epi|M cells	0.1192	51
ZNF580	0.5867	LP|Pericytes	0.7943	51
ZNF581	0.8925	LP|GC	1.9723	51
ZNF582	0.7906	LP|CD4+ PD1+	0.0944	51
ZNF582-AS1	0.8796	LP|RSPO3+	0.2124	51
ZNF583	0.5787	LP|CD8+ IELs	0.1534	51
ZNF584	0.9309	LP|CD69- Mast	0.4276	51
ZNF585A	0.6208	LP|Myofibroblasts	0.0654	51
ZNF585B	0.6605	LP|CD4+ PD1+	0.0679	51
ZNF586	0.7532	LP|MT-hi	0.1596	51
ZNF587	0.6322	LP|MT-hi	0.1817	51
ZNF587B	0.6302	LP|Pericytes	0.0420	51
ZNF589	0.7101	LP|CD8+ IELs	0.0915	51
ZNF592	0.6272	Epi|Tuft	0.1916	51
ZNF593	0.8107	LP|CD69- Mast	2.4689	51
ZNF594	0.6791	Epi|Tuft	0.0376	51
ZNF595	0.8091	LP|CD69- Mast	0.2334	51
ZNF596	0.7938	LP|RSPO3+	0.0599	51
ZNF597	0.9262	LP|MT-hi	0.0724	51
ZNF598	0.7611	LP|MT-hi	0.2785	51
ZNF599	0.6790	LP|RSPO3+	0.1554	51
ZNF600	0.8423	LP|NKs	0.5694	51
ZNF605	0.7274	LP|RSPO3+	0.1302	51
ZNF606	0.7276	Epi|Tuft	0.1734	51
ZNF607	0.7402	Epi|Enteroendocrine	0.0779	51
ZNF608	0.8627	Epi|Tuft	0.3440	51
ZNF609	0.6731	LP|ILCs	0.2533	51
ZNF610	0.8703	LP|Pericytes	0.0267	51
ZNF611	0.5665	LP|NKs	0.1152	51
ZNF613	0.7788	LP|Microvascular	0.0635	51
ZNF614	0.8313	LP|CD8+ IL17+	0.1356	51
ZNF615	0.6773	LP|ILCs	0.0655	51
ZNF616	0.8070	LP|CD4+ PD1+	0.1127	51
ZNF618	0.8200	LP|Pericytes	0.2724	51
ZNF619	0.8387	LP|MT-hi	0.0625	51
ZNF620	0.8251	Epi|Enteroendocrine	0.1150	51
ZNF621	0.7013	Epi|Tuft	0.0881	51
ZNF622	0.4716	Epi|Best4+ Enterocytes	0.6790	51
ZNF623	0.6858	LP|ILCs	0.0739	51
ZNF624	0.8305	LP|CD8+ IL17+	0.0552	51
ZNF625	0.8076	LP|Pericytes	0.0551	51
ZNF626	0.6873	LP|Myofibroblasts	0.2490	51
ZNF627	0.7257	LP|GC	0.1193	51
ZNF628	0.6840	LP|GC	0.1127	51
ZNF629	0.6586	Epi|Stem	0.0767	51
ZNF630	0.8308	Epi|Enteroendocrine	0.0689	51
ZNF638	0.5887	LP|RSPO3+	0.8160	51
ZNF639	0.5348	LP|CD8+ IELs	0.1983	51
ZNF641	0.9077	LP|CD69- Mast	0.6136	51
ZNF644	0.6764	LP|ILCs	0.7866	51
ZNF646	0.7528	Epi|Enteroendocrine	0.1087	51
ZNF649	0.8792	LP|CD69- Mast	0.3530	51
ZNF652	0.5834	LP|NKs	0.3446	51
ZNF653	0.8102	LP|Cycling T	0.0779	51
ZNF654	0.5210	LP|Inflammatory Monocytes	0.1069	51
ZNF655	0.7983	LP|CD69- Mast	1.7138	51
ZNF658	0.8507	LP|Pericytes	0.0780	51
ZNF66	0.8901	LP|RSPO3+	0.0177	51
ZNF660	0.8601	LP|WNT2B+ Fos-lo 2	0.0603	51
ZNF662	0.8102	Epi|M cells	0.1003	51
ZNF664	0.6717	Epi|Tuft	0.4164	51
ZNF665	0.7662	LP|Glia	0.0660	51
ZNF667	0.8315	LP|ILCs	0.0940	51
ZNF667-AS1	0.7974	LP|Microvascular	0.8744	51
ZNF668	0.6016	LP|RSPO3+	0.1791	51
ZNF669	0.7449	LP|CD4+ PD1+	0.1864	51
ZNF670	0.7974	LP|GC	0.1167	51
ZNF671	0.8413	LP|CD4+ PD1+	0.1358	51
ZNF672	0.6860	LP|GC	0.4657	51
ZNF674	0.5928	LP|RSPO3+	0.0232	51
ZNF674-AS1	0.8022	LP|MT-hi	0.1768	51
ZNF675	0.6754	LP|CD8+ IL17+	0.1442	51
ZNF677	0.7095	LP|RSPO3+	0.3806	51
ZNF678	0.7882	LP|Pericytes	0.1172	51
ZNF680	0.6959	LP|RSPO3+	0.2815	51
ZNF681	0.7438	LP|CD4+ PD1+	0.0570	51
ZNF682	0.6988	LP|Cycling T	0.0805	51
ZNF683	0.9759	LP|CD8+ IELs	0.8172	51
ZNF684	0.7460	LP|CD8+ IL17+	0.1589	51
ZNF687	0.4398	LP|NKs	0.0664	51
ZNF688	0.4611	LP|Tregs	0.4961	51
ZNF689	0.8887	LP|CD69- Mast	0.6786	51
ZNF69	0.7621	Epi|M cells	0.0662	51
ZNF691	0.7299	LP|RSPO3+	0.1313	51
ZNF692	0.6414	LP|MT-hi	0.2181	51
ZNF695	0.9292	Epi|Cycling TA	0.0236	51
ZNF696	0.7971	Epi|Tuft	0.0876	51
ZNF697	0.7826	LP|Inflammatory Monocytes	0.0354	51
ZNF699	0.7906	Epi|M cells	0.1645	51
ZNF7	0.5688	LP|Glia	0.2961	51
ZNF70	0.8632	LP|Pericytes	0.0121	51
ZNF700	0.5397	Epi|TA 1	0.0937	51
ZNF701	0.8112	LP|MT-hi	0.5308	51
ZNF703	0.7776	Epi|Stem	0.8865	51
ZNF704	0.8418	LP|RSPO3+	0.4367	51
ZNF706	0.5291	LP|Cycling Monocytes	3.4622	51
ZNF707	0.7982	LP|CD69- Mast	0.1324	51
ZNF708	0.6943	LP|CD8+ IL17+	0.1490	51
ZNF709	0.9040	LP|Glia	0.0164	51
ZNF71	0.7413	LP|MT-hi	0.1777	51
ZNF710	0.8302	Epi|Tuft	0.2330	51
ZNF711	0.8944	LP|Myofibroblasts	0.1089	51
ZNF713	0.6610	LP|MT-hi	0.0464	51
ZNF714	0.6183	LP|Cycling B	0.1314	51
ZNF716	0.9043	Epi|TA 1	0.0077	51
ZNF717	0.6706	LP|WNT5B+ 2	0.0800	51
ZNF718	0.8422	LP|GC	0.1728	51
ZNF720	0.6114	LP|ILCs	0.3615	51
ZNF721	0.5279	LP|GC	0.2864	51
ZNF724P	0.8879	LP|CD4+ PD1+	0.1156	51
ZNF726	0.7578	LP|Cycling B	0.0547	51
ZNF730	0.9926	Epi|Cycling TA	0.0060	51
ZNF736	0.7453	LP|MT-hi	0.0952	51
ZNF737	0.8580	LP|MT-hi	0.0422	51
ZNF738	0.5891	LP|Myofibroblasts	0.1165	51
ZNF74	0.7781	LP|Pericytes	0.0881	51
ZNF740	0.5940	LP|MT-hi	0.1058	51
ZNF746	0.5959	LP|RSPO3+	0.0946	51
ZNF747	0.5455	Epi|Tuft	0.1135	51
ZNF749	0.7897	LP|CD4+ PD1+	0.0253	51
ZNF75A	0.6975	LP|ILCs	0.7521	51
ZNF75D	0.6383	LP|Microvascular	0.0889	51
ZNF76	0.7363	Epi|Tuft	0.3535	51
ZNF761	0.8107	LP|MT-hi	0.2274	51
ZNF763	0.8686	Epi|Enteroendocrine	0.0661	51
ZNF764	0.7563	LP|CD4+ PD1+	0.1150	51
ZNF765	0.7649	Epi|Enteroendocrine	0.1027	51
ZNF766	0.7177	LP|CD8+ IL17+	0.3455	51
ZNF768	0.7355	Epi|Tuft	0.3308	51
ZNF77	0.7138	LP|Microvascular	0.0635	51
ZNF770	0.4666	LP|Endothelial	0.2456	51
ZNF771	0.6711	LP|RSPO3+	0.2198	51
ZNF772	0.7365	LP|Microvascular	0.0289	51
ZNF773	0.8400	LP|CD8+ IL17+	0.1562	51
ZNF774	0.8444	Epi|M cells	0.0534	51
ZNF775	0.7377	Epi|Tuft	0.4593	51
ZNF776	0.7931	LP|MT-hi	0.1164	51
ZNF777	0.8069	Epi|Tuft	0.0513	51
ZNF778	0.7712	LP|Pericytes	0.0252	51
ZNF780A	0.6571	LP|CD4+ PD1+	0.1786	51
ZNF780B	0.7280	LP|MT-hi	0.1389	51
ZNF781	0.7569	LP|Pericytes	0.1023	51
ZNF782	0.7650	Epi|Tuft	0.0463	51
ZNF783	0.5674	LP|Endothelial	0.0808	51
ZNF784	0.6524	Epi|Tuft	0.0887	51
ZNF785	0.7892	Epi|Enteroendocrine	0.1458	51
ZNF786	0.7180	LP|CD4+ PD1+	0.1503	51
ZNF787	0.6989	Epi|M cells	0.2130	51
ZNF788	0.9200	LP|Pericytes	0.0224	51
ZNF789	0.7200	LP|MT-hi	0.1507	51
ZNF79	0.6776	LP|Cycling T	0.0311	51
ZNF790	0.6832	LP|Cycling Monocytes	0.1829	51
ZNF791	0.6177	LP|Follicular	0.6576	51
ZNF792	0.7926	LP|Endothelial	0.0823	51
ZNF793	0.6943	LP|WNT5B+ 2	0.1125	51
ZNF799	0.7329	LP|CD4+ PD1+	0.1312	51
ZNF80	0.9557	LP|CD8+ LP	0.0825	51
ZNF800	0.6480	LP|CD8+ IL17+	0.5339	51
ZNF804A	0.9215	LP|WNT5B+ 1	0.0617	51
ZNF805	0.7166	LP|CD4+ PD1+	0.0430	51
ZNF808	0.6650	LP|ILCs	0.0759	51
ZNF81	0.5708	LP|Myofibroblasts	0.0343	51
ZNF813	0.5971	LP|Pericytes	0.0563	51
ZNF814	0.7017	Epi|Stem	0.3520	51
ZNF816	0.6241	LP|MT-hi	0.1214	51
ZNF821	0.9054	LP|CD69- Mast	1.0090	51
ZNF823	0.6145	Epi|M cells	0.0951	51
ZNF827	0.8418	LP|GC	0.4171	51
ZNF829	0.6355	LP|CD8+ IL17+	0.0475	51
ZNF83	0.6023	LP|RSPO3+	0.3732	51
ZNF830	0.6658	LP|MT-hi	0.7310	51
ZNF831	0.8985	LP|Tregs	0.1276	51
ZNF833P	0.9777	LP|Microvascular	0.1811	51
ZNF835	0.8614	LP|NKs	0.0220	51
ZNF836	0.6870	LP|NKs	0.1103	51
ZNF837	0.8340	Epi|Enteroendocrine	0.1067	51
ZNF839	0.6838	LP|CD8+ IL17+	0.0917	51
ZNF84	0.8526	LP|MT-hi	0.0523	51
ZNF841	0.7656	LP|MT-hi	0.0656	51
ZNF843	0.7335	Epi|TA 1	0.0359	51
ZNF844	0.6854	LP|Pericytes	0.1873	51
ZNF845	0.6221	LP|CD8+ IL17+	0.0414	51
ZNF846	0.5428	Epi|M cells	0.0900	51
ZNF85	0.7288	LP|Cycling Monocytes	0.1322	51
ZNF850	0.8083	LP|MT-hi	0.0378	51
ZNF852	0.8858	LP|ILCs	0.0751	51
ZNF853	0.8473	LP|WNT2B+ Fos-lo 2	0.0524	51
ZNF860	0.9215	LP|Follicular	0.0584	51
ZNF862	0.6832	LP|RSPO3+	0.0582	51
ZNF865	0.6702	Epi|Tuft	0.1099	51
ZNF879	0.7962	LP|ILCs	0.0933	51
ZNF880	0.5766	LP|CD8+ IELs	0.2003	51
ZNF883	0.8482	Epi|M cells	0.0324	51
ZNF891	0.8386	Epi|Enteroendocrine	0.1317	51
ZNF90	0.4299	LP|CD4+ Activated Fos-lo	0.9744	51
ZNF91	0.6759	Epi|Goblet	0.5543	51
ZNF92	0.7211	LP|GC	0.2528	51
ZNF93	0.8282	LP|Cycling Monocytes	0.1125	51
ZNFX1	0.7692	LP|CD69- Mast	0.7715	51
ZNHIT1	0.3959	LP|Microvascular	2.8499	51
ZNHIT2	0.5434	LP|RSPO3+	0.2175	51
ZNHIT3	0.5391	LP|CD4+ PD1+	1.0461	51
ZNHIT6	0.6302	LP|WNT5B+ 2	0.2468	51
ZNRD1	0.6370	LP|CD8+ IL17+	1.3725	51
ZNRD1-AS1	0.7997	Epi|Tuft	0.1068	51
ZNRF1	0.9091	LP|CD69- Mast	1.4725	51
ZNRF2	0.7008	Epi|Enteroendocrine	0.2040	51
ZNRF3	0.8914	Epi|Stem	0.1464	51
ZNRF3-AS1	0.9006	Epi|Tuft	0.1070	51
ZP3	0.6604	Epi|M cells	0.1016	51
ZRANB1	0.5731	LP|CD8+ IL17+	0.1848	51
ZRANB2	0.6297	LP|CD69- Mast	1.3572	51
ZRANB2-AS2	0.8896	Epi|Immature Enterocytes 1	0.0247	51
ZRANB3	0.7935	Epi|Enteroendocrine	0.0868	51
ZRSR2	0.7327	LP|GC	0.6619	51
ZSCAN12	0.7125	LP|ILCs	0.0468	51
ZSCAN16	0.7906	LP|CD8+ IL17+	0.2823	51
ZSCAN16-AS1	0.5986	LP|Inflammatory Monocytes	0.4914	51
ZSCAN18	0.7550	LP|MT-hi	0.7607	51
ZSCAN2	0.8389	LP|CD69- Mast	0.1539	51
ZSCAN20	0.7722	Epi|M cells	0.0347	51
ZSCAN21	0.7138	LP|RSPO3+	0.1212	51
ZSCAN22	0.8837	LP|ILCs	0.0607	51
ZSCAN23	0.9887	Epi|TA 2	0.0010	51
ZSCAN25	0.7181	LP|MT-hi	0.1039	51
ZSCAN29	0.6418	Epi|Enteroendocrine	0.1098	51
ZSCAN30	0.7210	Epi|Tuft	0.1009	51
ZSCAN31	0.8622	LP|Post-capillary Venules	0.1823	51
ZSCAN32	0.6276	LP|CD8+ IELs	0.0942	51
ZSCAN5A	0.4941	LP|WNT2B+ Fos-lo 2	0.0717	51
ZSCAN9	0.7373	Epi|Tuft	0.1568	51
ZSWIM1	0.8318	LP|MT-hi	0.0799	51
ZSWIM3	0.7243	LP|GC	0.0588	51
ZSWIM4	0.7772	LP|WNT5B+ 1	0.2486	51
ZSWIM5	0.9139	Epi|Enteroendocrine	0.0856	51
ZSWIM6	0.8194	LP|Glia	0.4342	51
ZSWIM7	0.3791	LP|Inflammatory Monocytes	0.5249	51
ZSWIM8	0.7505	Epi|M cells	0.4245	51
ZUFSP	0.6760	LP|GC	0.2143	51
ZW10	0.6077	LP|Cycling T	0.1216	51
ZWILCH	0.8286	LP|Cycling B	0.3323	51
ZWINT	0.9225	LP|Cycling T	1.9428	51
ZXDA	0.6957	LP|Microvascular	0.0655	51
ZXDB	0.7145	LP|Endothelial	0.0544	51
ZXDC	0.7522	Epi|M cells	0.1816	51
ZYG11A	0.9021	LP|Cycling B	0.0060	51
ZYG11B	0.6252	LP|Pericytes	0.2414	51
ZYX	0.7420	LP|DC1	1.6179	51
ZZEF1	0.7776	Epi|Immature Enterocytes 1	0.6681	51
ZZZ3	0.5441	LP|CD4+ PD1+	0.1987	51
hsa-mir-1199	0.9481	Epi|Tuft	0.8478	51
hsa-mir-335	0.9488	Epi|TA 1	0.0010	51
hsa-mir-5195	nan	Epi|Best4+ Enterocytes	0.0000	51
hsa-mir-6080	0.8872	Epi|M cells	0.4384	51
hsa-mir-8072	0.6120	LP|GC	0.1063	51
snoU13	0.8256	LP|Follicular	0.0430	51
ABCC2	0.9583	LP|WNT5B+ 2	0.0039	51
AC002456.2	0.8866	LP|Inflammatory Monocytes	0.0055	51
AC002511.2	0.9753	LP|WNT5B+ 2	0.1920	51
AC003092.1	0.9922	LP|GC	0.0859	51
AC004538.3	0.9290	LP|Inflammatory Fibroblasts	0.0511	51
AC004840.9	0.9647	LP|NKs	0.0166	51
AC004878.2	0.9613	LP|Inflammatory Fibroblasts	0.0143	51
AC005264.2	0.9759	LP|Inflammatory Monocytes	0.0139	51
AC005682.8	0.9152	LP|Glia	0.0292	51
AC006946.16	0.9446	LP|Glia	0.0172	51
AC007193.9	0.9887	LP|Pericytes	0.0123	51
AC008440.5	0.9606	LP|CD69+ Mast	0.0164	51
AC010090.1	0.9112	LP|Glia	0.0096	51
AC011484.1	0.8679	LP|RSPO3+	0.0095	51
AC012065.7	0.9524	LP|CD4+ PD1+	0.0191	51
AC015987.2	0.8359	LP|Inflammatory Fibroblasts	0.0032	51
AC016722.2	0.9693	LP|Inflammatory Fibroblasts	0.0040	51
AC016745.3	0.9693	LP|Glia	0.0147	51
AC018647.3	0.9982	LP|Pericytes	0.2305	51
AC068610.3	0.9099	LP|Endothelial	0.0031	51
AC073072.5	0.9837	LP|Follicular	0.0318	51
AC092835.2	0.9547	LP|Myofibroblasts	0.0074	51
AC093110.3	0.9667	LP|Endothelial	0.0019	51
AC096677.1	0.9535	LP|Endothelial	0.0153	51
AC100830.5	0.9590	LP|ILCs	0.0087	51
AC104654.2	0.8971	LP|WNT2B+ Fos-hi	0.0423	51
AC104809.4	0.9516	LP|Macrophages	0.0255	51
AC109333.10	0.8920	LP|Inflammatory Monocytes	0.0149	51
AC116614.1	0.9432	LP|Post-capillary Venules	0.0034	51
AC119673.1	0.9848	LP|Glia	0.0137	51
AC142381.1	0.9731	LP|RSPO3+	0.0089	51
ADAD2	0.9863	LP|Post-capillary Venules	0.0050	51
ADAM20P1	0.9657	LP|Glia	0.0085	51
ADAMTS3	0.9396	LP|Inflammatory Fibroblasts	0.0191	51
AF146191.4	0.9196	LP|Pericytes	0.0081	51
AJ006998.2	0.9717	LP|Inflammatory Fibroblasts	0.0035	51
AJAP1	0.9818	LP|Pericytes	0.0267	51
AKAP2	0.9421	LP|Microvascular	0.0249	51
AKT3-IT1	0.8869	LP|CD8+ IL17+	0.0148	51
AL132709.8	0.9155	LP|WNT2B+ Fos-lo 1	0.0321	51
ALB	0.9443	LP|WNT5B+ 2	0.0052	51
AMZ1	0.9455	LP|Inflammatory Fibroblasts	0.0087	51
ANKRD31	0.9825	LP|CD69+ Mast	0.0151	51
ANKRD55	0.9545	LP|CD4+ PD1+	0.1003	51
AP000525.9	0.9471	LP|Inflammatory Fibroblasts	0.0248	51
AP000974.1	0.9875	LP|Myofibroblasts	0.0054	51
AP002884.2	0.9160	LP|Microvascular	0.0045	51
AP003096.1	0.9671	LP|RSPO3+	0.0053	51
APCDD1L-AS1	0.9381	LP|WNT2B+ Fos-lo 2	0.0112	51
AQP10	0.9897	LP|CD69+ Mast	0.0313	51
AQP9	0.9931	LP|Inflammatory Monocytes	0.5367	51
ASB16	0.9388	LP|NKs	0.0060	51
B4GALNT1	0.9873	LP|Glia	0.5510	51
BAI3	0.9886	LP|Glia	0.2491	51
BCHE	0.9714	LP|RSPO3+	0.3320	51
BDNF	0.9716	LP|Inflammatory Fibroblasts	0.1151	51
BHLHE22	0.9488	LP|Pericytes	0.2806	51
BMP8A	0.9601	LP|Pericytes	0.0019	51
BPI	0.9259	LP|WNT5B+ 1	0.0396	51
BRSK2	0.9815	LP|Inflammatory Fibroblasts	0.0069	51
C10orf107	0.9684	LP|WNT5B+ 1	0.1414	51
C15orf26	0.9839	LP|CD69+ Mast	0.0050	51
C1QTNF7	0.9418	LP|Pericytes	0.2194	51
C20orf201	0.9398	LP|Cycling Monocytes	0.0544	51
C22orf15	0.9334	LP|Inflammatory Fibroblasts	0.0163	51
C9orf139	0.9602	LP|NKs	0.1214	51
C9orf47	0.9593	LP|Pericytes	0.0637	51
CACNA1G	0.9475	LP|Inflammatory Fibroblasts	0.0100	51
CAHM	0.9141	LP|Glia	0.0690	51
CAMTA1-IT1	0.9975	LP|Microvascular	0.0113	51
CASC10	0.9663	LP|Endothelial	0.0849	51
CASP12	0.9530	LP|Microvascular	0.1358	51
CASQ2	0.9573	LP|WNT2B+ Fos-lo 1	0.0173	51
CCDC147-AS1	0.9390	LP|Inflammatory Fibroblasts	0.0022	51
CCDC178	0.9776	LP|Post-capillary Venules	0.2371	51
CCDC36	0.9030	LP|Post-capillary Venules	0.0121	51
CCDC39	0.9712	LP|RSPO3+	0.0301	51
CD300LG	0.9951	LP|Endothelial	0.0260	51
CDH2	0.9988	LP|Glia	0.5290	51
CDH26	0.9245	LP|Post-capillary Venules	0.0083	51
CDKL4	0.9705	LP|GC	0.0093	51
CDO1	0.9778	LP|RSPO3+	0.2025	51
CECR2	0.9435	LP|Post-capillary Venules	0.0020	51
CFHR3	0.9642	LP|RSPO3+	0.2350	51
CHSY3	0.9426	LP|Pericytes	0.0433	51
CKM	0.9652	LP|Inflammatory Monocytes	0.0127	51
CMTM5	0.9929	LP|Glia	1.1106	51
CNTN1	0.9614	LP|RSPO3+	0.1434	51
COL11A1	0.9778	LP|Myofibroblasts	0.1184	51
COL19A1	0.9812	LP|Follicular	0.1052	51
COLEC10	0.9813	LP|Pericytes	0.1175	51
CPEB1	0.8901	LP|RSPO3+	0.0397	51
CR1L	0.9023	LP|Post-capillary Venules	0.0087	51
CRB1	0.9488	LP|NKs	0.0154	51
CRHBP	0.9711	LP|Macrophages	0.1561	51
CRISPLD1	0.9428	LP|Endothelial	0.0521	51
CTA-134P22.2	0.9983	LP|Post-capillary Venules	0.1123	51
CTA-268H5.12	0.9299	LP|DC2	0.0030	51
CTA-398F10.1	0.9474	LP|Myofibroblasts	0.0048	51
CTB-109A12.1	0.9880	LP|Myofibroblasts	0.0077	51
CTB-167B5.2	0.9955	LP|Pericytes	0.1479	51
CTB-92J24.3	0.9296	LP|RSPO3+	0.0631	51
CTC-1337H24.1	0.9601	LP|CD8+ IELs	0.0106	51
CTC-321K16.1	0.9533	LP|WNT5B+ 2	0.0583	51
CTC-366B18.2	0.9627	LP|CD69+ Mast	0.0067	51
CTC-459I6.1	0.9539	LP|Endothelial	0.0118	51
CTC-471F3.6	0.8902	LP|Inflammatory Fibroblasts	0.0030	51
CTC-482H14.5	0.9615	LP|WNT5B+ 2	0.0045	51
CTC-523E23.1	0.9412	LP|NKs	0.0044	51
CTD-2031P19.5	0.9365	LP|CD4+ Memory	0.0046	51
CTD-2033A16.3	0.9691	LP|Post-capillary Venules	0.0014	51
CTD-2054N24.2	0.8500	LP|Cycling T	0.0060	51
CTD-2089N3.2	0.9364	LP|WNT2B+ Fos-lo 2	0.0224	51
CTD-2135D7.5	0.9603	LP|Endothelial	0.0994	51
CTD-2154B17.4	0.9651	LP|Post-capillary Venules	0.0013	51
CTD-2162K18.4	0.9120	LP|NKs	0.0072	51
CTD-2334D19.1	0.9307	LP|WNT5B+ 2	0.0701	51
CTD-2521M24.5	0.9700	LP|Pericytes	0.0120	51
CTD-2537I9.12	0.9590	LP|CD69+ Mast	0.0114	51
CTD-2545M3.8	0.9586	LP|Inflammatory Monocytes	0.0294	51
CTD-2547L24.3	0.9440	LP|NKs	0.0377	51
CTD-2623N2.11	0.9202	LP|Inflammatory Monocytes	0.0032	51
CTD-3064M3.3	0.9759	LP|Pericytes	0.0278	51
CTD-3088G3.6	0.9813	LP|CD69+ Mast	0.0100	51
CTD-3162L10.1	0.8751	LP|WNT2B+ Fos-lo 2	0.0135	51
CTD-3179P9.1	0.9937	LP|Post-capillary Venules	0.0785	51
CYP11A1	0.9269	LP|WNT5B+ 2	0.0514	51
CYP21A2	0.9820	LP|Myofibroblasts	0.0078	51
CYP2E1	0.9624	LP|ILCs	0.0834	51
D86998.1	0.9690	LP|Inflammatory Fibroblasts	0.0018	51
DBH-AS1	0.9853	LP|CD4+ PD1+	0.0402	51
DDC8	0.9423	LP|Inflammatory Monocytes	0.0068	51
DGKI	0.9329	LP|Endothelial	0.0110	51
DHH	0.9801	LP|Glia	0.0321	51
DISC1FP1	0.9487	LP|Endothelial	0.0049	51
DKFZP667F0711	0.9863	LP|CD8+ IL17+	0.0283	51
DNAH11	0.9199	LP|Pericytes	0.0036	51
DNAH8	0.9770	LP|Tregs	0.0515	51
DNM1P35	0.9492	LP|Glia	0.0023	51
DNM3OS	0.9123	LP|Microvascular	0.0688	51
DPF1	0.9363	LP|Cycling B	0.0062	51
DPYSL4	0.9351	LP|RSPO3+	0.0262	51
EBF3	0.9825	LP|Endothelial	0.0870	51
EFCAB1	0.9168	LP|WNT5B+ 1	0.0457	51
EFCAB10	0.9408	LP|Tregs	0.0030	51
ELFN1	0.9705	LP|Post-capillary Venules	0.0432	51
ENDOU	0.9621	LP|ILCs	0.0071	51
EPN2-AS1	0.9829	LP|Glia	0.0145	51
ESM1	0.9780	LP|Endothelial	0.0839	51
ESPNL	0.9446	LP|WNT2B+ Fos-lo 1	0.0079	51
EYA1	0.9709	LP|Inflammatory Fibroblasts	0.0042	51
FAM180A	0.9171	LP|RSPO3+	0.0430	51
FAM19A1	0.9339	LP|WNT5B+ 2	0.0410	51
FAM225A	0.9150	LP|Inflammatory Monocytes	0.0104	51
FAM87B	0.9345	LP|WNT5B+ 2	0.0033	51
FATE1	0.9483	LP|Endothelial	0.0282	51
FBXO15	0.8980	LP|Cycling T	0.0060	51
FFAR3	0.8927	LP|Cycling Monocytes	0.0493	51
FGF10	0.9334	LP|Inflammatory Fibroblasts	0.1100	51
FHL5	0.9966	LP|Pericytes	0.1597	51
FIGF	0.9873	LP|WNT5B+ 2	0.0278	51
FLG-AS1	0.9510	LP|WNT2B+ Fos-lo 1	0.0060	51
FMO2	0.9518	LP|WNT2B+ Fos-hi	0.0251	51
FPR2	0.9941	LP|Inflammatory Monocytes	0.4158	51
FZD10	0.9700	LP|Inflammatory Fibroblasts	0.0910	51
GABRD	0.9837	LP|Microvascular	0.0922	51
GALNT9	0.9464	LP|WNT2B+ Fos-lo 1	0.0238	51
GAP43	0.9881	LP|Glia	0.1212	51
GGN	0.9522	LP|Inflammatory Fibroblasts	0.0111	51
GH1	0.9642	LP|Glia	0.0135	51
GNG3	0.9862	LP|Glia	0.0318	51
GOLGA8M	0.9590	LP|ILCs	0.0083	51
GPIHBP1	0.9938	LP|Endothelial	0.3768	51
GPR42	0.8740	LP|Inflammatory Fibroblasts	0.0135	51
GPR84	0.9601	LP|Inflammatory Monocytes	0.0864	51
GPR88	0.9570	LP|Tregs	0.0022	51
GRAPL	0.9393	LP|Follicular	0.0154	51
GRIK3	0.9949	LP|Glia	0.2454	51
GRIK4	0.9393	LP|NKs	0.0375	51
GRIN2A	0.9760	LP|WNT5B+ 2	0.0412	51
GS1-18A18.1	0.9834	LP|WNT5B+ 2	0.1687	51
GSC	0.9637	LP|Inflammatory Fibroblasts	0.0360	51
GSDMC	0.9839	LP|Endothelial	0.0871	51
GSG1L	0.9720	LP|WNT5B+ 2	0.0866	51
GYPE	0.9549	LP|NKs	0.0157	51
HBZ	0.9575	LP|RSPO3+	0.0485	51
HCG21	0.9793	LP|Plasma	0.0029	51
HCG23	0.9442	LP|GC	0.0221	51
HK3	0.9813	LP|Inflammatory Monocytes	0.1728	51
HLA-AS1	0.9687	LP|RSPO3+	0.0091	51
HMGCLL1	0.9529	LP|WNT5B+ 1	0.1426	51
HMHB1	0.9780	LP|ILCs	0.0226	51
HOXC8	0.9225	LP|WNT5B+ 1	0.0324	51
HPD	0.9717	LP|Inflammatory Fibroblasts	0.0279	51
HPSE2	0.9353	LP|Inflammatory Fibroblasts	0.0181	51
HS3ST2	0.9945	LP|Glia	0.0322	51
HSPB7	0.9636	LP|Myofibroblasts	0.0490	51
HTR2A	0.9712	LP|RSPO3+	0.1357	51
HTR2B	0.8939	LP|Post-capillary Venules	0.0107	51
HTR7	0.9590	LP|DC2	0.0366	51
IDO2	0.9900	LP|DC1	0.1075	51
IGF2	0.9485	LP|Endothelial	0.1753	51
IGHV3OR16-13	0.9025	LP|Myofibroblasts	0.0047	51
IGKV2D-24	0.9336	LP|Inflammatory Fibroblasts	0.0016	51
IGKV2D-30	0.9039	LP|Endothelial	0.0049	51
IGKV6D-41	0.9740	LP|Cycling T	0.0053	51
IL17B	0.9958	LP|Pericytes	0.5666	51
IL17F	0.9790	LP|CD8+ IL17+	0.3454	51
IL20	0.9782	LP|WNT5B+ 1	0.0280	51
IL24	0.9962	LP|Inflammatory Fibroblasts	0.9078	51
IL31RA	0.9653	LP|Microvascular	0.0181	51
INSL3	0.9114	LP|CD8+ IL17+	0.0288	51
IP6K3	0.9514	LP|WNT5B+ 1	0.0452	51
IQCJ-SCHIP1	0.9526	LP|RSPO3+	0.0126	51
ISM1	0.9694	LP|Inflammatory Fibroblasts	0.0062	51
ITGB3	0.9567	LP|Myofibroblasts	0.1099	51
JPH4	0.9554	LP|CD69+ Mast	0.0453	51
KB-1254G8.1	0.9377	LP|Pericytes	0.0159	51
KB-1507C5.4	0.9336	LP|Inflammatory Monocytes	0.0580	51
KCNAB1	0.9495	LP|WNT2B+ Fos-lo 1	0.0070	51
KCNE1L	0.9532	LP|Inflammatory Fibroblasts	0.0160	51
KCNG2	0.9912	LP|Inflammatory Fibroblasts	0.0123	51
KCNK17	0.9150	LP|Pericytes	0.0283	51
KCNQ3	0.9652	LP|Endothelial	0.0355	51
KIF17	0.9415	LP|Endothelial	0.1235	51
KIF5A	0.9794	LP|Glia	0.0151	51
KLHL4	0.9707	LP|Myofibroblasts	0.0207	51
KNDC1	0.9714	LP|Inflammatory Monocytes	0.0092	51
KRT27	0.9851	LP|Post-capillary Venules	0.0692	51
KRT5	0.9983	LP|Pericytes	0.3546	51
L1CAM	0.9995	LP|Glia	2.1280	51
LBP	0.9797	LP|Inflammatory Fibroblasts	0.0693	51
LCE2A	0.9532	LP|WNT2B+ Fos-lo 2	0.0469	51
LCN8	0.9799	LP|Follicular	0.0949	51
LCNL1	0.9259	LP|WNT2B+ Fos-lo 2	0.0275	51
LGALS12	0.9859	LP|CD69+ Mast	0.0983	51
LILRA2	0.9754	LP|Inflammatory Monocytes	0.5349	51
LIMD1-AS1	0.8781	LP|NKs	0.0118	51
LINC00189	0.9550	LP|Inflammatory Monocytes	0.0093	51
LINC00211	0.9743	LP|Inflammatory Monocytes	0.0189	51
LINC00265	0.9707	LP|RSPO3+	0.0118	51
LINC00461	0.9939	LP|Glia	0.0417	51
LINC00478	0.9485	LP|Glia	0.0122	51
LINC00578	0.9844	LP|Myofibroblasts	0.0916	51
LINC00890	0.9976	LP|Inflammatory Fibroblasts	0.0107	51
LINC00925	0.8823	LP|DC1	0.0092	51
LINC01010	0.9602	LP|DC1	0.0188	51
LINC01031	0.9830	LP|WNT2B+ Fos-lo 2	0.0051	51
LINC01050	0.9955	LP|Inflammatory Fibroblasts	0.0242	51
LLNLR-246C6.1	0.9317	LP|Myofibroblasts	0.0028	51
LMO3	0.9516	LP|Glia	0.0223	51
LOXL4	0.8835	LP|WNT2B+ Fos-lo 1	0.0670	51
LRCOL1	0.9654	LP|Inflammatory Fibroblasts	0.0133	51
LRFN5	0.9197	LP|WNT5B+ 2	0.0328	51
LRRC15	0.9179	LP|WNT5B+ 2	0.0572	51
LRRC3B	0.8964	LP|WNT2B+ Fos-lo 1	0.0612	51
LRRC4B	0.9956	LP|Pericytes	0.1557	51
LRRC4C	0.9988	LP|Glia	0.4818	51
LYVE1	0.9872	LP|Post-capillary Venules	0.2997	51
MAG	0.9670	LP|CD69+ Mast	0.1199	51
MAST4-IT1	0.9507	LP|WNT2B+ Fos-lo 2	0.0033	51
MEG8	0.9005	LP|WNT2B+ Fos-lo 1	0.0209	51
MGAT4C	0.9998	LP|Glia	0.3661	51
MIR568	0.9602	LP|Glia	0.0042	51
MLC1	0.9845	LP|NKs	0.1719	51
MMP13	0.9962	LP|Inflammatory Fibroblasts	0.0746	51
MOV10L1	0.9318	LP|Endothelial	0.0216	51
MPP2	0.9196	LP|Cycling T	0.0129	51
MRAP	0.9897	LP|Inflammatory Fibroblasts	0.0532	51
MUCL1	0.9916	LP|Macrophages	0.0258	51
MYH13	0.9740	LP|Inflammatory Fibroblasts	0.0485	51
MYL3	0.9727	LP|WNT5B+ 1	0.0460	51
NDP	0.9950	LP|Glia	0.0914	51
NEFM	0.9547	LP|Glia	0.0792	51
NHSL2	0.9257	LP|Inflammatory Monocytes	0.0123	51
NIM1	0.9919	LP|Glia	0.1792	51
NIPAL4	0.9814	LP|Myofibroblasts	0.0175	51
NKAIN3	0.9979	LP|Glia	0.5938	51
NKAIN4	0.9807	LP|Glia	0.0248	51
NKX3-2	0.9230	LP|Inflammatory Fibroblasts	0.0219	51
NLGN1	0.9381	LP|Myofibroblasts	0.0365	51
NLRC4	0.9606	LP|Inflammatory Monocytes	0.1440	51
NOVA2	0.9710	LP|Endothelial	0.3110	51
NPY	0.9952	LP|WNT5B+ 2	1.3359	51
NTNG1	0.9590	LP|Follicular	0.0058	51
NTRK3	0.9655	LP|Myofibroblasts	0.1299	51
NUDT10	0.9123	LP|WNT5B+ 1	0.0404	51
NXPH3	0.9735	LP|Glia	0.1212	51
ORM1	0.9972	LP|Inflammatory Fibroblasts	0.0594	51
PABPC5	0.8869	LP|Glia	0.0795	51
PANX2	0.9721	LP|Inflammatory Fibroblasts	0.0018	51
PCDHB5	0.9148	LP|Glia	0.0187	51
PCDHGB6	0.9346	LP|RSPO3+	0.0085	51
PCDHGB7	0.9749	LP|Pericytes	0.0296	51
PDZD4	0.9422	LP|NKs	0.1012	51
PDZRN4	0.9516	LP|RSPO3+	0.0189	51
PF4V1	0.9891	LP|Inflammatory Fibroblasts	0.0334	51
PIANP	0.9055	LP|WNT5B+ 2	0.0567	51
PKD2L1	0.9905	LP|Cycling Monocytes	0.2519	51
PKNOX2	0.9554	LP|Glia	0.1870	51
PLA2G4B	0.9661	LP|WNT5B+ 2	0.0019	51
PLA2G5	0.9697	LP|Myofibroblasts	0.0334	51
PLCD4	0.9245	LP|WNT5B+ 2	0.0034	51
PLXNA4	0.9636	LP|Myofibroblasts	0.0567	51
PM20D1	0.8784	LP|Glia	0.0128	51
PMP2	0.9994	LP|Glia	0.6334	51
PNMAL2	0.9224	LP|WNT2B+ Fos-lo 2	0.0317	51
PPAPDC3	0.8819	LP|WNT5B+ 1	0.0461	51
PRIMA1	0.9932	LP|Glia	0.5625	51
PRL	0.9998	LP|Inflammatory Fibroblasts	0.0382	51
PSMA8	0.9399	LP|Cycling B	0.0453	51
PTH1R	0.9646	LP|Pericytes	0.1690	51
PTPN5	0.9962	LP|Post-capillary Venules	0.0176	51
PTPRZ1	0.9994	LP|Glia	0.3077	51
PZP	0.9226	LP|CD69+ Mast	0.0115	51
RBMS3-AS3	0.8936	LP|WNT5B+ 2	0.0548	51
RCVRN	0.9407	LP|Myofibroblasts	0.0537	51
RELN	0.9966	LP|Glia	0.0760	51
RFX8	0.9873	LP|Cycling T	0.0068	51
RGPD2	0.9346	LP|CD8+ IELs	0.0077	51
RHD	0.9670	LP|CD69+ Mast	0.0133	51
RMRPP3	0.9204	LP|RSPO3+	0.0313	51
RN7SL138P	0.9470	LP|Macrophages	0.0558	51
RN7SL242P	0.9567	LP|Endothelial	0.0076	51
RN7SL672P	0.9514	LP|RSPO3+	0.0065	51
RN7SL809P	0.9447	LP|WNT2B+ Fos-lo 2	0.0027	51
RNASE2	0.9769	LP|Inflammatory Monocytes	0.4161	51
RNASEH2B-AS1	0.9434	LP|RSPO3+	0.0045	51
RND2	0.9578	LP|Glia	0.0238	51
RNF175	0.9371	LP|GC	0.0148	51
RP1-125I3.2	0.9592	LP|NKs	0.0068	51
RP1-266L20.2	0.9595	LP|Inflammatory Monocytes	0.0088	51
RP1-29C18.9	0.9441	LP|Endothelial	0.0099	51
RP1-302G2.5	0.9535	LP|Post-capillary Venules	0.0051	51
RP1-79C4.4	0.9797	LP|Inflammatory Fibroblasts	0.0669	51
RP1-93H18.7	0.9027	LP|WNT5B+ 1	0.0135	51
RP11-110I1.14	0.9506	LP|Microvascular	0.0048	51
RP11-11N7.4	0.9626	LP|Inflammatory Monocytes	0.0153	51
RP11-125O18.1	0.9977	LP|Inflammatory Fibroblasts	0.1872	51
RP11-131N11.4	0.9449	LP|WNT2B+ Fos-lo 1	0.0159	51
RP11-143J12.3	0.9087	LP|Tregs	0.0043	51
RP11-147L13.8	0.9034	LP|CD8+ LP	0.0033	51
RP11-152P17.2	0.9443	LP|Inflammatory Fibroblasts	0.1282	51
RP11-160E2.11	0.9724	LP|GC	0.0345	51
RP11-160E2.19	0.9616	LP|Follicular	0.0315	51
RP11-169D4.2	0.9505	LP|CD69- Mast	0.1648	51
RP11-16L9.2	0.9827	LP|WNT5B+ 2	0.0039	51
RP11-175K6.1	0.9776	LP|Pericytes	0.1614	51
RP11-180N14.1	0.9933	LP|Post-capillary Venules	0.0638	51
RP11-182J1.5	0.9759	LP|Pericytes	0.0049	51
RP11-203B9.4	0.9247	LP|NKs	0.0030	51
RP11-203E8.1	0.9418	LP|Myofibroblasts	0.0060	51
RP11-214O1.2	0.9889	LP|CD8+ IL17+	0.0721	51
RP11-225H22.4	0.9570	LP|NKs	0.0051	51
RP11-229P13.20	0.9421	LP|Inflammatory Monocytes	0.0243	51
RP11-231G15.2	0.9651	LP|CD69+ Mast	0.0014	51
RP11-247A12.8	0.9666	LP|Inflammatory Fibroblasts	0.0038	51
RP11-264B14.1	0.9221	LP|Pericytes	0.0722	51
RP11-265N6.2	0.9570	LP|Macrophages	0.0029	51
RP11-274B18.2	0.9815	LP|Inflammatory Monocytes	0.1354	51
RP11-277L2.5	0.8972	LP|WNT5B+ 2	0.0407	51
RP11-297M9.2	0.9953	LP|WNT5B+ 2	0.0171	51
RP11-2E17.1	0.9505	LP|WNT5B+ 2	0.0862	51
RP11-303E16.6	0.9861	LP|DC1	0.0254	51
RP11-307B6.3	0.9526	LP|Glia	0.0221	51
RP11-314O13.1	0.9830	LP|GC	0.1156	51
RP11-317P15.4	0.9663	LP|Glia	0.0141	51
RP11-326C3.15	0.9759	LP|CD8+ IELs	0.0719	51
RP11-328C8.5	0.9777	LP|WNT2B+ Fos-lo 2	0.0249	51
RP11-339B21.10	0.9600	LP|RSPO3+	0.0533	51
RP11-345M22.3	0.9629	LP|WNT2B+ Fos-lo 1	0.0117	51
RP11-345P4.7	0.9183	LP|WNT2B+ Fos-lo 2	0.0039	51
RP11-366M4.3	0.9800	LP|WNT5B+ 1	0.0454	51
RP11-379K17.4	0.9008	LP|Myofibroblasts	0.0132	51
RP11-382A20.5	0.9697	LP|WNT5B+ 2	0.0021	51
RP11-384K6.6	0.9427	LP|NKs	0.0034	51
RP11-384P7.7	0.9846	LP|CD69+ Mast	0.0091	51
RP11-387H17.4	0.9497	LP|RSPO3+	0.0081	51
RP11-38L15.3	0.9026	LP|WNT5B+ 1	0.0089	51
RP11-394I13.1	0.9850	LP|Inflammatory Fibroblasts	0.0046	51
RP11-394I13.3	0.9719	LP|Inflammatory Fibroblasts	0.0020	51
RP11-395L14.4	0.9211	LP|WNT2B+ Fos-lo 2	0.0450	51
RP11-397A16.2	0.9088	LP|DC1	0.0084	51
RP11-403A21.1	0.9615	LP|CD8+ IL17+	0.0989	51
RP11-406H21.2	0.9259	LP|NKs	0.0049	51
RP11-417E7.1	0.9751	LP|Inflammatory Fibroblasts	0.0694	51
RP11-421L10.1	0.9780	LP|Glia	0.0031	51
RP11-434H14.1	0.9628	LP|Myofibroblasts	0.0036	51
RP11-435B5.5	0.9823	LP|Endothelial	0.0077	51
RP11-43F13.3	0.9462	LP|WNT2B+ Fos-lo 1	0.0489	51
RP11-442N1.2	0.9698	LP|ILCs	0.0091	51
RP11-444D3.1	0.9067	LP|Pericytes	0.0210	51
RP11-445F6.2	0.9530	LP|Follicular	0.0404	51
RP11-472N13.3	0.9517	LP|DC2	0.0802	51
RP11-473E2.4	0.9521	LP|WNT2B+ Fos-lo 1	0.0573	51
RP11-493K19.3	0.9686	LP|WNT5B+ 2	0.0014	51
RP11-509J21.1	0.9612	LP|Cycling T	0.0077	51
RP11-548P2.2	0.9377	LP|NKs	0.0054	51
RP11-54O7.3	0.9185	LP|WNT2B+ Fos-lo 2	0.0532	51
RP11-553A21.3	0.9116	LP|WNT5B+ 2	0.0101	51
RP11-557C18.4	0.9621	LP|CD8+ IELs	0.0085	51
RP11-563J2.2	0.9214	LP|Pericytes	0.0116	51
RP11-567J24.4	0.9304	LP|WNT2B+ Fos-lo 2	0.0037	51
RP11-572C15.5	0.8841	LP|ILCs	0.0052	51
RP11-588H23.3	0.9755	LP|GC	0.0748	51
RP11-619L19.2	0.8985	LP|WNT5B+ 2	0.0063	51
RP11-624L4.2	0.9600	LP|WNT2B+ Fos-hi	0.0450	51
RP11-629G13.1	0.9103	LP|CD8+ IELs	0.0070	51
RP11-630C16.2	0.9627	LP|Post-capillary Venules	0.0104	51
RP11-65L19.4	0.9477	LP|Glia	0.0029	51
RP11-669E14.6	0.9542	LP|Plasma	0.0051	51
RP11-676J12.4	0.9348	LP|CD8+ IELs	0.0068	51
RP11-676J12.7	0.9295	LP|WNT2B+ Fos-lo 2	0.0483	51
RP11-678G15.1	0.9612	LP|Endothelial	0.0073	51
RP11-6I2.3	0.9059	LP|Myofibroblasts	0.0095	51
RP11-709B3.2	0.9330	LP|WNT5B+ 2	0.0212	51
RP11-720L2.2	0.9523	LP|WNT5B+ 2	0.0153	51
RP11-770E5.1	0.9887	LP|GC	0.0270	51
RP11-785H5.2	0.9772	LP|GC	0.0062	51
RP11-793H13.3	0.8869	LP|Glia	0.0050	51
RP11-80H8.4	0.9343	LP|CD69+ Mast	0.0333	51
RP11-815J21.4	0.9050	LP|NKs	0.0025	51
RP11-861E21.2	0.9804	LP|Glia	0.0082	51
RP11-879F14.2	0.9562	LP|Pericytes	0.0733	51
RP11-881M11.2	0.9235	LP|Pericytes	0.0084	51
RP11-885N19.6	0.9785	LP|CD69+ Mast	0.0144	51
RP11-8L8.2	0.9261	LP|Cycling Monocytes	0.0285	51
RP11-91J19.3	0.9538	LP|Pericytes	0.0227	51
RP11-92C4.6	0.9237	LP|Post-capillary Venules	0.0702	51
RP11-936I5.1	0.8584	LP|MT-hi	0.0610	51
RP11-96D1.3	0.9678	LP|NKs	0.0090	51
RP13-143G15.4	0.9499	LP|CD4+ PD1+	0.0511	51
RP13-216E22.4	0.9733	LP|WNT5B+ 2	0.0027	51
RP13-516M14.2	0.9556	LP|Macrophages	0.0077	51
RP3-426I6.6	0.9588	LP|DC1	0.0060	51
RP3-508I15.9	0.9448	LP|Glia	0.0140	51
RP3-525N10.2	0.9694	LP|Glia	0.3614	51
RP4-575N6.5	0.8864	LP|NKs	0.0066	51
RP4-613B23.1	0.8708	LP|RSPO3+	0.0064	51
RP4-755D9.1	0.9821	LP|WNT5B+ 1	0.0825	51
RP5-1139B12.2	0.9356	LP|Endothelial	0.0014	51
RP5-916O11.2	0.9147	LP|Inflammatory Monocytes	0.0026	51
RSPO2	0.9603	LP|WNT5B+ 2	0.1400	51
RXFP1	0.9833	LP|Post-capillary Venules	0.1145	51
RYR2	0.9829	LP|Pericytes	0.0715	51
S1PR5	0.9862	LP|NKs	1.1446	51
SAMD7	0.9647	LP|Glia	0.0058	51
SBSN	0.9986	LP|Inflammatory Fibroblasts	0.7711	51
SCARNA16	0.9713	LP|Cycling B	0.0120	51
SCARNA5	0.9375	LP|NKs	0.0064	51
SCGB2A2	0.9532	LP|DC1	0.0067	51
SEMA3E	0.9129	LP|WNT5B+ 2	0.1371	51
SEMA5B	0.9964	LP|Pericytes	0.2878	51
SEPT3	0.9591	LP|DC1	0.0078	51
SEPT5	0.9474	LP|CD69+ Mast	0.0192	51
SERPINA5	0.9995	LP|Glia	1.1525	51
SFRP4	0.9827	LP|RSPO3+	0.1114	51
SHBG	0.9734	LP|Inflammatory Fibroblasts	0.0182	51
SHC4	0.9972	LP|Glia	0.6330	51
SIGLEC14	0.9411	LP|Inflammatory Monocytes	0.1213	51
SIGLEC5	0.9435	LP|Cycling Monocytes	0.0805	51
SIRPB1	0.9631	LP|Inflammatory Monocytes	0.2344	51
SIX1	0.9734	LP|Pericytes	0.0540	51
SKIDA1	0.8855	LP|Endothelial	0.0214	51
SLC1A2	0.9543	LP|RSPO3+	0.0061	51
SLC1A3	0.9501	LP|Macrophages	0.0393	51
SLC24A4	0.9677	LP|DC1	0.1571	51
SLC26A10	0.9496	LP|Myofibroblasts	0.0135	51
SLC4A3	0.9784	LP|DC2	0.0120	51
SLC7A10	0.9509	LP|CD4+ PD1+	0.0505	51
SLC8A3	0.9958	LP|CD69+ Mast	0.0479	51
SORCS1	0.9970	LP|Glia	0.8917	51
SOX10	0.9998	LP|Glia	1.3551	51
SPDYE1	0.9179	LP|NKs	0.0020	51
SPG20OS	0.9796	LP|ILCs	0.0267	51
ST3GAL6-AS1	0.9902	LP|Glia	0.0589	51
ST6GALNAC5	0.9872	LP|Glia	0.3078	51
STARD13-AS	0.9954	LP|Glia	0.0512	51
STK32B	0.8843	LP|RSPO3+	0.0160	51
STX16-NPEPL1	0.8609	LP|Tregs	0.0020	51
SUCNR1	0.9580	LP|Macrophages	0.0795	51
SYCP2L	0.9558	LP|DC1	0.0182	51
TACR1	0.9870	LP|Post-capillary Venules	0.0464	51
TCEAL5	0.9712	LP|RSPO3+	0.1935	51
TDRD10	0.9600	LP|Endothelial	0.0850	51
TENM1	0.9252	LP|WNT5B+ 2	0.0160	51
TEX41	0.9968	LP|Pericytes	0.0526	51
TGFB2	0.9822	LP|Pericytes	0.3461	51
THBS4	0.9800	LP|WNT2B+ Fos-lo 1	0.0136	51
TICAM2	0.9815	LP|Myofibroblasts	0.0141	51
TKTL1	0.9773	LP|NKs	0.2143	51
TMEM14E	0.9391	LP|Tregs	0.0036	51
TMEM155	0.9973	LP|Glia	0.1510	51
TMEM169	0.8693	LP|Pericytes	0.0172	51
TMEM200C	0.9238	LP|Pericytes	0.0584	51
TMEM233	0.9656	LP|CD69+ Mast	0.1659	51
TMEM26	0.8879	LP|RSPO3+	0.0450	51
TMEM59L	0.9961	LP|Glia	0.7646	51
TMEM74	0.9858	LP|Glia	0.1097	51
TMIE	0.8824	LP|WNT2B+ Fos-hi	0.0098	51
TNFSF18	0.9845	LP|WNT5B+ 2	0.0084	51
TNN	0.9042	LP|RSPO3+	0.0150	51
TNNT3	0.9377	LP|Pericytes	0.0241	51
TP53TG3D	0.9876	LP|CD4+ PD1+	0.0571	51
TPBGL	0.9705	LP|Post-capillary Venules	0.0151	51
TRAPPC3L	0.9722	LP|CD69+ Mast	0.0460	51
TRPC4	0.9595	LP|Pericytes	0.1146	51
TSSK4	0.9812	LP|Inflammatory Fibroblasts	0.0035	51
TTLL7-IT1	0.9891	LP|Myofibroblasts	0.0063	51
TULP2	0.9794	LP|Endothelial	0.0082	51
TWIST2	0.9881	LP|Inflammatory Fibroblasts	0.1260	51
TYRP1	0.9974	LP|Myofibroblasts	0.0158	51
U82695.10	0.9258	LP|Pericytes	0.0338	51
UNC5D	0.9623	LP|Pericytes	0.0831	51
VAX2	0.9362	LP|Inflammatory Fibroblasts	0.0135	51
VTN	0.9754	LP|Pericytes	0.0052	51
WDR86-AS1	0.8703	LP|MT-hi	0.2561	51
WISP1	0.9874	LP|Inflammatory Fibroblasts	0.2544	51
WNK3	0.9600	LP|RSPO3+	0.0837	51
WNT6	0.9779	LP|Glia	0.3517	51
WWC2-AS2	0.9065	LP|Pericytes	0.0203	51
WWTR1-IT1	0.9213	LP|WNT2B+ Fos-lo 1	0.0012	51
XCR1	0.9993	LP|DC1	0.8201	51
XXbac-B33L19.4	0.9712	LP|Inflammatory Fibroblasts	0.0045	51
XXbac-BPG154L12.4	0.9530	LP|Follicular	0.0081	51
ZMAT4	0.9772	LP|NKs	0.0517	51
ZNF26	0.9224	LP|NKs	0.0054	51
ZNF556	0.9453	LP|Myofibroblasts	0.0014	51
ZNF676	0.9761	LP|Post-capillary Venules	0.0089	51
ZP1	0.9279	LP|WNT5B+ 2	0.2280	51
